2026-08-24 04:41:26,191 [INFO] Catalog: 'Чудокаталог' — Date: 24.08.2026
2026-08-24 04:41:26,191 [INFO] Output file: outputs/Чудокаталог - 24.08.2026.xlsx
2026-08-24 04:41:26,191 [INFO] URL source: TARGET.txt
2026-08-24 04:41:26,191 [INFO] Collection URL(s) to scrape: ['https://uk.representclo.com/collections/all']
2026-08-24 04:41:26,191 [INFO] Collecting product URLs...
2026-08-24 04:41:29,027 [INFO] Page 1: found 63 new product URLs (total 63)
2026-08-24 04:41:32,327 [INFO] Page 2: found 59 new product URLs (total 122)
2026-08-24 04:41:35,818 [INFO] Page 3: found 60 new product URLs (total 182)
2026-08-24 04:41:39,038 [INFO] Page 4: found 60 new product URLs (total 242)
2026-08-24 04:41:42,758 [INFO] Page 5: found 58 new product URLs (total 300)
2026-08-24 04:41:46,524 [INFO] Page 6: found 60 new product URLs (total 360)
2026-08-24 04:41:50,184 [INFO] Page 7: found 59 new product URLs (total 419)
2026-08-24 04:41:53,983 [INFO] Page 8: found 60 new product URLs (total 479)
2026-08-24 04:41:57,916 [INFO] Page 9: found 60 new product URLs (total 539)
2026-08-24 04:42:01,190 [INFO] Page 10: found 60 new product URLs (total 599)
2026-08-24 04:42:04,631 [INFO] Page 11: found 60 new product URLs (total 659)
2026-08-24 04:42:08,307 [WARNING] Failed to fetch collection page https://uk.representclo.com/collections/all?page=12: 500 Server Error: Internal Server Error for url: https://uk.representclo.com/collections/all?page=12
2026-08-24 04:42:08,309 [INFO] Found 659 unique product URLs
2026-08-24 04:42:08,487 [ERROR] Failed to fetch product page https://uk.representclo.com/products/247-aero-shorts-graphene: 429 Client Error: Too Many Requests for url: https://uk.representclo.com/products/247-aero-shorts-graphene
2026-08-24 04:42:09,077 [ERROR] Failed to fetch product page https://uk.representclo.com/products/247-aero-shorts-jet-black: 429 Client Error: Too Many Requests for url: https://uk.representclo.com/products/247-aero-shorts-jet-black
2026-08-24 04:42:09,775 [ERROR] Failed to fetch product page https://uk.representclo.com/products/247-aero-shorts-teal: 429 Client Error: Too Many Requests for url: https://uk.representclo.com/products/247-aero-shorts-teal
2026-08-24 04:42:10,355 [ERROR] Failed to fetch product page https://uk.representclo.com/products/247-apple-watch-strap-black-reflective: 429 Client Error: Too Many Requests for url: https://uk.representclo.com/products/247-apple-watch-strap-black-reflective
2026-08-24 04:42:10,964 [ERROR] Failed to fetch product page https://uk.representclo.com/products/247-arc-1-runner-black: 429 Client Error: Too Many Requests for url: https://uk.representclo.com/products/247-arc-1-runner-black
2026-08-24 04:42:11,556 [ERROR] Failed to fetch product page https://uk.representclo.com/products/247-arc-1-runner-black-purple-fade: 429 Client Error: Too Many Requests for url: https://uk.representclo.com/products/247-arc-1-runner-black-purple-fade
2026-08-24 04:42:12,185 [ERROR] Failed to fetch product page https://uk.representclo.com/products/247-arc-1-runner-cream: 429 Client Error: Too Many Requests for url: https://uk.representclo.com/products/247-arc-1-runner-cream
2026-08-24 04:42:12,790 [ERROR] Failed to fetch product page https://uk.representclo.com/products/247-arc-1-runner-flat-white: 429 Client Error: Too Many Requests for url: https://uk.representclo.com/products/247-arc-1-runner-flat-white
2026-08-24 04:42:13,384 [ERROR] Failed to fetch product page https://uk.representclo.com/products/247-arc-1-runner-winter-steel: 429 Client Error: Too Many Requests for url: https://uk.representclo.com/products/247-arc-1-runner-winter-steel
2026-08-24 04:42:13,974 [ERROR] Failed to fetch product page https://uk.representclo.com/products/247-arc-1-runner-yellow: 429 Client Error: Too Many Requests for url: https://uk.representclo.com/products/247-arc-1-runner-yellow
2026-08-24 04:42:14,550 [ERROR] Failed to fetch product page https://uk.representclo.com/products/247-arc-2-trainer-black: 429 Client Error: Too Many Requests for url: https://uk.representclo.com/products/247-arc-2-trainer-black
2026-08-24 04:42:15,126 [ERROR] Failed to fetch product page https://uk.representclo.com/products/247-arc-2-trainer-cream: 429 Client Error: Too Many Requests for url: https://uk.representclo.com/products/247-arc-2-trainer-cream
2026-08-24 04:42:15,717 [ERROR] Failed to fetch product page https://uk.representclo.com/products/247-arc-2-trainer-flat-white: 429 Client Error: Too Many Requests for url: https://uk.representclo.com/products/247-arc-2-trainer-flat-white
2026-08-24 04:42:16,306 [ERROR] Failed to fetch product page https://uk.representclo.com/products/247-arc-3-recovery-black: 429 Client Error: Too Many Requests for url: https://uk.representclo.com/products/247-arc-3-recovery-black
2026-08-24 04:42:16,894 [ERROR] Failed to fetch product page https://uk.representclo.com/products/247-arc-4-elite-race-black: 429 Client Error: Too Many Requests for url: https://uk.representclo.com/products/247-arc-4-elite-race-black
2026-08-24 04:42:17,484 [ERROR] Failed to fetch product page https://uk.representclo.com/products/247-arc-4-elite-race-cinder: 429 Client Error: Too Many Requests for url: https://uk.representclo.com/products/247-arc-4-elite-race-cinder
2026-08-24 04:42:18,064 [ERROR] Failed to fetch product page https://uk.representclo.com/products/247-arc-4-elite-race-flat-white-jet-black: 429 Client Error: Too Many Requests for url: https://uk.representclo.com/products/247-arc-4-elite-race-flat-white-jet-black
2026-08-24 04:42:18,660 [ERROR] Failed to fetch product page https://uk.representclo.com/products/247-arc-4-race-sock-flat-white: 429 Client Error: Too Many Requests for url: https://uk.representclo.com/products/247-arc-4-race-sock-flat-white
2026-08-24 04:42:19,256 [ERROR] Failed to fetch product page https://uk.representclo.com/products/247-arc-4-race-sock-jet-black: 429 Client Error: Too Many Requests for url: https://uk.representclo.com/products/247-arc-4-race-sock-jet-black
2026-08-24 04:42:19,845 [ERROR] Failed to fetch product page https://uk.representclo.com/products/247-arena-sunglasses-bronze: 429 Client Error: Too Many Requests for url: https://uk.representclo.com/products/247-arena-sunglasses-bronze
2026-08-24 04:42:20,444 [ERROR] Failed to fetch product page https://uk.representclo.com/products/247-arena-sunglasses-papyrus: 429 Client Error: Too Many Requests for url: https://uk.representclo.com/products/247-arena-sunglasses-papyrus
2026-08-24 04:42:21,021 [ERROR] Failed to fetch product page https://uk.representclo.com/products/247-balaclava-black: 429 Client Error: Too Many Requests for url: https://uk.representclo.com/products/247-balaclava-black
2026-08-24 04:42:21,597 [ERROR] Failed to fetch product page https://uk.representclo.com/products/247-bandana-glacier-fade-out: 429 Client Error: Too Many Requests for url: https://uk.representclo.com/products/247-bandana-glacier-fade-out
2026-08-24 04:42:22,181 [ERROR] Failed to fetch product page https://uk.representclo.com/products/247-berlin-bag-black: 429 Client Error: Too Many Requests for url: https://uk.representclo.com/products/247-berlin-bag-black
2026-08-24 04:42:22,770 [ERROR] Failed to fetch product page https://uk.representclo.com/products/247-berlin-hoodie-black-purple: 429 Client Error: Too Many Requests for url: https://uk.representclo.com/products/247-berlin-hoodie-black-purple
2026-08-24 04:42:23,359 [ERROR] Failed to fetch product page https://uk.representclo.com/products/247-berlin-singlet-purple: 429 Client Error: Too Many Requests for url: https://uk.representclo.com/products/247-berlin-singlet-purple
2026-08-24 04:42:23,940 [ERROR] Failed to fetch product page https://uk.representclo.com/products/247-berlin-t-shirt-purple: 429 Client Error: Too Many Requests for url: https://uk.representclo.com/products/247-berlin-t-shirt-purple
2026-08-24 04:42:24,522 [ERROR] Failed to fetch product page https://uk.representclo.com/products/247-bottle-xl-clear: 429 Client Error: Too Many Requests for url: https://uk.representclo.com/products/247-bottle-xl-clear
2026-08-24 04:42:25,113 [ERROR] Failed to fetch product page https://uk.representclo.com/products/247-bottle-xl-smoke: 429 Client Error: Too Many Requests for url: https://uk.representclo.com/products/247-bottle-xl-smoke
2026-08-24 04:42:25,688 [ERROR] Failed to fetch product page https://uk.representclo.com/products/247-cargo-half-tight-jet-black: 429 Client Error: Too Many Requests for url: https://uk.representclo.com/products/247-cargo-half-tight-jet-black
2026-08-24 04:42:26,285 [ERROR] Failed to fetch product page https://uk.representclo.com/products/247-chest-rig-realtree: 429 Client Error: Too Many Requests for url: https://uk.representclo.com/products/247-chest-rig-realtree
2026-08-24 04:42:26,882 [ERROR] Failed to fetch product page https://uk.representclo.com/products/247-compound-legging-short-black: 429 Client Error: Too Many Requests for url: https://uk.representclo.com/products/247-compound-legging-short-black
2026-08-24 04:42:27,456 [ERROR] Failed to fetch product page https://uk.representclo.com/products/247-compound-long-sleeve-t-shirt-black: 429 Client Error: Too Many Requests for url: https://uk.representclo.com/products/247-compound-long-sleeve-t-shirt-black
2026-08-24 04:42:28,036 [ERROR] Failed to fetch product page https://uk.representclo.com/products/247-compound-t-shirt-black: 429 Client Error: Too Many Requests for url: https://uk.representclo.com/products/247-compound-t-shirt-black
2026-08-24 04:42:28,633 [ERROR] Failed to fetch product page https://uk.representclo.com/products/247-contour-2-in-1-run-shorts-black: 429 Client Error: Too Many Requests for url: https://uk.representclo.com/products/247-contour-2-in-1-run-shorts-black
2026-08-24 04:42:29,221 [ERROR] Failed to fetch product page https://uk.representclo.com/products/247-contour-bucket-hat-rust: 429 Client Error: Too Many Requests for url: https://uk.representclo.com/products/247-contour-bucket-hat-rust
2026-08-24 04:42:29,813 [ERROR] Failed to fetch product page https://uk.representclo.com/products/247-contour-run-t-shirt-pebble: 429 Client Error: Too Many Requests for url: https://uk.representclo.com/products/247-contour-run-t-shirt-pebble
2026-08-24 04:42:30,404 [ERROR] Failed to fetch product page https://uk.representclo.com/products/247-contour-run-t-shirt-titanium: 429 Client Error: Too Many Requests for url: https://uk.representclo.com/products/247-contour-run-t-shirt-titanium
2026-08-24 04:42:30,991 [ERROR] Failed to fetch product page https://uk.representclo.com/products/247-contour-run-tank-pebble: 429 Client Error: Too Many Requests for url: https://uk.representclo.com/products/247-contour-run-tank-pebble
2026-08-24 04:42:31,576 [ERROR] Failed to fetch product page https://uk.representclo.com/products/247-crossbody-bag-black: 429 Client Error: Too Many Requests for url: https://uk.representclo.com/products/247-crossbody-bag-black
2026-08-24 04:42:32,155 [ERROR] Failed to fetch product page https://uk.representclo.com/products/247-dna-barrel-leg-sweatpant-jet-black: 429 Client Error: Too Many Requests for url: https://uk.representclo.com/products/247-dna-barrel-leg-sweatpant-jet-black
2026-08-24 04:42:32,745 [ERROR] Failed to fetch product page https://uk.representclo.com/products/247-dna-graphic-hoodie-jet-black: 429 Client Error: Too Many Requests for url: https://uk.representclo.com/products/247-dna-graphic-hoodie-jet-black
2026-08-24 04:42:33,324 [ERROR] Failed to fetch product page https://uk.representclo.com/products/247-dna-graphic-t-shirt-flat-white: 429 Client Error: Too Many Requests for url: https://uk.representclo.com/products/247-dna-graphic-t-shirt-flat-white
2026-08-24 04:42:33,918 [ERROR] Failed to fetch product page https://uk.representclo.com/products/247-dna-graphic-t-shirt-flat-white-26: 429 Client Error: Too Many Requests for url: https://uk.representclo.com/products/247-dna-graphic-t-shirt-flat-white-26
2026-08-24 04:42:34,499 [ERROR] Failed to fetch product page https://uk.representclo.com/products/247-dna-graphic-t-shirt-graphene-26: 429 Client Error: Too Many Requests for url: https://uk.representclo.com/products/247-dna-graphic-t-shirt-graphene-26
2026-08-24 04:42:35,077 [ERROR] Failed to fetch product page https://uk.representclo.com/products/247-dna-graphic-t-shirt-jet-black: 429 Client Error: Too Many Requests for url: https://uk.representclo.com/products/247-dna-graphic-t-shirt-jet-black
2026-08-24 04:42:35,668 [ERROR] Failed to fetch product page https://uk.representclo.com/products/247-dna-graphic-t-shirt-jet-black-26: 429 Client Error: Too Many Requests for url: https://uk.representclo.com/products/247-dna-graphic-t-shirt-jet-black-26
2026-08-24 04:42:36,257 [ERROR] Failed to fetch product page https://uk.representclo.com/products/247-dna-hoodie-fern: 429 Client Error: Too Many Requests for url: https://uk.representclo.com/products/247-dna-hoodie-fern
2026-08-24 04:42:36,845 [ERROR] Failed to fetch product page https://uk.representclo.com/products/247-dna-hoodie-graphene: 429 Client Error: Too Many Requests for url: https://uk.representclo.com/products/247-dna-hoodie-graphene
2026-08-24 04:42:37,435 [ERROR] Failed to fetch product page https://uk.representclo.com/products/247-dna-hoodie-jet-black: 429 Client Error: Too Many Requests for url: https://uk.representclo.com/products/247-dna-hoodie-jet-black
2026-08-24 04:42:38,019 [ERROR] Failed to fetch product page https://uk.representclo.com/products/247-dna-hoodie-jet-black-26: 429 Client Error: Too Many Requests for url: https://uk.representclo.com/products/247-dna-hoodie-jet-black-26
2026-08-24 04:42:38,596 [ERROR] Failed to fetch product page https://uk.representclo.com/products/247-dna-mesh-short-graphene: 429 Client Error: Too Many Requests for url: https://uk.representclo.com/products/247-dna-mesh-short-graphene
2026-08-24 04:42:39,183 [ERROR] Failed to fetch product page https://uk.representclo.com/products/247-dna-mesh-short-jet-black: 429 Client Error: Too Many Requests for url: https://uk.representclo.com/products/247-dna-mesh-short-jet-black
2026-08-24 04:42:39,777 [ERROR] Failed to fetch product page https://uk.representclo.com/products/247-dna-mesh-t-shirt-flat-white: 429 Client Error: Too Many Requests for url: https://uk.representclo.com/products/247-dna-mesh-t-shirt-flat-white
2026-08-24 04:42:40,391 [ERROR] Failed to fetch product page https://uk.representclo.com/products/247-dna-mesh-t-shirt-graphene: 429 Client Error: Too Many Requests for url: https://uk.representclo.com/products/247-dna-mesh-t-shirt-graphene
2026-08-24 04:42:40,968 [ERROR] Failed to fetch product page https://uk.representclo.com/products/247-dna-mesh-t-shirt-jet-black: 429 Client Error: Too Many Requests for url: https://uk.representclo.com/products/247-dna-mesh-t-shirt-jet-black
2026-08-24 04:42:41,544 [ERROR] Failed to fetch product page https://uk.representclo.com/products/247-dna-mesh-vest-graphene: 429 Client Error: Too Many Requests for url: https://uk.representclo.com/products/247-dna-mesh-vest-graphene
2026-08-24 04:42:42,139 [ERROR] Failed to fetch product page https://uk.representclo.com/products/247-dna-mesh-vest-jet-black: 429 Client Error: Too Many Requests for url: https://uk.representclo.com/products/247-dna-mesh-vest-jet-black
2026-08-24 04:42:42,725 [ERROR] Failed to fetch product page https://uk.representclo.com/products/247-dna-oversized-t-shirt-graphene: 429 Client Error: Too Many Requests for url: https://uk.representclo.com/products/247-dna-oversized-t-shirt-graphene
2026-08-24 04:42:43,315 [ERROR] Failed to fetch product page https://uk.representclo.com/products/247-dna-oversized-t-shirt-jet-black-26: 429 Client Error: Too Many Requests for url: https://uk.representclo.com/products/247-dna-oversized-t-shirt-jet-black-26
2026-08-24 04:42:43,901 [ERROR] Failed to fetch product page https://uk.representclo.com/products/247-dna-oversized-tank-jet-black-26: 429 Client Error: Too Many Requests for url: https://uk.representclo.com/products/247-dna-oversized-tank-jet-black-26
2026-08-24 04:42:44,489 [ERROR] Failed to fetch product page https://uk.representclo.com/products/247-dna-seamless-shorts-black: 429 Client Error: Too Many Requests for url: https://uk.representclo.com/products/247-dna-seamless-shorts-black
2026-08-24 04:42:45,063 [ERROR] Failed to fetch product page https://uk.representclo.com/products/247-dna-seamless-t-shirt-black: 429 Client Error: Too Many Requests for url: https://uk.representclo.com/products/247-dna-seamless-t-shirt-black
2026-08-24 04:42:45,651 [ERROR] Failed to fetch product page https://uk.representclo.com/products/247-dna-seamless-t-shirt-titanium: 429 Client Error: Too Many Requests for url: https://uk.representclo.com/products/247-dna-seamless-t-shirt-titanium
2026-08-24 04:42:46,287 [ERROR] Failed to fetch product page https://uk.representclo.com/products/247-dna-tank-graphene: 429 Client Error: Too Many Requests for url: https://uk.representclo.com/products/247-dna-tank-graphene
2026-08-24 04:42:46,875 [ERROR] Failed to fetch product page https://uk.representclo.com/products/247-dna-towel-jet-black: 429 Client Error: Too Many Requests for url: https://uk.representclo.com/products/247-dna-towel-jet-black
2026-08-24 04:42:47,451 [ERROR] Failed to fetch product page https://uk.representclo.com/products/247-duffle-gym-bag-jet-black: 429 Client Error: Too Many Requests for url: https://uk.representclo.com/products/247-duffle-gym-bag-jet-black
2026-08-24 04:42:48,032 [ERROR] Failed to fetch product page https://uk.representclo.com/products/247-fallen-angel-graphic-hoodie-vintage-black: 429 Client Error: Too Many Requests for url: https://uk.representclo.com/products/247-fallen-angel-graphic-hoodie-vintage-black
2026-08-24 04:42:48,611 [ERROR] Failed to fetch product page https://uk.representclo.com/products/247-fallen-angel-graphic-t-shirt-fern: 429 Client Error: Too Many Requests for url: https://uk.representclo.com/products/247-fallen-angel-graphic-t-shirt-fern
2026-08-24 04:42:49,231 [ERROR] Failed to fetch product page https://uk.representclo.com/products/247-fallen-angel-graphic-t-shirt-vintage-black: 429 Client Error: Too Many Requests for url: https://uk.representclo.com/products/247-fallen-angel-graphic-t-shirt-vintage-black
2026-08-24 04:42:49,818 [ERROR] Failed to fetch product page https://uk.representclo.com/products/247-form-sweatpant-graphene: 429 Client Error: Too Many Requests for url: https://uk.representclo.com/products/247-form-sweatpant-graphene
2026-08-24 04:42:50,405 [ERROR] Failed to fetch product page https://uk.representclo.com/products/247-form-zip-hood-graphene: 429 Client Error: Too Many Requests for url: https://uk.representclo.com/products/247-form-zip-hood-graphene
2026-08-24 04:42:50,982 [ERROR] Failed to fetch product page https://uk.representclo.com/products/247-fused-shorts-black: 429 Client Error: Too Many Requests for url: https://uk.representclo.com/products/247-fused-shorts-black
2026-08-24 04:42:51,572 [ERROR] Failed to fetch product page https://uk.representclo.com/products/247-fw25-boxers-black: 429 Client Error: Too Many Requests for url: https://uk.representclo.com/products/247-fw25-boxers-black
2026-08-24 04:42:52,160 [ERROR] Failed to fetch product page https://uk.representclo.com/products/247-fw25-gloves-black: 429 Client Error: Too Many Requests for url: https://uk.representclo.com/products/247-fw25-gloves-black
2026-08-24 04:42:52,748 [ERROR] Failed to fetch product page https://uk.representclo.com/products/247-ghost-2-in-1-short-jet-black: 429 Client Error: Too Many Requests for url: https://uk.representclo.com/products/247-ghost-2-in-1-short-jet-black
2026-08-24 04:42:53,322 [ERROR] Failed to fetch product page https://uk.representclo.com/products/247-ghost-half-tight-jet-black: 429 Client Error: Too Many Requests for url: https://uk.representclo.com/products/247-ghost-half-tight-jet-black
2026-08-24 04:42:53,897 [ERROR] Failed to fetch product page https://uk.representclo.com/products/247-ghost-short-247-ombre: 429 Client Error: Too Many Requests for url: https://uk.representclo.com/products/247-ghost-short-247-ombre
2026-08-24 04:42:54,526 [ERROR] Failed to fetch product page https://uk.representclo.com/products/247-ghost-short-jet-black: 429 Client Error: Too Many Requests for url: https://uk.representclo.com/products/247-ghost-short-jet-black
2026-08-24 04:42:55,126 [ERROR] Failed to fetch product page https://uk.representclo.com/products/247-ghost-singlet-247-ombre: 429 Client Error: Too Many Requests for url: https://uk.representclo.com/products/247-ghost-singlet-247-ombre
2026-08-24 04:42:55,718 [ERROR] Failed to fetch product page https://uk.representclo.com/products/247-gym-towel-black: 429 Client Error: Too Many Requests for url: https://uk.representclo.com/products/247-gym-towel-black
2026-08-24 04:42:56,300 [ERROR] Failed to fetch product page https://uk.representclo.com/products/247-hybrid-running-shell-jet-black: 429 Client Error: Too Many Requests for url: https://uk.representclo.com/products/247-hybrid-running-shell-jet-black
2026-08-24 04:42:56,879 [ERROR] Failed to fetch product page https://uk.representclo.com/products/247-hybrid-t-shirt-black-fade-out: 429 Client Error: Too Many Requests for url: https://uk.representclo.com/products/247-hybrid-t-shirt-black-fade-out
2026-08-24 04:42:57,512 [ERROR] Failed to fetch product page https://uk.representclo.com/products/247-hybrid-t-shirt-glacier-fade-out: 429 Client Error: Too Many Requests for url: https://uk.representclo.com/products/247-hybrid-t-shirt-glacier-fade-out
2026-08-24 04:42:58,101 [ERROR] Failed to fetch product page https://uk.representclo.com/products/247-hybrid-t-shirt-red-fade-out: 429 Client Error: Too Many Requests for url: https://uk.representclo.com/products/247-hybrid-t-shirt-red-fade-out
2026-08-24 04:42:58,691 [ERROR] Failed to fetch product page https://uk.representclo.com/products/247-hybrid-tank-glacier-fade-out: 429 Client Error: Too Many Requests for url: https://uk.representclo.com/products/247-hybrid-tank-glacier-fade-out
2026-08-24 04:42:59,290 [ERROR] Failed to fetch product page https://uk.representclo.com/products/247-hydration-belt-black: 429 Client Error: Too Many Requests for url: https://uk.representclo.com/products/247-hydration-belt-black
2026-08-24 04:42:59,866 [ERROR] Failed to fetch product page https://uk.representclo.com/products/247-hydration-phone-case-black: 429 Client Error: Too Many Requests for url: https://uk.representclo.com/products/247-hydration-phone-case-black
2026-08-24 04:43:00,441 [ERROR] Failed to fetch product page https://uk.representclo.com/products/247-logo-socks-black: 429 Client Error: Too Many Requests for url: https://uk.representclo.com/products/247-logo-socks-black
2026-08-24 04:43:01,024 [ERROR] Failed to fetch product page https://uk.representclo.com/products/247-logo-socks-white: 429 Client Error: Too Many Requests for url: https://uk.representclo.com/products/247-logo-socks-white
2026-08-24 04:43:01,610 [ERROR] Failed to fetch product page https://uk.representclo.com/products/247-logo-wrist-bands-black: 429 Client Error: Too Many Requests for url: https://uk.representclo.com/products/247-logo-wrist-bands-black
2026-08-24 04:43:02,196 [ERROR] Failed to fetch product page https://uk.representclo.com/products/247-london-26-singlet-vintage-grey: 429 Client Error: Too Many Requests for url: https://uk.representclo.com/products/247-london-26-singlet-vintage-grey
2026-08-24 04:43:02,785 [ERROR] Failed to fetch product page https://uk.representclo.com/products/247-london-26-t-shirt-vintage-grey: 429 Client Error: Too Many Requests for url: https://uk.representclo.com/products/247-london-26-t-shirt-vintage-grey
2026-08-24 04:43:03,369 [ERROR] Failed to fetch product page https://uk.representclo.com/products/247-london-bag-black: 429 Client Error: Too Many Requests for url: https://uk.representclo.com/products/247-london-bag-black
2026-08-24 04:43:03,945 [ERROR] Failed to fetch product page https://uk.representclo.com/products/247-los-angeles-26-shirt-khaki: 429 Client Error: Too Many Requests for url: https://uk.representclo.com/products/247-los-angeles-26-shirt-khaki
2026-08-24 04:43:04,533 [ERROR] Failed to fetch product page https://uk.representclo.com/products/247-los-angeles-26-singlet-aged-khaki: 429 Client Error: Too Many Requests for url: https://uk.representclo.com/products/247-los-angeles-26-singlet-aged-khaki
2026-08-24 04:43:05,122 [ERROR] Failed to fetch product page https://uk.representclo.com/products/247-los-angeles-bag-black: 429 Client Error: Too Many Requests for url: https://uk.representclo.com/products/247-los-angeles-bag-black
2026-08-24 04:43:05,718 [ERROR] Failed to fetch product page https://uk.representclo.com/products/247-manchester-bag-black: 429 Client Error: Too Many Requests for url: https://uk.representclo.com/products/247-manchester-bag-black
2026-08-24 04:43:06,293 [ERROR] Failed to fetch product page https://uk.representclo.com/products/247-mission-series-t-shirt-2026-jet-black: 429 Client Error: Too Many Requests for url: https://uk.representclo.com/products/247-mission-series-t-shirt-2026-jet-black
2026-08-24 04:43:06,910 [ERROR] Failed to fetch product page https://uk.representclo.com/products/247-motion-oversized-tank-rust: 429 Client Error: Too Many Requests for url: https://uk.representclo.com/products/247-motion-oversized-tank-rust
2026-08-24 04:43:07,485 [ERROR] Failed to fetch product page https://uk.representclo.com/products/247-new-york-bag-black: 429 Client Error: Too Many Requests for url: https://uk.representclo.com/products/247-new-york-bag-black
2026-08-24 04:43:08,098 [ERROR] Failed to fetch product page https://uk.representclo.com/products/247-new-york-t-shirt-pink: 429 Client Error: Too Many Requests for url: https://uk.representclo.com/products/247-new-york-t-shirt-pink
2026-08-24 04:43:08,676 [ERROR] Failed to fetch product page https://uk.representclo.com/products/247-noble-long-sleeve-t-shirt-graphene: 429 Client Error: Too Many Requests for url: https://uk.representclo.com/products/247-noble-long-sleeve-t-shirt-graphene
2026-08-24 04:43:09,266 [ERROR] Failed to fetch product page https://uk.representclo.com/products/247-noble-t-shirt-jet-black: 429 Client Error: Too Many Requests for url: https://uk.representclo.com/products/247-noble-t-shirt-jet-black
2026-08-24 04:43:09,866 [ERROR] Failed to fetch product page https://uk.representclo.com/products/247-numbers-beanie-grey-marl: 429 Client Error: Too Many Requests for url: https://uk.representclo.com/products/247-numbers-beanie-grey-marl
2026-08-24 04:43:10,454 [ERROR] Failed to fetch product page https://uk.representclo.com/products/247-numbers-beanie-jet-black: 429 Client Error: Too Many Requests for url: https://uk.representclo.com/products/247-numbers-beanie-jet-black
2026-08-24 04:43:11,042 [ERROR] Failed to fetch product page https://uk.representclo.com/products/247-numbers-cap-graphene: 429 Client Error: Too Many Requests for url: https://uk.representclo.com/products/247-numbers-cap-graphene
2026-08-24 04:43:11,630 [ERROR] Failed to fetch product page https://uk.representclo.com/products/247-numbers-cap-graphite-grey: 429 Client Error: Too Many Requests for url: https://uk.representclo.com/products/247-numbers-cap-graphite-grey
2026-08-24 04:43:12,205 [ERROR] Failed to fetch product page https://uk.representclo.com/products/247-numbers-cap-jet-black: 429 Client Error: Too Many Requests for url: https://uk.representclo.com/products/247-numbers-cap-jet-black
2026-08-24 04:43:12,867 [ERROR] Failed to fetch product page https://uk.representclo.com/products/247-numbers-cap-teal: 429 Client Error: Too Many Requests for url: https://uk.representclo.com/products/247-numbers-cap-teal
2026-08-24 04:43:13,447 [ERROR] Failed to fetch product page https://uk.representclo.com/products/247-numbers-cargo-half-tight-graphene: 429 Client Error: Too Many Requests for url: https://uk.representclo.com/products/247-numbers-cargo-half-tight-graphene
2026-08-24 04:43:14,024 [ERROR] Failed to fetch product page https://uk.representclo.com/products/247-numbers-gaiter-grey-marl: 429 Client Error: Too Many Requests for url: https://uk.representclo.com/products/247-numbers-gaiter-grey-marl
2026-08-24 04:43:14,618 [ERROR] Failed to fetch product page https://uk.representclo.com/products/247-numbers-gaiter-jet-black: 429 Client Error: Too Many Requests for url: https://uk.representclo.com/products/247-numbers-gaiter-jet-black
2026-08-24 04:43:15,199 [ERROR] Failed to fetch product page https://uk.representclo.com/products/247-numbers-glove-jet-black: 429 Client Error: Too Many Requests for url: https://uk.representclo.com/products/247-numbers-glove-jet-black
2026-08-24 04:43:15,790 [ERROR] Failed to fetch product page https://uk.representclo.com/products/247-numbers-race-sock-graphene: 429 Client Error: Too Many Requests for url: https://uk.representclo.com/products/247-numbers-race-sock-graphene
2026-08-24 04:43:16,372 [ERROR] Failed to fetch product page https://uk.representclo.com/products/247-numbers-socks-flat-white: 429 Client Error: Too Many Requests for url: https://uk.representclo.com/products/247-numbers-socks-flat-white
2026-08-24 04:43:16,958 [ERROR] Failed to fetch product page https://uk.representclo.com/products/247-numbers-socks-jet-black: 429 Client Error: Too Many Requests for url: https://uk.representclo.com/products/247-numbers-socks-jet-black
2026-08-24 04:43:17,546 [ERROR] Failed to fetch product page https://uk.representclo.com/products/247-numbers-t-shirt-flat-white: 429 Client Error: Too Many Requests for url: https://uk.representclo.com/products/247-numbers-t-shirt-flat-white
2026-08-24 04:43:18,139 [ERROR] Failed to fetch product page https://uk.representclo.com/products/247-numbers-t-shirt-graphene: 429 Client Error: Too Many Requests for url: https://uk.representclo.com/products/247-numbers-t-shirt-graphene
2026-08-24 04:43:18,716 [ERROR] Failed to fetch product page https://uk.representclo.com/products/247-numbers-t-shirt-jet-black-v2: 429 Client Error: Too Many Requests for url: https://uk.representclo.com/products/247-numbers-t-shirt-jet-black-v2
2026-08-24 04:43:19,308 [ERROR] Failed to fetch product page https://uk.representclo.com/products/247-numbers-vest-flat-white: 429 Client Error: Too Many Requests for url: https://uk.representclo.com/products/247-numbers-vest-flat-white
2026-08-24 04:43:19,896 [ERROR] Failed to fetch product page https://uk.representclo.com/products/247-numbers-vest-graphene: 429 Client Error: Too Many Requests for url: https://uk.representclo.com/products/247-numbers-vest-graphene
2026-08-24 04:43:20,476 [ERROR] Failed to fetch product page https://uk.representclo.com/products/247-numbers-vest-graphite-grey: 429 Client Error: Too Many Requests for url: https://uk.representclo.com/products/247-numbers-vest-graphite-grey
2026-08-24 04:43:21,060 [ERROR] Failed to fetch product page https://uk.representclo.com/products/247-numbers-vest-jet-black-v2: 429 Client Error: Too Many Requests for url: https://uk.representclo.com/products/247-numbers-vest-jet-black-v2
2026-08-24 04:43:21,635 [ERROR] Failed to fetch product page https://uk.representclo.com/products/247-numbers-vest-teal: 429 Client Error: Too Many Requests for url: https://uk.representclo.com/products/247-numbers-vest-teal
2026-08-24 04:43:22,233 [ERROR] Failed to fetch product page https://uk.representclo.com/products/247-on-a-mission-long-sleeve-t-shirt-jet-black: 429 Client Error: Too Many Requests for url: https://uk.representclo.com/products/247-on-a-mission-long-sleeve-t-shirt-jet-black
2026-08-24 04:43:22,831 [ERROR] Failed to fetch product page https://uk.representclo.com/products/247-on-a-mission-t-shirt-jet-black: 429 Client Error: Too Many Requests for url: https://uk.representclo.com/products/247-on-a-mission-t-shirt-jet-black
2026-08-24 04:43:23,420 [ERROR] Failed to fetch product page https://uk.representclo.com/products/247-oversized-hoodie-jet-black: 429 Client Error: Too Many Requests for url: https://uk.representclo.com/products/247-oversized-hoodie-jet-black
2026-08-24 04:43:24,013 [ERROR] Failed to fetch product page https://uk.representclo.com/products/247-oversized-t-shirt-flat-white-1: 429 Client Error: Too Many Requests for url: https://uk.representclo.com/products/247-oversized-t-shirt-flat-white-1
2026-08-24 04:43:24,595 [ERROR] Failed to fetch product page https://uk.representclo.com/products/247-oversized-t-shirt-jet-black-1: 429 Client Error: Too Many Requests for url: https://uk.representclo.com/products/247-oversized-t-shirt-jet-black-1
2026-08-24 04:43:25,186 [ERROR] Failed to fetch product page https://uk.representclo.com/products/247-oversized-tank-flat-white-1: 429 Client Error: Too Many Requests for url: https://uk.representclo.com/products/247-oversized-tank-flat-white-1
2026-08-24 04:43:25,793 [ERROR] Failed to fetch product page https://uk.representclo.com/products/247-oversized-tank-jet-black-1: 429 Client Error: Too Many Requests for url: https://uk.representclo.com/products/247-oversized-tank-jet-black-1
2026-08-24 04:43:26,369 [ERROR] Failed to fetch product page https://uk.representclo.com/products/247-pant-black: 429 Client Error: Too Many Requests for url: https://uk.representclo.com/products/247-pant-black
2026-08-24 04:43:26,958 [ERROR] Failed to fetch product page https://uk.representclo.com/products/247-power-dry-t-shirt-ash-grey: 429 Client Error: Too Many Requests for url: https://uk.representclo.com/products/247-power-dry-t-shirt-ash-grey
2026-08-24 04:43:27,549 [ERROR] Failed to fetch product page https://uk.representclo.com/products/247-power-dry-t-shirt-jet-black: 429 Client Error: Too Many Requests for url: https://uk.representclo.com/products/247-power-dry-t-shirt-jet-black
2026-08-24 04:43:28,124 [ERROR] Failed to fetch product page https://uk.representclo.com/products/247-power-shield-padded-gilet-jet-black: 429 Client Error: Too Many Requests for url: https://uk.representclo.com/products/247-power-shield-padded-gilet-jet-black
2026-08-24 04:43:28,715 [ERROR] Failed to fetch product page https://uk.representclo.com/products/247-power-shield-windbreaker-jet-black: 429 Client Error: Too Many Requests for url: https://uk.representclo.com/products/247-power-shield-windbreaker-jet-black
2026-08-24 04:43:29,304 [ERROR] Failed to fetch product page https://uk.representclo.com/products/247-protein-shaker-black: 429 Client Error: Too Many Requests for url: https://uk.representclo.com/products/247-protein-shaker-black
2026-08-24 04:43:29,896 [ERROR] Failed to fetch product page https://uk.representclo.com/products/247-race-pins-antique-silver: 429 Client Error: Too Many Requests for url: https://uk.representclo.com/products/247-race-pins-antique-silver
2026-08-24 04:43:30,470 [ERROR] Failed to fetch product page https://uk.representclo.com/products/247-race-sock-2-pack-white: 429 Client Error: Too Many Requests for url: https://uk.representclo.com/products/247-race-sock-2-pack-white
2026-08-24 04:43:31,067 [ERROR] Failed to fetch product page https://uk.representclo.com/products/247-reflex-run-cap-jet-black: 429 Client Error: Too Many Requests for url: https://uk.representclo.com/products/247-reflex-run-cap-jet-black
2026-08-24 04:43:31,653 [ERROR] Failed to fetch product page https://uk.representclo.com/products/247-reflex-run-socks-flat-white: 429 Client Error: Too Many Requests for url: https://uk.representclo.com/products/247-reflex-run-socks-flat-white
2026-08-24 04:43:32,257 [ERROR] Failed to fetch product page https://uk.representclo.com/products/247-reflex-run-socks-jet-black: 429 Client Error: Too Many Requests for url: https://uk.representclo.com/products/247-reflex-run-socks-jet-black
2026-08-24 04:43:32,834 [ERROR] Failed to fetch product page https://uk.representclo.com/products/247-ribbed-half-tight-jet-black-v2: 429 Client Error: Too Many Requests for url: https://uk.representclo.com/products/247-ribbed-half-tight-jet-black-v2
2026-08-24 04:43:33,421 [ERROR] Failed to fetch product page https://uk.representclo.com/products/247-ripstop-cap-black-reflective: 429 Client Error: Too Many Requests for url: https://uk.representclo.com/products/247-ripstop-cap-black-reflective
2026-08-24 04:43:33,999 [ERROR] Failed to fetch product page https://uk.representclo.com/products/247-running-belt-jet-black: 429 Client Error: Too Many Requests for url: https://uk.representclo.com/products/247-running-belt-jet-black
2026-08-24 04:43:34,575 [ERROR] Failed to fetch product page https://uk.representclo.com/products/247-short-graphene: 429 Client Error: Too Many Requests for url: https://uk.representclo.com/products/247-short-graphene
2026-08-24 04:43:35,165 [ERROR] Failed to fetch product page https://uk.representclo.com/products/247-shorts-black: 429 Client Error: Too Many Requests for url: https://uk.representclo.com/products/247-shorts-black
2026-08-24 04:43:35,757 [ERROR] Failed to fetch product page https://uk.representclo.com/products/247-singlet-cinder: 429 Client Error: Too Many Requests for url: https://uk.representclo.com/products/247-singlet-cinder
2026-08-24 04:43:36,352 [ERROR] Failed to fetch product page https://uk.representclo.com/products/247-ski-gloves-black: 429 Client Error: Too Many Requests for url: https://uk.representclo.com/products/247-ski-gloves-black
2026-08-24 04:43:36,926 [ERROR] Failed to fetch product page https://uk.representclo.com/products/247-skull-cap-jet-black: 429 Client Error: Too Many Requests for url: https://uk.representclo.com/products/247-skull-cap-jet-black
2026-08-24 04:43:37,509 [ERROR] Failed to fetch product page https://uk.representclo.com/products/247-sling-bag-black: 429 Client Error: Too Many Requests for url: https://uk.representclo.com/products/247-sling-bag-black
2026-08-24 04:43:38,131 [ERROR] Failed to fetch product page https://uk.representclo.com/products/247-ss26-cargo-half-tight-jet-black: 429 Client Error: Too Many Requests for url: https://uk.representclo.com/products/247-ss26-cargo-half-tight-jet-black
2026-08-24 04:43:38,738 [ERROR] Failed to fetch product page https://uk.representclo.com/products/247-stratum-sunglasses-flat-white: 429 Client Error: Too Many Requests for url: https://uk.representclo.com/products/247-stratum-sunglasses-flat-white
2026-08-24 04:43:39,319 [ERROR] Failed to fetch product page https://uk.representclo.com/products/247-stratum-sunglasses-jet-black: 429 Client Error: Too Many Requests for url: https://uk.representclo.com/products/247-stratum-sunglasses-jet-black
2026-08-24 04:43:39,909 [ERROR] Failed to fetch product page https://uk.representclo.com/products/247-torch-boxy-long-sleeve-t-shirt-bleach-wash: 429 Client Error: Too Many Requests for url: https://uk.representclo.com/products/247-torch-boxy-long-sleeve-t-shirt-bleach-wash
2026-08-24 04:43:40,498 [ERROR] Failed to fetch product page https://uk.representclo.com/products/247-torch-boxy-long-sleeve-t-shirt-washed-black: 429 Client Error: Too Many Requests for url: https://uk.representclo.com/products/247-torch-boxy-long-sleeve-t-shirt-washed-black
2026-08-24 04:43:41,078 [ERROR] Failed to fetch product page https://uk.representclo.com/products/247-torch-boxy-t-shirt-bleach-wash: 429 Client Error: Too Many Requests for url: https://uk.representclo.com/products/247-torch-boxy-t-shirt-bleach-wash
2026-08-24 04:43:41,654 [ERROR] Failed to fetch product page https://uk.representclo.com/products/247-torch-boxy-t-shirt-washed-black: 429 Client Error: Too Many Requests for url: https://uk.representclo.com/products/247-torch-boxy-t-shirt-washed-black
2026-08-24 04:43:42,243 [ERROR] Failed to fetch product page https://uk.representclo.com/products/247-torch-boxy-tank-bleach-wash: 429 Client Error: Too Many Requests for url: https://uk.representclo.com/products/247-torch-boxy-tank-bleach-wash
2026-08-24 04:43:42,832 [ERROR] Failed to fetch product page https://uk.representclo.com/products/247-tote-bag-black: 429 Client Error: Too Many Requests for url: https://uk.representclo.com/products/247-tote-bag-black
2026-08-24 04:43:43,421 [ERROR] Failed to fetch product page https://uk.representclo.com/products/247-trail-long-sleeve-t-shirt-black: 429 Client Error: Too Many Requests for url: https://uk.representclo.com/products/247-trail-long-sleeve-t-shirt-black
2026-08-24 04:43:43,996 [ERROR] Failed to fetch product page https://uk.representclo.com/products/247-trail-long-sleeve-t-shirt-chocolate: 429 Client Error: Too Many Requests for url: https://uk.representclo.com/products/247-trail-long-sleeve-t-shirt-chocolate
2026-08-24 04:43:44,584 [ERROR] Failed to fetch product page https://uk.representclo.com/products/247-trail-long-sleeve-t-shirt-steel: 429 Client Error: Too Many Requests for url: https://uk.representclo.com/products/247-trail-long-sleeve-t-shirt-steel
2026-08-24 04:43:45,163 [ERROR] Failed to fetch product page https://uk.representclo.com/products/247-trail-short-graphene: 429 Client Error: Too Many Requests for url: https://uk.representclo.com/products/247-trail-short-graphene
2026-08-24 04:43:45,757 [ERROR] Failed to fetch product page https://uk.representclo.com/products/247-trail-short-jet-black: 429 Client Error: Too Many Requests for url: https://uk.representclo.com/products/247-trail-short-jet-black
2026-08-24 04:43:46,337 [ERROR] Failed to fetch product page https://uk.representclo.com/products/247-trail-sock-black: 429 Client Error: Too Many Requests for url: https://uk.representclo.com/products/247-trail-sock-black
2026-08-24 04:43:46,915 [ERROR] Failed to fetch product page https://uk.representclo.com/products/247-trail-t-shirt-black: 429 Client Error: Too Many Requests for url: https://uk.representclo.com/products/247-trail-t-shirt-black
2026-08-24 04:43:47,496 [ERROR] Failed to fetch product page https://uk.representclo.com/products/247-trail-t-shirt-chocolate: 429 Client Error: Too Many Requests for url: https://uk.representclo.com/products/247-trail-t-shirt-chocolate
2026-08-24 04:43:48,072 [ERROR] Failed to fetch product page https://uk.representclo.com/products/247-trail-t-shirt-steel: 429 Client Error: Too Many Requests for url: https://uk.representclo.com/products/247-trail-t-shirt-steel
2026-08-24 04:43:48,660 [ERROR] Failed to fetch product page https://uk.representclo.com/products/247-trail-tank-black: 429 Client Error: Too Many Requests for url: https://uk.representclo.com/products/247-trail-tank-black
2026-08-24 04:43:49,249 [ERROR] Failed to fetch product page https://uk.representclo.com/products/247-trail-tank-chocolate: 429 Client Error: Too Many Requests for url: https://uk.representclo.com/products/247-trail-tank-chocolate
2026-08-24 04:43:49,836 [ERROR] Failed to fetch product page https://uk.representclo.com/products/247-trail-tank-steel: 429 Client Error: Too Many Requests for url: https://uk.representclo.com/products/247-trail-tank-steel
2026-08-24 04:43:50,422 [ERROR] Failed to fetch product page https://uk.representclo.com/products/247-trek-shorts-steel: 429 Client Error: Too Many Requests for url: https://uk.representclo.com/products/247-trek-shorts-steel
2026-08-24 04:43:50,998 [ERROR] Failed to fetch product page https://uk.representclo.com/products/247-ultra-midlayer-jet-black: 429 Client Error: Too Many Requests for url: https://uk.representclo.com/products/247-ultra-midlayer-jet-black
2026-08-24 04:43:51,600 [ERROR] Failed to fetch product page https://uk.representclo.com/products/247-ultra-short-black-fade-out: 429 Client Error: Too Many Requests for url: https://uk.representclo.com/products/247-ultra-short-black-fade-out
2026-08-24 04:43:52,296 [ERROR] Failed to fetch product page https://uk.representclo.com/products/247-ultra-singlet-black-fade-out: 429 Client Error: Too Many Requests for url: https://uk.representclo.com/products/247-ultra-singlet-black-fade-out
2026-08-24 04:43:52,885 [ERROR] Failed to fetch product page https://uk.representclo.com/products/247-ultra-singlet-glacier-fade-out: 429 Client Error: Too Many Requests for url: https://uk.representclo.com/products/247-ultra-singlet-glacier-fade-out
2026-08-24 04:43:53,462 [ERROR] Failed to fetch product page https://uk.representclo.com/products/247-uprising-long-sleeve-seamless-t-shirt-chocolate: 429 Client Error: Too Many Requests for url: https://uk.representclo.com/products/247-uprising-long-sleeve-seamless-t-shirt-chocolate
2026-08-24 04:43:54,041 [ERROR] Failed to fetch product page https://uk.representclo.com/products/247-uprising-long-sleeve-seamless-t-shirt-steel: 429 Client Error: Too Many Requests for url: https://uk.representclo.com/products/247-uprising-long-sleeve-seamless-t-shirt-steel
2026-08-24 04:43:54,617 [ERROR] Failed to fetch product page https://uk.representclo.com/products/247-waffle-beanie-jet-black: 429 Client Error: Too Many Requests for url: https://uk.representclo.com/products/247-waffle-beanie-jet-black
2026-08-24 04:43:55,206 [ERROR] Failed to fetch product page https://uk.representclo.com/products/247-x-47-taped-cap-jet-black: 429 Client Error: Too Many Requests for url: https://uk.representclo.com/products/247-x-47-taped-cap-jet-black
2026-08-24 04:43:55,802 [ERROR] Failed to fetch product page https://uk.representclo.com/products/247-x-avenged-sevenfold-city-of-evil-tank-aged-black: 429 Client Error: Too Many Requests for url: https://uk.representclo.com/products/247-x-avenged-sevenfold-city-of-evil-tank-aged-black
2026-08-24 04:43:56,404 [ERROR] Failed to fetch product page https://uk.representclo.com/products/247-x-avenged-sevenfold-death-bat-singlet-washed-grey: 429 Client Error: Too Many Requests for url: https://uk.representclo.com/products/247-x-avenged-sevenfold-death-bat-singlet-washed-grey
2026-08-24 04:43:56,990 [ERROR] Failed to fetch product page https://uk.representclo.com/products/247-x-avenged-sevenfold-death-bat-t-shirt-dirty-white: 429 Client Error: Too Many Requests for url: https://uk.representclo.com/products/247-x-avenged-sevenfold-death-bat-t-shirt-dirty-white
2026-08-24 04:43:57,578 [ERROR] Failed to fetch product page https://uk.representclo.com/products/247-x-avenged-sevenfold-nightmare-long-sleeve-t-shirt-aged-black: 429 Client Error: Too Many Requests for url: https://uk.representclo.com/products/247-x-avenged-sevenfold-nightmare-long-sleeve-t-shirt-aged-black
2026-08-24 04:43:58,161 [ERROR] Failed to fetch product page https://uk.representclo.com/products/247-x-avenged-sevenfold-nightmare-t-shirt-aged-black: 429 Client Error: Too Many Requests for url: https://uk.representclo.com/products/247-x-avenged-sevenfold-nightmare-t-shirt-aged-black
2026-08-24 04:43:58,738 [ERROR] Failed to fetch product page https://uk.representclo.com/products/a-decade-of-dedication-extended-edition: 429 Client Error: Too Many Requests for url: https://uk.representclo.com/products/a-decade-of-dedication-extended-edition
2026-08-24 04:43:59,311 [ERROR] Failed to fetch product page https://uk.representclo.com/products/alpha-2-0-black: 429 Client Error: Too Many Requests for url: https://uk.representclo.com/products/alpha-2-0-black
2026-08-24 04:43:59,890 [ERROR] Failed to fetch product page https://uk.representclo.com/products/alpha-wrap-jet-black: 429 Client Error: Too Many Requests for url: https://uk.representclo.com/products/alpha-wrap-jet-black
2026-08-24 04:44:00,473 [ERROR] Failed to fetch product page https://uk.representclo.com/products/american-football-jersey-chalk: 429 Client Error: Too Many Requests for url: https://uk.representclo.com/products/american-football-jersey-chalk
2026-08-24 04:44:01,048 [ERROR] Failed to fetch product page https://uk.representclo.com/products/angel-border-t-shirt-stained-black: 429 Client Error: Too Many Requests for url: https://uk.representclo.com/products/angel-border-t-shirt-stained-black
2026-08-24 04:44:01,643 [ERROR] Failed to fetch product page https://uk.representclo.com/products/angel-border-t-shirt-washed-ecru: 429 Client Error: Too Many Requests for url: https://uk.representclo.com/products/angel-border-t-shirt-washed-ecru
2026-08-24 04:44:02,232 [ERROR] Failed to fetch product page https://uk.representclo.com/products/apex-black-vintage-white-bf: 429 Client Error: Too Many Requests for url: https://uk.representclo.com/products/apex-black-vintage-white-bf
2026-08-24 04:44:02,827 [ERROR] Failed to fetch product page https://uk.representclo.com/products/apex-flat-white-bf: 429 Client Error: Too Many Requests for url: https://uk.representclo.com/products/apex-flat-white-bf
2026-08-24 04:44:03,413 [ERROR] Failed to fetch product page https://uk.representclo.com/products/arch-knitted-gloves-jet-black: 429 Client Error: Too Many Requests for url: https://uk.representclo.com/products/arch-knitted-gloves-jet-black
2026-08-24 04:44:04,001 [ERROR] Failed to fetch product page https://uk.representclo.com/products/archangel-t-shirt-stained-black: 429 Client Error: Too Many Requests for url: https://uk.representclo.com/products/archangel-t-shirt-stained-black
2026-08-24 04:44:04,599 [ERROR] Failed to fetch product page https://uk.representclo.com/products/aura-sunglasses-beige: 429 Client Error: Too Many Requests for url: https://uk.representclo.com/products/aura-sunglasses-beige
2026-08-24 04:44:05,187 [ERROR] Failed to fetch product page https://uk.representclo.com/products/aura-sunglasses-jet-black: 429 Client Error: Too Many Requests for url: https://uk.representclo.com/products/aura-sunglasses-jet-black
2026-08-24 04:44:05,772 [ERROR] Failed to fetch product page https://uk.representclo.com/products/baggy-cotton-cargo-short-black: 429 Client Error: Too Many Requests for url: https://uk.representclo.com/products/baggy-cotton-cargo-short-black
2026-08-24 04:44:06,348 [ERROR] Failed to fetch product page https://uk.representclo.com/products/beaded-represent-bracelet-silver: 429 Client Error: Too Many Requests for url: https://uk.representclo.com/products/beaded-represent-bracelet-silver
2026-08-24 04:44:06,927 [ERROR] Failed to fetch product page https://uk.representclo.com/products/belt-black-leather: 429 Client Error: Too Many Requests for url: https://uk.representclo.com/products/belt-black-leather
2026-08-24 04:44:07,500 [ERROR] Failed to fetch product page https://uk.representclo.com/products/british-cowboys-hoodie-stained-black: 429 Client Error: Too Many Requests for url: https://uk.representclo.com/products/british-cowboys-hoodie-stained-black
2026-08-24 04:44:08,082 [ERROR] Failed to fetch product page https://uk.representclo.com/products/british-cowboys-t-shirt-dusty-brown: 429 Client Error: Too Many Requests for url: https://uk.representclo.com/products/british-cowboys-t-shirt-dusty-brown
2026-08-24 04:44:08,671 [ERROR] Failed to fetch product page https://uk.representclo.com/products/british-cowboys-t-shirt-stained-black: 429 Client Error: Too Many Requests for url: https://uk.representclo.com/products/british-cowboys-t-shirt-stained-black
2026-08-24 04:44:09,259 [ERROR] Failed to fetch product page https://uk.representclo.com/products/british-cowboys-t-shirt-washed-ecru: 429 Client Error: Too Many Requests for url: https://uk.representclo.com/products/british-cowboys-t-shirt-washed-ecru
2026-08-24 04:44:09,845 [ERROR] Failed to fetch product page https://uk.representclo.com/products/busy-doing-nothing-denim-short-dusty-blue: 429 Client Error: Too Many Requests for url: https://uk.representclo.com/products/busy-doing-nothing-denim-short-dusty-blue
2026-08-24 04:44:10,434 [ERROR] Failed to fetch product page https://uk.representclo.com/products/busy-doing-nothing-t-shirt-flat-white: 429 Client Error: Too Many Requests for url: https://uk.representclo.com/products/busy-doing-nothing-t-shirt-flat-white
2026-08-24 04:44:11,043 [ERROR] Failed to fetch product page https://uk.representclo.com/products/calfornia-striped-t-shirt-jet-black-grey-marl: 429 Client Error: Too Many Requests for url: https://uk.representclo.com/products/calfornia-striped-t-shirt-jet-black-grey-marl
2026-08-24 04:44:11,636 [ERROR] Failed to fetch product page https://uk.representclo.com/products/california-striped-knitted-polo-jet-black: 429 Client Error: Too Many Requests for url: https://uk.representclo.com/products/california-striped-knitted-polo-jet-black
2026-08-24 04:44:12,222 [ERROR] Failed to fetch product page https://uk.representclo.com/products/canvas-alpha-wrap-black: 429 Client Error: Too Many Requests for url: https://uk.representclo.com/products/canvas-alpha-wrap-black
2026-08-24 04:44:12,811 [ERROR] Failed to fetch product page https://uk.representclo.com/products/chrome-flight-hoodie-stained-black: 429 Client Error: Too Many Requests for url: https://uk.representclo.com/products/chrome-flight-hoodie-stained-black
2026-08-24 04:44:13,385 [ERROR] Failed to fetch product page https://uk.representclo.com/products/chrome-flight-t-shirt-stained-black: 429 Client Error: Too Many Requests for url: https://uk.representclo.com/products/chrome-flight-t-shirt-stained-black
2026-08-24 04:44:13,961 [ERROR] Failed to fetch product page https://uk.representclo.com/products/classic-parts-t-shirt-aged-black: 429 Client Error: Too Many Requests for url: https://uk.representclo.com/products/classic-parts-t-shirt-aged-black
2026-08-24 04:44:14,550 [ERROR] Failed to fetch product page https://uk.representclo.com/products/classic-parts-t-shirt-flat-white: 429 Client Error: Too Many Requests for url: https://uk.representclo.com/products/classic-parts-t-shirt-flat-white
2026-08-24 04:44:15,131 [ERROR] Failed to fetch product page https://uk.representclo.com/products/cotton-tailored-short-jet-black: 429 Client Error: Too Many Requests for url: https://uk.representclo.com/products/cotton-tailored-short-jet-black
2026-08-24 04:44:15,719 [ERROR] Failed to fetch product page https://uk.representclo.com/products/cowhide-belt-loop-flat-white-jet-black: 429 Client Error: Too Many Requests for url: https://uk.representclo.com/products/cowhide-belt-loop-flat-white-jet-black
2026-08-24 04:44:16,297 [ERROR] Failed to fetch product page https://uk.representclo.com/products/cowhide-print-cap-flat-white-jet-black: 429 Client Error: Too Many Requests for url: https://uk.representclo.com/products/cowhide-print-cap-flat-white-jet-black
2026-08-24 04:44:16,872 [ERROR] Failed to fetch product page https://uk.representclo.com/products/cowhide-watch-strap-flat-white-jet-black: 429 Client Error: Too Many Requests for url: https://uk.representclo.com/products/cowhide-watch-strap-flat-white-jet-black
2026-08-24 04:44:17,465 [ERROR] Failed to fetch product page https://uk.representclo.com/products/crest-t-shirt-vintage-black: 429 Client Error: Too Many Requests for url: https://uk.representclo.com/products/crest-t-shirt-vintage-black
2026-08-24 04:44:18,052 [ERROR] Failed to fetch product page https://uk.representclo.com/products/cruz-short-beige: 429 Client Error: Too Many Requests for url: https://uk.representclo.com/products/cruz-short-beige
2026-08-24 04:44:18,646 [ERROR] Failed to fetch product page https://uk.representclo.com/products/cruz-short-jet-black: 429 Client Error: Too Many Requests for url: https://uk.representclo.com/products/cruz-short-jet-black
2026-08-24 04:44:19,259 [ERROR] Failed to fetch product page https://uk.representclo.com/products/dallas-cowboys-x-represent-hoodie-cream-marl: 429 Client Error: Too Many Requests for url: https://uk.representclo.com/products/dallas-cowboys-x-represent-hoodie-cream-marl
2026-08-24 04:44:19,843 [ERROR] Failed to fetch product page https://uk.representclo.com/products/dallas-cowboys-x-represent-x-47-cap-antique-white: 429 Client Error: Too Many Requests for url: https://uk.representclo.com/products/dallas-cowboys-x-represent-x-47-cap-antique-white
2026-08-24 04:44:20,429 [ERROR] Failed to fetch product page https://uk.representclo.com/products/decade-of-speed-t-shirt-cream: 429 Client Error: Too Many Requests for url: https://uk.representclo.com/products/decade-of-speed-t-shirt-cream
2026-08-24 04:44:21,009 [ERROR] Failed to fetch product page https://uk.representclo.com/products/destructive-appetite-t-shirt-vintage-grey: 429 Client Error: Too Many Requests for url: https://uk.representclo.com/products/destructive-appetite-t-shirt-vintage-grey
2026-08-24 04:44:21,598 [ERROR] Failed to fetch product page https://uk.representclo.com/products/doberman-bracelet-silver: 429 Client Error: Too Many Requests for url: https://uk.representclo.com/products/doberman-bracelet-silver
2026-08-24 04:44:22,179 [ERROR] Failed to fetch product page https://uk.representclo.com/products/doberman-necklace-silver: 429 Client Error: Too Many Requests for url: https://uk.representclo.com/products/doberman-necklace-silver
2026-08-24 04:44:22,763 [ERROR] Failed to fetch product page https://uk.representclo.com/products/doberman-pendant-necklace-silver: 429 Client Error: Too Many Requests for url: https://uk.representclo.com/products/doberman-pendant-necklace-silver
2026-08-24 04:44:23,337 [ERROR] Failed to fetch product page https://uk.representclo.com/products/double-distilled-t-shirt-flat-white: 429 Client Error: Too Many Requests for url: https://uk.representclo.com/products/double-distilled-t-shirt-flat-white
2026-08-24 04:44:23,914 [ERROR] Failed to fetch product page https://uk.representclo.com/products/double-distilled-t-shirt-off-black: 429 Client Error: Too Many Requests for url: https://uk.representclo.com/products/double-distilled-t-shirt-off-black
2026-08-24 04:44:24,508 [ERROR] Failed to fetch product page https://uk.representclo.com/products/dream-on-tour-t-shirt-sun-fade-grey: 429 Client Error: Too Many Requests for url: https://uk.representclo.com/products/dream-on-tour-t-shirt-sun-fade-grey
2026-08-24 04:44:25,101 [ERROR] Failed to fetch product page https://uk.representclo.com/products/dream-on-tour-t-shirt-washed-ecru: 429 Client Error: Too Many Requests for url: https://uk.representclo.com/products/dream-on-tour-t-shirt-washed-ecru
2026-08-24 04:44:25,699 [ERROR] Failed to fetch product page https://uk.representclo.com/products/dual-layer-script-t-shirt-candy: 429 Client Error: Too Many Requests for url: https://uk.representclo.com/products/dual-layer-script-t-shirt-candy
2026-08-24 04:44:26,281 [ERROR] Failed to fetch product page https://uk.representclo.com/products/dual-layer-script-t-shirt-jet-black: 429 Client Error: Too Many Requests for url: https://uk.representclo.com/products/dual-layer-script-t-shirt-jet-black
2026-08-24 04:44:26,863 [ERROR] Failed to fetch product page https://uk.representclo.com/products/embellished-represent-t-shirt-stained-black: 429 Client Error: Too Many Requests for url: https://uk.representclo.com/products/embellished-represent-t-shirt-stained-black
2026-08-24 04:44:27,437 [ERROR] Failed to fetch product page https://uk.representclo.com/products/embellished-represent-t-shirt-vintage-khaki: 429 Client Error: Too Many Requests for url: https://uk.representclo.com/products/embellished-represent-t-shirt-vintage-khaki
2026-08-24 04:44:28,023 [ERROR] Failed to fetch product page https://uk.representclo.com/products/england-beanie-jet-black: 429 Client Error: Too Many Requests for url: https://uk.representclo.com/products/england-beanie-jet-black
2026-08-24 04:44:28,639 [ERROR] Failed to fetch product page https://uk.representclo.com/products/england-legacy-hoodie-vintage-black: 429 Client Error: Too Many Requests for url: https://uk.representclo.com/products/england-legacy-hoodie-vintage-black
2026-08-24 04:44:29,231 [ERROR] Failed to fetch product page https://uk.representclo.com/products/england-long-sleeve-t-shirt-washed-brown: 429 Client Error: Too Many Requests for url: https://uk.representclo.com/products/england-long-sleeve-t-shirt-washed-brown
2026-08-24 04:44:29,803 [ERROR] Failed to fetch product page https://uk.representclo.com/products/england-long-sleeve-t-shirt-washed-white-real-tree-camo: 429 Client Error: Too Many Requests for url: https://uk.representclo.com/products/england-long-sleeve-t-shirt-washed-white-real-tree-camo
2026-08-24 04:44:30,423 [ERROR] Failed to fetch product page https://uk.representclo.com/products/england-t-shirt-flat-white: 429 Client Error: Too Many Requests for url: https://uk.representclo.com/products/england-t-shirt-flat-white
2026-08-24 04:44:31,019 [ERROR] Failed to fetch product page https://uk.representclo.com/products/england-t-shirt-jet-black: 429 Client Error: Too Many Requests for url: https://uk.representclo.com/products/england-t-shirt-jet-black
2026-08-24 04:44:31,605 [ERROR] Failed to fetch product page https://uk.representclo.com/products/england-t-shirt-washed-brown: 429 Client Error: Too Many Requests for url: https://uk.representclo.com/products/england-t-shirt-washed-brown
2026-08-24 04:44:32,191 [ERROR] Failed to fetch product page https://uk.representclo.com/products/fw25-represent-owners-club-hoodie-faded-black: 429 Client Error: Too Many Requests for url: https://uk.representclo.com/products/fw25-represent-owners-club-hoodie-faded-black
2026-08-24 04:44:32,781 [ERROR] Failed to fetch product page https://uk.representclo.com/products/fw25-represent-owners-club-hoodie-sprayed-ice-grey-marl: 429 Client Error: Too Many Requests for url: https://uk.representclo.com/products/fw25-represent-owners-club-hoodie-sprayed-ice-grey-marl
2026-08-24 04:44:33,356 [ERROR] Failed to fetch product page https://uk.representclo.com/products/fw25-represent-owners-club-socks-buttercream: 429 Client Error: Too Many Requests for url: https://uk.representclo.com/products/fw25-represent-owners-club-socks-buttercream
2026-08-24 04:44:33,949 [ERROR] Failed to fetch product page https://uk.representclo.com/products/fw25-represent-owners-club-socks-faded-black: 429 Client Error: Too Many Requests for url: https://uk.representclo.com/products/fw25-represent-owners-club-socks-faded-black
2026-08-24 04:44:34,537 [ERROR] Failed to fetch product page https://uk.representclo.com/products/fw25-represent-owners-club-socks-grey-marl: 429 Client Error: Too Many Requests for url: https://uk.representclo.com/products/fw25-represent-owners-club-socks-grey-marl
2026-08-24 04:44:35,124 [ERROR] Failed to fetch product page https://uk.representclo.com/products/fw25-represent-owners-club-socks-optic-white: 429 Client Error: Too Many Requests for url: https://uk.representclo.com/products/fw25-represent-owners-club-socks-optic-white
2026-08-24 04:44:35,699 [ERROR] Failed to fetch product page https://uk.representclo.com/products/fw25-represent-owners-club-socks-smoked-rose: 429 Client Error: Too Many Requests for url: https://uk.representclo.com/products/fw25-represent-owners-club-socks-smoked-rose
2026-08-24 04:44:36,280 [ERROR] Failed to fetch product page https://uk.representclo.com/products/fw25-represent-owners-club-t-shirt-buttercream: 429 Client Error: Too Many Requests for url: https://uk.representclo.com/products/fw25-represent-owners-club-t-shirt-buttercream
2026-08-24 04:44:36,872 [ERROR] Failed to fetch product page https://uk.representclo.com/products/fw25-represent-owners-club-t-shirt-faded-black: 429 Client Error: Too Many Requests for url: https://uk.representclo.com/products/fw25-represent-owners-club-t-shirt-faded-black
2026-08-24 04:44:37,447 [ERROR] Failed to fetch product page https://uk.representclo.com/products/fw25-represent-owners-club-t-shirt-flat-white: 429 Client Error: Too Many Requests for url: https://uk.representclo.com/products/fw25-represent-owners-club-t-shirt-flat-white
2026-08-24 04:44:38,028 [ERROR] Failed to fetch product page https://uk.representclo.com/products/fw25-represent-owners-club-tote-bag-buttercream: 429 Client Error: Too Many Requests for url: https://uk.representclo.com/products/fw25-represent-owners-club-tote-bag-buttercream
2026-08-24 04:44:38,613 [ERROR] Failed to fetch product page https://uk.representclo.com/products/gh-knitted-long-sleeve-top-espresso: 429 Client Error: Too Many Requests for url: https://uk.representclo.com/products/gh-knitted-long-sleeve-top-espresso
2026-08-24 04:44:39,201 [ERROR] Failed to fetch product page https://uk.representclo.com/products/gh-knitted-long-sleeve-top-jet-black: 429 Client Error: Too Many Requests for url: https://uk.representclo.com/products/gh-knitted-long-sleeve-top-jet-black
2026-08-24 04:44:39,788 [ERROR] Failed to fetch product page https://uk.representclo.com/products/gh-shrunken-zip-hoodie-jet-black: 429 Client Error: Too Many Requests for url: https://uk.representclo.com/products/gh-shrunken-zip-hoodie-jet-black
2026-08-24 04:44:40,391 [ERROR] Failed to fetch product page https://uk.representclo.com/products/gh-t-shirt-flat-white: 429 Client Error: Too Many Requests for url: https://uk.representclo.com/products/gh-t-shirt-flat-white
2026-08-24 04:44:40,983 [ERROR] Failed to fetch product page https://uk.representclo.com/products/gh-t-shirt-jet-black: 429 Client Error: Too Many Requests for url: https://uk.representclo.com/products/gh-t-shirt-jet-black
2026-08-24 04:44:41,557 [ERROR] Failed to fetch product page https://uk.representclo.com/products/gh-t-shirt-vintage-grey: 429 Client Error: Too Many Requests for url: https://uk.representclo.com/products/gh-t-shirt-vintage-grey
2026-08-24 04:44:42,149 [ERROR] Failed to fetch product page https://uk.representclo.com/products/gift-card: 429 Client Error: Too Many Requests for url: https://uk.representclo.com/products/gift-card
2026-08-24 04:44:42,724 [ERROR] Failed to fetch product page https://uk.representclo.com/products/golden-tour-t-shirt-sun-fade-grey: 429 Client Error: Too Many Requests for url: https://uk.representclo.com/products/golden-tour-t-shirt-sun-fade-grey
2026-08-24 04:44:43,314 [ERROR] Failed to fetch product page https://uk.representclo.com/products/gran-cru-classe-cap-jet-black: 429 Client Error: Too Many Requests for url: https://uk.representclo.com/products/gran-cru-classe-cap-jet-black
2026-08-24 04:44:43,901 [ERROR] Failed to fetch product page https://uk.representclo.com/products/grand-vintage-hand-drawn-t-shirt-aged-white: 429 Client Error: Too Many Requests for url: https://uk.representclo.com/products/grand-vintage-hand-drawn-t-shirt-aged-white
2026-08-24 04:44:44,481 [ERROR] Failed to fetch product page https://uk.representclo.com/products/grand-vintage-hand-drawn-t-shirt-jet-black: 429 Client Error: Too Many Requests for url: https://uk.representclo.com/products/grand-vintage-hand-drawn-t-shirt-jet-black
2026-08-24 04:44:45,055 [ERROR] Failed to fetch product page https://uk.representclo.com/products/hand-drawn-horses-t-shirt-aged-black: 429 Client Error: Too Many Requests for url: https://uk.representclo.com/products/hand-drawn-horses-t-shirt-aged-black
2026-08-24 04:44:45,643 [ERROR] Failed to fetch product page https://uk.representclo.com/products/hand-drawn-horses-t-shirt-flat-white: 429 Client Error: Too Many Requests for url: https://uk.representclo.com/products/hand-drawn-horses-t-shirt-flat-white
2026-08-24 04:44:46,231 [ERROR] Failed to fetch product page https://uk.representclo.com/products/hand-drawn-thoroughbred-hoodie-aged-black: 429 Client Error: Too Many Requests for url: https://uk.representclo.com/products/hand-drawn-thoroughbred-hoodie-aged-black
2026-08-24 04:44:46,808 [ERROR] Failed to fetch product page https://uk.representclo.com/products/hand-drawn-thoroughbred-t-shirt-aged-black: 429 Client Error: Too Many Requests for url: https://uk.representclo.com/products/hand-drawn-thoroughbred-t-shirt-aged-black
2026-08-24 04:44:47,394 [ERROR] Failed to fetch product page https://uk.representclo.com/products/hand-drawn-thoroughbred-t-shirt-flat-white: 429 Client Error: Too Many Requests for url: https://uk.representclo.com/products/hand-drawn-thoroughbred-t-shirt-flat-white
2026-08-24 04:44:47,968 [ERROR] Failed to fetch product page https://uk.representclo.com/products/hermes-t-shirt-flat-white: 429 Client Error: Too Many Requests for url: https://uk.representclo.com/products/hermes-t-shirt-flat-white
2026-08-24 04:44:48,576 [ERROR] Failed to fetch product page https://uk.representclo.com/products/htn-canvas-bag-tan: 429 Client Error: Too Many Requests for url: https://uk.representclo.com/products/htn-canvas-bag-tan
2026-08-24 04:44:49,150 [ERROR] Failed to fetch product page https://uk.representclo.com/products/htn-leather-bag-black: 429 Client Error: Too Many Requests for url: https://uk.representclo.com/products/htn-leather-bag-black
2026-08-24 04:44:49,739 [ERROR] Failed to fetch product page https://uk.representclo.com/products/htn-low-black: 429 Client Error: Too Many Requests for url: https://uk.representclo.com/products/htn-low-black
2026-08-24 04:44:50,333 [ERROR] Failed to fetch product page https://uk.representclo.com/products/htn-low-distressed-off-black: 429 Client Error: Too Many Requests for url: https://uk.representclo.com/products/htn-low-distressed-off-black
2026-08-24 04:44:50,922 [ERROR] Failed to fetch product page https://uk.representclo.com/products/htn-low-distressed-vintage-white: 429 Client Error: Too Many Requests for url: https://uk.representclo.com/products/htn-low-distressed-vintage-white
2026-08-24 04:44:51,506 [ERROR] Failed to fetch product page https://uk.representclo.com/products/htn-low-flat-white: 429 Client Error: Too Many Requests for url: https://uk.representclo.com/products/htn-low-flat-white
2026-08-24 04:44:52,095 [ERROR] Failed to fetch product page https://uk.representclo.com/products/htn-low-pony-hair-black: 429 Client Error: Too Many Requests for url: https://uk.representclo.com/products/htn-low-pony-hair-black
2026-08-24 04:44:52,672 [ERROR] Failed to fetch product page https://uk.representclo.com/products/htn-low-tumbled-leather-black: 429 Client Error: Too Many Requests for url: https://uk.representclo.com/products/htn-low-tumbled-leather-black
2026-08-24 04:44:53,269 [ERROR] Failed to fetch product page https://uk.representclo.com/products/htn-x-high-black: 429 Client Error: Too Many Requests for url: https://uk.representclo.com/products/htn-x-high-black
2026-08-24 04:44:53,846 [ERROR] Failed to fetch product page https://uk.representclo.com/products/icarus-t-shirt-jet-black: 429 Client Error: Too Many Requests for url: https://uk.representclo.com/products/icarus-t-shirt-jet-black
2026-08-24 04:44:54,440 [ERROR] Failed to fetch product page https://uk.representclo.com/products/icarus-t-shirt-sky-blue: 429 Client Error: Too Many Requests for url: https://uk.representclo.com/products/icarus-t-shirt-sky-blue
2026-08-24 04:44:55,030 [ERROR] Failed to fetch product page https://uk.representclo.com/products/icarus-t-shirt-taupe: 429 Client Error: Too Many Requests for url: https://uk.representclo.com/products/icarus-t-shirt-taupe
2026-08-24 04:44:55,603 [ERROR] Failed to fetch product page https://uk.representclo.com/products/initial-belt-cardholder-black: 429 Client Error: Too Many Requests for url: https://uk.representclo.com/products/initial-belt-cardholder-black
2026-08-24 04:44:56,190 [ERROR] Failed to fetch product page https://uk.representclo.com/products/initial-boxy-hoodie-black: 429 Client Error: Too Many Requests for url: https://uk.representclo.com/products/initial-boxy-hoodie-black
2026-08-24 04:44:56,799 [ERROR] Failed to fetch product page https://uk.representclo.com/products/initial-boxy-hoodie-coffee: 429 Client Error: Too Many Requests for url: https://uk.representclo.com/products/initial-boxy-hoodie-coffee
2026-08-24 04:44:57,394 [ERROR] Failed to fetch product page https://uk.representclo.com/products/initial-boxy-hoodie-vintage-grey-v2: 429 Client Error: Too Many Requests for url: https://uk.representclo.com/products/initial-boxy-hoodie-vintage-grey-v2
2026-08-24 04:44:57,982 [ERROR] Failed to fetch product page https://uk.representclo.com/products/initial-boxy-quarter-zip-ice-grey-marl-v2: 429 Client Error: Too Many Requests for url: https://uk.representclo.com/products/initial-boxy-quarter-zip-ice-grey-marl-v2
2026-08-24 04:44:58,568 [ERROR] Failed to fetch product page https://uk.representclo.com/products/initial-boxy-quarter-zip-jet-black-v2: 429 Client Error: Too Many Requests for url: https://uk.representclo.com/products/initial-boxy-quarter-zip-jet-black-v2
2026-08-24 04:44:59,153 [ERROR] Failed to fetch product page https://uk.representclo.com/products/initial-boxy-sweater-jet-black-v2: 429 Client Error: Too Many Requests for url: https://uk.representclo.com/products/initial-boxy-sweater-jet-black-v2
2026-08-24 04:44:59,731 [ERROR] Failed to fetch product page https://uk.representclo.com/products/initial-boxy-t-shirt-army-green: 429 Client Error: Too Many Requests for url: https://uk.representclo.com/products/initial-boxy-t-shirt-army-green
2026-08-24 04:45:00,329 [ERROR] Failed to fetch product page https://uk.representclo.com/products/initial-boxy-t-shirt-black: 429 Client Error: Too Many Requests for url: https://uk.representclo.com/products/initial-boxy-t-shirt-black
2026-08-24 04:45:00,903 [ERROR] Failed to fetch product page https://uk.representclo.com/products/initial-boxy-t-shirt-canary-yellow: 429 Client Error: Too Many Requests for url: https://uk.representclo.com/products/initial-boxy-t-shirt-canary-yellow
2026-08-24 04:45:01,497 [ERROR] Failed to fetch product page https://uk.representclo.com/products/initial-boxy-t-shirt-coffee: 429 Client Error: Too Many Requests for url: https://uk.representclo.com/products/initial-boxy-t-shirt-coffee
2026-08-24 04:45:02,093 [ERROR] Failed to fetch product page https://uk.representclo.com/products/initial-boxy-t-shirt-dune: 429 Client Error: Too Many Requests for url: https://uk.representclo.com/products/initial-boxy-t-shirt-dune
2026-08-24 04:45:02,669 [ERROR] Failed to fetch product page https://uk.representclo.com/products/initial-boxy-t-shirt-flat-white: 429 Client Error: Too Many Requests for url: https://uk.representclo.com/products/initial-boxy-t-shirt-flat-white
2026-08-24 04:45:03,262 [ERROR] Failed to fetch product page https://uk.representclo.com/products/initial-boxy-t-shirt-ice-grey-marl: 429 Client Error: Too Many Requests for url: https://uk.representclo.com/products/initial-boxy-t-shirt-ice-grey-marl
2026-08-24 04:45:03,845 [ERROR] Failed to fetch product page https://uk.representclo.com/products/initial-boxy-tank-flat-white: 429 Client Error: Too Many Requests for url: https://uk.representclo.com/products/initial-boxy-tank-flat-white
2026-08-24 04:45:04,437 [ERROR] Failed to fetch product page https://uk.representclo.com/products/initial-boxy-tank-flat-white-ss26: 429 Client Error: Too Many Requests for url: https://uk.representclo.com/products/initial-boxy-tank-flat-white-ss26
2026-08-24 04:45:05,024 [ERROR] Failed to fetch product page https://uk.representclo.com/products/initial-boxy-tank-ice-grey-marl: 429 Client Error: Too Many Requests for url: https://uk.representclo.com/products/initial-boxy-tank-ice-grey-marl
2026-08-24 04:45:05,600 [ERROR] Failed to fetch product page https://uk.representclo.com/products/initial-boxy-tank-mist: 429 Client Error: Too Many Requests for url: https://uk.representclo.com/products/initial-boxy-tank-mist
2026-08-24 04:45:06,185 [ERROR] Failed to fetch product page https://uk.representclo.com/products/initial-boxy-zip-through-hoodie-jet-black-v2: 429 Client Error: Too Many Requests for url: https://uk.representclo.com/products/initial-boxy-zip-through-hoodie-jet-black-v2
2026-08-24 04:45:06,778 [ERROR] Failed to fetch product page https://uk.representclo.com/products/initial-bucket-hat-jet-black: 429 Client Error: Too Many Requests for url: https://uk.representclo.com/products/initial-bucket-hat-jet-black
2026-08-24 04:45:07,364 [ERROR] Failed to fetch product page https://uk.representclo.com/products/initial-cap-midnight-navy: 429 Client Error: Too Many Requests for url: https://uk.representclo.com/products/initial-cap-midnight-navy
2026-08-24 04:45:07,952 [ERROR] Failed to fetch product page https://uk.representclo.com/products/initial-cap-mist: 429 Client Error: Too Many Requests for url: https://uk.representclo.com/products/initial-cap-mist
2026-08-24 04:45:08,543 [ERROR] Failed to fetch product page https://uk.representclo.com/products/initial-chain-ring-silver: 429 Client Error: Too Many Requests for url: https://uk.representclo.com/products/initial-chain-ring-silver
2026-08-24 04:45:09,119 [ERROR] Failed to fetch product page https://uk.representclo.com/products/initial-crossbody-bag-jet-black: 429 Client Error: Too Many Requests for url: https://uk.representclo.com/products/initial-crossbody-bag-jet-black
2026-08-24 04:45:09,694 [ERROR] Failed to fetch product page https://uk.representclo.com/products/initial-henley-waffle-long-sleeve-t-shirt-flat-white: 429 Client Error: Too Many Requests for url: https://uk.representclo.com/products/initial-henley-waffle-long-sleeve-t-shirt-flat-white
2026-08-24 04:45:10,279 [ERROR] Failed to fetch product page https://uk.representclo.com/products/initial-henley-waffle-long-sleeve-t-shirt-ice-grey-marl: 429 Client Error: Too Many Requests for url: https://uk.representclo.com/products/initial-henley-waffle-long-sleeve-t-shirt-ice-grey-marl
2026-08-24 04:45:10,859 [ERROR] Failed to fetch product page https://uk.representclo.com/products/initial-henley-waffle-long-sleeve-t-shirt-jet-black: 429 Client Error: Too Many Requests for url: https://uk.representclo.com/products/initial-henley-waffle-long-sleeve-t-shirt-jet-black
2026-08-24 04:45:11,448 [ERROR] Failed to fetch product page https://uk.representclo.com/products/initial-henley-waffle-long-sleeve-t-shirt-midnight-navy: 429 Client Error: Too Many Requests for url: https://uk.representclo.com/products/initial-henley-waffle-long-sleeve-t-shirt-midnight-navy
2026-08-24 04:45:12,026 [ERROR] Failed to fetch product page https://uk.representclo.com/products/initial-long-sleeve-open-cuff-t-shirt-dune: 429 Client Error: Too Many Requests for url: https://uk.representclo.com/products/initial-long-sleeve-open-cuff-t-shirt-dune
2026-08-24 04:45:12,624 [ERROR] Failed to fetch product page https://uk.representclo.com/products/initial-long-sleeve-t-shirt-black: 429 Client Error: Too Many Requests for url: https://uk.representclo.com/products/initial-long-sleeve-t-shirt-black
2026-08-24 04:45:13,233 [ERROR] Failed to fetch product page https://uk.representclo.com/products/initial-long-sleeve-t-shirt-flat-white: 429 Client Error: Too Many Requests for url: https://uk.representclo.com/products/initial-long-sleeve-t-shirt-flat-white
2026-08-24 04:45:13,821 [ERROR] Failed to fetch product page https://uk.representclo.com/products/initial-long-sleeve-t-shirt-ice-grey-marl: 429 Client Error: Too Many Requests for url: https://uk.representclo.com/products/initial-long-sleeve-t-shirt-ice-grey-marl
2026-08-24 04:45:14,399 [ERROR] Failed to fetch product page https://uk.representclo.com/products/initial-mule-black-ss24: 429 Client Error: Too Many Requests for url: https://uk.representclo.com/products/initial-mule-black-ss24
2026-08-24 04:45:14,986 [ERROR] Failed to fetch product page https://uk.representclo.com/products/initial-mule-taupe: 429 Client Error: Too Many Requests for url: https://uk.representclo.com/products/initial-mule-taupe
2026-08-24 04:45:15,580 [ERROR] Failed to fetch product page https://uk.representclo.com/products/initial-nylon-sling-bag-black: 429 Client Error: Too Many Requests for url: https://uk.representclo.com/products/initial-nylon-sling-bag-black
2026-08-24 04:45:16,169 [ERROR] Failed to fetch product page https://uk.representclo.com/products/initial-overdye-realtree-boxy-t-shirt-overdyed-black: 429 Client Error: Too Many Requests for url: https://uk.representclo.com/products/initial-overdye-realtree-boxy-t-shirt-overdyed-black
2026-08-24 04:45:16,757 [ERROR] Failed to fetch product page https://uk.representclo.com/products/initial-overdye-realtree-long-sleeve-t-shirt-overdyed-black: 429 Client Error: Too Many Requests for url: https://uk.representclo.com/products/initial-overdye-realtree-long-sleeve-t-shirt-overdyed-black
2026-08-24 04:45:17,333 [ERROR] Failed to fetch product page https://uk.representclo.com/products/initial-overdye-realtree-oversized-hoodie-overdyed-black: 429 Client Error: Too Many Requests for url: https://uk.representclo.com/products/initial-overdye-realtree-oversized-hoodie-overdyed-black
2026-08-24 04:45:17,924 [ERROR] Failed to fetch product page https://uk.representclo.com/products/initial-overdye-realtree-oversized-t-shirt-overdyed-black: 429 Client Error: Too Many Requests for url: https://uk.representclo.com/products/initial-overdye-realtree-oversized-t-shirt-overdyed-black
2026-08-24 04:45:18,501 [ERROR] Failed to fetch product page https://uk.representclo.com/products/initial-oversized-hoodie-black: 429 Client Error: Too Many Requests for url: https://uk.representclo.com/products/initial-oversized-hoodie-black
2026-08-24 04:45:19,096 [ERROR] Failed to fetch product page https://uk.representclo.com/products/initial-oversized-hoodie-midnight-navy: 429 Client Error: Too Many Requests for url: https://uk.representclo.com/products/initial-oversized-hoodie-midnight-navy
2026-08-24 04:45:19,697 [ERROR] Failed to fetch product page https://uk.representclo.com/products/initial-oversized-t-shirt-army-green: 429 Client Error: Too Many Requests for url: https://uk.representclo.com/products/initial-oversized-t-shirt-army-green
2026-08-24 04:45:20,283 [ERROR] Failed to fetch product page https://uk.representclo.com/products/initial-oversized-t-shirt-black: 429 Client Error: Too Many Requests for url: https://uk.representclo.com/products/initial-oversized-t-shirt-black
2026-08-24 04:45:20,859 [ERROR] Failed to fetch product page https://uk.representclo.com/products/initial-oversized-t-shirt-coffee: 429 Client Error: Too Many Requests for url: https://uk.representclo.com/products/initial-oversized-t-shirt-coffee
2026-08-24 04:45:21,449 [ERROR] Failed to fetch product page https://uk.representclo.com/products/initial-oversized-t-shirt-dune: 429 Client Error: Too Many Requests for url: https://uk.representclo.com/products/initial-oversized-t-shirt-dune
2026-08-24 04:45:22,050 [ERROR] Failed to fetch product page https://uk.representclo.com/products/initial-oversized-t-shirt-flat-white: 429 Client Error: Too Many Requests for url: https://uk.representclo.com/products/initial-oversized-t-shirt-flat-white
2026-08-24 04:45:22,637 [ERROR] Failed to fetch product page https://uk.representclo.com/products/initial-oversized-t-shirt-ice-grey-marl: 429 Client Error: Too Many Requests for url: https://uk.representclo.com/products/initial-oversized-t-shirt-ice-grey-marl
2026-08-24 04:45:23,214 [ERROR] Failed to fetch product page https://uk.representclo.com/products/initial-oversized-t-shirt-midnight-navy: 429 Client Error: Too Many Requests for url: https://uk.representclo.com/products/initial-oversized-t-shirt-midnight-navy
2026-08-24 04:45:23,805 [ERROR] Failed to fetch product page https://uk.representclo.com/products/initial-oversized-t-shirt-mist: 429 Client Error: Too Many Requests for url: https://uk.representclo.com/products/initial-oversized-t-shirt-mist
2026-08-24 04:45:24,401 [ERROR] Failed to fetch product page https://uk.representclo.com/products/initial-oversized-zip-hoodie-black: 429 Client Error: Too Many Requests for url: https://uk.representclo.com/products/initial-oversized-zip-hoodie-black
2026-08-24 04:45:24,975 [ERROR] Failed to fetch product page https://uk.representclo.com/products/initial-rib-vest-black: 429 Client Error: Too Many Requests for url: https://uk.representclo.com/products/initial-rib-vest-black
2026-08-24 04:45:25,599 [ERROR] Failed to fetch product page https://uk.representclo.com/products/initial-rib-vest-flat-white: 429 Client Error: Too Many Requests for url: https://uk.representclo.com/products/initial-rib-vest-flat-white
2026-08-24 04:45:26,187 [ERROR] Failed to fetch product page https://uk.representclo.com/products/initial-rib-vest-ice-grey-marl: 429 Client Error: Too Many Requests for url: https://uk.representclo.com/products/initial-rib-vest-ice-grey-marl
2026-08-24 04:45:26,767 [ERROR] Failed to fetch product page https://uk.representclo.com/products/initial-sheer-rib-long-sleeve-t-shirt-flat-white: 429 Client Error: Too Many Requests for url: https://uk.representclo.com/products/initial-sheer-rib-long-sleeve-t-shirt-flat-white
2026-08-24 04:45:27,346 [ERROR] Failed to fetch product page https://uk.representclo.com/products/initial-sheer-rib-long-sleeve-t-shirt-jet-black: 429 Client Error: Too Many Requests for url: https://uk.representclo.com/products/initial-sheer-rib-long-sleeve-t-shirt-jet-black
2026-08-24 04:45:27,933 [ERROR] Failed to fetch product page https://uk.representclo.com/products/initial-sneaker-leather-flat-white: 429 Client Error: Too Many Requests for url: https://uk.representclo.com/products/initial-sneaker-leather-flat-white
2026-08-24 04:45:28,523 [ERROR] Failed to fetch product page https://uk.representclo.com/products/initial-sneaker-suede-dark-taupe: 429 Client Error: Too Many Requests for url: https://uk.representclo.com/products/initial-sneaker-suede-dark-taupe
2026-08-24 04:45:29,108 [ERROR] Failed to fetch product page https://uk.representclo.com/products/initial-socks-black: 429 Client Error: Too Many Requests for url: https://uk.representclo.com/products/initial-socks-black
2026-08-24 04:45:29,695 [ERROR] Failed to fetch product page https://uk.representclo.com/products/initial-star-t-shirt-flat-white: 429 Client Error: Too Many Requests for url: https://uk.representclo.com/products/initial-star-t-shirt-flat-white
2026-08-24 04:45:30,272 [ERROR] Failed to fetch product page https://uk.representclo.com/products/initial-stripe-cap-antique-white: 429 Client Error: Too Many Requests for url: https://uk.representclo.com/products/initial-stripe-cap-antique-white
2026-08-24 04:45:30,868 [ERROR] Failed to fetch product page https://uk.representclo.com/products/initial-stripe-cap-jet-black: 429 Client Error: Too Many Requests for url: https://uk.representclo.com/products/initial-stripe-cap-jet-black
2026-08-24 04:45:31,449 [ERROR] Failed to fetch product page https://uk.representclo.com/products/initial-sweatpant-black: 429 Client Error: Too Many Requests for url: https://uk.representclo.com/products/initial-sweatpant-black
2026-08-24 04:45:32,046 [ERROR] Failed to fetch product page https://uk.representclo.com/products/initial-sweatpant-ice-grey-marl: 429 Client Error: Too Many Requests for url: https://uk.representclo.com/products/initial-sweatpant-ice-grey-marl
2026-08-24 04:45:32,634 [ERROR] Failed to fetch product page https://uk.representclo.com/products/initial-sweatshorts-ice-grey-marl-v2: 429 Client Error: Too Many Requests for url: https://uk.representclo.com/products/initial-sweatshorts-ice-grey-marl-v2
2026-08-24 04:45:33,215 [ERROR] Failed to fetch product page https://uk.representclo.com/products/initial-sweatshorts-jet-black-v2: 429 Client Error: Too Many Requests for url: https://uk.representclo.com/products/initial-sweatshorts-jet-black-v2
2026-08-24 04:45:33,802 [ERROR] Failed to fetch product page https://uk.representclo.com/products/initial-t-shirt-dune: 429 Client Error: Too Many Requests for url: https://uk.representclo.com/products/initial-t-shirt-dune
2026-08-24 04:45:34,387 [ERROR] Failed to fetch product page https://uk.representclo.com/products/initial-t-shirt-flat-white: 429 Client Error: Too Many Requests for url: https://uk.representclo.com/products/initial-t-shirt-flat-white
2026-08-24 04:45:34,978 [ERROR] Failed to fetch product page https://uk.representclo.com/products/initial-t-shirt-ice-grey-marl: 429 Client Error: Too Many Requests for url: https://uk.representclo.com/products/initial-t-shirt-ice-grey-marl
2026-08-24 04:45:35,552 [ERROR] Failed to fetch product page https://uk.representclo.com/products/initial-tape-pant-jet-black: 429 Client Error: Too Many Requests for url: https://uk.representclo.com/products/initial-tape-pant-jet-black
2026-08-24 04:45:36,128 [ERROR] Failed to fetch product page https://uk.representclo.com/products/initial-waffle-shorts-jet-black: 429 Client Error: Too Many Requests for url: https://uk.representclo.com/products/initial-waffle-shorts-jet-black
2026-08-24 04:45:36,706 [ERROR] Failed to fetch product page https://uk.representclo.com/products/initial-wide-leg-cuffed-sweatpant-jet-black: 429 Client Error: Too Many Requests for url: https://uk.representclo.com/products/initial-wide-leg-cuffed-sweatpant-jet-black
2026-08-24 04:45:37,321 [ERROR] Failed to fetch product page https://uk.representclo.com/products/leather-tote-bag-cowhide: 429 Client Error: Too Many Requests for url: https://uk.representclo.com/products/leather-tote-bag-cowhide
2026-08-24 04:45:37,924 [ERROR] Failed to fetch product page https://uk.representclo.com/products/leather-tote-bag-textured-black: 429 Client Error: Too Many Requests for url: https://uk.representclo.com/products/leather-tote-bag-textured-black
2026-08-24 04:45:38,512 [ERROR] Failed to fetch product page https://uk.representclo.com/products/legacy-cherubs-hoodie-jet-black: 429 Client Error: Too Many Requests for url: https://uk.representclo.com/products/legacy-cherubs-hoodie-jet-black
2026-08-24 04:45:39,093 [ERROR] Failed to fetch product page https://uk.representclo.com/products/legacy-crest-cap-antique-white: 429 Client Error: Too Many Requests for url: https://uk.representclo.com/products/legacy-crest-cap-antique-white
2026-08-24 04:45:39,668 [ERROR] Failed to fetch product page https://uk.representclo.com/products/legacy-crest-cap-black: 429 Client Error: Too Many Requests for url: https://uk.representclo.com/products/legacy-crest-cap-black
2026-08-24 04:45:40,259 [ERROR] Failed to fetch product page https://uk.representclo.com/products/legacy-crest-long-sleeve-t-shirt-stained-black: 429 Client Error: Too Many Requests for url: https://uk.representclo.com/products/legacy-crest-long-sleeve-t-shirt-stained-black
2026-08-24 04:45:40,843 [ERROR] Failed to fetch product page https://uk.representclo.com/products/legacy-crest-t-shirt-stained-black: 429 Client Error: Too Many Requests for url: https://uk.representclo.com/products/legacy-crest-t-shirt-stained-black
2026-08-24 04:45:41,421 [ERROR] Failed to fetch product page https://uk.representclo.com/products/loaded-with-love-hoodie-stained-black: 429 Client Error: Too Many Requests for url: https://uk.representclo.com/products/loaded-with-love-hoodie-stained-black
2026-08-24 04:45:42,009 [ERROR] Failed to fetch product page https://uk.representclo.com/products/loaded-with-love-t-shirt-buttercream: 429 Client Error: Too Many Requests for url: https://uk.representclo.com/products/loaded-with-love-t-shirt-buttercream
2026-08-24 04:45:42,583 [ERROR] Failed to fetch product page https://uk.representclo.com/products/loaded-with-love-t-shirt-stained-black: 429 Client Error: Too Many Requests for url: https://uk.representclo.com/products/loaded-with-love-t-shirt-stained-black
2026-08-24 04:45:43,181 [ERROR] Failed to fetch product page https://uk.representclo.com/products/london-store-hoodie-jet-black: 429 Client Error: Too Many Requests for url: https://uk.representclo.com/products/london-store-hoodie-jet-black
2026-08-24 04:45:43,774 [ERROR] Failed to fetch product page https://uk.representclo.com/products/london-store-t-shirt-flat-white: 429 Client Error: Too Many Requests for url: https://uk.representclo.com/products/london-store-t-shirt-flat-white
2026-08-24 04:45:44,361 [ERROR] Failed to fetch product page https://uk.representclo.com/products/london-store-t-shirt-jet-black: 429 Client Error: Too Many Requests for url: https://uk.representclo.com/products/london-store-t-shirt-jet-black
2026-08-24 04:45:44,952 [ERROR] Failed to fetch product page https://uk.representclo.com/products/long-sleeve-slub-knit-t-shirt-flat-white: 429 Client Error: Too Many Requests for url: https://uk.representclo.com/products/long-sleeve-slub-knit-t-shirt-flat-white
2026-08-24 04:45:45,528 [ERROR] Failed to fetch product page https://uk.representclo.com/products/los-angeles-dodgers-x-represent-47-cap-dust-blue: 429 Client Error: Too Many Requests for url: https://uk.representclo.com/products/los-angeles-dodgers-x-represent-47-cap-dust-blue
2026-08-24 04:45:46,115 [ERROR] Failed to fetch product page https://uk.representclo.com/products/los-angeles-dodgers-x-represent-sweater-sprayed-mist: 429 Client Error: Too Many Requests for url: https://uk.representclo.com/products/los-angeles-dodgers-x-represent-sweater-sprayed-mist
2026-08-24 04:45:46,702 [ERROR] Failed to fetch product page https://uk.representclo.com/products/los-angeles-dodgers-x-represent-t-shirt-stained-black: 429 Client Error: Too Many Requests for url: https://uk.representclo.com/products/los-angeles-dodgers-x-represent-t-shirt-stained-black
2026-08-24 04:45:47,283 [ERROR] Failed to fetch product page https://uk.representclo.com/products/los-angeles-rams-x-represent-hoodie-stained-black: 429 Client Error: Too Many Requests for url: https://uk.representclo.com/products/los-angeles-rams-x-represent-hoodie-stained-black
2026-08-24 04:45:47,874 [ERROR] Failed to fetch product page https://uk.representclo.com/products/los-angeles-rams-x-represent-t-shirt-stained-black: 429 Client Error: Too Many Requests for url: https://uk.representclo.com/products/los-angeles-rams-x-represent-t-shirt-stained-black
2026-08-24 04:45:48,463 [ERROR] Failed to fetch product page https://uk.representclo.com/products/los-angeles-rams-x-represent-x-47-cap-washed-aged-black: 429 Client Error: Too Many Requests for url: https://uk.representclo.com/products/los-angeles-rams-x-represent-x-47-cap-washed-aged-black
2026-08-24 04:45:49,041 [ERROR] Failed to fetch product page https://uk.representclo.com/products/los-angeles-x-represent-47-cap-vintage-green: 429 Client Error: Too Many Requests for url: https://uk.representclo.com/products/los-angeles-x-represent-47-cap-vintage-green
2026-08-24 04:45:49,616 [ERROR] Failed to fetch product page https://uk.representclo.com/products/lowercase-logo-long-sleeve-t-shirt-flat-white: 429 Client Error: Too Many Requests for url: https://uk.representclo.com/products/lowercase-logo-long-sleeve-t-shirt-flat-white
2026-08-24 04:45:50,255 [ERROR] Failed to fetch product page https://uk.representclo.com/products/lowercase-logo-t-shirt-flat-white: 429 Client Error: Too Many Requests for url: https://uk.representclo.com/products/lowercase-logo-t-shirt-flat-white
2026-08-24 04:45:50,844 [ERROR] Failed to fetch product page https://uk.representclo.com/products/manchester-store-hoodie-black: 429 Client Error: Too Many Requests for url: https://uk.representclo.com/products/manchester-store-hoodie-black
2026-08-24 04:45:51,435 [ERROR] Failed to fetch product page https://uk.representclo.com/products/manchester-store-t-shirt-black: 429 Client Error: Too Many Requests for url: https://uk.representclo.com/products/manchester-store-t-shirt-black
2026-08-24 04:45:52,014 [ERROR] Failed to fetch product page https://uk.representclo.com/products/manchester-store-t-shirt-flat-white: 429 Client Error: Too Many Requests for url: https://uk.representclo.com/products/manchester-store-t-shirt-flat-white
2026-08-24 04:45:52,600 [ERROR] Failed to fetch product page https://uk.representclo.com/products/melrose-sunglasses-silver: 429 Client Error: Too Many Requests for url: https://uk.representclo.com/products/melrose-sunglasses-silver
2026-08-24 04:45:53,184 [ERROR] Failed to fetch product page https://uk.representclo.com/products/mesh-pegasus-long-sleeve-t-shirt-flat-white: 429 Client Error: Too Many Requests for url: https://uk.representclo.com/products/mesh-pegasus-long-sleeve-t-shirt-flat-white
2026-08-24 04:45:53,775 [ERROR] Failed to fetch product page https://uk.representclo.com/products/mesh-pegasus-long-sleeve-t-shirt-jet-black: 429 Client Error: Too Many Requests for url: https://uk.representclo.com/products/mesh-pegasus-long-sleeve-t-shirt-jet-black
2026-08-24 04:45:54,362 [ERROR] Failed to fetch product page https://uk.representclo.com/products/mh-t-shirt-flat-white: 429 Client Error: Too Many Requests for url: https://uk.representclo.com/products/mh-t-shirt-flat-white
2026-08-24 04:45:54,953 [ERROR] Failed to fetch product page https://uk.representclo.com/products/mh-t-shirt-jet-black: 429 Client Error: Too Many Requests for url: https://uk.representclo.com/products/mh-t-shirt-jet-black
2026-08-24 04:45:55,527 [ERROR] Failed to fetch product page https://uk.representclo.com/products/mh-t-shirt-v2-ash-white: 429 Client Error: Too Many Requests for url: https://uk.representclo.com/products/mh-t-shirt-v2-ash-white
2026-08-24 04:45:56,103 [ERROR] Failed to fetch product page https://uk.representclo.com/products/micro-owners-club-cap-jet-black: 429 Client Error: Too Many Requests for url: https://uk.representclo.com/products/micro-owners-club-cap-jet-black
2026-08-24 04:45:56,692 [ERROR] Failed to fetch product page https://uk.representclo.com/products/micro-owners-club-card-holder-jet-black: 429 Client Error: Too Many Requests for url: https://uk.representclo.com/products/micro-owners-club-card-holder-jet-black
2026-08-24 04:45:57,294 [ERROR] Failed to fetch product page https://uk.representclo.com/products/micro-owners-club-hoodie-cream-marl-v2: 429 Client Error: Too Many Requests for url: https://uk.representclo.com/products/micro-owners-club-hoodie-cream-marl-v2
2026-08-24 04:45:57,883 [ERROR] Failed to fetch product page https://uk.representclo.com/products/micro-owners-club-hoodie-jet-black-v2: 429 Client Error: Too Many Requests for url: https://uk.representclo.com/products/micro-owners-club-hoodie-jet-black-v2
2026-08-24 04:45:58,458 [ERROR] Failed to fetch product page https://uk.representclo.com/products/micro-owners-club-nylon-cap-jet-black: 429 Client Error: Too Many Requests for url: https://uk.representclo.com/products/micro-owners-club-nylon-cap-jet-black
2026-08-24 04:45:59,072 [ERROR] Failed to fetch product page https://uk.representclo.com/products/micro-owners-club-shorts-black: 429 Client Error: Too Many Requests for url: https://uk.representclo.com/products/micro-owners-club-shorts-black
2026-08-24 04:45:59,659 [ERROR] Failed to fetch product page https://uk.representclo.com/products/micro-owners-club-sweatpant-cream-marl-v2: 429 Client Error: Too Many Requests for url: https://uk.representclo.com/products/micro-owners-club-sweatpant-cream-marl-v2
2026-08-24 04:46:00,253 [ERROR] Failed to fetch product page https://uk.representclo.com/products/micro-owners-club-sweatpant-jet-black-v2: 429 Client Error: Too Many Requests for url: https://uk.representclo.com/products/micro-owners-club-sweatpant-jet-black-v2
2026-08-24 04:46:00,838 [ERROR] Failed to fetch product page https://uk.representclo.com/products/micro-owners-club-swim-shorts-black: 429 Client Error: Too Many Requests for url: https://uk.representclo.com/products/micro-owners-club-swim-shorts-black
2026-08-24 04:46:01,427 [ERROR] Failed to fetch product page https://uk.representclo.com/products/micro-owners-club-t-shirt-cream-marl: 429 Client Error: Too Many Requests for url: https://uk.representclo.com/products/micro-owners-club-t-shirt-cream-marl
2026-08-24 04:46:02,015 [ERROR] Failed to fetch product page https://uk.representclo.com/products/micro-owners-club-t-shirt-flat-white: 429 Client Error: Too Many Requests for url: https://uk.representclo.com/products/micro-owners-club-t-shirt-flat-white
2026-08-24 04:46:02,611 [ERROR] Failed to fetch product page https://uk.representclo.com/products/micro-owners-club-t-shirt-jet-black: 429 Client Error: Too Many Requests for url: https://uk.representclo.com/products/micro-owners-club-t-shirt-jet-black
2026-08-24 04:46:03,185 [ERROR] Failed to fetch product page https://uk.representclo.com/products/micro-owners-club-t-shirt-pink: 429 Client Error: Too Many Requests for url: https://uk.representclo.com/products/micro-owners-club-t-shirt-pink
2026-08-24 04:46:03,756 [ERROR] Failed to fetch product page https://uk.representclo.com/products/new-york-yankees-x-represent-47-cap-graphite: 429 Client Error: Too Many Requests for url: https://uk.representclo.com/products/new-york-yankees-x-represent-47-cap-graphite
2026-08-24 04:46:04,376 [ERROR] Failed to fetch product page https://uk.representclo.com/products/new-york-yankees-x-represent-47-cap-midnight-navy: 429 Client Error: Too Many Requests for url: https://uk.representclo.com/products/new-york-yankees-x-represent-47-cap-midnight-navy
2026-08-24 04:46:04,967 [ERROR] Failed to fetch product page https://uk.representclo.com/products/new-york-yankees-x-represent-nylon-pullover-faded-black: 429 Client Error: Too Many Requests for url: https://uk.representclo.com/products/new-york-yankees-x-represent-nylon-pullover-faded-black
2026-08-24 04:46:05,549 [ERROR] Failed to fetch product page https://uk.representclo.com/products/new-york-yankees-x-represent-t-shirt-flat-white: 429 Client Error: Too Many Requests for url: https://uk.representclo.com/products/new-york-yankees-x-represent-t-shirt-flat-white
2026-08-24 04:46:06,127 [ERROR] Failed to fetch product page https://uk.representclo.com/products/nfl-shield-x-represent-hoodie-stained-black: 429 Client Error: Too Many Requests for url: https://uk.representclo.com/products/nfl-shield-x-represent-hoodie-stained-black
2026-08-24 04:46:06,712 [ERROR] Failed to fetch product page https://uk.representclo.com/products/nfl-shield-x-represent-x-47-cap-jet-black: 429 Client Error: Too Many Requests for url: https://uk.representclo.com/products/nfl-shield-x-represent-x-47-cap-jet-black
2026-08-24 04:46:07,307 [ERROR] Failed to fetch product page https://uk.representclo.com/products/nothing-faster-applique-patch-x-47-cap-jet-black: 429 Client Error: Too Many Requests for url: https://uk.representclo.com/products/nothing-faster-applique-patch-x-47-cap-jet-black
2026-08-24 04:46:07,901 [ERROR] Failed to fetch product page https://uk.representclo.com/products/nothing-faster-swim-short-jet-black: 429 Client Error: Too Many Requests for url: https://uk.representclo.com/products/nothing-faster-swim-short-jet-black
2026-08-24 04:46:08,485 [ERROR] Failed to fetch product page https://uk.representclo.com/products/nothing-faster-t-shirt-flat-white: 429 Client Error: Too Many Requests for url: https://uk.representclo.com/products/nothing-faster-t-shirt-flat-white
2026-08-24 04:46:09,073 [ERROR] Failed to fetch product page https://uk.representclo.com/products/nothing-faster-t-shirt-indigo: 429 Client Error: Too Many Requests for url: https://uk.representclo.com/products/nothing-faster-t-shirt-indigo
2026-08-24 04:46:09,665 [ERROR] Failed to fetch product page https://uk.representclo.com/products/nothing-faster-t-shirt-stained-black: 429 Client Error: Too Many Requests for url: https://uk.representclo.com/products/nothing-faster-t-shirt-stained-black
2026-08-24 04:46:10,252 [ERROR] Failed to fetch product page https://uk.representclo.com/products/nylon-backpack-black: 429 Client Error: Too Many Requests for url: https://uk.representclo.com/products/nylon-backpack-black
2026-08-24 04:46:10,844 [ERROR] Failed to fetch product page https://uk.representclo.com/products/ombre-knit-scarf-light-grey: 429 Client Error: Too Many Requests for url: https://uk.representclo.com/products/ombre-knit-scarf-light-grey
2026-08-24 04:46:11,419 [ERROR] Failed to fetch product page https://uk.representclo.com/products/oversized-nylon-carry-bag-black: 429 Client Error: Too Many Requests for url: https://uk.representclo.com/products/oversized-nylon-carry-bag-black
2026-08-24 04:46:11,996 [ERROR] Failed to fetch product page https://uk.representclo.com/products/owners-club-cafe-hat-antique-white: 429 Client Error: Too Many Requests for url: https://uk.representclo.com/products/owners-club-cafe-hat-antique-white
2026-08-24 04:46:12,590 [ERROR] Failed to fetch product page https://uk.representclo.com/products/owners-club-cafe-hat-black-coffee: 429 Client Error: Too Many Requests for url: https://uk.representclo.com/products/owners-club-cafe-hat-black-coffee
2026-08-24 04:46:13,188 [ERROR] Failed to fetch product page https://uk.representclo.com/products/owners-club-cafe-hoodie-black-coffee: 429 Client Error: Too Many Requests for url: https://uk.representclo.com/products/owners-club-cafe-hoodie-black-coffee
2026-08-24 04:46:13,762 [ERROR] Failed to fetch product page https://uk.representclo.com/products/owners-club-cafe-t-shirt-antique-white: 429 Client Error: Too Many Requests for url: https://uk.representclo.com/products/owners-club-cafe-t-shirt-antique-white
2026-08-24 04:46:14,354 [ERROR] Failed to fetch product page https://uk.representclo.com/products/owners-club-cafe-t-shirt-black-coffee: 429 Client Error: Too Many Requests for url: https://uk.representclo.com/products/owners-club-cafe-t-shirt-black-coffee
2026-08-24 04:46:14,943 [ERROR] Failed to fetch product page https://uk.representclo.com/products/padded-sling-bag-black: 429 Client Error: Too Many Requests for url: https://uk.representclo.com/products/padded-sling-bag-black
2026-08-24 04:46:15,538 [ERROR] Failed to fetch product page https://uk.representclo.com/products/philadelphia-eagles-x-represent-t-shirt-vintage-grey: 429 Client Error: Too Many Requests for url: https://uk.representclo.com/products/philadelphia-eagles-x-represent-t-shirt-vintage-grey
2026-08-24 04:46:16,120 [ERROR] Failed to fetch product page https://uk.representclo.com/products/philadelphia-eagles-x-represent-x-47-cap-antique-grey: 429 Client Error: Too Many Requests for url: https://uk.representclo.com/products/philadelphia-eagles-x-represent-x-47-cap-antique-grey
2026-08-24 04:46:16,746 [ERROR] Failed to fetch product page https://uk.representclo.com/products/pin-badges-multi: 429 Client Error: Too Many Requests for url: https://uk.representclo.com/products/pin-badges-multi
2026-08-24 04:46:17,321 [ERROR] Failed to fetch product page https://uk.representclo.com/products/piped-track-short-jet-black: 429 Client Error: Too Many Requests for url: https://uk.representclo.com/products/piped-track-short-jet-black
2026-08-24 04:46:17,910 [ERROR] Failed to fetch product page https://uk.representclo.com/products/printed-bandana-flat-white: 429 Client Error: Too Many Requests for url: https://uk.representclo.com/products/printed-bandana-flat-white
2026-08-24 04:46:18,496 [ERROR] Failed to fetch product page https://uk.representclo.com/products/printed-long-sleeve-t-shirt-flat-white: 429 Client Error: Too Many Requests for url: https://uk.representclo.com/products/printed-long-sleeve-t-shirt-flat-white
2026-08-24 04:46:19,081 [ERROR] Failed to fetch product page https://uk.representclo.com/products/private-members-key-fob-silver: 429 Client Error: Too Many Requests for url: https://uk.representclo.com/products/private-members-key-fob-silver
2026-08-24 04:46:19,656 [ERROR] Failed to fetch product page https://uk.representclo.com/products/private-members-t-shirt-flat-white: 429 Client Error: Too Many Requests for url: https://uk.representclo.com/products/private-members-t-shirt-flat-white
2026-08-24 04:46:20,244 [ERROR] Failed to fetch product page https://uk.representclo.com/products/private-members-t-shirt-stained-black: 429 Client Error: Too Many Requests for url: https://uk.representclo.com/products/private-members-t-shirt-stained-black
2026-08-24 04:46:20,831 [ERROR] Failed to fetch product page https://uk.representclo.com/products/private-members-x-47-cap-washed-navy: 429 Client Error: Too Many Requests for url: https://uk.representclo.com/products/private-members-x-47-cap-washed-navy
2026-08-24 04:46:21,419 [ERROR] Failed to fetch product page https://uk.representclo.com/products/pure-breed-t-shirt-vintage-black: 429 Client Error: Too Many Requests for url: https://uk.representclo.com/products/pure-breed-t-shirt-vintage-black
2026-08-24 04:46:22,005 [ERROR] Failed to fetch product page https://uk.representclo.com/products/r-pendant-necklace-silver: 429 Client Error: Too Many Requests for url: https://uk.representclo.com/products/r-pendant-necklace-silver
2026-08-24 04:46:22,594 [ERROR] Failed to fetch product page https://uk.representclo.com/products/raceway-cap-antique-white-barley: 429 Client Error: Too Many Requests for url: https://uk.representclo.com/products/raceway-cap-antique-white-barley
2026-08-24 04:46:23,218 [ERROR] Failed to fetch product page https://uk.representclo.com/products/raffia-tote-bag-jet-black: 429 Client Error: Too Many Requests for url: https://uk.representclo.com/products/raffia-tote-bag-jet-black
2026-08-24 04:46:23,799 [ERROR] Failed to fetch product page https://uk.representclo.com/products/rep-applique-hoodie-off-black: 429 Client Error: Too Many Requests for url: https://uk.representclo.com/products/rep-applique-hoodie-off-black
2026-08-24 04:46:24,378 [ERROR] Failed to fetch product page https://uk.representclo.com/products/rep-applique-t-shirt-flat-white: 429 Client Error: Too Many Requests for url: https://uk.representclo.com/products/rep-applique-t-shirt-flat-white
2026-08-24 04:46:24,988 [ERROR] Failed to fetch product page https://uk.representclo.com/products/rep-applique-t-shirt-vintage-black: 429 Client Error: Too Many Requests for url: https://uk.representclo.com/products/rep-applique-t-shirt-vintage-black
2026-08-24 04:46:25,562 [ERROR] Failed to fetch product page https://uk.representclo.com/products/rep-cap-jet-black: 429 Client Error: Too Many Requests for url: https://uk.representclo.com/products/rep-cap-jet-black
2026-08-24 04:46:26,152 [ERROR] Failed to fetch product page https://uk.representclo.com/products/rep-cap-vintage-white: 429 Client Error: Too Many Requests for url: https://uk.representclo.com/products/rep-cap-vintage-white
2026-08-24 04:46:26,840 [ERROR] Failed to fetch product page https://uk.representclo.com/products/represent-cap-washed-taupe: 429 Client Error: Too Many Requests for url: https://uk.representclo.com/products/represent-cap-washed-taupe
2026-08-24 04:46:27,428 [ERROR] Failed to fetch product page https://uk.representclo.com/products/represent-crest-cap-jet-black: 429 Client Error: Too Many Requests for url: https://uk.representclo.com/products/represent-crest-cap-jet-black
2026-08-24 04:46:28,019 [ERROR] Failed to fetch product page https://uk.representclo.com/products/represent-embellished-hoodie-stained-black: 429 Client Error: Too Many Requests for url: https://uk.representclo.com/products/represent-embellished-hoodie-stained-black
2026-08-24 04:46:28,596 [ERROR] Failed to fetch product page https://uk.representclo.com/products/represent-england-bag-washed-black: 429 Client Error: Too Many Requests for url: https://uk.representclo.com/products/represent-england-bag-washed-black
2026-08-24 04:46:29,224 [ERROR] Failed to fetch product page https://uk.representclo.com/products/represent-england-football-flat-white: 429 Client Error: Too Many Requests for url: https://uk.representclo.com/products/represent-england-football-flat-white
2026-08-24 04:46:29,809 [ERROR] Failed to fetch product page https://uk.representclo.com/products/represent-england-stickers-multi: 429 Client Error: Too Many Requests for url: https://uk.representclo.com/products/represent-england-stickers-multi
2026-08-24 04:46:30,400 [ERROR] Failed to fetch product page https://uk.representclo.com/products/represent-legacy-cap-dark-brown: 429 Client Error: Too Many Requests for url: https://uk.representclo.com/products/represent-legacy-cap-dark-brown
2026-08-24 04:46:30,973 [ERROR] Failed to fetch product page https://uk.representclo.com/products/represent-logo-socks-antique-white: 429 Client Error: Too Many Requests for url: https://uk.representclo.com/products/represent-logo-socks-antique-white
2026-08-24 04:46:31,562 [ERROR] Failed to fetch product page https://uk.representclo.com/products/represent-logo-socks-jet-black: 429 Client Error: Too Many Requests for url: https://uk.representclo.com/products/represent-logo-socks-jet-black
2026-08-24 04:46:32,147 [ERROR] Failed to fetch product page https://uk.representclo.com/products/represent-long-board-smoked-teal: 429 Client Error: Too Many Requests for url: https://uk.representclo.com/products/represent-long-board-smoked-teal
2026-08-24 04:46:32,726 [ERROR] Failed to fetch product page https://uk.representclo.com/products/represent-owners-club-cap-black: 429 Client Error: Too Many Requests for url: https://uk.representclo.com/products/represent-owners-club-cap-black
2026-08-24 04:46:33,302 [ERROR] Failed to fetch product page https://uk.representclo.com/products/represent-owners-club-cap-cobalt: 429 Client Error: Too Many Requests for url: https://uk.representclo.com/products/represent-owners-club-cap-cobalt
2026-08-24 04:46:33,874 [ERROR] Failed to fetch product page https://uk.representclo.com/products/represent-owners-club-flocked-hoodie-black: 429 Client Error: Too Many Requests for url: https://uk.representclo.com/products/represent-owners-club-flocked-hoodie-black
2026-08-24 04:46:34,464 [ERROR] Failed to fetch product page https://uk.representclo.com/products/represent-owners-club-flocked-t-shirt-black: 429 Client Error: Too Many Requests for url: https://uk.representclo.com/products/represent-owners-club-flocked-t-shirt-black
2026-08-24 04:46:35,051 [ERROR] Failed to fetch product page https://uk.representclo.com/products/represent-owners-club-flocking-cap-black: 429 Client Error: Too Many Requests for url: https://uk.representclo.com/products/represent-owners-club-flocking-cap-black
2026-08-24 04:46:35,637 [ERROR] Failed to fetch product page https://uk.representclo.com/products/represent-owners-club-hoodie-ash-grey: 429 Client Error: Too Many Requests for url: https://uk.representclo.com/products/represent-owners-club-hoodie-ash-grey
2026-08-24 04:46:36,230 [ERROR] Failed to fetch product page https://uk.representclo.com/products/represent-owners-club-hoodie-black: 429 Client Error: Too Many Requests for url: https://uk.representclo.com/products/represent-owners-club-hoodie-black
2026-08-24 04:46:36,824 [ERROR] Failed to fetch product page https://uk.representclo.com/products/represent-owners-club-hoodie-black-matte: 429 Client Error: Too Many Requests for url: https://uk.representclo.com/products/represent-owners-club-hoodie-black-matte
2026-08-24 04:46:37,402 [ERROR] Failed to fetch product page https://uk.representclo.com/products/represent-owners-club-hoodie-bubblegum-pink: 429 Client Error: Too Many Requests for url: https://uk.representclo.com/products/represent-owners-club-hoodie-bubblegum-pink
2026-08-24 04:46:37,984 [ERROR] Failed to fetch product page https://uk.representclo.com/products/represent-owners-club-hoodie-buttercream: 429 Client Error: Too Many Requests for url: https://uk.representclo.com/products/represent-owners-club-hoodie-buttercream
2026-08-24 04:46:38,568 [ERROR] Failed to fetch product page https://uk.representclo.com/products/represent-owners-club-hoodie-cobalt: 429 Client Error: Too Many Requests for url: https://uk.representclo.com/products/represent-owners-club-hoodie-cobalt
2026-08-24 04:46:39,164 [ERROR] Failed to fetch product page https://uk.representclo.com/products/represent-owners-club-hoodie-flat-white: 429 Client Error: Too Many Requests for url: https://uk.representclo.com/products/represent-owners-club-hoodie-flat-white
2026-08-24 04:46:39,740 [ERROR] Failed to fetch product page https://uk.representclo.com/products/represent-owners-club-hoodie-jet-black: 429 Client Error: Too Many Requests for url: https://uk.representclo.com/products/represent-owners-club-hoodie-jet-black
2026-08-24 04:46:40,327 [ERROR] Failed to fetch product page https://uk.representclo.com/products/represent-owners-club-hoodie-mushroom: 429 Client Error: Too Many Requests for url: https://uk.representclo.com/products/represent-owners-club-hoodie-mushroom
2026-08-24 04:46:40,902 [ERROR] Failed to fetch product page https://uk.representclo.com/products/represent-owners-club-hoodie-olive-bf: 429 Client Error: Too Many Requests for url: https://uk.representclo.com/products/represent-owners-club-hoodie-olive-bf
2026-08-24 04:46:41,490 [ERROR] Failed to fetch product page https://uk.representclo.com/products/represent-owners-club-hoodie-pastel-lilac-bf: 429 Client Error: Too Many Requests for url: https://uk.representclo.com/products/represent-owners-club-hoodie-pastel-lilac-bf
2026-08-24 04:46:42,083 [ERROR] Failed to fetch product page https://uk.representclo.com/products/represent-owners-club-hoodie-powder-blue: 429 Client Error: Too Many Requests for url: https://uk.representclo.com/products/represent-owners-club-hoodie-powder-blue
2026-08-24 04:46:42,673 [ERROR] Failed to fetch product page https://uk.representclo.com/products/represent-owners-club-hoodie-racing-green: 429 Client Error: Too Many Requests for url: https://uk.representclo.com/products/represent-owners-club-hoodie-racing-green
2026-08-24 04:46:43,262 [ERROR] Failed to fetch product page https://uk.representclo.com/products/represent-owners-club-hoodie-sky-blue: 429 Client Error: Too Many Requests for url: https://uk.representclo.com/products/represent-owners-club-hoodie-sky-blue
2026-08-24 04:46:43,838 [ERROR] Failed to fetch product page https://uk.representclo.com/products/represent-owners-club-hoodie-storm: 429 Client Error: Too Many Requests for url: https://uk.representclo.com/products/represent-owners-club-hoodie-storm
2026-08-24 04:46:44,432 [ERROR] Failed to fetch product page https://uk.representclo.com/products/represent-owners-club-hoodie-vista-blue: 429 Client Error: Too Many Requests for url: https://uk.representclo.com/products/represent-owners-club-hoodie-vista-blue
2026-08-24 04:46:45,017 [ERROR] Failed to fetch product page https://uk.representclo.com/products/represent-owners-club-long-sleeve-t-shirt-chalk: 429 Client Error: Too Many Requests for url: https://uk.representclo.com/products/represent-owners-club-long-sleeve-t-shirt-chalk
2026-08-24 04:46:45,598 [ERROR] Failed to fetch product page https://uk.representclo.com/products/represent-owners-club-mesh-short-jet-black: 429 Client Error: Too Many Requests for url: https://uk.representclo.com/products/represent-owners-club-mesh-short-jet-black
2026-08-24 04:46:46,190 [ERROR] Failed to fetch product page https://uk.representclo.com/products/represent-owners-club-mesh-shorts-black: 429 Client Error: Too Many Requests for url: https://uk.representclo.com/products/represent-owners-club-mesh-shorts-black
2026-08-24 04:46:46,766 [ERROR] Failed to fetch product page https://uk.representclo.com/products/represent-owners-club-mesh-shorts-cobalt: 429 Client Error: Too Many Requests for url: https://uk.representclo.com/products/represent-owners-club-mesh-shorts-cobalt
2026-08-24 04:46:47,355 [ERROR] Failed to fetch product page https://uk.representclo.com/products/represent-owners-club-mesh-shorts-flat-white: 429 Client Error: Too Many Requests for url: https://uk.representclo.com/products/represent-owners-club-mesh-shorts-flat-white
2026-08-24 04:46:47,944 [ERROR] Failed to fetch product page https://uk.representclo.com/products/represent-owners-club-mesh-shorts-racing-green: 429 Client Error: Too Many Requests for url: https://uk.representclo.com/products/represent-owners-club-mesh-shorts-racing-green
2026-08-24 04:46:48,535 [ERROR] Failed to fetch product page https://uk.representclo.com/products/represent-owners-club-script-cap-black: 429 Client Error: Too Many Requests for url: https://uk.representclo.com/products/represent-owners-club-script-cap-black
2026-08-24 04:46:49,129 [ERROR] Failed to fetch product page https://uk.representclo.com/products/represent-owners-club-shorts-ash-grey: 429 Client Error: Too Many Requests for url: https://uk.representclo.com/products/represent-owners-club-shorts-ash-grey
2026-08-24 04:46:49,710 [ERROR] Failed to fetch product page https://uk.representclo.com/products/represent-owners-club-shorts-black: 429 Client Error: Too Many Requests for url: https://uk.representclo.com/products/represent-owners-club-shorts-black
2026-08-24 04:46:50,286 [ERROR] Failed to fetch product page https://uk.representclo.com/products/represent-owners-club-socks-flat-white-black-bf: 429 Client Error: Too Many Requests for url: https://uk.representclo.com/products/represent-owners-club-socks-flat-white-black-bf
2026-08-24 04:46:50,861 [ERROR] Failed to fetch product page https://uk.representclo.com/products/represent-owners-club-socks-flat-white-cobalt: 429 Client Error: Too Many Requests for url: https://uk.representclo.com/products/represent-owners-club-socks-flat-white-cobalt
2026-08-24 04:46:51,453 [ERROR] Failed to fetch product page https://uk.representclo.com/products/represent-owners-club-stamp-sweater-ash-grey: 429 Client Error: Too Many Requests for url: https://uk.representclo.com/products/represent-owners-club-stamp-sweater-ash-grey
2026-08-24 04:46:52,043 [ERROR] Failed to fetch product page https://uk.representclo.com/products/represent-owners-club-sweatpant-ash-grey: 429 Client Error: Too Many Requests for url: https://uk.representclo.com/products/represent-owners-club-sweatpant-ash-grey
2026-08-24 04:46:52,623 [ERROR] Failed to fetch product page https://uk.representclo.com/products/represent-owners-club-sweatpant-black: 429 Client Error: Too Many Requests for url: https://uk.representclo.com/products/represent-owners-club-sweatpant-black
2026-08-24 04:46:53,209 [ERROR] Failed to fetch product page https://uk.representclo.com/products/represent-owners-club-t-shirt-aged-black: 429 Client Error: Too Many Requests for url: https://uk.representclo.com/products/represent-owners-club-t-shirt-aged-black
2026-08-24 04:46:53,782 [ERROR] Failed to fetch product page https://uk.representclo.com/products/represent-owners-club-t-shirt-ash-grey: 429 Client Error: Too Many Requests for url: https://uk.representclo.com/products/represent-owners-club-t-shirt-ash-grey
2026-08-24 04:46:54,377 [ERROR] Failed to fetch product page https://uk.representclo.com/products/represent-owners-club-t-shirt-black: 429 Client Error: Too Many Requests for url: https://uk.representclo.com/products/represent-owners-club-t-shirt-black
2026-08-24 04:46:54,967 [ERROR] Failed to fetch product page https://uk.representclo.com/products/represent-owners-club-t-shirt-black-matte: 429 Client Error: Too Many Requests for url: https://uk.representclo.com/products/represent-owners-club-t-shirt-black-matte
2026-08-24 04:46:55,551 [ERROR] Failed to fetch product page https://uk.representclo.com/products/represent-owners-club-t-shirt-brown-bf: 429 Client Error: Too Many Requests for url: https://uk.representclo.com/products/represent-owners-club-t-shirt-brown-bf
2026-08-24 04:46:56,141 [ERROR] Failed to fetch product page https://uk.representclo.com/products/represent-owners-club-t-shirt-bubblegum-pink-bf: 429 Client Error: Too Many Requests for url: https://uk.representclo.com/products/represent-owners-club-t-shirt-bubblegum-pink-bf
2026-08-24 04:46:56,729 [ERROR] Failed to fetch product page https://uk.representclo.com/products/represent-owners-club-t-shirt-buttercream: 429 Client Error: Too Many Requests for url: https://uk.representclo.com/products/represent-owners-club-t-shirt-buttercream
2026-08-24 04:46:57,304 [ERROR] Failed to fetch product page https://uk.representclo.com/products/represent-owners-club-t-shirt-chalk: 429 Client Error: Too Many Requests for url: https://uk.representclo.com/products/represent-owners-club-t-shirt-chalk
2026-08-24 04:46:57,879 [ERROR] Failed to fetch product page https://uk.representclo.com/products/represent-owners-club-t-shirt-cobalt: 429 Client Error: Too Many Requests for url: https://uk.representclo.com/products/represent-owners-club-t-shirt-cobalt
2026-08-24 04:46:58,470 [ERROR] Failed to fetch product page https://uk.representclo.com/products/represent-owners-club-t-shirt-flat-white: 429 Client Error: Too Many Requests for url: https://uk.representclo.com/products/represent-owners-club-t-shirt-flat-white
2026-08-24 04:46:59,077 [ERROR] Failed to fetch product page https://uk.representclo.com/products/represent-owners-club-t-shirt-jet-black: 429 Client Error: Too Many Requests for url: https://uk.representclo.com/products/represent-owners-club-t-shirt-jet-black
2026-08-24 04:46:59,662 [ERROR] Failed to fetch product page https://uk.representclo.com/products/represent-owners-club-t-shirt-mushroom: 429 Client Error: Too Many Requests for url: https://uk.representclo.com/products/represent-owners-club-t-shirt-mushroom
2026-08-24 04:47:00,234 [ERROR] Failed to fetch product page https://uk.representclo.com/products/represent-owners-club-t-shirt-pastel-lilac-bf: 429 Client Error: Too Many Requests for url: https://uk.representclo.com/products/represent-owners-club-t-shirt-pastel-lilac-bf
2026-08-24 04:47:00,821 [ERROR] Failed to fetch product page https://uk.representclo.com/products/represent-owners-club-t-shirt-racing-green: 429 Client Error: Too Many Requests for url: https://uk.representclo.com/products/represent-owners-club-t-shirt-racing-green
2026-08-24 04:47:01,416 [ERROR] Failed to fetch product page https://uk.representclo.com/products/represent-owners-club-t-shirt-sienna: 429 Client Error: Too Many Requests for url: https://uk.representclo.com/products/represent-owners-club-t-shirt-sienna
2026-08-24 04:47:02,003 [ERROR] Failed to fetch product page https://uk.representclo.com/products/represent-owners-club-t-shirt-sky-blue: 429 Client Error: Too Many Requests for url: https://uk.representclo.com/products/represent-owners-club-t-shirt-sky-blue
2026-08-24 04:47:02,597 [ERROR] Failed to fetch product page https://uk.representclo.com/products/represent-owners-club-t-shirt-storm: 429 Client Error: Too Many Requests for url: https://uk.representclo.com/products/represent-owners-club-t-shirt-storm
2026-08-24 04:47:03,190 [ERROR] Failed to fetch product page https://uk.representclo.com/products/represent-owners-club-tank-chalk: 429 Client Error: Too Many Requests for url: https://uk.representclo.com/products/represent-owners-club-tank-chalk
2026-08-24 04:47:03,764 [ERROR] Failed to fetch product page https://uk.representclo.com/products/represent-owners-club-tote-bag-sienna: 429 Client Error: Too Many Requests for url: https://uk.representclo.com/products/represent-owners-club-tote-bag-sienna
2026-08-24 04:47:04,344 [ERROR] Failed to fetch product page https://uk.representclo.com/products/represent-owners-club-washed-cap-sienna: 429 Client Error: Too Many Requests for url: https://uk.representclo.com/products/represent-owners-club-washed-cap-sienna
2026-08-24 04:47:04,923 [ERROR] Failed to fetch product page https://uk.representclo.com/products/represent-owners-club-washed-cap-sky-blue: 429 Client Error: Too Many Requests for url: https://uk.representclo.com/products/represent-owners-club-washed-cap-sky-blue
2026-08-24 04:47:05,512 [ERROR] Failed to fetch product page https://uk.representclo.com/products/represent-owners-club-zip-hoodie-black: 429 Client Error: Too Many Requests for url: https://uk.representclo.com/products/represent-owners-club-zip-hoodie-black
2026-08-24 04:47:06,099 [ERROR] Failed to fetch product page https://uk.representclo.com/products/represent-ringer-t-shirt-stained-black: 429 Client Error: Too Many Requests for url: https://uk.representclo.com/products/represent-ringer-t-shirt-stained-black
2026-08-24 04:47:06,674 [ERROR] Failed to fetch product page https://uk.representclo.com/products/represent-showcasing-cap-black: 429 Client Error: Too Many Requests for url: https://uk.representclo.com/products/represent-showcasing-cap-black
2026-08-24 04:47:07,262 [ERROR] Failed to fetch product page https://uk.representclo.com/products/represent-showcasing-hoodie-stained-black: 429 Client Error: Too Many Requests for url: https://uk.representclo.com/products/represent-showcasing-hoodie-stained-black
2026-08-24 04:47:07,850 [ERROR] Failed to fetch product page https://uk.representclo.com/products/represent-slim-aviator-gold-black: 429 Client Error: Too Many Requests for url: https://uk.representclo.com/products/represent-slim-aviator-gold-black
2026-08-24 04:47:08,436 [ERROR] Failed to fetch product page https://uk.representclo.com/products/represent-swim-short-earth: 429 Client Error: Too Many Requests for url: https://uk.representclo.com/products/represent-swim-short-earth
2026-08-24 04:47:09,022 [ERROR] Failed to fetch product page https://uk.representclo.com/products/represent-swim-short-jet-black: 429 Client Error: Too Many Requests for url: https://uk.representclo.com/products/represent-swim-short-jet-black
2026-08-24 04:47:09,613 [ERROR] Failed to fetch product page https://uk.representclo.com/products/represent-x-47-england-cap-aged-black: 429 Client Error: Too Many Requests for url: https://uk.representclo.com/products/represent-x-47-england-cap-aged-black
2026-08-24 04:47:10,190 [ERROR] Failed to fetch product page https://uk.representclo.com/products/represent-x-47-england-cap-dark-brown: 429 Client Error: Too Many Requests for url: https://uk.representclo.com/products/represent-x-47-england-cap-dark-brown
2026-08-24 04:47:10,765 [ERROR] Failed to fetch product page https://uk.representclo.com/products/represent-x-47-england-old-english-cap-aged-black: 429 Client Error: Too Many Requests for url: https://uk.representclo.com/products/represent-x-47-england-old-english-cap-aged-black
2026-08-24 04:47:11,352 [ERROR] Failed to fetch product page https://uk.representclo.com/products/represent-x-47-england-old-english-cap-jet-black: 429 Client Error: Too Many Requests for url: https://uk.representclo.com/products/represent-x-47-england-old-english-cap-jet-black
2026-08-24 04:47:11,937 [ERROR] Failed to fetch product page https://uk.representclo.com/products/represent-x-47-england-old-english-cap-washed-navy: 429 Client Error: Too Many Requests for url: https://uk.representclo.com/products/represent-x-47-england-old-english-cap-washed-navy
2026-08-24 04:47:12,522 [ERROR] Failed to fetch product page https://uk.representclo.com/products/represent-x-47-initial-cap-jet-black: 429 Client Error: Too Many Requests for url: https://uk.representclo.com/products/represent-x-47-initial-cap-jet-black
2026-08-24 04:47:13,108 [ERROR] Failed to fetch product page https://uk.representclo.com/products/represent-x-47-mlb-brooklyn-cap-washed-red: 429 Client Error: Too Many Requests for url: https://uk.representclo.com/products/represent-x-47-mlb-brooklyn-cap-washed-red
2026-08-24 04:47:13,687 [ERROR] Failed to fetch product page https://uk.representclo.com/products/represent-x-47-mlb-la-cap-vintage-blue: 429 Client Error: Too Many Requests for url: https://uk.representclo.com/products/represent-x-47-mlb-la-cap-vintage-blue
2026-08-24 04:47:14,279 [ERROR] Failed to fetch product page https://uk.representclo.com/products/represent-x-47-mlb-mini-la-cap-vintage-blue: 429 Client Error: Too Many Requests for url: https://uk.representclo.com/products/represent-x-47-mlb-mini-la-cap-vintage-blue
2026-08-24 04:47:14,878 [ERROR] Failed to fetch product page https://uk.representclo.com/products/represent-x-47-mlb-mini-ny-cap-washed-navy: 429 Client Error: Too Many Requests for url: https://uk.representclo.com/products/represent-x-47-mlb-mini-ny-cap-washed-navy
2026-08-24 04:47:15,464 [ERROR] Failed to fetch product page https://uk.representclo.com/products/represent-x-47-mlb-mini-ny-plain-cap-washed-black: 429 Client Error: Too Many Requests for url: https://uk.representclo.com/products/represent-x-47-mlb-mini-ny-plain-cap-washed-black
2026-08-24 04:47:16,052 [ERROR] Failed to fetch product page https://uk.representclo.com/products/represent-x-47-mlb-ny-cap-washed-black: 429 Client Error: Too Many Requests for url: https://uk.representclo.com/products/represent-x-47-mlb-ny-cap-washed-black
2026-08-24 04:47:16,663 [ERROR] Failed to fetch product page https://uk.representclo.com/products/represent-x-47-mlb-ny-cap-washed-brown: 429 Client Error: Too Many Requests for url: https://uk.representclo.com/products/represent-x-47-mlb-ny-cap-washed-brown
2026-08-24 04:47:17,239 [ERROR] Failed to fetch product page https://uk.representclo.com/products/represent-x-47-nothing-tougher-cap-navy: 429 Client Error: Too Many Requests for url: https://uk.representclo.com/products/represent-x-47-nothing-tougher-cap-navy
2026-08-24 04:47:17,835 [ERROR] Failed to fetch product page https://uk.representclo.com/products/represent-x-47-owners-club-cap-buttercream: 429 Client Error: Too Many Requests for url: https://uk.representclo.com/products/represent-x-47-owners-club-cap-buttercream
2026-08-24 04:47:18,408 [ERROR] Failed to fetch product page https://uk.representclo.com/products/represent-x-47-owners-club-cap-faded-black: 429 Client Error: Too Many Requests for url: https://uk.representclo.com/products/represent-x-47-owners-club-cap-faded-black
2026-08-24 04:47:18,996 [ERROR] Failed to fetch product page https://uk.representclo.com/products/represent-x-beach-boys-americas-band-t-shirt-flat-white: 429 Client Error: Too Many Requests for url: https://uk.representclo.com/products/represent-x-beach-boys-americas-band-t-shirt-flat-white
2026-08-24 04:47:19,581 [ERROR] Failed to fetch product page https://uk.representclo.com/products/represent-x-beach-boys-endless-summer-t-shirt-stained-black: 429 Client Error: Too Many Requests for url: https://uk.representclo.com/products/represent-x-beach-boys-endless-summer-t-shirt-stained-black
2026-08-24 04:47:20,170 [ERROR] Failed to fetch product page https://uk.representclo.com/products/represent-x-beach-boys-endless-summer-x-47-cap-washed-black: 429 Client Error: Too Many Requests for url: https://uk.representclo.com/products/represent-x-beach-boys-endless-summer-x-47-cap-washed-black
2026-08-24 04:47:20,744 [ERROR] Failed to fetch product page https://uk.representclo.com/products/represent-x-beach-boys-pet-sounds-t-shirt-flat-white: 429 Client Error: Too Many Requests for url: https://uk.representclo.com/products/represent-x-beach-boys-pet-sounds-t-shirt-flat-white
2026-08-24 04:47:21,323 [ERROR] Failed to fetch product page https://uk.representclo.com/products/represent-x-beach-boys-pet-sounds-t-shirt-sunfade-grey: 429 Client Error: Too Many Requests for url: https://uk.representclo.com/products/represent-x-beach-boys-pet-sounds-t-shirt-sunfade-grey
2026-08-24 04:47:21,914 [ERROR] Failed to fetch product page https://uk.representclo.com/products/represent-x-beach-boys-script-t-shirt-blue-tie-dye: 429 Client Error: Too Many Requests for url: https://uk.representclo.com/products/represent-x-beach-boys-script-t-shirt-blue-tie-dye
2026-08-24 04:47:22,505 [ERROR] Failed to fetch product page https://uk.representclo.com/products/represent-x-beach-boys-tour-cap-washed-black: 429 Client Error: Too Many Requests for url: https://uk.representclo.com/products/represent-x-beach-boys-tour-cap-washed-black
2026-08-24 04:47:23,096 [ERROR] Failed to fetch product page https://uk.representclo.com/products/represent-x-beach-boys-tour-t-shirt-washed-ecru: 429 Client Error: Too Many Requests for url: https://uk.representclo.com/products/represent-x-beach-boys-tour-t-shirt-washed-ecru
2026-08-24 04:47:23,692 [ERROR] Failed to fetch product page https://uk.representclo.com/products/represent-x-beach-boys-tour-x-47-cap-bright-blue: 429 Client Error: Too Many Requests for url: https://uk.representclo.com/products/represent-x-beach-boys-tour-x-47-cap-bright-blue
2026-08-24 04:47:24,286 [ERROR] Failed to fetch product page https://uk.representclo.com/products/represent-x-belstaff-born-to-bike-t-shirt-aged-black: 429 Client Error: Too Many Requests for url: https://uk.representclo.com/products/represent-x-belstaff-born-to-bike-t-shirt-aged-black
2026-08-24 04:47:24,861 [ERROR] Failed to fetch product page https://uk.representclo.com/products/represent-x-belstaff-born-to-bike-t-shirt-flat-white: 429 Client Error: Too Many Requests for url: https://uk.representclo.com/products/represent-x-belstaff-born-to-bike-t-shirt-flat-white
2026-08-24 04:47:25,439 [ERROR] Failed to fetch product page https://uk.representclo.com/products/represent-x-belstaff-long-sleeve-racing-t-shirt-dark-grey: 429 Client Error: Too Many Requests for url: https://uk.representclo.com/products/represent-x-belstaff-long-sleeve-racing-t-shirt-dark-grey
2026-08-24 04:47:26,027 [ERROR] Failed to fetch product page https://uk.representclo.com/products/represent-x-belstaff-panelled-cap-charcoal: 429 Client Error: Too Many Requests for url: https://uk.representclo.com/products/represent-x-belstaff-panelled-cap-charcoal
2026-08-24 04:47:26,614 [ERROR] Failed to fetch product page https://uk.representclo.com/products/represent-x-belstaff-racing-hoodie-dark-grey: 429 Client Error: Too Many Requests for url: https://uk.representclo.com/products/represent-x-belstaff-racing-hoodie-dark-grey
2026-08-24 04:47:27,197 [ERROR] Failed to fetch product page https://uk.representclo.com/products/represent-x-iron-maiden-a-real-live-one-t-shirt-stained-brown: 429 Client Error: Too Many Requests for url: https://uk.representclo.com/products/represent-x-iron-maiden-a-real-live-one-t-shirt-stained-brown
2026-08-24 04:47:27,785 [ERROR] Failed to fetch product page https://uk.representclo.com/products/represent-x-iron-maiden-anniversary-t-shirt-stained-black: 429 Client Error: Too Many Requests for url: https://uk.representclo.com/products/represent-x-iron-maiden-anniversary-t-shirt-stained-black
2026-08-24 04:47:28,358 [ERROR] Failed to fetch product page https://uk.representclo.com/products/represent-x-iron-maiden-anniversary-t-shirt-washed-ecru: 429 Client Error: Too Many Requests for url: https://uk.representclo.com/products/represent-x-iron-maiden-anniversary-t-shirt-washed-ecru
2026-08-24 04:47:28,934 [ERROR] Failed to fetch product page https://uk.representclo.com/products/represent-x-iron-maiden-british-metal-t-shirt-stained-brown: 429 Client Error: Too Many Requests for url: https://uk.representclo.com/products/represent-x-iron-maiden-british-metal-t-shirt-stained-brown
2026-08-24 04:47:29,533 [ERROR] Failed to fetch product page https://uk.representclo.com/products/represent-x-iron-maiden-holy-smoke-t-shirt-sunfade-grey: 429 Client Error: Too Many Requests for url: https://uk.representclo.com/products/represent-x-iron-maiden-holy-smoke-t-shirt-sunfade-grey
2026-08-24 04:47:30,122 [ERROR] Failed to fetch product page https://uk.representclo.com/products/represent-x-iron-maiden-infinite-dreams-t-shirt-aged-black: 429 Client Error: Too Many Requests for url: https://uk.representclo.com/products/represent-x-iron-maiden-infinite-dreams-t-shirt-aged-black
2026-08-24 04:47:30,719 [ERROR] Failed to fetch product page https://uk.representclo.com/products/represent-x-iron-maiden-number-of-beast-t-shirt-sunfade-grey: 429 Client Error: Too Many Requests for url: https://uk.representclo.com/products/represent-x-iron-maiden-number-of-beast-t-shirt-sunfade-grey
2026-08-24 04:47:31,294 [ERROR] Failed to fetch product page https://uk.representclo.com/products/represent-x-iron-maiden-steed-t-shirt-flat-white: 429 Client Error: Too Many Requests for url: https://uk.representclo.com/products/represent-x-iron-maiden-steed-t-shirt-flat-white
2026-08-24 04:47:31,877 [ERROR] Failed to fetch product page https://uk.representclo.com/products/represent-x-iron-maiden-steed-t-shirt-stained-black: 429 Client Error: Too Many Requests for url: https://uk.representclo.com/products/represent-x-iron-maiden-steed-t-shirt-stained-black
2026-08-24 04:47:32,502 [ERROR] Failed to fetch product page https://uk.representclo.com/products/represent-x-mels-diner-realtree-x-47-cap-real-tree: 429 Client Error: Too Many Requests for url: https://uk.representclo.com/products/represent-x-mels-diner-realtree-x-47-cap-real-tree
2026-08-24 04:47:33,091 [ERROR] Failed to fetch product page https://uk.representclo.com/products/represent-x-mels-diner-t-shirt-flat-white: 429 Client Error: Too Many Requests for url: https://uk.representclo.com/products/represent-x-mels-diner-t-shirt-flat-white
2026-08-24 04:47:33,672 [ERROR] Failed to fetch product page https://uk.representclo.com/products/represent-x-mels-diner-t-shirt-jet-black: 429 Client Error: Too Many Requests for url: https://uk.representclo.com/products/represent-x-mels-diner-t-shirt-jet-black
2026-08-24 04:47:34,258 [ERROR] Failed to fetch product page https://uk.representclo.com/products/represent-x-mels-diner-x-47-cap-brown: 429 Client Error: Too Many Requests for url: https://uk.representclo.com/products/represent-x-mels-diner-x-47-cap-brown
2026-08-24 04:47:34,833 [ERROR] Failed to fetch product page https://uk.representclo.com/products/represent-x-metallica-local-crew-vest-flat-white: 429 Client Error: Too Many Requests for url: https://uk.representclo.com/products/represent-x-metallica-local-crew-vest-flat-white
2026-08-24 04:47:35,407 [ERROR] Failed to fetch product page https://uk.representclo.com/products/represent-x-metallica-local-crew-vest-jet-black: 429 Client Error: Too Many Requests for url: https://uk.representclo.com/products/represent-x-metallica-local-crew-vest-jet-black
2026-08-24 04:47:36,015 [ERROR] Failed to fetch product page https://uk.representclo.com/products/represent-x-oasis-maine-road-hoodie-washed-black: 429 Client Error: Too Many Requests for url: https://uk.representclo.com/products/represent-x-oasis-maine-road-hoodie-washed-black
2026-08-24 04:47:36,602 [ERROR] Failed to fetch product page https://uk.representclo.com/products/represent-x-oasis-owners-club-hoodie-stained-black: 429 Client Error: Too Many Requests for url: https://uk.representclo.com/products/represent-x-oasis-owners-club-hoodie-stained-black
2026-08-24 04:47:37,194 [ERROR] Failed to fetch product page https://uk.representclo.com/products/represent-x-oasis-owners-club-t-shirt-flat-white: 429 Client Error: Too Many Requests for url: https://uk.representclo.com/products/represent-x-oasis-owners-club-t-shirt-flat-white
2026-08-24 04:47:37,786 [ERROR] Failed to fetch product page https://uk.representclo.com/products/represent-x-oasis-owners-club-t-shirt-stained-black: 429 Client Error: Too Many Requests for url: https://uk.representclo.com/products/represent-x-oasis-owners-club-t-shirt-stained-black
2026-08-24 04:47:38,375 [ERROR] Failed to fetch product page https://uk.representclo.com/products/represent-x-puma-baseball-cap-puma-black: 429 Client Error: Too Many Requests for url: https://uk.representclo.com/products/represent-x-puma-baseball-cap-puma-black
2026-08-24 04:47:38,970 [ERROR] Failed to fetch product page https://uk.representclo.com/products/represent-x-puma-sling-bag-puma-black: 429 Client Error: Too Many Requests for url: https://uk.representclo.com/products/represent-x-puma-sling-bag-puma-black
2026-08-24 04:47:39,549 [ERROR] Failed to fetch product page https://uk.representclo.com/products/represent-x-the-viper-room-dice-t-shirt-flat-white: 429 Client Error: Too Many Requests for url: https://uk.representclo.com/products/represent-x-the-viper-room-dice-t-shirt-flat-white
2026-08-24 04:47:40,145 [ERROR] Failed to fetch product page https://uk.representclo.com/products/represent-x-the-viper-room-dice-t-shirt-vintage-grey: 429 Client Error: Too Many Requests for url: https://uk.representclo.com/products/represent-x-the-viper-room-dice-t-shirt-vintage-grey
2026-08-24 04:47:40,731 [ERROR] Failed to fetch product page https://uk.representclo.com/products/represent-x-the-viper-room-glow-t-shirt-vintage-black: 429 Client Error: Too Many Requests for url: https://uk.representclo.com/products/represent-x-the-viper-room-glow-t-shirt-vintage-black
2026-08-24 04:47:41,307 [ERROR] Failed to fetch product page https://uk.representclo.com/products/represent-x-viper-room-x-47-cap-washed-black: 429 Client Error: Too Many Requests for url: https://uk.representclo.com/products/represent-x-viper-room-x-47-cap-washed-black
2026-08-24 04:47:41,879 [ERROR] Failed to fetch product page https://uk.representclo.com/products/reptor-low-black-vintage-white: 429 Client Error: Too Many Requests for url: https://uk.representclo.com/products/reptor-low-black-vintage-white
2026-08-24 04:47:42,474 [ERROR] Failed to fetch product page https://uk.representclo.com/products/retro-football-long-sleeve-t-shirt-shell: 429 Client Error: Too Many Requests for url: https://uk.representclo.com/products/retro-football-long-sleeve-t-shirt-shell
2026-08-24 04:47:43,084 [ERROR] Failed to fetch product page https://uk.representclo.com/products/revere-manor-t-shirt-aged-white: 429 Client Error: Too Many Requests for url: https://uk.representclo.com/products/revere-manor-t-shirt-aged-white
2026-08-24 04:47:43,671 [ERROR] Failed to fetch product page https://uk.representclo.com/products/revere-manor-t-shirt-stained-black: 429 Client Error: Too Many Requests for url: https://uk.representclo.com/products/revere-manor-t-shirt-stained-black
2026-08-24 04:47:44,246 [ERROR] Failed to fetch product page https://uk.representclo.com/products/reversible-living-legacy-tour-long-sleeve-t-shirt-sun-fade-grey: 429 Client Error: Too Many Requests for url: https://uk.representclo.com/products/reversible-living-legacy-tour-long-sleeve-t-shirt-sun-fade-grey
2026-08-24 04:47:44,838 [ERROR] Failed to fetch product page https://uk.representclo.com/products/reversible-living-legacy-tour-t-shirt-flat-white: 429 Client Error: Too Many Requests for url: https://uk.representclo.com/products/reversible-living-legacy-tour-t-shirt-flat-white
2026-08-24 04:47:45,432 [ERROR] Failed to fetch product page https://uk.representclo.com/products/reversible-living-legacy-tour-t-shirt-nero: 429 Client Error: Too Many Requests for url: https://uk.representclo.com/products/reversible-living-legacy-tour-t-shirt-nero
2026-08-24 04:47:46,020 [ERROR] Failed to fetch product page https://uk.representclo.com/products/rodeo-belt-jet-black: 429 Client Error: Too Many Requests for url: https://uk.representclo.com/products/rodeo-belt-jet-black
2026-08-24 04:47:46,611 [ERROR] Failed to fetch product page https://uk.representclo.com/products/santa-monica-x-47-cap-light-blue: 429 Client Error: Too Many Requests for url: https://uk.representclo.com/products/santa-monica-x-47-cap-light-blue
2026-08-24 04:47:47,203 [ERROR] Failed to fetch product page https://uk.representclo.com/products/season-cargo-short-jet-black: 429 Client Error: Too Many Requests for url: https://uk.representclo.com/products/season-cargo-short-jet-black
2026-08-24 04:47:47,790 [ERROR] Failed to fetch product page https://uk.representclo.com/products/serif-logo-t-shirt-flat-white: 429 Client Error: Too Many Requests for url: https://uk.representclo.com/products/serif-logo-t-shirt-flat-white
2026-08-24 04:47:48,376 [ERROR] Failed to fetch product page https://uk.representclo.com/products/serif-logo-t-shirt-jet-black: 429 Client Error: Too Many Requests for url: https://uk.representclo.com/products/serif-logo-t-shirt-jet-black
2026-08-24 04:47:48,953 [ERROR] Failed to fetch product page https://uk.representclo.com/products/shadow-247-x-research-studio-eyewear-sunglasses-jet-black: 429 Client Error: Too Many Requests for url: https://uk.representclo.com/products/shadow-247-x-research-studio-eyewear-sunglasses-jet-black
2026-08-24 04:47:49,539 [ERROR] Failed to fetch product page https://uk.representclo.com/products/shark-jaws-t-shirt-flat-white: 429 Client Error: Too Many Requests for url: https://uk.representclo.com/products/shark-jaws-t-shirt-flat-white
2026-08-24 04:47:50,114 [ERROR] Failed to fetch product page https://uk.representclo.com/products/shark-jaws-t-shirt-vintage-grey: 429 Client Error: Too Many Requests for url: https://uk.representclo.com/products/shark-jaws-t-shirt-vintage-grey
2026-08-24 04:47:50,703 [ERROR] Failed to fetch product page https://uk.representclo.com/products/slub-knit-sock-dark-taupe: 429 Client Error: Too Many Requests for url: https://uk.representclo.com/products/slub-knit-sock-dark-taupe
2026-08-24 04:47:51,278 [ERROR] Failed to fetch product page https://uk.representclo.com/products/slub-knit-sock-grey: 429 Client Error: Too Many Requests for url: https://uk.representclo.com/products/slub-knit-sock-grey
2026-08-24 04:47:51,868 [ERROR] Failed to fetch product page https://uk.representclo.com/products/slub-script-t-shirt-ice-blue: 429 Client Error: Too Many Requests for url: https://uk.representclo.com/products/slub-script-t-shirt-ice-blue
2026-08-24 04:47:52,458 [ERROR] Failed to fetch product page https://uk.representclo.com/products/spike-jersey-flat-white: 429 Client Error: Too Many Requests for url: https://uk.representclo.com/products/spike-jersey-flat-white
2026-08-24 04:47:53,048 [ERROR] Failed to fetch product page https://uk.representclo.com/products/spirits-of-summer-t-shirt-sunrise: 429 Client Error: Too Many Requests for url: https://uk.representclo.com/products/spirits-of-summer-t-shirt-sunrise
2026-08-24 04:47:53,637 [ERROR] Failed to fetch product page https://uk.representclo.com/products/star-jersey-jet-black: 429 Client Error: Too Many Requests for url: https://uk.representclo.com/products/star-jersey-jet-black
2026-08-24 04:47:54,225 [ERROR] Failed to fetch product page https://uk.representclo.com/products/star-long-sleeve-jersey-jet-black: 429 Client Error: Too Many Requests for url: https://uk.representclo.com/products/star-long-sleeve-jersey-jet-black
2026-08-24 04:47:54,811 [ERROR] Failed to fetch product page https://uk.representclo.com/products/star-shorts-jet-black: 429 Client Error: Too Many Requests for url: https://uk.representclo.com/products/star-shorts-jet-black
2026-08-24 04:47:55,386 [ERROR] Failed to fetch product page https://uk.representclo.com/products/stepped-hem-hoodie-stained-black: 429 Client Error: Too Many Requests for url: https://uk.representclo.com/products/stepped-hem-hoodie-stained-black
2026-08-24 04:47:55,970 [ERROR] Failed to fetch product page https://uk.representclo.com/products/storm-runner-off-white: 429 Client Error: Too Many Requests for url: https://uk.representclo.com/products/storm-runner-off-white
2026-08-24 04:47:56,545 [ERROR] Failed to fetch product page https://uk.representclo.com/products/storm-runner-silver-black: 429 Client Error: Too Many Requests for url: https://uk.representclo.com/products/storm-runner-silver-black
2026-08-24 04:47:57,139 [ERROR] Failed to fetch product page https://uk.representclo.com/products/storm-torn-cream: 429 Client Error: Too Many Requests for url: https://uk.representclo.com/products/storm-torn-cream
2026-08-24 04:47:57,732 [ERROR] Failed to fetch product page https://uk.representclo.com/products/storm-torn-flat-white-silver: 429 Client Error: Too Many Requests for url: https://uk.representclo.com/products/storm-torn-flat-white-silver
2026-08-24 04:47:58,308 [ERROR] Failed to fetch product page https://uk.representclo.com/products/storms-in-heaven-t-shirt-black: 429 Client Error: Too Many Requests for url: https://uk.representclo.com/products/storms-in-heaven-t-shirt-black
2026-08-24 04:47:58,905 [ERROR] Failed to fetch product page https://uk.representclo.com/products/storms-in-heaven-t-shirt-flat-white: 429 Client Error: Too Many Requests for url: https://uk.representclo.com/products/storms-in-heaven-t-shirt-flat-white
2026-08-24 04:47:59,495 [ERROR] Failed to fetch product page https://uk.representclo.com/products/studio-sneaker-black-vintage-white: 429 Client Error: Too Many Requests for url: https://uk.representclo.com/products/studio-sneaker-black-vintage-white
2026-08-24 04:48:00,086 [ERROR] Failed to fetch product page https://uk.representclo.com/products/studio-sneaker-mesh-vintage-white: 429 Client Error: Too Many Requests for url: https://uk.representclo.com/products/studio-sneaker-mesh-vintage-white
2026-08-24 04:48:00,716 [ERROR] Failed to fetch product page https://uk.representclo.com/products/studio-sneaker-white-grey: 429 Client Error: Too Many Requests for url: https://uk.representclo.com/products/studio-sneaker-white-grey
2026-08-24 04:48:01,301 [ERROR] Failed to fetch product page https://uk.representclo.com/products/suede-watch-strap-jet-black: 429 Client Error: Too Many Requests for url: https://uk.representclo.com/products/suede-watch-strap-jet-black
2026-08-24 04:48:01,887 [ERROR] Failed to fetch product page https://uk.representclo.com/products/summer-mule-suede-sand: 429 Client Error: Too Many Requests for url: https://uk.representclo.com/products/summer-mule-suede-sand
2026-08-24 04:48:02,461 [ERROR] Failed to fetch product page https://uk.representclo.com/products/sunglasses-crossbody-bag-jet-black: 429 Client Error: Too Many Requests for url: https://uk.representclo.com/products/sunglasses-crossbody-bag-jet-black
2026-08-24 04:48:03,037 [ERROR] Failed to fetch product page https://uk.representclo.com/products/team-247-2-in-1-shorts-black: 429 Client Error: Too Many Requests for url: https://uk.representclo.com/products/team-247-2-in-1-shorts-black
2026-08-24 04:48:03,625 [ERROR] Failed to fetch product page https://uk.representclo.com/products/team-247-aero-short-black: 429 Client Error: Too Many Requests for url: https://uk.representclo.com/products/team-247-aero-short-black
2026-08-24 04:48:04,217 [ERROR] Failed to fetch product page https://uk.representclo.com/products/team-247-arm-warmers-black: 429 Client Error: Too Many Requests for url: https://uk.representclo.com/products/team-247-arm-warmers-black
2026-08-24 04:48:04,792 [ERROR] Failed to fetch product page https://uk.representclo.com/products/team-247-chest-rig-black: 429 Client Error: Too Many Requests for url: https://uk.representclo.com/products/team-247-chest-rig-black
2026-08-24 04:48:05,378 [ERROR] Failed to fetch product page https://uk.representclo.com/products/team-247-fused-short-graphene: 429 Client Error: Too Many Requests for url: https://uk.representclo.com/products/team-247-fused-short-graphene
2026-08-24 04:48:05,970 [ERROR] Failed to fetch product page https://uk.representclo.com/products/team-247-fused-shorts-black: 429 Client Error: Too Many Requests for url: https://uk.representclo.com/products/team-247-fused-shorts-black
2026-08-24 04:48:06,564 [ERROR] Failed to fetch product page https://uk.representclo.com/products/team-247-half-tight-black: 429 Client Error: Too Many Requests for url: https://uk.representclo.com/products/team-247-half-tight-black
2026-08-24 04:48:07,150 [ERROR] Failed to fetch product page https://uk.representclo.com/products/team-247-headband-black: 429 Client Error: Too Many Requests for url: https://uk.representclo.com/products/team-247-headband-black
2026-08-24 04:48:07,761 [ERROR] Failed to fetch product page https://uk.representclo.com/products/team-247-jersey-short-graphene: 429 Client Error: Too Many Requests for url: https://uk.representclo.com/products/team-247-jersey-short-graphene
2026-08-24 04:48:08,347 [ERROR] Failed to fetch product page https://uk.representclo.com/products/team-247-jersey-short-jet-black: 429 Client Error: Too Many Requests for url: https://uk.representclo.com/products/team-247-jersey-short-jet-black
2026-08-24 04:48:08,925 [ERROR] Failed to fetch product page https://uk.representclo.com/products/team-247-oversized-hoodie-ash-grey: 429 Client Error: Too Many Requests for url: https://uk.representclo.com/products/team-247-oversized-hoodie-ash-grey
2026-08-24 04:48:09,499 [ERROR] Failed to fetch product page https://uk.representclo.com/products/team-247-oversized-hoodie-graphene: 429 Client Error: Too Many Requests for url: https://uk.representclo.com/products/team-247-oversized-hoodie-graphene
2026-08-24 04:48:10,087 [ERROR] Failed to fetch product page https://uk.representclo.com/products/team-247-oversized-hoodie-jet-black: 429 Client Error: Too Many Requests for url: https://uk.representclo.com/products/team-247-oversized-hoodie-jet-black
2026-08-24 04:48:10,675 [ERROR] Failed to fetch product page https://uk.representclo.com/products/team-247-oversized-hoodie-racing-red: 429 Client Error: Too Many Requests for url: https://uk.representclo.com/products/team-247-oversized-hoodie-racing-red
2026-08-24 04:48:11,248 [ERROR] Failed to fetch product page https://uk.representclo.com/products/team-247-oversized-t-shirt-ash-grey-black: 429 Client Error: Too Many Requests for url: https://uk.representclo.com/products/team-247-oversized-t-shirt-ash-grey-black
2026-08-24 04:48:11,826 [ERROR] Failed to fetch product page https://uk.representclo.com/products/team-247-oversized-t-shirt-clay: 429 Client Error: Too Many Requests for url: https://uk.representclo.com/products/team-247-oversized-t-shirt-clay
2026-08-24 04:48:12,414 [ERROR] Failed to fetch product page https://uk.representclo.com/products/team-247-oversized-t-shirt-cream-ss26: 429 Client Error: Too Many Requests for url: https://uk.representclo.com/products/team-247-oversized-t-shirt-cream-ss26
2026-08-24 04:48:13,043 [ERROR] Failed to fetch product page https://uk.representclo.com/products/team-247-oversized-t-shirt-flat-white: 429 Client Error: Too Many Requests for url: https://uk.representclo.com/products/team-247-oversized-t-shirt-flat-white
2026-08-24 04:48:13,629 [ERROR] Failed to fetch product page https://uk.representclo.com/products/team-247-oversized-t-shirt-glacier: 429 Client Error: Too Many Requests for url: https://uk.representclo.com/products/team-247-oversized-t-shirt-glacier
2026-08-24 04:48:14,214 [ERROR] Failed to fetch product page https://uk.representclo.com/products/team-247-oversized-t-shirt-graphene: 429 Client Error: Too Many Requests for url: https://uk.representclo.com/products/team-247-oversized-t-shirt-graphene
2026-08-24 04:48:14,803 [ERROR] Failed to fetch product page https://uk.representclo.com/products/team-247-oversized-t-shirt-jet-black: 429 Client Error: Too Many Requests for url: https://uk.representclo.com/products/team-247-oversized-t-shirt-jet-black
2026-08-24 04:48:15,401 [ERROR] Failed to fetch product page https://uk.representclo.com/products/team-247-oversized-tank-ash-grey: 429 Client Error: Too Many Requests for url: https://uk.representclo.com/products/team-247-oversized-tank-ash-grey
2026-08-24 04:48:15,975 [ERROR] Failed to fetch product page https://uk.representclo.com/products/team-247-oversized-tank-clay: 429 Client Error: Too Many Requests for url: https://uk.representclo.com/products/team-247-oversized-tank-clay
2026-08-24 04:48:16,563 [ERROR] Failed to fetch product page https://uk.representclo.com/products/team-247-oversized-tank-cream-ss26: 429 Client Error: Too Many Requests for url: https://uk.representclo.com/products/team-247-oversized-tank-cream-ss26
2026-08-24 04:48:17,155 [ERROR] Failed to fetch product page https://uk.representclo.com/products/team-247-oversized-tank-fern: 429 Client Error: Too Many Requests for url: https://uk.representclo.com/products/team-247-oversized-tank-fern
2026-08-24 04:48:17,728 [ERROR] Failed to fetch product page https://uk.representclo.com/products/team-247-oversized-tank-flat-white: 429 Client Error: Too Many Requests for url: https://uk.representclo.com/products/team-247-oversized-tank-flat-white
2026-08-24 04:48:18,315 [ERROR] Failed to fetch product page https://uk.representclo.com/products/team-247-oversized-tank-glacier: 429 Client Error: Too Many Requests for url: https://uk.representclo.com/products/team-247-oversized-tank-glacier
2026-08-24 04:48:18,903 [ERROR] Failed to fetch product page https://uk.representclo.com/products/team-247-oversized-tank-graphene: 429 Client Error: Too Many Requests for url: https://uk.representclo.com/products/team-247-oversized-tank-graphene
2026-08-24 04:48:19,485 [ERROR] Failed to fetch product page https://uk.representclo.com/products/team-247-oversized-tank-jet-black: 429 Client Error: Too Many Requests for url: https://uk.representclo.com/products/team-247-oversized-tank-jet-black
2026-08-24 04:48:20,065 [ERROR] Failed to fetch product page https://uk.representclo.com/products/team-247-race-shorts-jet-black: 429 Client Error: Too Many Requests for url: https://uk.representclo.com/products/team-247-race-shorts-jet-black
2026-08-24 04:48:20,651 [ERROR] Failed to fetch product page https://uk.representclo.com/products/team-247-x-47-trucker-cap-fern: 429 Client Error: Too Many Requests for url: https://uk.representclo.com/products/team-247-x-47-trucker-cap-fern
2026-08-24 04:48:21,238 [ERROR] Failed to fetch product page https://uk.representclo.com/products/team-247-x-47-trucker-cap-graphene: 429 Client Error: Too Many Requests for url: https://uk.representclo.com/products/team-247-x-47-trucker-cap-graphene
2026-08-24 04:48:21,837 [ERROR] Failed to fetch product page https://uk.representclo.com/products/team-247-x-47-trucker-cap-jet-black: 429 Client Error: Too Many Requests for url: https://uk.representclo.com/products/team-247-x-47-trucker-cap-jet-black
2026-08-24 04:48:22,413 [ERROR] Failed to fetch product page https://uk.representclo.com/products/tech-cargo-short-jet-black: 429 Client Error: Too Many Requests for url: https://uk.representclo.com/products/tech-cargo-short-jet-black
2026-08-24 04:48:23,000 [ERROR] Failed to fetch product page https://uk.representclo.com/products/thoroughbred-hoodie-vintage-black: 429 Client Error: Too Many Requests for url: https://uk.representclo.com/products/thoroughbred-hoodie-vintage-black
2026-08-24 04:48:23,587 [ERROR] Failed to fetch product page https://uk.representclo.com/products/thoroughbred-jersey-english-rose: 429 Client Error: Too Many Requests for url: https://uk.representclo.com/products/thoroughbred-jersey-english-rose
2026-08-24 04:48:24,162 [ERROR] Failed to fetch product page https://uk.representclo.com/products/thoroughbred-t-shirt-vintage-black: 429 Client Error: Too Many Requests for url: https://uk.representclo.com/products/thoroughbred-t-shirt-vintage-black
2026-08-24 04:48:24,744 [ERROR] Failed to fetch product page https://uk.representclo.com/products/thoroughbred-t-shirt-vintage-white: 429 Client Error: Too Many Requests for url: https://uk.representclo.com/products/thoroughbred-t-shirt-vintage-white
2026-08-24 04:48:25,336 [ERROR] Failed to fetch product page https://uk.representclo.com/products/three-dogs-jersey-jet-black: 429 Client Error: Too Many Requests for url: https://uk.representclo.com/products/three-dogs-jersey-jet-black
2026-08-24 04:48:25,925 [ERROR] Failed to fetch product page https://uk.representclo.com/products/three-dogs-jersey-mid-brown: 429 Client Error: Too Many Requests for url: https://uk.representclo.com/products/three-dogs-jersey-mid-brown
2026-08-24 04:48:26,519 [ERROR] Failed to fetch product page https://uk.representclo.com/products/virtus-off-black: 429 Client Error: Too Many Requests for url: https://uk.representclo.com/products/virtus-off-black
2026-08-24 04:48:27,106 [ERROR] Failed to fetch product page https://uk.representclo.com/products/virtus-vintage-white: 429 Client Error: Too Many Requests for url: https://uk.representclo.com/products/virtus-vintage-white
2026-08-24 04:48:27,682 [ERROR] Failed to fetch product page https://uk.representclo.com/products/waffle-long-sleeve-t-shirt-flat-white: 429 Client Error: Too Many Requests for url: https://uk.representclo.com/products/waffle-long-sleeve-t-shirt-flat-white
2026-08-24 04:48:28,265 [ERROR] Failed to fetch product page https://uk.representclo.com/products/waffle-shorts-black: 429 Client Error: Too Many Requests for url: https://uk.representclo.com/products/waffle-shorts-black
2026-08-24 04:48:28,858 [ERROR] Failed to fetch product page https://uk.representclo.com/products/waffle-t-shirt-flat-white: 429 Client Error: Too Many Requests for url: https://uk.representclo.com/products/waffle-t-shirt-flat-white
2026-08-24 04:48:29,445 [ERROR] Failed to fetch product page https://uk.representclo.com/products/waffle-t-shirt-jet-black-1: 429 Client Error: Too Many Requests for url: https://uk.representclo.com/products/waffle-t-shirt-jet-black-1
2026-08-24 04:48:30,036 [ERROR] Failed to fetch product page https://uk.representclo.com/products/washed-mesh-shorts-vintage-khaki: 429 Client Error: Too Many Requests for url: https://uk.representclo.com/products/washed-mesh-shorts-vintage-khaki
2026-08-24 04:48:30,618 [ERROR] Failed to fetch product page https://uk.representclo.com/products/washed-mesh-shorts-washed-black: 429 Client Error: Too Many Requests for url: https://uk.representclo.com/products/washed-mesh-shorts-washed-black
2026-08-24 04:48:31,212 [ERROR] Failed to fetch product page https://uk.representclo.com/products/western-initial-t-shirt-flat-white: 429 Client Error: Too Many Requests for url: https://uk.representclo.com/products/western-initial-t-shirt-flat-white
2026-08-24 04:48:31,785 [ERROR] Failed to fetch product page https://uk.representclo.com/products/western-initial-t-shirt-mountain-blue: 429 Client Error: Too Many Requests for url: https://uk.representclo.com/products/western-initial-t-shirt-mountain-blue
2026-08-24 04:48:32,372 [ERROR] Failed to fetch product page https://uk.representclo.com/products/westside-t-shirt-flat-white: 429 Client Error: Too Many Requests for url: https://uk.representclo.com/products/westside-t-shirt-flat-white
2026-08-24 04:48:32,952 [ERROR] Failed to fetch product page https://uk.representclo.com/products/westside-t-shirt-stained-black: 429 Client Error: Too Many Requests for url: https://uk.representclo.com/products/westside-t-shirt-stained-black
2026-08-24 04:48:33,545 [ERROR] Failed to fetch product page https://uk.representclo.com/products/workshop-short-black: 429 Client Error: Too Many Requests for url: https://uk.representclo.com/products/workshop-short-black
2026-08-24 04:48:34,121 [ERROR] Failed to fetch product page https://uk.representclo.com/products/world-championship-hoodie-stained-black: 429 Client Error: Too Many Requests for url: https://uk.representclo.com/products/world-championship-hoodie-stained-black
2026-08-24 04:48:34,697 [ERROR] Failed to fetch product page https://uk.representclo.com/products/world-championship-t-shirt-stained-black: 429 Client Error: Too Many Requests for url: https://uk.representclo.com/products/world-championship-t-shirt-stained-black
2026-08-24 04:48:35,284 [ERROR] Failed to fetch product page https://uk.representclo.com/products/your-times-up-t-shirt-vintage-grey-vintage-black: 429 Client Error: Too Many Requests for url: https://uk.representclo.com/products/your-times-up-t-shirt-vintage-grey-vintage-black
2026-08-24 04:48:35,801 [INFO] Saved 0 rows to outputs/Чудокаталог - 24.08.2026.csv
2026-08-24 04:48:35,807 [INFO] Excel report saved to outputs/Чудокаталог - 24.08.2026.xlsx
2026-08-24 04:48:35,807 [INFO] Done. Saved 0 rows to outputs/Чудокаталог - 24.08.2026.csv and outputs/Чудокаталог - 24.08.2026.xlsx
