2026-08-15 04:27:21,107 [INFO] Catalog: 'Чудокаталог' — Date: 15.08.2026
2026-08-15 04:27:21,107 [INFO] Output file: outputs/Чудокаталог - 15.08.2026.xlsx
2026-08-15 04:27:21,107 [INFO] URL source: TARGET.txt
2026-08-15 04:27:21,107 [INFO] Collection URL(s) to scrape: ['https://uk.representclo.com/collections/all']
2026-08-15 04:27:21,107 [INFO] Collecting product URLs...
2026-08-15 04:27:23,786 [INFO] Page 1: found 63 new product URLs (total 63)
2026-08-15 04:27:26,343 [INFO] Page 2: found 60 new product URLs (total 123)
2026-08-15 04:27:29,531 [INFO] Page 3: found 60 new product URLs (total 183)
2026-08-15 04:27:32,552 [INFO] Page 4: found 60 new product URLs (total 243)
2026-08-15 04:27:36,457 [INFO] Page 5: found 59 new product URLs (total 302)
2026-08-15 04:27:39,485 [INFO] Page 6: found 59 new product URLs (total 361)
2026-08-15 04:27:42,563 [INFO] Page 7: found 59 new product URLs (total 420)
2026-08-15 04:27:45,210 [INFO] Page 8: found 59 new product URLs (total 479)
2026-08-15 04:27:48,199 [INFO] Page 9: found 60 new product URLs (total 539)
2026-08-15 04:27:50,737 [INFO] Page 10: found 60 new product URLs (total 599)
2026-08-15 04:27:53,685 [INFO] Page 11: found 60 new product URLs (total 659)
2026-08-15 04:27:56,391 [INFO] Page 12: found 60 new product URLs (total 719)
2026-08-15 04:27:59,097 [INFO] Page 13: found 60 new product URLs (total 779)
2026-08-15 04:28:01,762 [INFO] Page 14: found 60 new product URLs (total 839)
2026-08-15 04:28:05,170 [INFO] Page 15: found 60 new product URLs (total 899)
2026-08-15 04:28:08,848 [INFO] Page 16: found 60 new product URLs (total 959)
2026-08-15 04:28:11,747 [INFO] Page 17: found 60 new product URLs (total 1019)
2026-08-15 04:28:14,795 [INFO] Page 18: found 60 new product URLs (total 1079)
2026-08-15 04:28:17,577 [INFO] Page 19: found 60 new product URLs (total 1139)
2026-08-15 04:28:20,842 [INFO] Page 20: found 60 new product URLs (total 1199)
2026-08-15 04:28:23,968 [INFO] Page 21: found 60 new product URLs (total 1259)
2026-08-15 04:28:27,176 [INFO] Page 22: found 60 new product URLs (total 1319)
2026-08-15 04:28:30,268 [INFO] Page 23: found 60 new product URLs (total 1379)
2026-08-15 04:28:33,512 [INFO] Page 24: found 60 new product URLs (total 1439)
2026-08-15 04:28:35,671 [INFO] Page 25: found 37 new product URLs (total 1476)
2026-08-15 04:28:37,340 [INFO] Page 26: no new products — stopping pagination
2026-08-15 04:28:37,342 [INFO] Found 1476 unique product URLs
2026-08-15 04:39:41,827 [ERROR] Failed to fetch product page https://uk.representclo.com/products/collared-denim-jacket-aged-black: 500 Server Error: Internal Server Error for url: https://uk.representclo.com/products/collared-denim-jacket-aged-black
2026-08-15 04:39:42,416 [ERROR] Failed to fetch product page https://uk.representclo.com/products/collared-denim-jacket-washed-olive: 429 Client Error: Too Many Requests for url: https://uk.representclo.com/products/collared-denim-jacket-washed-olive
2026-08-15 04:39:42,971 [ERROR] Failed to fetch product page https://uk.representclo.com/products/competition-department-shorts-bright-blue: 429 Client Error: Too Many Requests for url: https://uk.representclo.com/products/competition-department-shorts-bright-blue
2026-08-15 04:39:43,516 [ERROR] Failed to fetch product page https://uk.representclo.com/products/competition-department-t-shirt-bright-blue: 429 Client Error: Too Many Requests for url: https://uk.representclo.com/products/competition-department-t-shirt-bright-blue
2026-08-15 04:39:44,090 [ERROR] Failed to fetch product page https://uk.representclo.com/products/competition-department-t-shirt-flat-white: 429 Client Error: Too Many Requests for url: https://uk.representclo.com/products/competition-department-t-shirt-flat-white
2026-08-15 04:39:44,637 [ERROR] Failed to fetch product page https://uk.representclo.com/products/cord-zip-flannel-shirt-mineral: 429 Client Error: Too Many Requests for url: https://uk.representclo.com/products/cord-zip-flannel-shirt-mineral
2026-08-15 04:39:45,205 [ERROR] Failed to fetch product page https://uk.representclo.com/products/core-pant-beige: 429 Client Error: Too Many Requests for url: https://uk.representclo.com/products/core-pant-beige
2026-08-15 04:39:45,752 [ERROR] Failed to fetch product page https://uk.representclo.com/products/core-pant-jet-black: 429 Client Error: Too Many Requests for url: https://uk.representclo.com/products/core-pant-jet-black
2026-08-15 04:39:46,331 [ERROR] Failed to fetch product page https://uk.representclo.com/products/core-sock-black-optic-white: 429 Client Error: Too Many Requests for url: https://uk.representclo.com/products/core-sock-black-optic-white
2026-08-15 04:39:46,880 [ERROR] Failed to fetch product page https://uk.representclo.com/products/cotton-pant-black: 429 Client Error: Too Many Requests for url: https://uk.representclo.com/products/cotton-pant-black
2026-08-15 04:39:47,431 [ERROR] Failed to fetch product page https://uk.representclo.com/products/cotton-pant-stone: 429 Client Error: Too Many Requests for url: https://uk.representclo.com/products/cotton-pant-stone
2026-08-15 04:39:47,980 [ERROR] Failed to fetch product page https://uk.representclo.com/products/cotton-tailored-short-beige: 429 Client Error: Too Many Requests for url: https://uk.representclo.com/products/cotton-tailored-short-beige
2026-08-15 04:39:48,537 [ERROR] Failed to fetch product page https://uk.representclo.com/products/cotton-tailored-short-jet-black: 429 Client Error: Too Many Requests for url: https://uk.representclo.com/products/cotton-tailored-short-jet-black
2026-08-15 04:39:49,083 [ERROR] Failed to fetch product page https://uk.representclo.com/products/cotton-workwear-pant-dark-olive: 429 Client Error: Too Many Requests for url: https://uk.representclo.com/products/cotton-workwear-pant-dark-olive
2026-08-15 04:39:49,654 [ERROR] Failed to fetch product page https://uk.representclo.com/products/cotton-zip-through-shirt-black: 429 Client Error: Too Many Requests for url: https://uk.representclo.com/products/cotton-zip-through-shirt-black
2026-08-15 04:39:50,202 [ERROR] Failed to fetch product page https://uk.representclo.com/products/cotton-zip-through-shirt-blush: 429 Client Error: Too Many Requests for url: https://uk.representclo.com/products/cotton-zip-through-shirt-blush
2026-08-15 04:39:50,750 [ERROR] Failed to fetch product page https://uk.representclo.com/products/cowhide-belt-loop-flat-white-jet-black: 429 Client Error: Too Many Requests for url: https://uk.representclo.com/products/cowhide-belt-loop-flat-white-jet-black
2026-08-15 04:39:51,299 [ERROR] Failed to fetch product page https://uk.representclo.com/products/cowhide-card-holder-flat-white-jet-black: 429 Client Error: Too Many Requests for url: https://uk.representclo.com/products/cowhide-card-holder-flat-white-jet-black
2026-08-15 04:39:51,845 [ERROR] Failed to fetch product page https://uk.representclo.com/products/cowhide-print-cap-flat-white-jet-black: 429 Client Error: Too Many Requests for url: https://uk.representclo.com/products/cowhide-print-cap-flat-white-jet-black
2026-08-15 04:39:52,394 [ERROR] Failed to fetch product page https://uk.representclo.com/products/cowhide-rodeo-belt-flat-white-jet-black: 429 Client Error: Too Many Requests for url: https://uk.representclo.com/products/cowhide-rodeo-belt-flat-white-jet-black
2026-08-15 04:39:52,946 [ERROR] Failed to fetch product page https://uk.representclo.com/products/cowhide-trucker-jacket-multi: 429 Client Error: Too Many Requests for url: https://uk.representclo.com/products/cowhide-trucker-jacket-multi
2026-08-15 04:39:53,488 [ERROR] Failed to fetch product page https://uk.representclo.com/products/cowhide-watch-strap-flat-white-jet-black: 429 Client Error: Too Many Requests for url: https://uk.representclo.com/products/cowhide-watch-strap-flat-white-jet-black
2026-08-15 04:39:54,033 [ERROR] Failed to fetch product page https://uk.representclo.com/products/crest-t-shirt-dark-taupe: 429 Client Error: Too Many Requests for url: https://uk.representclo.com/products/crest-t-shirt-dark-taupe
2026-08-15 04:39:54,580 [ERROR] Failed to fetch product page https://uk.representclo.com/products/crest-t-shirt-flat-white: 429 Client Error: Too Many Requests for url: https://uk.representclo.com/products/crest-t-shirt-flat-white
2026-08-15 04:39:55,131 [ERROR] Failed to fetch product page https://uk.representclo.com/products/crest-t-shirt-vintage-black: 429 Client Error: Too Many Requests for url: https://uk.representclo.com/products/crest-t-shirt-vintage-black
2026-08-15 04:39:55,691 [ERROR] Failed to fetch product page https://uk.representclo.com/products/crinkle-trucker-jacket-black: 429 Client Error: Too Many Requests for url: https://uk.representclo.com/products/crinkle-trucker-jacket-black
2026-08-15 04:39:56,239 [ERROR] Failed to fetch product page https://uk.representclo.com/products/crinkle-trucker-jacket-ecru: 429 Client Error: Too Many Requests for url: https://uk.representclo.com/products/crinkle-trucker-jacket-ecru
2026-08-15 04:39:56,792 [ERROR] Failed to fetch product page https://uk.representclo.com/products/crochet-short-cream: 429 Client Error: Too Many Requests for url: https://uk.representclo.com/products/crochet-short-cream
2026-08-15 04:39:57,340 [ERROR] Failed to fetch product page https://uk.representclo.com/products/cropped-dress-shirt-black-pinstripe: 429 Client Error: Too Many Requests for url: https://uk.representclo.com/products/cropped-dress-shirt-black-pinstripe
2026-08-15 04:39:57,887 [ERROR] Failed to fetch product page https://uk.representclo.com/products/cruz-short-beige: 429 Client Error: Too Many Requests for url: https://uk.representclo.com/products/cruz-short-beige
2026-08-15 04:39:58,445 [ERROR] Failed to fetch product page https://uk.representclo.com/products/cruz-short-jet-black: 429 Client Error: Too Many Requests for url: https://uk.representclo.com/products/cruz-short-jet-black
2026-08-15 04:39:59,007 [ERROR] Failed to fetch product page https://uk.representclo.com/products/dallas-cowboys-x-represent-hoodie-cream-marl: 429 Client Error: Too Many Requests for url: https://uk.representclo.com/products/dallas-cowboys-x-represent-hoodie-cream-marl
2026-08-15 04:39:59,576 [ERROR] Failed to fetch product page https://uk.representclo.com/products/dallas-cowboys-x-represent-t-shirt-washed-ecru: 429 Client Error: Too Many Requests for url: https://uk.representclo.com/products/dallas-cowboys-x-represent-t-shirt-washed-ecru
2026-08-15 04:40:00,122 [ERROR] Failed to fetch product page https://uk.representclo.com/products/dallas-cowboys-x-represent-x-47-cap-antique-white: 429 Client Error: Too Many Requests for url: https://uk.representclo.com/products/dallas-cowboys-x-represent-x-47-cap-antique-white
2026-08-15 04:40:00,667 [ERROR] Failed to fetch product page https://uk.representclo.com/products/decade-of-speed-t-shirt-cream: 429 Client Error: Too Many Requests for url: https://uk.representclo.com/products/decade-of-speed-t-shirt-cream
2026-08-15 04:40:01,220 [ERROR] Failed to fetch product page https://uk.representclo.com/products/denim-short-bark: 429 Client Error: Too Many Requests for url: https://uk.representclo.com/products/denim-short-bark
2026-08-15 04:40:01,808 [ERROR] Failed to fetch product page https://uk.representclo.com/products/denim-trucker-blue-cream: 429 Client Error: Too Many Requests for url: https://uk.representclo.com/products/denim-trucker-blue-cream
2026-08-15 04:40:02,357 [ERROR] Failed to fetch product page https://uk.representclo.com/products/destructive-appetite-t-shirt-vintage-grey: 429 Client Error: Too Many Requests for url: https://uk.representclo.com/products/destructive-appetite-t-shirt-vintage-grey
2026-08-15 04:40:02,905 [ERROR] Failed to fetch product page https://uk.representclo.com/products/distressed-mule-off-black: 429 Client Error: Too Many Requests for url: https://uk.representclo.com/products/distressed-mule-off-black
2026-08-15 04:40:03,487 [ERROR] Failed to fetch product page https://uk.representclo.com/products/doberman-bracelet-silver: 429 Client Error: Too Many Requests for url: https://uk.representclo.com/products/doberman-bracelet-silver
2026-08-15 04:40:04,036 [ERROR] Failed to fetch product page https://uk.representclo.com/products/doberman-initial-key-chain-silver: 429 Client Error: Too Many Requests for url: https://uk.representclo.com/products/doberman-initial-key-chain-silver
2026-08-15 04:40:04,585 [ERROR] Failed to fetch product page https://uk.representclo.com/products/doberman-necklace-silver: 429 Client Error: Too Many Requests for url: https://uk.representclo.com/products/doberman-necklace-silver
2026-08-15 04:40:05,130 [ERROR] Failed to fetch product page https://uk.representclo.com/products/doberman-pendant-necklace-silver: 429 Client Error: Too Many Requests for url: https://uk.representclo.com/products/doberman-pendant-necklace-silver
2026-08-15 04:40:05,678 [ERROR] Failed to fetch product page https://uk.representclo.com/products/doberman-trouser-chain-silver: 429 Client Error: Too Many Requests for url: https://uk.representclo.com/products/doberman-trouser-chain-silver
2026-08-15 04:40:06,221 [ERROR] Failed to fetch product page https://uk.representclo.com/products/double-breasted-blazer-marble: 429 Client Error: Too Many Requests for url: https://uk.representclo.com/products/double-breasted-blazer-marble
2026-08-15 04:40:06,774 [ERROR] Failed to fetch product page https://uk.representclo.com/products/double-breasted-overcoat-marble: 429 Client Error: Too Many Requests for url: https://uk.representclo.com/products/double-breasted-overcoat-marble
2026-08-15 04:40:07,321 [ERROR] Failed to fetch product page https://uk.representclo.com/products/double-distilled-t-shirt-flat-white: 429 Client Error: Too Many Requests for url: https://uk.representclo.com/products/double-distilled-t-shirt-flat-white
2026-08-15 04:40:07,877 [ERROR] Failed to fetch product page https://uk.representclo.com/products/double-distilled-t-shirt-off-black: 429 Client Error: Too Many Requests for url: https://uk.representclo.com/products/double-distilled-t-shirt-off-black
2026-08-15 04:40:08,452 [ERROR] Failed to fetch product page https://uk.representclo.com/products/dream-on-tour-t-shirt-sun-fade-grey: 429 Client Error: Too Many Requests for url: https://uk.representclo.com/products/dream-on-tour-t-shirt-sun-fade-grey
2026-08-15 04:40:09,002 [ERROR] Failed to fetch product page https://uk.representclo.com/products/dream-on-tour-t-shirt-washed-ecru: 429 Client Error: Too Many Requests for url: https://uk.representclo.com/products/dream-on-tour-t-shirt-washed-ecru
2026-08-15 04:40:09,551 [ERROR] Failed to fetch product page https://uk.representclo.com/products/dual-layer-script-hoodie-candy: 429 Client Error: Too Many Requests for url: https://uk.representclo.com/products/dual-layer-script-hoodie-candy
2026-08-15 04:40:10,113 [ERROR] Failed to fetch product page https://uk.representclo.com/products/dual-layer-script-hoodie-jet-black: 429 Client Error: Too Many Requests for url: https://uk.representclo.com/products/dual-layer-script-hoodie-jet-black
2026-08-15 04:40:10,662 [ERROR] Failed to fetch product page https://uk.representclo.com/products/dual-layer-script-sweater-jet-black: 429 Client Error: Too Many Requests for url: https://uk.representclo.com/products/dual-layer-script-sweater-jet-black
2026-08-15 04:40:11,210 [ERROR] Failed to fetch product page https://uk.representclo.com/products/dual-layer-script-sweatpants-jet-black: 429 Client Error: Too Many Requests for url: https://uk.representclo.com/products/dual-layer-script-sweatpants-jet-black
2026-08-15 04:40:11,758 [ERROR] Failed to fetch product page https://uk.representclo.com/products/dual-layer-script-t-shirt-candy: 429 Client Error: Too Many Requests for url: https://uk.representclo.com/products/dual-layer-script-t-shirt-candy
2026-08-15 04:40:12,307 [ERROR] Failed to fetch product page https://uk.representclo.com/products/dual-layer-script-t-shirt-jet-black: 429 Client Error: Too Many Requests for url: https://uk.representclo.com/products/dual-layer-script-t-shirt-jet-black
2026-08-15 04:40:12,855 [ERROR] Failed to fetch product page https://uk.representclo.com/products/elegance-in-motion-t-shirt-flat-white: 429 Client Error: Too Many Requests for url: https://uk.representclo.com/products/elegance-in-motion-t-shirt-flat-white
2026-08-15 04:40:13,409 [ERROR] Failed to fetch product page https://uk.representclo.com/products/elegance-in-motion-t-shirt-jet-black: 429 Client Error: Too Many Requests for url: https://uk.representclo.com/products/elegance-in-motion-t-shirt-jet-black
2026-08-15 04:40:13,958 [ERROR] Failed to fetch product page https://uk.representclo.com/products/embellished-represent-t-shirt-stained-black: 429 Client Error: Too Many Requests for url: https://uk.representclo.com/products/embellished-represent-t-shirt-stained-black
2026-08-15 04:40:14,504 [ERROR] Failed to fetch product page https://uk.representclo.com/products/embellished-represent-t-shirt-vintage-khaki: 429 Client Error: Too Many Requests for url: https://uk.representclo.com/products/embellished-represent-t-shirt-vintage-khaki
2026-08-15 04:40:15,052 [ERROR] Failed to fetch product page https://uk.representclo.com/products/embroidered-bowling-shirt-antique-white: 429 Client Error: Too Many Requests for url: https://uk.representclo.com/products/embroidered-bowling-shirt-antique-white
2026-08-15 04:40:15,595 [ERROR] Failed to fetch product page https://uk.representclo.com/products/embroidered-bowling-shirt-jet-black: 429 Client Error: Too Many Requests for url: https://uk.representclo.com/products/embroidered-bowling-shirt-jet-black
2026-08-15 04:40:16,169 [ERROR] Failed to fetch product page https://uk.representclo.com/products/embroidered-initial-overshirt-black: 429 Client Error: Too Many Requests for url: https://uk.representclo.com/products/embroidered-initial-overshirt-black
2026-08-15 04:40:16,753 [ERROR] Failed to fetch product page https://uk.representclo.com/products/embroidered-initial-overshirt-washed-taupe: 429 Client Error: Too Many Requests for url: https://uk.representclo.com/products/embroidered-initial-overshirt-washed-taupe
2026-08-15 04:40:17,301 [ERROR] Failed to fetch product page https://uk.representclo.com/products/embroidered-initial-tailored-short-black: 429 Client Error: Too Many Requests for url: https://uk.representclo.com/products/embroidered-initial-tailored-short-black
2026-08-15 04:40:17,846 [ERROR] Failed to fetch product page https://uk.representclo.com/products/embroidered-serif-logo-t-shirt-concrete: 429 Client Error: Too Many Requests for url: https://uk.representclo.com/products/embroidered-serif-logo-t-shirt-concrete
2026-08-15 04:40:18,392 [ERROR] Failed to fetch product page https://uk.representclo.com/products/embroidered-serif-logo-t-shirt-vintage-grey: 429 Client Error: Too Many Requests for url: https://uk.representclo.com/products/embroidered-serif-logo-t-shirt-vintage-grey
2026-08-15 04:40:18,936 [ERROR] Failed to fetch product page https://uk.representclo.com/products/england-applique-hoodie-grey-marl: 429 Client Error: Too Many Requests for url: https://uk.representclo.com/products/england-applique-hoodie-grey-marl
2026-08-15 04:40:19,480 [ERROR] Failed to fetch product page https://uk.representclo.com/products/england-beanie-jet-black: 429 Client Error: Too Many Requests for url: https://uk.representclo.com/products/england-beanie-jet-black
2026-08-15 04:40:20,029 [ERROR] Failed to fetch product page https://uk.representclo.com/products/england-hoodie-jet-black: 429 Client Error: Too Many Requests for url: https://uk.representclo.com/products/england-hoodie-jet-black
2026-08-15 04:40:20,575 [ERROR] Failed to fetch product page https://uk.representclo.com/products/england-hoodie-washed-brown: 429 Client Error: Too Many Requests for url: https://uk.representclo.com/products/england-hoodie-washed-brown
2026-08-15 04:40:21,120 [ERROR] Failed to fetch product page https://uk.representclo.com/products/england-legacy-hoodie-vintage-black: 429 Client Error: Too Many Requests for url: https://uk.representclo.com/products/england-legacy-hoodie-vintage-black
2026-08-15 04:40:21,675 [ERROR] Failed to fetch product page https://uk.representclo.com/products/england-long-sleeve-t-shirt-washed-brown: 429 Client Error: Too Many Requests for url: https://uk.representclo.com/products/england-long-sleeve-t-shirt-washed-brown
2026-08-15 04:40:22,227 [ERROR] Failed to fetch product page https://uk.representclo.com/products/england-long-sleeve-t-shirt-washed-white-real-tree-camo: 429 Client Error: Too Many Requests for url: https://uk.representclo.com/products/england-long-sleeve-t-shirt-washed-white-real-tree-camo
2026-08-15 04:40:22,799 [ERROR] Failed to fetch product page https://uk.representclo.com/products/england-sweater-jet-black: 429 Client Error: Too Many Requests for url: https://uk.representclo.com/products/england-sweater-jet-black
2026-08-15 04:40:23,369 [ERROR] Failed to fetch product page https://uk.representclo.com/products/england-sweater-washed-white-real-tree-camo: 429 Client Error: Too Many Requests for url: https://uk.representclo.com/products/england-sweater-washed-white-real-tree-camo
2026-08-15 04:40:23,919 [ERROR] Failed to fetch product page https://uk.representclo.com/products/england-sweatpant-jet-black: 429 Client Error: Too Many Requests for url: https://uk.representclo.com/products/england-sweatpant-jet-black
2026-08-15 04:40:24,469 [ERROR] Failed to fetch product page https://uk.representclo.com/products/england-sweatpant-washed-brown: 429 Client Error: Too Many Requests for url: https://uk.representclo.com/products/england-sweatpant-washed-brown
2026-08-15 04:40:25,013 [ERROR] Failed to fetch product page https://uk.representclo.com/products/england-sweatpant-washed-white-real-tree-camo: 429 Client Error: Too Many Requests for url: https://uk.representclo.com/products/england-sweatpant-washed-white-real-tree-camo
2026-08-15 04:40:25,557 [ERROR] Failed to fetch product page https://uk.representclo.com/products/england-t-shirt-flat-white: 429 Client Error: Too Many Requests for url: https://uk.representclo.com/products/england-t-shirt-flat-white
2026-08-15 04:40:26,105 [ERROR] Failed to fetch product page https://uk.representclo.com/products/england-t-shirt-jet-black: 429 Client Error: Too Many Requests for url: https://uk.representclo.com/products/england-t-shirt-jet-black
2026-08-15 04:40:26,653 [ERROR] Failed to fetch product page https://uk.representclo.com/products/england-t-shirt-washed-brown: 429 Client Error: Too Many Requests for url: https://uk.representclo.com/products/england-t-shirt-washed-brown
2026-08-15 04:40:27,201 [ERROR] Failed to fetch product page https://uk.representclo.com/products/faux-shearling-jacket-cafe: 429 Client Error: Too Many Requests for url: https://uk.representclo.com/products/faux-shearling-jacket-cafe
2026-08-15 04:40:27,748 [ERROR] Failed to fetch product page https://uk.representclo.com/products/faux-shearling-jacket-jet-black: 429 Client Error: Too Many Requests for url: https://uk.representclo.com/products/faux-shearling-jacket-jet-black
2026-08-15 04:40:28,293 [ERROR] Failed to fetch product page https://uk.representclo.com/products/flannels-legacy-banner-t-shirt-vintage-grey: 429 Client Error: Too Many Requests for url: https://uk.representclo.com/products/flannels-legacy-banner-t-shirt-vintage-grey
2026-08-15 04:40:28,844 [ERROR] Failed to fetch product page https://uk.representclo.com/products/fleece-oversized-hoodie-black: 429 Client Error: Too Many Requests for url: https://uk.representclo.com/products/fleece-oversized-hoodie-black
2026-08-15 04:40:29,422 [ERROR] Failed to fetch product page https://uk.representclo.com/products/floral-represent-shorts-flat-white: 429 Client Error: Too Many Requests for url: https://uk.representclo.com/products/floral-represent-shorts-flat-white
2026-08-15 04:40:29,980 [ERROR] Failed to fetch product page https://uk.representclo.com/products/fluffy-mule-black: 429 Client Error: Too Many Requests for url: https://uk.representclo.com/products/fluffy-mule-black
2026-08-15 04:40:30,523 [ERROR] Failed to fetch product page https://uk.representclo.com/products/fluffy-mule-rock: 429 Client Error: Too Many Requests for url: https://uk.representclo.com/products/fluffy-mule-rock
2026-08-15 04:40:31,067 [ERROR] Failed to fetch product page https://uk.representclo.com/products/front-pocket-cargo-pant-champagne: 429 Client Error: Too Many Requests for url: https://uk.representclo.com/products/front-pocket-cargo-pant-champagne
2026-08-15 04:40:31,623 [ERROR] Failed to fetch product page https://uk.representclo.com/products/front-pocket-cargo-pant-tobacco: 429 Client Error: Too Many Requests for url: https://uk.representclo.com/products/front-pocket-cargo-pant-tobacco
2026-08-15 04:40:32,172 [ERROR] Failed to fetch product page https://uk.representclo.com/products/front-pocket-cargo-short-champagne: 429 Client Error: Too Many Requests for url: https://uk.representclo.com/products/front-pocket-cargo-short-champagne
2026-08-15 04:40:32,720 [ERROR] Failed to fetch product page https://uk.representclo.com/products/front-pocket-cargo-short-tobacco: 429 Client Error: Too Many Requests for url: https://uk.representclo.com/products/front-pocket-cargo-short-tobacco
2026-08-15 04:40:33,267 [ERROR] Failed to fetch product page https://uk.representclo.com/products/funnel-neck-jacket-black: 429 Client Error: Too Many Requests for url: https://uk.representclo.com/products/funnel-neck-jacket-black
2026-08-15 04:40:33,815 [ERROR] Failed to fetch product page https://uk.representclo.com/products/funnel-neck-jacket-stone: 429 Client Error: Too Many Requests for url: https://uk.representclo.com/products/funnel-neck-jacket-stone
2026-08-15 04:40:34,360 [ERROR] Failed to fetch product page https://uk.representclo.com/products/funnel-neck-puffer-black: 429 Client Error: Too Many Requests for url: https://uk.representclo.com/products/funnel-neck-puffer-black
2026-08-15 04:40:34,904 [ERROR] Failed to fetch product page https://uk.representclo.com/products/funnel-neck-puffer-dune: 429 Client Error: Too Many Requests for url: https://uk.representclo.com/products/funnel-neck-puffer-dune
2026-08-15 04:40:35,455 [ERROR] Failed to fetch product page https://uk.representclo.com/products/fw23-r2-straight-leg-denim-black: 429 Client Error: Too Many Requests for url: https://uk.representclo.com/products/fw23-r2-straight-leg-denim-black
2026-08-15 04:40:36,025 [ERROR] Failed to fetch product page https://uk.representclo.com/products/fw25-represent-owners-club-hoodie-faded-black: 429 Client Error: Too Many Requests for url: https://uk.representclo.com/products/fw25-represent-owners-club-hoodie-faded-black
2026-08-15 04:40:36,571 [ERROR] Failed to fetch product page https://uk.representclo.com/products/fw25-represent-owners-club-hoodie-smoked-rose: 429 Client Error: Too Many Requests for url: https://uk.representclo.com/products/fw25-represent-owners-club-hoodie-smoked-rose
2026-08-15 04:40:37,123 [ERROR] Failed to fetch product page https://uk.representclo.com/products/fw25-represent-owners-club-hoodie-sprayed-ice-grey-marl: 429 Client Error: Too Many Requests for url: https://uk.representclo.com/products/fw25-represent-owners-club-hoodie-sprayed-ice-grey-marl
2026-08-15 04:40:37,674 [ERROR] Failed to fetch product page https://uk.representclo.com/products/fw25-represent-owners-club-rugby-polo-faded-black: 429 Client Error: Too Many Requests for url: https://uk.representclo.com/products/fw25-represent-owners-club-rugby-polo-faded-black
2026-08-15 04:40:38,220 [ERROR] Failed to fetch product page https://uk.representclo.com/products/fw25-represent-owners-club-rugby-polo-smoked-rose: 429 Client Error: Too Many Requests for url: https://uk.representclo.com/products/fw25-represent-owners-club-rugby-polo-smoked-rose
2026-08-15 04:40:38,765 [ERROR] Failed to fetch product page https://uk.representclo.com/products/fw25-represent-owners-club-shorts-faded-black: 429 Client Error: Too Many Requests for url: https://uk.representclo.com/products/fw25-represent-owners-club-shorts-faded-black
2026-08-15 04:40:39,311 [ERROR] Failed to fetch product page https://uk.representclo.com/products/fw25-represent-owners-club-shorts-smoked-rose: 429 Client Error: Too Many Requests for url: https://uk.representclo.com/products/fw25-represent-owners-club-shorts-smoked-rose
2026-08-15 04:40:39,857 [ERROR] Failed to fetch product page https://uk.representclo.com/products/fw25-represent-owners-club-shorts-sprayed-ice-grey-marl: 429 Client Error: Too Many Requests for url: https://uk.representclo.com/products/fw25-represent-owners-club-shorts-sprayed-ice-grey-marl
2026-08-15 04:40:40,404 [ERROR] Failed to fetch product page https://uk.representclo.com/products/fw25-represent-owners-club-socks-buttercream: 429 Client Error: Too Many Requests for url: https://uk.representclo.com/products/fw25-represent-owners-club-socks-buttercream
2026-08-15 04:40:40,947 [ERROR] Failed to fetch product page https://uk.representclo.com/products/fw25-represent-owners-club-socks-faded-black: 429 Client Error: Too Many Requests for url: https://uk.representclo.com/products/fw25-represent-owners-club-socks-faded-black
2026-08-15 04:40:41,503 [ERROR] Failed to fetch product page https://uk.representclo.com/products/fw25-represent-owners-club-socks-grey-marl: 429 Client Error: Too Many Requests for url: https://uk.representclo.com/products/fw25-represent-owners-club-socks-grey-marl
2026-08-15 04:40:42,059 [ERROR] Failed to fetch product page https://uk.representclo.com/products/fw25-represent-owners-club-socks-optic-white: 429 Client Error: Too Many Requests for url: https://uk.representclo.com/products/fw25-represent-owners-club-socks-optic-white
2026-08-15 04:40:42,609 [ERROR] Failed to fetch product page https://uk.representclo.com/products/fw25-represent-owners-club-socks-smoked-rose: 429 Client Error: Too Many Requests for url: https://uk.representclo.com/products/fw25-represent-owners-club-socks-smoked-rose
2026-08-15 04:40:43,182 [ERROR] Failed to fetch product page https://uk.representclo.com/products/fw25-represent-owners-club-sweater-faded-black: 429 Client Error: Too Many Requests for url: https://uk.representclo.com/products/fw25-represent-owners-club-sweater-faded-black
2026-08-15 04:40:43,741 [ERROR] Failed to fetch product page https://uk.representclo.com/products/fw25-represent-owners-club-sweater-smoked-rose: 429 Client Error: Too Many Requests for url: https://uk.representclo.com/products/fw25-represent-owners-club-sweater-smoked-rose
2026-08-15 04:40:44,286 [ERROR] Failed to fetch product page https://uk.representclo.com/products/fw25-represent-owners-club-sweater-sprayed-ice-grey-marl: 429 Client Error: Too Many Requests for url: https://uk.representclo.com/products/fw25-represent-owners-club-sweater-sprayed-ice-grey-marl
2026-08-15 04:40:44,833 [ERROR] Failed to fetch product page https://uk.representclo.com/products/fw25-represent-owners-club-sweatpant-faded-black: 429 Client Error: Too Many Requests for url: https://uk.representclo.com/products/fw25-represent-owners-club-sweatpant-faded-black
2026-08-15 04:40:45,383 [ERROR] Failed to fetch product page https://uk.representclo.com/products/fw25-represent-owners-club-sweatpant-sprayed-ice-grey-marl: 429 Client Error: Too Many Requests for url: https://uk.representclo.com/products/fw25-represent-owners-club-sweatpant-sprayed-ice-grey-marl
2026-08-15 04:40:45,931 [ERROR] Failed to fetch product page https://uk.representclo.com/products/fw25-represent-owners-club-t-shirt-buttercream: 429 Client Error: Too Many Requests for url: https://uk.representclo.com/products/fw25-represent-owners-club-t-shirt-buttercream
2026-08-15 04:40:46,480 [ERROR] Failed to fetch product page https://uk.representclo.com/products/fw25-represent-owners-club-t-shirt-faded-black: 429 Client Error: Too Many Requests for url: https://uk.representclo.com/products/fw25-represent-owners-club-t-shirt-faded-black
2026-08-15 04:40:47,028 [ERROR] Failed to fetch product page https://uk.representclo.com/products/fw25-represent-owners-club-t-shirt-flat-white: 429 Client Error: Too Many Requests for url: https://uk.representclo.com/products/fw25-represent-owners-club-t-shirt-flat-white
2026-08-15 04:40:47,575 [ERROR] Failed to fetch product page https://uk.representclo.com/products/fw25-represent-owners-club-tote-bag-buttercream: 429 Client Error: Too Many Requests for url: https://uk.representclo.com/products/fw25-represent-owners-club-tote-bag-buttercream
2026-08-15 04:40:48,158 [ERROR] Failed to fetch product page https://uk.representclo.com/products/fw25-represent-owners-club-zip-through-hoodie-buttercream: 429 Client Error: Too Many Requests for url: https://uk.representclo.com/products/fw25-represent-owners-club-zip-through-hoodie-buttercream
2026-08-15 04:40:48,707 [ERROR] Failed to fetch product page https://uk.representclo.com/products/fw25-represent-owners-club-zip-through-hoodie-sprayed-ice-grey-marl: 429 Client Error: Too Many Requests for url: https://uk.representclo.com/products/fw25-represent-owners-club-zip-through-hoodie-sprayed-ice-grey-marl
2026-08-15 04:40:49,263 [ERROR] Failed to fetch product page https://uk.representclo.com/products/gh-knitted-long-sleeve-top-espresso: 429 Client Error: Too Many Requests for url: https://uk.representclo.com/products/gh-knitted-long-sleeve-top-espresso
2026-08-15 04:40:49,811 [ERROR] Failed to fetch product page https://uk.representclo.com/products/gh-knitted-long-sleeve-top-jet-black: 429 Client Error: Too Many Requests for url: https://uk.representclo.com/products/gh-knitted-long-sleeve-top-jet-black
2026-08-15 04:40:50,362 [ERROR] Failed to fetch product page https://uk.representclo.com/products/gh-shrunken-sweatshirt-jet-black: 429 Client Error: Too Many Requests for url: https://uk.representclo.com/products/gh-shrunken-sweatshirt-jet-black
2026-08-15 04:40:50,915 [ERROR] Failed to fetch product page https://uk.representclo.com/products/gh-shrunken-zip-hoodie-jet-black: 429 Client Error: Too Many Requests for url: https://uk.representclo.com/products/gh-shrunken-zip-hoodie-jet-black
2026-08-15 04:40:51,464 [ERROR] Failed to fetch product page https://uk.representclo.com/products/gh-t-shirt-flat-white: 429 Client Error: Too Many Requests for url: https://uk.representclo.com/products/gh-t-shirt-flat-white
2026-08-15 04:40:52,012 [ERROR] Failed to fetch product page https://uk.representclo.com/products/gh-t-shirt-jet-black: 429 Client Error: Too Many Requests for url: https://uk.representclo.com/products/gh-t-shirt-jet-black
2026-08-15 04:40:52,562 [ERROR] Failed to fetch product page https://uk.representclo.com/products/gh-t-shirt-vintage-grey: 429 Client Error: Too Many Requests for url: https://uk.representclo.com/products/gh-t-shirt-vintage-grey
2026-08-15 04:40:53,108 [ERROR] Failed to fetch product page https://uk.representclo.com/products/gift-card: 429 Client Error: Too Many Requests for url: https://uk.representclo.com/products/gift-card
2026-08-15 04:40:53,654 [ERROR] Failed to fetch product page https://uk.representclo.com/products/godspeed-t-shirt-flat-white: 429 Client Error: Too Many Requests for url: https://uk.representclo.com/products/godspeed-t-shirt-flat-white
2026-08-15 04:40:54,206 [ERROR] Failed to fetch product page https://uk.representclo.com/products/golden-tour-hoodie-sun-fade-grey: 429 Client Error: Too Many Requests for url: https://uk.representclo.com/products/golden-tour-hoodie-sun-fade-grey
2026-08-15 04:40:54,765 [ERROR] Failed to fetch product page https://uk.representclo.com/products/golden-tour-t-shirt-sun-fade-grey: 429 Client Error: Too Many Requests for url: https://uk.representclo.com/products/golden-tour-t-shirt-sun-fade-grey
2026-08-15 04:40:55,313 [ERROR] Failed to fetch product page https://uk.representclo.com/products/gran-cru-classe-cap-jet-black: 429 Client Error: Too Many Requests for url: https://uk.representclo.com/products/gran-cru-classe-cap-jet-black
2026-08-15 04:40:55,863 [ERROR] Failed to fetch product page https://uk.representclo.com/products/gran-cru-classe-cap-washed-pink: 429 Client Error: Too Many Requests for url: https://uk.representclo.com/products/gran-cru-classe-cap-washed-pink
2026-08-15 04:40:56,412 [ERROR] Failed to fetch product page https://uk.representclo.com/products/grand-vintage-hand-drawn-t-shirt-aged-white: 429 Client Error: Too Many Requests for url: https://uk.representclo.com/products/grand-vintage-hand-drawn-t-shirt-aged-white
2026-08-15 04:40:56,963 [ERROR] Failed to fetch product page https://uk.representclo.com/products/grand-vintage-hand-drawn-t-shirt-jet-black: 429 Client Error: Too Many Requests for url: https://uk.representclo.com/products/grand-vintage-hand-drawn-t-shirt-jet-black
2026-08-15 04:40:57,508 [ERROR] Failed to fetch product page https://uk.representclo.com/products/grand-vintage-hoodie-champagne: 429 Client Error: Too Many Requests for url: https://uk.representclo.com/products/grand-vintage-hoodie-champagne
2026-08-15 04:40:58,055 [ERROR] Failed to fetch product page https://uk.representclo.com/products/grand-vintage-hoodie-washed-sage: 429 Client Error: Too Many Requests for url: https://uk.representclo.com/products/grand-vintage-hoodie-washed-sage
2026-08-15 04:40:58,600 [ERROR] Failed to fetch product page https://uk.representclo.com/products/grand-vintage-short-champagne: 429 Client Error: Too Many Requests for url: https://uk.representclo.com/products/grand-vintage-short-champagne
2026-08-15 04:40:59,146 [ERROR] Failed to fetch product page https://uk.representclo.com/products/grand-vintage-short-washed-sage: 429 Client Error: Too Many Requests for url: https://uk.representclo.com/products/grand-vintage-short-washed-sage
2026-08-15 04:40:59,691 [ERROR] Failed to fetch product page https://uk.representclo.com/products/grand-vintage-t-shirt-champagne: 429 Client Error: Too Many Requests for url: https://uk.representclo.com/products/grand-vintage-t-shirt-champagne
2026-08-15 04:41:00,235 [ERROR] Failed to fetch product page https://uk.representclo.com/products/grand-vintage-t-shirt-washed-sage: 429 Client Error: Too Many Requests for url: https://uk.representclo.com/products/grand-vintage-t-shirt-washed-sage
2026-08-15 04:41:00,790 [ERROR] Failed to fetch product page https://uk.representclo.com/products/hampton-sunglasses-tortoise: 429 Client Error: Too Many Requests for url: https://uk.representclo.com/products/hampton-sunglasses-tortoise
2026-08-15 04:41:01,340 [ERROR] Failed to fetch product page https://uk.representclo.com/products/hand-drawn-horses-t-shirt-aged-black: 429 Client Error: Too Many Requests for url: https://uk.representclo.com/products/hand-drawn-horses-t-shirt-aged-black
2026-08-15 04:41:01,909 [ERROR] Failed to fetch product page https://uk.representclo.com/products/hand-drawn-horses-t-shirt-flat-white: 429 Client Error: Too Many Requests for url: https://uk.representclo.com/products/hand-drawn-horses-t-shirt-flat-white
2026-08-15 04:41:02,459 [ERROR] Failed to fetch product page https://uk.representclo.com/products/hand-drawn-thoroughbred-hoodie-aged-black: 429 Client Error: Too Many Requests for url: https://uk.representclo.com/products/hand-drawn-thoroughbred-hoodie-aged-black
2026-08-15 04:41:03,008 [ERROR] Failed to fetch product page https://uk.representclo.com/products/hand-drawn-thoroughbred-t-shirt-aged-black: 429 Client Error: Too Many Requests for url: https://uk.representclo.com/products/hand-drawn-thoroughbred-t-shirt-aged-black
2026-08-15 04:41:03,551 [ERROR] Failed to fetch product page https://uk.representclo.com/products/hand-drawn-thoroughbred-t-shirt-flat-white: 429 Client Error: Too Many Requests for url: https://uk.representclo.com/products/hand-drawn-thoroughbred-t-shirt-flat-white
2026-08-15 04:41:04,096 [ERROR] Failed to fetch product page https://uk.representclo.com/products/heaton-denim-black: 429 Client Error: Too Many Requests for url: https://uk.representclo.com/products/heaton-denim-black
2026-08-15 04:41:04,642 [ERROR] Failed to fetch product page https://uk.representclo.com/products/heaton-denim-heritage-blue: 429 Client Error: Too Many Requests for url: https://uk.representclo.com/products/heaton-denim-heritage-blue
2026-08-15 04:41:05,190 [ERROR] Failed to fetch product page https://uk.representclo.com/products/heaton-denim-jet-black: 429 Client Error: Too Many Requests for url: https://uk.representclo.com/products/heaton-denim-jet-black
2026-08-15 04:41:05,736 [ERROR] Failed to fetch product page https://uk.representclo.com/products/heaton-denim-light-vintage-blue: 429 Client Error: Too Many Requests for url: https://uk.representclo.com/products/heaton-denim-light-vintage-blue
2026-08-15 04:41:06,281 [ERROR] Failed to fetch product page https://uk.representclo.com/products/heaton-denim-shadow: 429 Client Error: Too Many Requests for url: https://uk.representclo.com/products/heaton-denim-shadow
2026-08-15 04:41:06,829 [ERROR] Failed to fetch product page https://uk.representclo.com/products/heaton-denim-vintage-grey: 429 Client Error: Too Many Requests for url: https://uk.representclo.com/products/heaton-denim-vintage-grey
2026-08-15 04:41:07,377 [ERROR] Failed to fetch product page https://uk.representclo.com/products/heaton-denim-vintage-white: 429 Client Error: Too Many Requests for url: https://uk.representclo.com/products/heaton-denim-vintage-white
2026-08-15 04:41:07,972 [ERROR] Failed to fetch product page https://uk.representclo.com/products/heaton-workwear-jacket-irish-cream: 429 Client Error: Too Many Requests for url: https://uk.representclo.com/products/heaton-workwear-jacket-irish-cream
2026-08-15 04:41:08,559 [ERROR] Failed to fetch product page https://uk.representclo.com/products/heaton-workwear-jacket-washed-black: 429 Client Error: Too Many Requests for url: https://uk.representclo.com/products/heaton-workwear-jacket-washed-black
2026-08-15 04:41:09,112 [ERROR] Failed to fetch product page https://uk.representclo.com/products/heaton-workwear-pant-beige: 429 Client Error: Too Many Requests for url: https://uk.representclo.com/products/heaton-workwear-pant-beige
2026-08-15 04:41:09,687 [ERROR] Failed to fetch product page https://uk.representclo.com/products/heaton-workwear-pant-jet-black: 429 Client Error: Too Many Requests for url: https://uk.representclo.com/products/heaton-workwear-pant-jet-black
2026-08-15 04:41:10,232 [ERROR] Failed to fetch product page https://uk.representclo.com/products/hermes-t-shirt-flat-white: 429 Client Error: Too Many Requests for url: https://uk.representclo.com/products/hermes-t-shirt-flat-white
2026-08-15 04:41:10,783 [ERROR] Failed to fetch product page https://uk.representclo.com/products/hermes-t-shirt-jet-black: 429 Client Error: Too Many Requests for url: https://uk.representclo.com/products/hermes-t-shirt-jet-black
2026-08-15 04:41:11,337 [ERROR] Failed to fetch product page https://uk.representclo.com/products/hooded-bomber-beige: 429 Client Error: Too Many Requests for url: https://uk.representclo.com/products/hooded-bomber-beige
2026-08-15 04:41:11,885 [ERROR] Failed to fetch product page https://uk.representclo.com/products/hooded-bomber-washed-black: 429 Client Error: Too Many Requests for url: https://uk.representclo.com/products/hooded-bomber-washed-black
2026-08-15 04:41:12,430 [ERROR] Failed to fetch product page https://uk.representclo.com/products/htn-canvas-bag-tan: 429 Client Error: Too Many Requests for url: https://uk.representclo.com/products/htn-canvas-bag-tan
2026-08-15 04:41:12,978 [ERROR] Failed to fetch product page https://uk.representclo.com/products/htn-leather-bag-black: 429 Client Error: Too Many Requests for url: https://uk.representclo.com/products/htn-leather-bag-black
2026-08-15 04:41:13,524 [ERROR] Failed to fetch product page https://uk.representclo.com/products/htn-low-black: 429 Client Error: Too Many Requests for url: https://uk.representclo.com/products/htn-low-black
2026-08-15 04:41:14,105 [ERROR] Failed to fetch product page https://uk.representclo.com/products/htn-low-cashmere: 429 Client Error: Too Many Requests for url: https://uk.representclo.com/products/htn-low-cashmere
2026-08-15 04:41:14,655 [ERROR] Failed to fetch product page https://uk.representclo.com/products/htn-low-distressed-light-grey: 429 Client Error: Too Many Requests for url: https://uk.representclo.com/products/htn-low-distressed-light-grey
2026-08-15 04:41:15,203 [ERROR] Failed to fetch product page https://uk.representclo.com/products/htn-low-distressed-off-black: 429 Client Error: Too Many Requests for url: https://uk.representclo.com/products/htn-low-distressed-off-black
2026-08-15 04:41:15,754 [ERROR] Failed to fetch product page https://uk.representclo.com/products/htn-low-distressed-vintage-white: 429 Client Error: Too Many Requests for url: https://uk.representclo.com/products/htn-low-distressed-vintage-white
2026-08-15 04:41:16,299 [ERROR] Failed to fetch product page https://uk.representclo.com/products/htn-low-flat-white: 429 Client Error: Too Many Requests for url: https://uk.representclo.com/products/htn-low-flat-white
2026-08-15 04:41:16,868 [ERROR] Failed to fetch product page https://uk.representclo.com/products/htn-low-pony-hair-black: 429 Client Error: Too Many Requests for url: https://uk.representclo.com/products/htn-low-pony-hair-black
2026-08-15 04:41:17,413 [ERROR] Failed to fetch product page https://uk.representclo.com/products/htn-low-pony-hair-brown: 429 Client Error: Too Many Requests for url: https://uk.representclo.com/products/htn-low-pony-hair-brown
2026-08-15 04:41:17,960 [ERROR] Failed to fetch product page https://uk.representclo.com/products/htn-low-rustic-latte: 429 Client Error: Too Many Requests for url: https://uk.representclo.com/products/htn-low-rustic-latte
2026-08-15 04:41:18,506 [ERROR] Failed to fetch product page https://uk.representclo.com/products/htn-low-tumbled-leather-black: 429 Client Error: Too Many Requests for url: https://uk.representclo.com/products/htn-low-tumbled-leather-black
2026-08-15 04:41:19,052 [ERROR] Failed to fetch product page https://uk.representclo.com/products/htn-x-high-black: 429 Client Error: Too Many Requests for url: https://uk.representclo.com/products/htn-x-high-black
2026-08-15 04:41:19,598 [ERROR] Failed to fetch product page https://uk.representclo.com/products/htn-x-high-grey: 429 Client Error: Too Many Requests for url: https://uk.representclo.com/products/htn-x-high-grey
2026-08-15 04:41:20,143 [ERROR] Failed to fetch product page https://uk.representclo.com/products/htn-x-low-black-textured: 429 Client Error: Too Many Requests for url: https://uk.representclo.com/products/htn-x-low-black-textured
2026-08-15 04:41:20,701 [ERROR] Failed to fetch product page https://uk.representclo.com/products/htn-x-low-vintage-white: 429 Client Error: Too Many Requests for url: https://uk.representclo.com/products/htn-x-low-vintage-white
2026-08-15 04:41:21,249 [ERROR] Failed to fetch product page https://uk.representclo.com/products/htn-x-low-warm-grey: 429 Client Error: Too Many Requests for url: https://uk.representclo.com/products/htn-x-low-warm-grey
2026-08-15 04:41:21,796 [ERROR] Failed to fetch product page https://uk.representclo.com/products/icarus-t-shirt-flat-white: 429 Client Error: Too Many Requests for url: https://uk.representclo.com/products/icarus-t-shirt-flat-white
2026-08-15 04:41:22,340 [ERROR] Failed to fetch product page https://uk.representclo.com/products/icarus-t-shirt-jet-black: 429 Client Error: Too Many Requests for url: https://uk.representclo.com/products/icarus-t-shirt-jet-black
2026-08-15 04:41:22,915 [ERROR] Failed to fetch product page https://uk.representclo.com/products/icarus-t-shirt-sky-blue: 429 Client Error: Too Many Requests for url: https://uk.representclo.com/products/icarus-t-shirt-sky-blue
2026-08-15 04:41:23,463 [ERROR] Failed to fetch product page https://uk.representclo.com/products/icarus-t-shirt-taupe: 429 Client Error: Too Many Requests for url: https://uk.representclo.com/products/icarus-t-shirt-taupe
2026-08-15 04:41:24,012 [ERROR] Failed to fetch product page https://uk.representclo.com/products/initial-belt-cardholder-black: 429 Client Error: Too Many Requests for url: https://uk.representclo.com/products/initial-belt-cardholder-black
2026-08-15 04:41:24,565 [ERROR] Failed to fetch product page https://uk.representclo.com/products/initial-boxy-hoodie-black: 429 Client Error: Too Many Requests for url: https://uk.representclo.com/products/initial-boxy-hoodie-black
2026-08-15 04:41:25,113 [ERROR] Failed to fetch product page https://uk.representclo.com/products/initial-boxy-hoodie-coffee: 429 Client Error: Too Many Requests for url: https://uk.representclo.com/products/initial-boxy-hoodie-coffee
2026-08-15 04:41:25,668 [ERROR] Failed to fetch product page https://uk.representclo.com/products/initial-boxy-hoodie-dune: 429 Client Error: Too Many Requests for url: https://uk.representclo.com/products/initial-boxy-hoodie-dune
2026-08-15 04:41:26,217 [ERROR] Failed to fetch product page https://uk.representclo.com/products/initial-boxy-hoodie-ice-grey-marl: 429 Client Error: Too Many Requests for url: https://uk.representclo.com/products/initial-boxy-hoodie-ice-grey-marl
2026-08-15 04:41:26,780 [ERROR] Failed to fetch product page https://uk.representclo.com/products/initial-boxy-hoodie-mist: 429 Client Error: Too Many Requests for url: https://uk.representclo.com/products/initial-boxy-hoodie-mist
2026-08-15 04:41:27,330 [ERROR] Failed to fetch product page https://uk.representclo.com/products/initial-boxy-hoodie-vintage-grey-v2: 429 Client Error: Too Many Requests for url: https://uk.representclo.com/products/initial-boxy-hoodie-vintage-grey-v2
2026-08-15 04:41:27,877 [ERROR] Failed to fetch product page https://uk.representclo.com/products/initial-boxy-quarter-zip-ice-grey-marl-v2: 429 Client Error: Too Many Requests for url: https://uk.representclo.com/products/initial-boxy-quarter-zip-ice-grey-marl-v2
2026-08-15 04:41:28,424 [ERROR] Failed to fetch product page https://uk.representclo.com/products/initial-boxy-quarter-zip-jet-black-v2: 429 Client Error: Too Many Requests for url: https://uk.representclo.com/products/initial-boxy-quarter-zip-jet-black-v2
2026-08-15 04:41:28,976 [ERROR] Failed to fetch product page https://uk.representclo.com/products/initial-boxy-sweater-army-green: 429 Client Error: Too Many Requests for url: https://uk.representclo.com/products/initial-boxy-sweater-army-green
2026-08-15 04:41:29,521 [ERROR] Failed to fetch product page https://uk.representclo.com/products/initial-boxy-sweater-coffee: 429 Client Error: Too Many Requests for url: https://uk.representclo.com/products/initial-boxy-sweater-coffee
2026-08-15 04:41:30,069 [ERROR] Failed to fetch product page https://uk.representclo.com/products/initial-boxy-sweater-dune: 429 Client Error: Too Many Requests for url: https://uk.representclo.com/products/initial-boxy-sweater-dune
2026-08-15 04:41:30,613 [ERROR] Failed to fetch product page https://uk.representclo.com/products/initial-boxy-sweater-ice-grey-marl: 429 Client Error: Too Many Requests for url: https://uk.representclo.com/products/initial-boxy-sweater-ice-grey-marl
2026-08-15 04:41:31,159 [ERROR] Failed to fetch product page https://uk.representclo.com/products/initial-boxy-sweater-jet-black-v2: 429 Client Error: Too Many Requests for url: https://uk.representclo.com/products/initial-boxy-sweater-jet-black-v2
2026-08-15 04:41:31,706 [ERROR] Failed to fetch product page https://uk.representclo.com/products/initial-boxy-sweater-midnight-navy: 429 Client Error: Too Many Requests for url: https://uk.representclo.com/products/initial-boxy-sweater-midnight-navy
2026-08-15 04:41:32,256 [ERROR] Failed to fetch product page https://uk.representclo.com/products/initial-boxy-t-shirt-army-green: 429 Client Error: Too Many Requests for url: https://uk.representclo.com/products/initial-boxy-t-shirt-army-green
2026-08-15 04:41:32,801 [ERROR] Failed to fetch product page https://uk.representclo.com/products/initial-boxy-t-shirt-black: 429 Client Error: Too Many Requests for url: https://uk.representclo.com/products/initial-boxy-t-shirt-black
2026-08-15 04:41:33,359 [ERROR] Failed to fetch product page https://uk.representclo.com/products/initial-boxy-t-shirt-canary-yellow: 429 Client Error: Too Many Requests for url: https://uk.representclo.com/products/initial-boxy-t-shirt-canary-yellow
2026-08-15 04:41:33,906 [ERROR] Failed to fetch product page https://uk.representclo.com/products/initial-boxy-t-shirt-coffee: 429 Client Error: Too Many Requests for url: https://uk.representclo.com/products/initial-boxy-t-shirt-coffee
2026-08-15 04:41:34,453 [ERROR] Failed to fetch product page https://uk.representclo.com/products/initial-boxy-t-shirt-dune: 429 Client Error: Too Many Requests for url: https://uk.representclo.com/products/initial-boxy-t-shirt-dune
2026-08-15 04:41:35,002 [ERROR] Failed to fetch product page https://uk.representclo.com/products/initial-boxy-t-shirt-flat-white: 429 Client Error: Too Many Requests for url: https://uk.representclo.com/products/initial-boxy-t-shirt-flat-white
2026-08-15 04:41:35,556 [ERROR] Failed to fetch product page https://uk.representclo.com/products/initial-boxy-t-shirt-ice-grey-marl: 429 Client Error: Too Many Requests for url: https://uk.representclo.com/products/initial-boxy-t-shirt-ice-grey-marl
2026-08-15 04:41:36,107 [ERROR] Failed to fetch product page https://uk.representclo.com/products/initial-boxy-t-shirt-vintage-grey: 429 Client Error: Too Many Requests for url: https://uk.representclo.com/products/initial-boxy-t-shirt-vintage-grey
2026-08-15 04:41:36,651 [ERROR] Failed to fetch product page https://uk.representclo.com/products/initial-boxy-t-shirt-vintage-red: 429 Client Error: Too Many Requests for url: https://uk.representclo.com/products/initial-boxy-t-shirt-vintage-red
2026-08-15 04:41:37,197 [ERROR] Failed to fetch product page https://uk.representclo.com/products/initial-boxy-tank-black: 429 Client Error: Too Many Requests for url: https://uk.representclo.com/products/initial-boxy-tank-black
2026-08-15 04:41:37,742 [ERROR] Failed to fetch product page https://uk.representclo.com/products/initial-boxy-tank-flat-white: 429 Client Error: Too Many Requests for url: https://uk.representclo.com/products/initial-boxy-tank-flat-white
2026-08-15 04:41:38,287 [ERROR] Failed to fetch product page https://uk.representclo.com/products/initial-boxy-tank-flat-white-ss26: 429 Client Error: Too Many Requests for url: https://uk.representclo.com/products/initial-boxy-tank-flat-white-ss26
2026-08-15 04:41:38,835 [ERROR] Failed to fetch product page https://uk.representclo.com/products/initial-boxy-tank-ice-grey-marl: 429 Client Error: Too Many Requests for url: https://uk.representclo.com/products/initial-boxy-tank-ice-grey-marl
2026-08-15 04:41:39,381 [ERROR] Failed to fetch product page https://uk.representclo.com/products/initial-boxy-tank-mist: 429 Client Error: Too Many Requests for url: https://uk.representclo.com/products/initial-boxy-tank-mist
2026-08-15 04:41:39,928 [ERROR] Failed to fetch product page https://uk.representclo.com/products/initial-boxy-zip-through-hoodie-army-green: 429 Client Error: Too Many Requests for url: https://uk.representclo.com/products/initial-boxy-zip-through-hoodie-army-green
2026-08-15 04:41:40,479 [ERROR] Failed to fetch product page https://uk.representclo.com/products/initial-boxy-zip-through-hoodie-canary-yellow: 429 Client Error: Too Many Requests for url: https://uk.representclo.com/products/initial-boxy-zip-through-hoodie-canary-yellow
2026-08-15 04:41:41,035 [ERROR] Failed to fetch product page https://uk.representclo.com/products/initial-boxy-zip-through-hoodie-coffee: 429 Client Error: Too Many Requests for url: https://uk.representclo.com/products/initial-boxy-zip-through-hoodie-coffee
2026-08-15 04:41:41,624 [ERROR] Failed to fetch product page https://uk.representclo.com/products/initial-boxy-zip-through-hoodie-dune: 429 Client Error: Too Many Requests for url: https://uk.representclo.com/products/initial-boxy-zip-through-hoodie-dune
2026-08-15 04:41:42,175 [ERROR] Failed to fetch product page https://uk.representclo.com/products/initial-boxy-zip-through-hoodie-ice-grey-marl: 429 Client Error: Too Many Requests for url: https://uk.representclo.com/products/initial-boxy-zip-through-hoodie-ice-grey-marl
2026-08-15 04:41:42,724 [ERROR] Failed to fetch product page https://uk.representclo.com/products/initial-boxy-zip-through-hoodie-jet-black-v2: 429 Client Error: Too Many Requests for url: https://uk.representclo.com/products/initial-boxy-zip-through-hoodie-jet-black-v2
2026-08-15 04:41:43,272 [ERROR] Failed to fetch product page https://uk.representclo.com/products/initial-boxy-zip-through-hoodie-mist: 429 Client Error: Too Many Requests for url: https://uk.representclo.com/products/initial-boxy-zip-through-hoodie-mist
2026-08-15 04:41:43,820 [ERROR] Failed to fetch product page https://uk.representclo.com/products/initial-boxy-zip-through-hoodie-vintage-red: 429 Client Error: Too Many Requests for url: https://uk.representclo.com/products/initial-boxy-zip-through-hoodie-vintage-red
2026-08-15 04:41:44,369 [ERROR] Failed to fetch product page https://uk.representclo.com/products/initial-bucket-hat-champagne: 429 Client Error: Too Many Requests for url: https://uk.representclo.com/products/initial-bucket-hat-champagne
2026-08-15 04:41:44,915 [ERROR] Failed to fetch product page https://uk.representclo.com/products/initial-bucket-hat-jet-black: 429 Client Error: Too Many Requests for url: https://uk.representclo.com/products/initial-bucket-hat-jet-black
2026-08-15 04:41:45,462 [ERROR] Failed to fetch product page https://uk.representclo.com/products/initial-cap-midnight-navy: 429 Client Error: Too Many Requests for url: https://uk.representclo.com/products/initial-cap-midnight-navy
2026-08-15 04:41:46,027 [ERROR] Failed to fetch product page https://uk.representclo.com/products/initial-cap-mist: 429 Client Error: Too Many Requests for url: https://uk.representclo.com/products/initial-cap-mist
2026-08-15 04:41:46,577 [ERROR] Failed to fetch product page https://uk.representclo.com/products/initial-cargo-sweatpants-coffee: 429 Client Error: Too Many Requests for url: https://uk.representclo.com/products/initial-cargo-sweatpants-coffee
2026-08-15 04:41:47,126 [ERROR] Failed to fetch product page https://uk.representclo.com/products/initial-chain-ring-silver: 429 Client Error: Too Many Requests for url: https://uk.representclo.com/products/initial-chain-ring-silver
2026-08-15 04:41:47,685 [ERROR] Failed to fetch product page https://uk.representclo.com/products/initial-crest-cap-antique-white: 429 Client Error: Too Many Requests for url: https://uk.representclo.com/products/initial-crest-cap-antique-white
2026-08-15 04:41:48,269 [ERROR] Failed to fetch product page https://uk.representclo.com/products/initial-crest-cap-jet-black: 429 Client Error: Too Many Requests for url: https://uk.representclo.com/products/initial-crest-cap-jet-black
2026-08-15 04:41:48,818 [ERROR] Failed to fetch product page https://uk.representclo.com/products/initial-crossbody-bag-jet-black: 429 Client Error: Too Many Requests for url: https://uk.representclo.com/products/initial-crossbody-bag-jet-black
2026-08-15 04:41:49,368 [ERROR] Failed to fetch product page https://uk.representclo.com/products/initial-cuffed-sweatpant-black: 429 Client Error: Too Many Requests for url: https://uk.representclo.com/products/initial-cuffed-sweatpant-black
2026-08-15 04:41:49,917 [ERROR] Failed to fetch product page https://uk.representclo.com/products/initial-cuffed-sweatpant-ice-grey-marl: 429 Client Error: Too Many Requests for url: https://uk.representclo.com/products/initial-cuffed-sweatpant-ice-grey-marl
2026-08-15 04:41:50,464 [ERROR] Failed to fetch product page https://uk.representclo.com/products/initial-funnel-neck-quarter-zip-sweatshirt-coffee: 429 Client Error: Too Many Requests for url: https://uk.representclo.com/products/initial-funnel-neck-quarter-zip-sweatshirt-coffee
2026-08-15 04:41:51,017 [ERROR] Failed to fetch product page https://uk.representclo.com/products/initial-henley-collar-sweater-jet-black: 429 Client Error: Too Many Requests for url: https://uk.representclo.com/products/initial-henley-collar-sweater-jet-black
2026-08-15 04:41:51,562 [ERROR] Failed to fetch product page https://uk.representclo.com/products/initial-henley-waffle-long-sleeve-t-shirt-flat-white: 429 Client Error: Too Many Requests for url: https://uk.representclo.com/products/initial-henley-waffle-long-sleeve-t-shirt-flat-white
2026-08-15 04:41:52,114 [ERROR] Failed to fetch product page https://uk.representclo.com/products/initial-henley-waffle-long-sleeve-t-shirt-ice-grey-marl: 429 Client Error: Too Many Requests for url: https://uk.representclo.com/products/initial-henley-waffle-long-sleeve-t-shirt-ice-grey-marl
2026-08-15 04:41:52,672 [ERROR] Failed to fetch product page https://uk.representclo.com/products/initial-henley-waffle-long-sleeve-t-shirt-jet-black: 429 Client Error: Too Many Requests for url: https://uk.representclo.com/products/initial-henley-waffle-long-sleeve-t-shirt-jet-black
2026-08-15 04:41:53,218 [ERROR] Failed to fetch product page https://uk.representclo.com/products/initial-henley-waffle-long-sleeve-t-shirt-midnight-navy: 429 Client Error: Too Many Requests for url: https://uk.representclo.com/products/initial-henley-waffle-long-sleeve-t-shirt-midnight-navy
2026-08-15 04:41:53,805 [ERROR] Failed to fetch product page https://uk.representclo.com/products/initial-knitted-track-jacket-jet-black: 429 Client Error: Too Many Requests for url: https://uk.representclo.com/products/initial-knitted-track-jacket-jet-black
2026-08-15 04:41:54,353 [ERROR] Failed to fetch product page https://uk.representclo.com/products/initial-long-sleeve-open-cuff-t-shirt-dune: 429 Client Error: Too Many Requests for url: https://uk.representclo.com/products/initial-long-sleeve-open-cuff-t-shirt-dune
2026-08-15 04:41:54,909 [ERROR] Failed to fetch product page https://uk.representclo.com/products/initial-long-sleeve-t-shirt-black: 429 Client Error: Too Many Requests for url: https://uk.representclo.com/products/initial-long-sleeve-t-shirt-black
2026-08-15 04:41:55,454 [ERROR] Failed to fetch product page https://uk.representclo.com/products/initial-long-sleeve-t-shirt-flat-white: 429 Client Error: Too Many Requests for url: https://uk.representclo.com/products/initial-long-sleeve-t-shirt-flat-white
2026-08-15 04:41:56,001 [ERROR] Failed to fetch product page https://uk.representclo.com/products/initial-long-sleeve-t-shirt-ice-grey-marl: 429 Client Error: Too Many Requests for url: https://uk.representclo.com/products/initial-long-sleeve-t-shirt-ice-grey-marl
2026-08-15 04:41:56,571 [ERROR] Failed to fetch product page https://uk.representclo.com/products/initial-mesh-shorts-army-green: 429 Client Error: Too Many Requests for url: https://uk.representclo.com/products/initial-mesh-shorts-army-green
2026-08-15 04:41:57,115 [ERROR] Failed to fetch product page https://uk.representclo.com/products/initial-mesh-shorts-vintage-red: 429 Client Error: Too Many Requests for url: https://uk.representclo.com/products/initial-mesh-shorts-vintage-red
2026-08-15 04:41:57,660 [ERROR] Failed to fetch product page https://uk.representclo.com/products/initial-mule-black-ss24: 429 Client Error: Too Many Requests for url: https://uk.representclo.com/products/initial-mule-black-ss24
2026-08-15 04:41:58,207 [ERROR] Failed to fetch product page https://uk.representclo.com/products/initial-mule-taupe: 429 Client Error: Too Many Requests for url: https://uk.representclo.com/products/initial-mule-taupe
2026-08-15 04:41:58,758 [ERROR] Failed to fetch product page https://uk.representclo.com/products/initial-nylon-sling-bag-black: 429 Client Error: Too Many Requests for url: https://uk.representclo.com/products/initial-nylon-sling-bag-black
2026-08-15 04:41:59,305 [ERROR] Failed to fetch product page https://uk.representclo.com/products/initial-nylon-track-jacket-coffee: 429 Client Error: Too Many Requests for url: https://uk.representclo.com/products/initial-nylon-track-jacket-coffee
2026-08-15 04:41:59,882 [ERROR] Failed to fetch product page https://uk.representclo.com/products/initial-nylon-track-pant-coffee: 429 Client Error: Too Many Requests for url: https://uk.representclo.com/products/initial-nylon-track-pant-coffee
2026-08-15 04:42:00,437 [ERROR] Failed to fetch product page https://uk.representclo.com/products/initial-overdye-realtree-boxy-sweater-overdyed-black: 429 Client Error: Too Many Requests for url: https://uk.representclo.com/products/initial-overdye-realtree-boxy-sweater-overdyed-black
2026-08-15 04:42:00,982 [ERROR] Failed to fetch product page https://uk.representclo.com/products/initial-overdye-realtree-boxy-t-shirt-overdyed-black: 429 Client Error: Too Many Requests for url: https://uk.representclo.com/products/initial-overdye-realtree-boxy-t-shirt-overdyed-black
2026-08-15 04:42:01,525 [ERROR] Failed to fetch product page https://uk.representclo.com/products/initial-overdye-realtree-boxy-zip-through-hoodie-overdyed-black: 429 Client Error: Too Many Requests for url: https://uk.representclo.com/products/initial-overdye-realtree-boxy-zip-through-hoodie-overdyed-black
2026-08-15 04:42:02,073 [ERROR] Failed to fetch product page https://uk.representclo.com/products/initial-overdye-realtree-long-sleeve-t-shirt-overdyed-black: 429 Client Error: Too Many Requests for url: https://uk.representclo.com/products/initial-overdye-realtree-long-sleeve-t-shirt-overdyed-black
2026-08-15 04:42:02,618 [ERROR] Failed to fetch product page https://uk.representclo.com/products/initial-overdye-realtree-oversized-hoodie-overdyed-black: 429 Client Error: Too Many Requests for url: https://uk.representclo.com/products/initial-overdye-realtree-oversized-hoodie-overdyed-black
2026-08-15 04:42:03,172 [ERROR] Failed to fetch product page https://uk.representclo.com/products/initial-overdye-realtree-oversized-t-shirt-overdyed-black: 429 Client Error: Too Many Requests for url: https://uk.representclo.com/products/initial-overdye-realtree-oversized-t-shirt-overdyed-black
2026-08-15 04:42:03,719 [ERROR] Failed to fetch product page https://uk.representclo.com/products/initial-overdye-realtree-sweatpants-overdyed-black: 429 Client Error: Too Many Requests for url: https://uk.representclo.com/products/initial-overdye-realtree-sweatpants-overdyed-black
2026-08-15 04:42:04,267 [ERROR] Failed to fetch product page https://uk.representclo.com/products/initial-oversized-hoodie-black: 429 Client Error: Too Many Requests for url: https://uk.representclo.com/products/initial-oversized-hoodie-black
2026-08-15 04:42:04,816 [ERROR] Failed to fetch product page https://uk.representclo.com/products/initial-oversized-hoodie-canary-yellow: 429 Client Error: Too Many Requests for url: https://uk.representclo.com/products/initial-oversized-hoodie-canary-yellow
2026-08-15 04:42:05,366 [ERROR] Failed to fetch product page https://uk.representclo.com/products/initial-oversized-hoodie-ice-grey-marl: 429 Client Error: Too Many Requests for url: https://uk.representclo.com/products/initial-oversized-hoodie-ice-grey-marl
2026-08-15 04:42:05,909 [ERROR] Failed to fetch product page https://uk.representclo.com/products/initial-oversized-hoodie-midnight-navy: 429 Client Error: Too Many Requests for url: https://uk.representclo.com/products/initial-oversized-hoodie-midnight-navy
2026-08-15 04:42:06,455 [ERROR] Failed to fetch product page https://uk.representclo.com/products/initial-oversized-sweater-black: 429 Client Error: Too Many Requests for url: https://uk.representclo.com/products/initial-oversized-sweater-black
2026-08-15 04:42:07,000 [ERROR] Failed to fetch product page https://uk.representclo.com/products/initial-oversized-sweater-ice-grey-marl: 429 Client Error: Too Many Requests for url: https://uk.representclo.com/products/initial-oversized-sweater-ice-grey-marl
2026-08-15 04:42:07,581 [ERROR] Failed to fetch product page https://uk.representclo.com/products/initial-oversized-sweater-mist: 429 Client Error: Too Many Requests for url: https://uk.representclo.com/products/initial-oversized-sweater-mist
2026-08-15 04:42:08,126 [ERROR] Failed to fetch product page https://uk.representclo.com/products/initial-oversized-t-shirt-army-green: 429 Client Error: Too Many Requests for url: https://uk.representclo.com/products/initial-oversized-t-shirt-army-green
2026-08-15 04:42:08,677 [ERROR] Failed to fetch product page https://uk.representclo.com/products/initial-oversized-t-shirt-black: 429 Client Error: Too Many Requests for url: https://uk.representclo.com/products/initial-oversized-t-shirt-black
2026-08-15 04:42:09,222 [ERROR] Failed to fetch product page https://uk.representclo.com/products/initial-oversized-t-shirt-coffee: 429 Client Error: Too Many Requests for url: https://uk.representclo.com/products/initial-oversized-t-shirt-coffee
2026-08-15 04:42:09,767 [ERROR] Failed to fetch product page https://uk.representclo.com/products/initial-oversized-t-shirt-dune: 429 Client Error: Too Many Requests for url: https://uk.representclo.com/products/initial-oversized-t-shirt-dune
2026-08-15 04:42:10,312 [ERROR] Failed to fetch product page https://uk.representclo.com/products/initial-oversized-t-shirt-flat-white: 429 Client Error: Too Many Requests for url: https://uk.representclo.com/products/initial-oversized-t-shirt-flat-white
2026-08-15 04:42:10,858 [ERROR] Failed to fetch product page https://uk.representclo.com/products/initial-oversized-t-shirt-ice-grey-marl: 429 Client Error: Too Many Requests for url: https://uk.representclo.com/products/initial-oversized-t-shirt-ice-grey-marl
2026-08-15 04:42:11,439 [ERROR] Failed to fetch product page https://uk.representclo.com/products/initial-oversized-t-shirt-midnight-navy: 429 Client Error: Too Many Requests for url: https://uk.representclo.com/products/initial-oversized-t-shirt-midnight-navy
2026-08-15 04:42:11,985 [ERROR] Failed to fetch product page https://uk.representclo.com/products/initial-oversized-t-shirt-mist: 429 Client Error: Too Many Requests for url: https://uk.representclo.com/products/initial-oversized-t-shirt-mist
2026-08-15 04:42:12,541 [ERROR] Failed to fetch product page https://uk.representclo.com/products/initial-oversized-t-shirt-vintage-grey: 429 Client Error: Too Many Requests for url: https://uk.representclo.com/products/initial-oversized-t-shirt-vintage-grey
2026-08-15 04:42:13,092 [ERROR] Failed to fetch product page https://uk.representclo.com/products/initial-oversized-zip-hoodie-black: 429 Client Error: Too Many Requests for url: https://uk.representclo.com/products/initial-oversized-zip-hoodie-black
2026-08-15 04:42:13,637 [ERROR] Failed to fetch product page https://uk.representclo.com/products/initial-oversized-zip-hoodie-ice-grey-marl: 429 Client Error: Too Many Requests for url: https://uk.representclo.com/products/initial-oversized-zip-hoodie-ice-grey-marl
2026-08-15 04:42:14,210 [ERROR] Failed to fetch product page https://uk.representclo.com/products/initial-rib-vest-black: 429 Client Error: Too Many Requests for url: https://uk.representclo.com/products/initial-rib-vest-black
2026-08-15 04:42:14,754 [ERROR] Failed to fetch product page https://uk.representclo.com/products/initial-rib-vest-flat-white: 429 Client Error: Too Many Requests for url: https://uk.representclo.com/products/initial-rib-vest-flat-white
2026-08-15 04:42:15,299 [ERROR] Failed to fetch product page https://uk.representclo.com/products/initial-rib-vest-ice-grey-marl: 429 Client Error: Too Many Requests for url: https://uk.representclo.com/products/initial-rib-vest-ice-grey-marl
2026-08-15 04:42:15,850 [ERROR] Failed to fetch product page https://uk.representclo.com/products/initial-sandal-black-1: 429 Client Error: Too Many Requests for url: https://uk.representclo.com/products/initial-sandal-black-1
2026-08-15 04:42:16,399 [ERROR] Failed to fetch product page https://uk.representclo.com/products/initial-sheer-rib-long-sleeve-t-shirt-flat-white: 429 Client Error: Too Many Requests for url: https://uk.representclo.com/products/initial-sheer-rib-long-sleeve-t-shirt-flat-white
2026-08-15 04:42:16,946 [ERROR] Failed to fetch product page https://uk.representclo.com/products/initial-sheer-rib-long-sleeve-t-shirt-jet-black: 429 Client Error: Too Many Requests for url: https://uk.representclo.com/products/initial-sheer-rib-long-sleeve-t-shirt-jet-black
2026-08-15 04:42:17,535 [ERROR] Failed to fetch product page https://uk.representclo.com/products/initial-shirt-black: 429 Client Error: Too Many Requests for url: https://uk.representclo.com/products/initial-shirt-black
2026-08-15 04:42:18,080 [ERROR] Failed to fetch product page https://uk.representclo.com/products/initial-shirt-flat-white: 429 Client Error: Too Many Requests for url: https://uk.representclo.com/products/initial-shirt-flat-white
2026-08-15 04:42:18,629 [ERROR] Failed to fetch product page https://uk.representclo.com/products/initial-short-sleeve-shirt-flat-white: 429 Client Error: Too Many Requests for url: https://uk.representclo.com/products/initial-short-sleeve-shirt-flat-white
2026-08-15 04:42:19,180 [ERROR] Failed to fetch product page https://uk.representclo.com/products/initial-short-sleeve-shirt-jet-black: 429 Client Error: Too Many Requests for url: https://uk.representclo.com/products/initial-short-sleeve-shirt-jet-black
2026-08-15 04:42:19,730 [ERROR] Failed to fetch product page https://uk.representclo.com/products/initial-sneaker-leather-black: 429 Client Error: Too Many Requests for url: https://uk.representclo.com/products/initial-sneaker-leather-black
2026-08-15 04:42:20,275 [ERROR] Failed to fetch product page https://uk.representclo.com/products/initial-sneaker-leather-flat-white: 429 Client Error: Too Many Requests for url: https://uk.representclo.com/products/initial-sneaker-leather-flat-white
2026-08-15 04:42:20,819 [ERROR] Failed to fetch product page https://uk.representclo.com/products/initial-sneaker-leather-vintage-white-gum: 429 Client Error: Too Many Requests for url: https://uk.representclo.com/products/initial-sneaker-leather-vintage-white-gum
2026-08-15 04:42:21,363 [ERROR] Failed to fetch product page https://uk.representclo.com/products/initial-sneaker-suede-dark-taupe: 429 Client Error: Too Many Requests for url: https://uk.representclo.com/products/initial-sneaker-suede-dark-taupe
2026-08-15 04:42:21,909 [ERROR] Failed to fetch product page https://uk.representclo.com/products/initial-socks-black: 429 Client Error: Too Many Requests for url: https://uk.representclo.com/products/initial-socks-black
2026-08-15 04:42:22,457 [ERROR] Failed to fetch product page https://uk.representclo.com/products/initial-star-hoodie-jet-black: 429 Client Error: Too Many Requests for url: https://uk.representclo.com/products/initial-star-hoodie-jet-black
2026-08-15 04:42:23,045 [ERROR] Failed to fetch product page https://uk.representclo.com/products/initial-star-t-shirt-flat-white: 429 Client Error: Too Many Requests for url: https://uk.representclo.com/products/initial-star-t-shirt-flat-white
2026-08-15 04:42:23,593 [ERROR] Failed to fetch product page https://uk.representclo.com/products/initial-star-t-shirt-vintage-grey: 429 Client Error: Too Many Requests for url: https://uk.representclo.com/products/initial-star-t-shirt-vintage-grey
2026-08-15 04:42:24,148 [ERROR] Failed to fetch product page https://uk.representclo.com/products/initial-stripe-cap-antique-white: 429 Client Error: Too Many Requests for url: https://uk.representclo.com/products/initial-stripe-cap-antique-white
2026-08-15 04:42:24,694 [ERROR] Failed to fetch product page https://uk.representclo.com/products/initial-stripe-cap-jet-black: 429 Client Error: Too Many Requests for url: https://uk.representclo.com/products/initial-stripe-cap-jet-black
2026-08-15 04:42:25,242 [ERROR] Failed to fetch product page https://uk.representclo.com/products/initial-sweatpant-black: 429 Client Error: Too Many Requests for url: https://uk.representclo.com/products/initial-sweatpant-black
2026-08-15 04:42:25,791 [ERROR] Failed to fetch product page https://uk.representclo.com/products/initial-sweatpant-ice-grey-marl: 429 Client Error: Too Many Requests for url: https://uk.representclo.com/products/initial-sweatpant-ice-grey-marl
2026-08-15 04:42:26,360 [ERROR] Failed to fetch product page https://uk.representclo.com/products/initial-sweatpant-midnight-navy: 429 Client Error: Too Many Requests for url: https://uk.representclo.com/products/initial-sweatpant-midnight-navy
2026-08-15 04:42:26,905 [ERROR] Failed to fetch product page https://uk.representclo.com/products/initial-sweatpants-coffee: 429 Client Error: Too Many Requests for url: https://uk.representclo.com/products/initial-sweatpants-coffee
2026-08-15 04:42:27,450 [ERROR] Failed to fetch product page https://uk.representclo.com/products/initial-sweatshorts-ice-grey-marl-v2: 429 Client Error: Too Many Requests for url: https://uk.representclo.com/products/initial-sweatshorts-ice-grey-marl-v2
2026-08-15 04:42:27,998 [ERROR] Failed to fetch product page https://uk.representclo.com/products/initial-sweatshorts-jet-black-v2: 429 Client Error: Too Many Requests for url: https://uk.representclo.com/products/initial-sweatshorts-jet-black-v2
2026-08-15 04:42:28,547 [ERROR] Failed to fetch product page https://uk.representclo.com/products/initial-t-shirt-black: 429 Client Error: Too Many Requests for url: https://uk.representclo.com/products/initial-t-shirt-black
2026-08-15 04:42:29,091 [ERROR] Failed to fetch product page https://uk.representclo.com/products/initial-t-shirt-dune: 429 Client Error: Too Many Requests for url: https://uk.representclo.com/products/initial-t-shirt-dune
2026-08-15 04:42:29,642 [ERROR] Failed to fetch product page https://uk.representclo.com/products/initial-t-shirt-flat-white: 429 Client Error: Too Many Requests for url: https://uk.representclo.com/products/initial-t-shirt-flat-white
2026-08-15 04:42:30,210 [ERROR] Failed to fetch product page https://uk.representclo.com/products/initial-t-shirt-ice-grey-marl: 429 Client Error: Too Many Requests for url: https://uk.representclo.com/products/initial-t-shirt-ice-grey-marl
2026-08-15 04:42:30,758 [ERROR] Failed to fetch product page https://uk.representclo.com/products/initial-t-shirt-vintage-grey: 429 Client Error: Too Many Requests for url: https://uk.representclo.com/products/initial-t-shirt-vintage-grey
2026-08-15 04:42:31,305 [ERROR] Failed to fetch product page https://uk.representclo.com/products/initial-tape-pant-jet-black: 429 Client Error: Too Many Requests for url: https://uk.representclo.com/products/initial-tape-pant-jet-black
2026-08-15 04:42:31,852 [ERROR] Failed to fetch product page https://uk.representclo.com/products/initial-track-jacket-black: 429 Client Error: Too Many Requests for url: https://uk.representclo.com/products/initial-track-jacket-black
2026-08-15 04:42:32,405 [ERROR] Failed to fetch product page https://uk.representclo.com/products/initial-track-jacket-dune: 429 Client Error: Too Many Requests for url: https://uk.representclo.com/products/initial-track-jacket-dune
2026-08-15 04:42:32,961 [ERROR] Failed to fetch product page https://uk.representclo.com/products/initial-trouser-chain-silver: 429 Client Error: Too Many Requests for url: https://uk.representclo.com/products/initial-trouser-chain-silver
2026-08-15 04:42:33,512 [ERROR] Failed to fetch product page https://uk.representclo.com/products/initial-waffle-shorts-jet-black: 429 Client Error: Too Many Requests for url: https://uk.representclo.com/products/initial-waffle-shorts-jet-black
2026-08-15 04:42:34,063 [ERROR] Failed to fetch product page https://uk.representclo.com/products/initial-waffle-shorts-midnight-navy: 429 Client Error: Too Many Requests for url: https://uk.representclo.com/products/initial-waffle-shorts-midnight-navy
2026-08-15 04:42:34,608 [ERROR] Failed to fetch product page https://uk.representclo.com/products/initial-waffle-shorts-mist: 429 Client Error: Too Many Requests for url: https://uk.representclo.com/products/initial-waffle-shorts-mist
2026-08-15 04:42:35,180 [ERROR] Failed to fetch product page https://uk.representclo.com/products/initial-wide-leg-cuffed-sweatpant-canary-yellow: 429 Client Error: Too Many Requests for url: https://uk.representclo.com/products/initial-wide-leg-cuffed-sweatpant-canary-yellow
2026-08-15 04:42:35,724 [ERROR] Failed to fetch product page https://uk.representclo.com/products/initial-wide-leg-cuffed-sweatpant-jet-black: 429 Client Error: Too Many Requests for url: https://uk.representclo.com/products/initial-wide-leg-cuffed-sweatpant-jet-black
2026-08-15 04:42:36,271 [ERROR] Failed to fetch product page https://uk.representclo.com/products/initial-zip-hoodie-dune: 429 Client Error: Too Many Requests for url: https://uk.representclo.com/products/initial-zip-hoodie-dune
2026-08-15 04:42:36,828 [ERROR] Failed to fetch product page https://uk.representclo.com/products/intial-chain-bracelet-silver: 429 Client Error: Too Many Requests for url: https://uk.representclo.com/products/intial-chain-bracelet-silver
2026-08-15 04:42:37,377 [ERROR] Failed to fetch product page https://uk.representclo.com/products/intial-chain-necklace-silver: 429 Client Error: Too Many Requests for url: https://uk.representclo.com/products/intial-chain-necklace-silver
2026-08-15 04:42:37,925 [ERROR] Failed to fetch product page https://uk.representclo.com/products/intial-sneaker-nubuck-beige: 429 Client Error: Too Many Requests for url: https://uk.representclo.com/products/intial-sneaker-nubuck-beige
2026-08-15 04:42:38,473 [ERROR] Failed to fetch product page https://uk.representclo.com/products/kick-flare-denim-aged-black: 429 Client Error: Too Many Requests for url: https://uk.representclo.com/products/kick-flare-denim-aged-black
2026-08-15 04:42:39,020 [ERROR] Failed to fetch product page https://uk.representclo.com/products/kick-flare-denim-california-blue: 429 Client Error: Too Many Requests for url: https://uk.representclo.com/products/kick-flare-denim-california-blue
2026-08-15 04:42:39,566 [ERROR] Failed to fetch product page https://uk.representclo.com/products/knitted-bomber-jacket-jet-black: 429 Client Error: Too Many Requests for url: https://uk.representclo.com/products/knitted-bomber-jacket-jet-black
2026-08-15 04:42:40,111 [ERROR] Failed to fetch product page https://uk.representclo.com/products/knitted-boucle-polo-grey: 429 Client Error: Too Many Requests for url: https://uk.representclo.com/products/knitted-boucle-polo-grey
2026-08-15 04:42:40,660 [ERROR] Failed to fetch product page https://uk.representclo.com/products/knitted-boucle-polo-jet-black: 429 Client Error: Too Many Requests for url: https://uk.representclo.com/products/knitted-boucle-polo-jet-black
2026-08-15 04:42:41,216 [ERROR] Failed to fetch product page https://uk.representclo.com/products/knitted-panel-short-antique-white: 429 Client Error: Too Many Requests for url: https://uk.representclo.com/products/knitted-panel-short-antique-white
2026-08-15 04:42:41,762 [ERROR] Failed to fetch product page https://uk.representclo.com/products/knitted-panel-short-black: 429 Client Error: Too Many Requests for url: https://uk.representclo.com/products/knitted-panel-short-black
2026-08-15 04:42:42,316 [ERROR] Failed to fetch product page https://uk.representclo.com/products/knitted-polo-aged-white: 429 Client Error: Too Many Requests for url: https://uk.representclo.com/products/knitted-polo-aged-white
2026-08-15 04:42:42,861 [ERROR] Failed to fetch product page https://uk.representclo.com/products/knitted-polo-jet-black: 429 Client Error: Too Many Requests for url: https://uk.representclo.com/products/knitted-polo-jet-black
2026-08-15 04:42:43,406 [ERROR] Failed to fetch product page https://uk.representclo.com/products/knitted-varsity-jersey-vintage-grey: 429 Client Error: Too Many Requests for url: https://uk.representclo.com/products/knitted-varsity-jersey-vintage-grey
2026-08-15 04:42:43,967 [ERROR] Failed to fetch product page https://uk.representclo.com/products/knitted-varsity-long-sleeve-jersey-vintage-grey: 429 Client Error: Too Many Requests for url: https://uk.representclo.com/products/knitted-varsity-long-sleeve-jersey-vintage-grey
2026-08-15 04:42:44,515 [ERROR] Failed to fetch product page https://uk.representclo.com/products/knitted-varsity-shorts-vintage-grey: 429 Client Error: Too Many Requests for url: https://uk.representclo.com/products/knitted-varsity-shorts-vintage-grey
2026-08-15 04:42:45,060 [ERROR] Failed to fetch product page https://uk.representclo.com/products/lace-knit-shirt-black: 429 Client Error: Too Many Requests for url: https://uk.representclo.com/products/lace-knit-shirt-black
2026-08-15 04:42:45,604 [ERROR] Failed to fetch product page https://uk.representclo.com/products/laurel-knit-sweater-latte: 429 Client Error: Too Many Requests for url: https://uk.representclo.com/products/laurel-knit-sweater-latte
2026-08-15 04:42:46,154 [ERROR] Failed to fetch product page https://uk.representclo.com/products/laurel-knit-sweater-sun-fade-grey: 429 Client Error: Too Many Requests for url: https://uk.representclo.com/products/laurel-knit-sweater-sun-fade-grey
2026-08-15 04:42:46,709 [ERROR] Failed to fetch product page https://uk.representclo.com/products/leather-military-pants-brown: 429 Client Error: Too Many Requests for url: https://uk.representclo.com/products/leather-military-pants-brown
2026-08-15 04:42:47,255 [ERROR] Failed to fetch product page https://uk.representclo.com/products/leather-tote-bag-cowhide: 429 Client Error: Too Many Requests for url: https://uk.representclo.com/products/leather-tote-bag-cowhide
2026-08-15 04:42:47,799 [ERROR] Failed to fetch product page https://uk.representclo.com/products/leather-tote-bag-textured-black: 429 Client Error: Too Many Requests for url: https://uk.representclo.com/products/leather-tote-bag-textured-black
2026-08-15 04:42:48,351 [ERROR] Failed to fetch product page https://uk.representclo.com/products/legacy-cherubs-hoodie-cloud: 429 Client Error: Too Many Requests for url: https://uk.representclo.com/products/legacy-cherubs-hoodie-cloud
2026-08-15 04:42:48,897 [ERROR] Failed to fetch product page https://uk.representclo.com/products/legacy-cherubs-hoodie-jet-black: 429 Client Error: Too Many Requests for url: https://uk.representclo.com/products/legacy-cherubs-hoodie-jet-black
2026-08-15 04:42:49,440 [ERROR] Failed to fetch product page https://uk.representclo.com/products/legacy-cherubs-t-shirt-cloud: 429 Client Error: Too Many Requests for url: https://uk.representclo.com/products/legacy-cherubs-t-shirt-cloud
2026-08-15 04:42:49,986 [ERROR] Failed to fetch product page https://uk.representclo.com/products/legacy-cherubs-t-shirt-flat-white: 429 Client Error: Too Many Requests for url: https://uk.representclo.com/products/legacy-cherubs-t-shirt-flat-white
2026-08-15 04:42:50,571 [ERROR] Failed to fetch product page https://uk.representclo.com/products/legacy-cherubs-t-shirt-jet-black: 429 Client Error: Too Many Requests for url: https://uk.representclo.com/products/legacy-cherubs-t-shirt-jet-black
2026-08-15 04:42:51,128 [ERROR] Failed to fetch product page https://uk.representclo.com/products/legacy-crest-cap-antique-white: 429 Client Error: Too Many Requests for url: https://uk.representclo.com/products/legacy-crest-cap-antique-white
2026-08-15 04:42:51,672 [ERROR] Failed to fetch product page https://uk.representclo.com/products/legacy-crest-cap-black: 429 Client Error: Too Many Requests for url: https://uk.representclo.com/products/legacy-crest-cap-black
2026-08-15 04:42:52,222 [ERROR] Failed to fetch product page https://uk.representclo.com/products/legacy-crest-long-sleeve-t-shirt-stained-black: 429 Client Error: Too Many Requests for url: https://uk.representclo.com/products/legacy-crest-long-sleeve-t-shirt-stained-black
2026-08-15 04:42:52,772 [ERROR] Failed to fetch product page https://uk.representclo.com/products/legacy-crest-t-shirt-nero: 429 Client Error: Too Many Requests for url: https://uk.representclo.com/products/legacy-crest-t-shirt-nero
2026-08-15 04:42:53,322 [ERROR] Failed to fetch product page https://uk.representclo.com/products/legacy-crest-t-shirt-stained-black: 429 Client Error: Too Many Requests for url: https://uk.representclo.com/products/legacy-crest-t-shirt-stained-black
2026-08-15 04:42:53,868 [ERROR] Failed to fetch product page https://uk.representclo.com/products/legacy-denim-light-blue-vintage: 429 Client Error: Too Many Requests for url: https://uk.representclo.com/products/legacy-denim-light-blue-vintage
2026-08-15 04:42:54,414 [ERROR] Failed to fetch product page https://uk.representclo.com/products/legacy-denim-trucker-light-blue-vintage: 429 Client Error: Too Many Requests for url: https://uk.representclo.com/products/legacy-denim-trucker-light-blue-vintage
2026-08-15 04:42:54,970 [ERROR] Failed to fetch product page https://uk.representclo.com/products/legacy-falcon-t-shirt-flat-white: 429 Client Error: Too Many Requests for url: https://uk.representclo.com/products/legacy-falcon-t-shirt-flat-white
2026-08-15 04:42:55,530 [ERROR] Failed to fetch product page https://uk.representclo.com/products/legacy-falcon-t-shirt-jet-black: 429 Client Error: Too Many Requests for url: https://uk.representclo.com/products/legacy-falcon-t-shirt-jet-black
2026-08-15 04:42:56,099 [ERROR] Failed to fetch product page https://uk.representclo.com/products/loaded-cargo-short-beige: 429 Client Error: Too Many Requests for url: https://uk.representclo.com/products/loaded-cargo-short-beige
2026-08-15 04:42:56,643 [ERROR] Failed to fetch product page https://uk.representclo.com/products/loaded-with-love-hoodie-stained-black: 429 Client Error: Too Many Requests for url: https://uk.representclo.com/products/loaded-with-love-hoodie-stained-black
2026-08-15 04:42:57,188 [ERROR] Failed to fetch product page https://uk.representclo.com/products/loaded-with-love-hoodie-withered-rose: 429 Client Error: Too Many Requests for url: https://uk.representclo.com/products/loaded-with-love-hoodie-withered-rose
2026-08-15 04:42:57,752 [ERROR] Failed to fetch product page https://uk.representclo.com/products/loaded-with-love-t-shirt-buttercream: 429 Client Error: Too Many Requests for url: https://uk.representclo.com/products/loaded-with-love-t-shirt-buttercream
2026-08-15 04:42:58,300 [ERROR] Failed to fetch product page https://uk.representclo.com/products/loaded-with-love-t-shirt-stained-black: 429 Client Error: Too Many Requests for url: https://uk.representclo.com/products/loaded-with-love-t-shirt-stained-black
2026-08-15 04:42:58,848 [ERROR] Failed to fetch product page https://uk.representclo.com/products/logo-knit-sweater-grey: 429 Client Error: Too Many Requests for url: https://uk.representclo.com/products/logo-knit-sweater-grey
2026-08-15 04:42:59,397 [ERROR] Failed to fetch product page https://uk.representclo.com/products/logo-knit-sweater-jet-black: 429 Client Error: Too Many Requests for url: https://uk.representclo.com/products/logo-knit-sweater-jet-black
2026-08-15 04:42:59,944 [ERROR] Failed to fetch product page https://uk.representclo.com/products/logo-yacht-short-black: 429 Client Error: Too Many Requests for url: https://uk.representclo.com/products/logo-yacht-short-black
2026-08-15 04:43:00,490 [ERROR] Failed to fetch product page https://uk.representclo.com/products/london-store-hoodie-jet-black: 429 Client Error: Too Many Requests for url: https://uk.representclo.com/products/london-store-hoodie-jet-black
2026-08-15 04:43:01,041 [ERROR] Failed to fetch product page https://uk.representclo.com/products/london-store-t-shirt-flat-white: 429 Client Error: Too Many Requests for url: https://uk.representclo.com/products/london-store-t-shirt-flat-white
2026-08-15 04:43:01,592 [ERROR] Failed to fetch product page https://uk.representclo.com/products/london-store-t-shirt-jet-black: 429 Client Error: Too Many Requests for url: https://uk.representclo.com/products/london-store-t-shirt-jet-black
2026-08-15 04:43:02,139 [ERROR] Failed to fetch product page https://uk.representclo.com/products/long-sleeve-mesh-knit-shirt-jet-black: 429 Client Error: Too Many Requests for url: https://uk.representclo.com/products/long-sleeve-mesh-knit-shirt-jet-black
2026-08-15 04:43:02,687 [ERROR] Failed to fetch product page https://uk.representclo.com/products/long-sleeve-pinstripe-shirt-grey: 429 Client Error: Too Many Requests for url: https://uk.representclo.com/products/long-sleeve-pinstripe-shirt-grey
2026-08-15 04:43:03,249 [ERROR] Failed to fetch product page https://uk.representclo.com/products/long-sleeve-sheer-stripe-boxy-shirt-ice-blue: 429 Client Error: Too Many Requests for url: https://uk.representclo.com/products/long-sleeve-sheer-stripe-boxy-shirt-ice-blue
2026-08-15 04:43:03,839 [ERROR] Failed to fetch product page https://uk.representclo.com/products/long-sleeve-slub-knit-t-shirt-flat-white: 429 Client Error: Too Many Requests for url: https://uk.representclo.com/products/long-sleeve-slub-knit-t-shirt-flat-white
2026-08-15 04:43:04,384 [ERROR] Failed to fetch product page https://uk.representclo.com/products/los-angeles-dodgers-x-represent-47-cap-dust-blue: 429 Client Error: Too Many Requests for url: https://uk.representclo.com/products/los-angeles-dodgers-x-represent-47-cap-dust-blue
2026-08-15 04:43:04,930 [ERROR] Failed to fetch product page https://uk.representclo.com/products/los-angeles-dodgers-x-represent-sweater-sprayed-mist: 429 Client Error: Too Many Requests for url: https://uk.representclo.com/products/los-angeles-dodgers-x-represent-sweater-sprayed-mist
2026-08-15 04:43:05,478 [ERROR] Failed to fetch product page https://uk.representclo.com/products/los-angeles-dodgers-x-represent-t-shirt-stained-black: 429 Client Error: Too Many Requests for url: https://uk.representclo.com/products/los-angeles-dodgers-x-represent-t-shirt-stained-black
2026-08-15 04:43:06,025 [ERROR] Failed to fetch product page https://uk.representclo.com/products/los-angeles-rams-x-represent-hoodie-stained-black: 429 Client Error: Too Many Requests for url: https://uk.representclo.com/products/los-angeles-rams-x-represent-hoodie-stained-black
2026-08-15 04:43:06,575 [ERROR] Failed to fetch product page https://uk.representclo.com/products/los-angeles-rams-x-represent-t-shirt-stained-black: 429 Client Error: Too Many Requests for url: https://uk.representclo.com/products/los-angeles-rams-x-represent-t-shirt-stained-black
2026-08-15 04:43:07,124 [ERROR] Failed to fetch product page https://uk.representclo.com/products/los-angeles-rams-x-represent-x-47-cap-washed-aged-black: 429 Client Error: Too Many Requests for url: https://uk.representclo.com/products/los-angeles-rams-x-represent-x-47-cap-washed-aged-black
2026-08-15 04:43:07,672 [ERROR] Failed to fetch product page https://uk.representclo.com/products/los-angeles-x-represent-47-cap-vintage-green: 429 Client Error: Too Many Requests for url: https://uk.representclo.com/products/los-angeles-x-represent-47-cap-vintage-green
2026-08-15 04:43:08,218 [ERROR] Failed to fetch product page https://uk.representclo.com/products/low-pro-leather-cream: 429 Client Error: Too Many Requests for url: https://uk.representclo.com/products/low-pro-leather-cream
2026-08-15 04:43:08,762 [ERROR] Failed to fetch product page https://uk.representclo.com/products/low-pro-leather-suede-flat-white-grey: 429 Client Error: Too Many Requests for url: https://uk.representclo.com/products/low-pro-leather-suede-flat-white-grey
2026-08-15 04:43:09,308 [ERROR] Failed to fetch product page https://uk.representclo.com/products/low-pro-nubuck-brown: 429 Client Error: Too Many Requests for url: https://uk.representclo.com/products/low-pro-nubuck-brown
2026-08-15 04:43:09,855 [ERROR] Failed to fetch product page https://uk.representclo.com/products/lowercase-logo-long-sleeve-t-shirt-flat-white: 429 Client Error: Too Many Requests for url: https://uk.representclo.com/products/lowercase-logo-long-sleeve-t-shirt-flat-white
2026-08-15 04:43:10,409 [ERROR] Failed to fetch product page https://uk.representclo.com/products/lowercase-logo-t-shirt-flat-white: 429 Client Error: Too Many Requests for url: https://uk.representclo.com/products/lowercase-logo-t-shirt-flat-white
2026-08-15 04:43:10,975 [ERROR] Failed to fetch product page https://uk.representclo.com/products/luggage-tag-t-shirt-antique-white: 429 Client Error: Too Many Requests for url: https://uk.representclo.com/products/luggage-tag-t-shirt-antique-white
2026-08-15 04:43:11,528 [ERROR] Failed to fetch product page https://uk.representclo.com/products/manchester-store-hoodie-black: 429 Client Error: Too Many Requests for url: https://uk.representclo.com/products/manchester-store-hoodie-black
2026-08-15 04:43:12,075 [ERROR] Failed to fetch product page https://uk.representclo.com/products/manchester-store-hoodie-flat-white: 429 Client Error: Too Many Requests for url: https://uk.representclo.com/products/manchester-store-hoodie-flat-white
2026-08-15 04:43:12,623 [ERROR] Failed to fetch product page https://uk.representclo.com/products/manchester-store-t-shirt-black: 429 Client Error: Too Many Requests for url: https://uk.representclo.com/products/manchester-store-t-shirt-black
2026-08-15 04:43:13,170 [ERROR] Failed to fetch product page https://uk.representclo.com/products/manchester-store-t-shirt-flat-white: 429 Client Error: Too Many Requests for url: https://uk.representclo.com/products/manchester-store-t-shirt-flat-white
2026-08-15 04:43:13,719 [ERROR] Failed to fetch product page https://uk.representclo.com/products/marker-logo-t-shirt-sunfade: 429 Client Error: Too Many Requests for url: https://uk.representclo.com/products/marker-logo-t-shirt-sunfade
2026-08-15 04:43:14,265 [ERROR] Failed to fetch product page https://uk.representclo.com/products/marled-knit-jumper-matcha: 429 Client Error: Too Many Requests for url: https://uk.representclo.com/products/marled-knit-jumper-matcha
2026-08-15 04:43:14,811 [ERROR] Failed to fetch product page https://uk.representclo.com/products/mascot-wool-varsity-jacket-jet-black: 429 Client Error: Too Many Requests for url: https://uk.representclo.com/products/mascot-wool-varsity-jacket-jet-black
2026-08-15 04:43:15,359 [ERROR] Failed to fetch product page https://uk.representclo.com/products/melrose-jacket-jet-black: 429 Client Error: Too Many Requests for url: https://uk.representclo.com/products/melrose-jacket-jet-black
2026-08-15 04:43:15,906 [ERROR] Failed to fetch product page https://uk.representclo.com/products/melrose-sunglasses-silver: 429 Client Error: Too Many Requests for url: https://uk.representclo.com/products/melrose-sunglasses-silver
2026-08-15 04:43:16,457 [ERROR] Failed to fetch product page https://uk.representclo.com/products/mesh-pegasus-long-sleeve-t-shirt-flat-white: 429 Client Error: Too Many Requests for url: https://uk.representclo.com/products/mesh-pegasus-long-sleeve-t-shirt-flat-white
2026-08-15 04:43:17,032 [ERROR] Failed to fetch product page https://uk.representclo.com/products/mesh-pegasus-long-sleeve-t-shirt-jet-black: 429 Client Error: Too Many Requests for url: https://uk.representclo.com/products/mesh-pegasus-long-sleeve-t-shirt-jet-black
2026-08-15 04:43:17,607 [ERROR] Failed to fetch product page https://uk.representclo.com/products/mesh-short-jet-black: 429 Client Error: Too Many Requests for url: https://uk.representclo.com/products/mesh-short-jet-black
2026-08-15 04:43:18,154 [ERROR] Failed to fetch product page https://uk.representclo.com/products/mesh-short-stone: 429 Client Error: Too Many Requests for url: https://uk.representclo.com/products/mesh-short-stone
2026-08-15 04:43:18,699 [ERROR] Failed to fetch product page https://uk.representclo.com/products/mesh-shorts-coffee: 429 Client Error: Too Many Requests for url: https://uk.representclo.com/products/mesh-shorts-coffee
2026-08-15 04:43:19,246 [ERROR] Failed to fetch product page https://uk.representclo.com/products/metal-block-logo-t-shirt-concrete: 429 Client Error: Too Many Requests for url: https://uk.representclo.com/products/metal-block-logo-t-shirt-concrete
2026-08-15 04:43:19,790 [ERROR] Failed to fetch product page https://uk.representclo.com/products/metal-initial-r-t-shirt-concrete: 429 Client Error: Too Many Requests for url: https://uk.representclo.com/products/metal-initial-r-t-shirt-concrete
2026-08-15 04:43:20,343 [ERROR] Failed to fetch product page https://uk.representclo.com/products/metal-initial-r-t-shirt-flat-white: 429 Client Error: Too Many Requests for url: https://uk.representclo.com/products/metal-initial-r-t-shirt-flat-white
2026-08-15 04:43:20,897 [ERROR] Failed to fetch product page https://uk.representclo.com/products/metal-initial-r-t-shirt-vintage-grey: 429 Client Error: Too Many Requests for url: https://uk.representclo.com/products/metal-initial-r-t-shirt-vintage-grey
2026-08-15 04:43:21,445 [ERROR] Failed to fetch product page https://uk.representclo.com/products/mh-long-sleeve-t-shirt-faded-black: 429 Client Error: Too Many Requests for url: https://uk.representclo.com/products/mh-long-sleeve-t-shirt-faded-black
2026-08-15 04:43:21,993 [ERROR] Failed to fetch product page https://uk.representclo.com/products/mh-shrunken-zip-hoodie-vintage-navy: 429 Client Error: Too Many Requests for url: https://uk.representclo.com/products/mh-shrunken-zip-hoodie-vintage-navy
2026-08-15 04:43:22,543 [ERROR] Failed to fetch product page https://uk.representclo.com/products/mh-stack-long-sleeve-t-shirt-faded-black: 429 Client Error: Too Many Requests for url: https://uk.representclo.com/products/mh-stack-long-sleeve-t-shirt-faded-black
2026-08-15 04:43:23,124 [ERROR] Failed to fetch product page https://uk.representclo.com/products/mh-t-shirt-flat-white: 429 Client Error: Too Many Requests for url: https://uk.representclo.com/products/mh-t-shirt-flat-white
2026-08-15 04:43:23,705 [ERROR] Failed to fetch product page https://uk.representclo.com/products/mh-t-shirt-jet-black: 429 Client Error: Too Many Requests for url: https://uk.representclo.com/products/mh-t-shirt-jet-black
2026-08-15 04:43:24,252 [ERROR] Failed to fetch product page https://uk.representclo.com/products/mh-t-shirt-v2-ash-white: 429 Client Error: Too Many Requests for url: https://uk.representclo.com/products/mh-t-shirt-v2-ash-white
2026-08-15 04:43:24,799 [ERROR] Failed to fetch product page https://uk.representclo.com/products/mh-t-shirt-vintage-grey: 429 Client Error: Too Many Requests for url: https://uk.representclo.com/products/mh-t-shirt-vintage-grey
2026-08-15 04:43:25,345 [ERROR] Failed to fetch product page https://uk.representclo.com/products/michael-zip-boot-cowhide-flat-white-black: 429 Client Error: Too Many Requests for url: https://uk.representclo.com/products/michael-zip-boot-cowhide-flat-white-black
2026-08-15 04:43:25,889 [ERROR] Failed to fetch product page https://uk.representclo.com/products/michael-zip-boot-leather-black: 429 Client Error: Too Many Requests for url: https://uk.representclo.com/products/michael-zip-boot-leather-black
2026-08-15 04:43:26,434 [ERROR] Failed to fetch product page https://uk.representclo.com/products/michael-zip-boot-suede-brown: 429 Client Error: Too Many Requests for url: https://uk.representclo.com/products/michael-zip-boot-suede-brown
2026-08-15 04:43:26,981 [ERROR] Failed to fetch product page https://uk.representclo.com/products/micro-owners-club-cap-jet-black: 429 Client Error: Too Many Requests for url: https://uk.representclo.com/products/micro-owners-club-cap-jet-black
2026-08-15 04:43:27,528 [ERROR] Failed to fetch product page https://uk.representclo.com/products/micro-owners-club-card-holder-jet-black: 429 Client Error: Too Many Requests for url: https://uk.representclo.com/products/micro-owners-club-card-holder-jet-black
2026-08-15 04:43:28,077 [ERROR] Failed to fetch product page https://uk.representclo.com/products/micro-owners-club-hoodie-cream-marl-v2: 429 Client Error: Too Many Requests for url: https://uk.representclo.com/products/micro-owners-club-hoodie-cream-marl-v2
2026-08-15 04:43:28,629 [ERROR] Failed to fetch product page https://uk.representclo.com/products/micro-owners-club-hoodie-jet-black-v2: 429 Client Error: Too Many Requests for url: https://uk.representclo.com/products/micro-owners-club-hoodie-jet-black-v2
2026-08-15 04:43:29,185 [ERROR] Failed to fetch product page https://uk.representclo.com/products/micro-owners-club-hoodie-pink: 429 Client Error: Too Many Requests for url: https://uk.representclo.com/products/micro-owners-club-hoodie-pink
2026-08-15 04:43:29,744 [ERROR] Failed to fetch product page https://uk.representclo.com/products/micro-owners-club-nylon-cap-jet-black: 429 Client Error: Too Many Requests for url: https://uk.representclo.com/products/micro-owners-club-nylon-cap-jet-black
2026-08-15 04:43:30,289 [ERROR] Failed to fetch product page https://uk.representclo.com/products/micro-owners-club-shorts-black: 429 Client Error: Too Many Requests for url: https://uk.representclo.com/products/micro-owners-club-shorts-black
2026-08-15 04:43:30,836 [ERROR] Failed to fetch product page https://uk.representclo.com/products/micro-owners-club-shorts-cream-marl: 429 Client Error: Too Many Requests for url: https://uk.representclo.com/products/micro-owners-club-shorts-cream-marl
2026-08-15 04:43:31,384 [ERROR] Failed to fetch product page https://uk.representclo.com/products/micro-owners-club-shorts-pink: 429 Client Error: Too Many Requests for url: https://uk.representclo.com/products/micro-owners-club-shorts-pink
2026-08-15 04:43:31,930 [ERROR] Failed to fetch product page https://uk.representclo.com/products/micro-owners-club-skull-beanie-jet-black: 429 Client Error: Too Many Requests for url: https://uk.representclo.com/products/micro-owners-club-skull-beanie-jet-black
2026-08-15 04:43:32,477 [ERROR] Failed to fetch product page https://uk.representclo.com/products/micro-owners-club-sweatpant-cream-marl-v2: 429 Client Error: Too Many Requests for url: https://uk.representclo.com/products/micro-owners-club-sweatpant-cream-marl-v2
2026-08-15 04:43:33,023 [ERROR] Failed to fetch product page https://uk.representclo.com/products/micro-owners-club-sweatpant-jet-black-v2: 429 Client Error: Too Many Requests for url: https://uk.representclo.com/products/micro-owners-club-sweatpant-jet-black-v2
2026-08-15 04:43:33,567 [ERROR] Failed to fetch product page https://uk.representclo.com/products/micro-owners-club-swim-shorts-black: 429 Client Error: Too Many Requests for url: https://uk.representclo.com/products/micro-owners-club-swim-shorts-black
2026-08-15 04:43:34,110 [ERROR] Failed to fetch product page https://uk.representclo.com/products/micro-owners-club-t-shirt-cream-marl: 429 Client Error: Too Many Requests for url: https://uk.representclo.com/products/micro-owners-club-t-shirt-cream-marl
2026-08-15 04:43:34,655 [ERROR] Failed to fetch product page https://uk.representclo.com/products/micro-owners-club-t-shirt-flat-white: 429 Client Error: Too Many Requests for url: https://uk.representclo.com/products/micro-owners-club-t-shirt-flat-white
2026-08-15 04:43:35,210 [ERROR] Failed to fetch product page https://uk.representclo.com/products/micro-owners-club-t-shirt-jet-black: 429 Client Error: Too Many Requests for url: https://uk.representclo.com/products/micro-owners-club-t-shirt-jet-black
2026-08-15 04:43:35,777 [ERROR] Failed to fetch product page https://uk.representclo.com/products/micro-owners-club-t-shirt-pink: 429 Client Error: Too Many Requests for url: https://uk.representclo.com/products/micro-owners-club-t-shirt-pink
2026-08-15 04:43:36,323 [ERROR] Failed to fetch product page https://uk.representclo.com/products/micro-owners-club-track-jacket-black: 429 Client Error: Too Many Requests for url: https://uk.representclo.com/products/micro-owners-club-track-jacket-black
2026-08-15 04:43:36,871 [ERROR] Failed to fetch product page https://uk.representclo.com/products/micro-owners-club-x-chillys-travel-cup-jet-black: 429 Client Error: Too Many Requests for url: https://uk.representclo.com/products/micro-owners-club-x-chillys-travel-cup-jet-black
2026-08-15 04:43:37,420 [ERROR] Failed to fetch product page https://uk.representclo.com/products/mixed-knit-shorts-royal-blue: 429 Client Error: Too Many Requests for url: https://uk.representclo.com/products/mixed-knit-shorts-royal-blue
2026-08-15 04:43:37,966 [ERROR] Failed to fetch product page https://uk.representclo.com/products/mixed-knit-vest-royal-blue: 429 Client Error: Too Many Requests for url: https://uk.representclo.com/products/mixed-knit-vest-royal-blue
2026-08-15 04:43:38,513 [ERROR] Failed to fetch product page https://uk.representclo.com/products/mohair-shirt-red-check: 429 Client Error: Too Many Requests for url: https://uk.representclo.com/products/mohair-shirt-red-check
2026-08-15 04:43:39,062 [ERROR] Failed to fetch product page https://uk.representclo.com/products/new-york-yankees-x-represent-47-cap-graphite: 429 Client Error: Too Many Requests for url: https://uk.representclo.com/products/new-york-yankees-x-represent-47-cap-graphite
2026-08-15 04:43:39,647 [ERROR] Failed to fetch product page https://uk.representclo.com/products/new-york-yankees-x-represent-47-cap-midnight-navy: 429 Client Error: Too Many Requests for url: https://uk.representclo.com/products/new-york-yankees-x-represent-47-cap-midnight-navy
2026-08-15 04:43:40,192 [ERROR] Failed to fetch product page https://uk.representclo.com/products/new-york-yankees-x-represent-nylon-pullover-faded-black: 429 Client Error: Too Many Requests for url: https://uk.representclo.com/products/new-york-yankees-x-represent-nylon-pullover-faded-black
2026-08-15 04:43:40,746 [ERROR] Failed to fetch product page https://uk.representclo.com/products/new-york-yankees-x-represent-t-shirt-flat-white: 429 Client Error: Too Many Requests for url: https://uk.representclo.com/products/new-york-yankees-x-represent-t-shirt-flat-white
2026-08-15 04:43:41,293 [ERROR] Failed to fetch product page https://uk.representclo.com/products/nfl-shield-x-represent-hoodie-stained-black: 429 Client Error: Too Many Requests for url: https://uk.representclo.com/products/nfl-shield-x-represent-hoodie-stained-black
2026-08-15 04:43:41,877 [ERROR] Failed to fetch product page https://uk.representclo.com/products/nfl-shield-x-represent-t-shirt-stained-black: 429 Client Error: Too Many Requests for url: https://uk.representclo.com/products/nfl-shield-x-represent-t-shirt-stained-black
2026-08-15 04:43:42,421 [ERROR] Failed to fetch product page https://uk.representclo.com/products/nfl-shield-x-represent-x-47-cap-jet-black: 429 Client Error: Too Many Requests for url: https://uk.representclo.com/products/nfl-shield-x-represent-x-47-cap-jet-black
2026-08-15 04:43:42,965 [ERROR] Failed to fetch product page https://uk.representclo.com/products/nothing-faster-applique-patch-x-47-cap-jet-black: 429 Client Error: Too Many Requests for url: https://uk.representclo.com/products/nothing-faster-applique-patch-x-47-cap-jet-black
2026-08-15 04:43:43,516 [ERROR] Failed to fetch product page https://uk.representclo.com/products/nothing-faster-hoodie-indigo: 429 Client Error: Too Many Requests for url: https://uk.representclo.com/products/nothing-faster-hoodie-indigo
2026-08-15 04:43:44,059 [ERROR] Failed to fetch product page https://uk.representclo.com/products/nothing-faster-quarter-zip-sweatshirt-stained-black: 429 Client Error: Too Many Requests for url: https://uk.representclo.com/products/nothing-faster-quarter-zip-sweatshirt-stained-black
2026-08-15 04:43:44,607 [ERROR] Failed to fetch product page https://uk.representclo.com/products/nothing-faster-swim-short-jet-black: 429 Client Error: Too Many Requests for url: https://uk.representclo.com/products/nothing-faster-swim-short-jet-black
2026-08-15 04:43:45,154 [ERROR] Failed to fetch product page https://uk.representclo.com/products/nothing-faster-t-shirt-flat-white: 429 Client Error: Too Many Requests for url: https://uk.representclo.com/products/nothing-faster-t-shirt-flat-white
2026-08-15 04:43:45,701 [ERROR] Failed to fetch product page https://uk.representclo.com/products/nothing-faster-t-shirt-indigo: 429 Client Error: Too Many Requests for url: https://uk.representclo.com/products/nothing-faster-t-shirt-indigo
2026-08-15 04:43:46,248 [ERROR] Failed to fetch product page https://uk.representclo.com/products/nothing-faster-t-shirt-stained-black: 429 Client Error: Too Many Requests for url: https://uk.representclo.com/products/nothing-faster-t-shirt-stained-black
2026-08-15 04:43:46,793 [ERROR] Failed to fetch product page https://uk.representclo.com/products/nothing-tougher-nothing-faster-keyring-blue: 429 Client Error: Too Many Requests for url: https://uk.representclo.com/products/nothing-tougher-nothing-faster-keyring-blue
2026-08-15 04:43:47,340 [ERROR] Failed to fetch product page https://uk.representclo.com/products/nubuck-mule-mocha: 429 Client Error: Too Many Requests for url: https://uk.representclo.com/products/nubuck-mule-mocha
2026-08-15 04:43:47,922 [ERROR] Failed to fetch product page https://uk.representclo.com/products/nylon-backpack-black: 429 Client Error: Too Many Requests for url: https://uk.representclo.com/products/nylon-backpack-black
2026-08-15 04:43:48,465 [ERROR] Failed to fetch product page https://uk.representclo.com/products/nylon-messenger-bag-black: 429 Client Error: Too Many Requests for url: https://uk.representclo.com/products/nylon-messenger-bag-black
2026-08-15 04:43:49,020 [ERROR] Failed to fetch product page https://uk.representclo.com/products/nylon-overshirt-jet-black: 429 Client Error: Too Many Requests for url: https://uk.representclo.com/products/nylon-overshirt-jet-black
2026-08-15 04:43:49,569 [ERROR] Failed to fetch product page https://uk.representclo.com/products/nylon-track-pant-black: 429 Client Error: Too Many Requests for url: https://uk.representclo.com/products/nylon-track-pant-black
2026-08-15 04:43:50,113 [ERROR] Failed to fetch product page https://uk.representclo.com/products/nylon-workwear-pant-jet-black: 429 Client Error: Too Many Requests for url: https://uk.representclo.com/products/nylon-workwear-pant-jet-black
2026-08-15 04:43:50,657 [ERROR] Failed to fetch product page https://uk.representclo.com/products/ombre-knit-beanie-light-grey: 429 Client Error: Too Many Requests for url: https://uk.representclo.com/products/ombre-knit-beanie-light-grey
2026-08-15 04:43:51,214 [ERROR] Failed to fetch product page https://uk.representclo.com/products/ombre-knit-scarf-light-grey: 429 Client Error: Too Many Requests for url: https://uk.representclo.com/products/ombre-knit-scarf-light-grey
2026-08-15 04:43:51,758 [ERROR] Failed to fetch product page https://uk.representclo.com/products/ombre-sweater-light-grey: 429 Client Error: Too Many Requests for url: https://uk.representclo.com/products/ombre-sweater-light-grey
2026-08-15 04:43:52,303 [ERROR] Failed to fetch product page https://uk.representclo.com/products/open-gauge-knit-sweater-forest-green: 429 Client Error: Too Many Requests for url: https://uk.representclo.com/products/open-gauge-knit-sweater-forest-green
2026-08-15 04:43:52,847 [ERROR] Failed to fetch product page https://uk.representclo.com/products/open-gauge-knit-sweater-jet-black: 429 Client Error: Too Many Requests for url: https://uk.representclo.com/products/open-gauge-knit-sweater-jet-black
2026-08-15 04:43:53,394 [ERROR] Failed to fetch product page https://uk.representclo.com/products/open-gauge-knit-sweater-off-white: 429 Client Error: Too Many Requests for url: https://uk.representclo.com/products/open-gauge-knit-sweater-off-white
2026-08-15 04:43:53,944 [ERROR] Failed to fetch product page https://uk.representclo.com/products/out-of-the-shadows-hoodie-cream-marl: 429 Client Error: Too Many Requests for url: https://uk.representclo.com/products/out-of-the-shadows-hoodie-cream-marl
2026-08-15 04:43:54,493 [ERROR] Failed to fetch product page https://uk.representclo.com/products/out-of-the-shadows-hoodie-stained-black: 429 Client Error: Too Many Requests for url: https://uk.representclo.com/products/out-of-the-shadows-hoodie-stained-black
2026-08-15 04:43:55,082 [ERROR] Failed to fetch product page https://uk.representclo.com/products/out-of-the-shadows-sweater-stained-black: 429 Client Error: Too Many Requests for url: https://uk.representclo.com/products/out-of-the-shadows-sweater-stained-black
2026-08-15 04:43:55,629 [ERROR] Failed to fetch product page https://uk.representclo.com/products/out-of-the-shadows-t-shirt-flat-white: 429 Client Error: Too Many Requests for url: https://uk.representclo.com/products/out-of-the-shadows-t-shirt-flat-white
2026-08-15 04:43:56,186 [ERROR] Failed to fetch product page https://uk.representclo.com/products/out-of-the-shadows-t-shirt-stained-black: 429 Client Error: Too Many Requests for url: https://uk.representclo.com/products/out-of-the-shadows-t-shirt-stained-black
2026-08-15 04:43:56,757 [ERROR] Failed to fetch product page https://uk.representclo.com/products/overdrive-badge-cap-jet-black: 429 Client Error: Too Many Requests for url: https://uk.representclo.com/products/overdrive-badge-cap-jet-black
2026-08-15 04:43:57,301 [ERROR] Failed to fetch product page https://uk.representclo.com/products/overdrive-leather-jacket-black: 429 Client Error: Too Many Requests for url: https://uk.representclo.com/products/overdrive-leather-jacket-black
2026-08-15 04:43:57,849 [ERROR] Failed to fetch product page https://uk.representclo.com/products/overdrive-racing-jacket-black: 429 Client Error: Too Many Requests for url: https://uk.representclo.com/products/overdrive-racing-jacket-black
2026-08-15 04:43:58,399 [ERROR] Failed to fetch product page https://uk.representclo.com/products/overdrive-suede-jacket-beige: 429 Client Error: Too Many Requests for url: https://uk.representclo.com/products/overdrive-suede-jacket-beige
2026-08-15 04:43:58,950 [ERROR] Failed to fetch product page https://uk.representclo.com/products/oversized-nylon-carry-bag-black: 429 Client Error: Too Many Requests for url: https://uk.representclo.com/products/oversized-nylon-carry-bag-black
2026-08-15 04:43:59,494 [ERROR] Failed to fetch product page https://uk.representclo.com/products/owners-club-cafe-hat-antique-white: 429 Client Error: Too Many Requests for url: https://uk.representclo.com/products/owners-club-cafe-hat-antique-white
2026-08-15 04:44:00,043 [ERROR] Failed to fetch product page https://uk.representclo.com/products/owners-club-cafe-hat-black-coffee: 429 Client Error: Too Many Requests for url: https://uk.representclo.com/products/owners-club-cafe-hat-black-coffee
2026-08-15 04:44:00,593 [ERROR] Failed to fetch product page https://uk.representclo.com/products/owners-club-cafe-hoodie-black-coffee: 429 Client Error: Too Many Requests for url: https://uk.representclo.com/products/owners-club-cafe-hoodie-black-coffee
2026-08-15 04:44:01,178 [ERROR] Failed to fetch product page https://uk.representclo.com/products/owners-club-cafe-t-shirt-antique-white: 429 Client Error: Too Many Requests for url: https://uk.representclo.com/products/owners-club-cafe-t-shirt-antique-white
2026-08-15 04:44:01,728 [ERROR] Failed to fetch product page https://uk.representclo.com/products/owners-club-cafe-t-shirt-black-coffee: 429 Client Error: Too Many Requests for url: https://uk.representclo.com/products/owners-club-cafe-t-shirt-black-coffee
2026-08-15 04:44:02,277 [ERROR] Failed to fetch product page https://uk.representclo.com/products/padded-sling-bag-black: 429 Client Error: Too Many Requests for url: https://uk.representclo.com/products/padded-sling-bag-black
2026-08-15 04:44:02,828 [ERROR] Failed to fetch product page https://uk.representclo.com/products/padded-sling-bag-dark-brown: 429 Client Error: Too Many Requests for url: https://uk.representclo.com/products/padded-sling-bag-dark-brown
2026-08-15 04:44:03,407 [ERROR] Failed to fetch product page https://uk.representclo.com/products/painted-denim-coastal-blue: 429 Client Error: Too Many Requests for url: https://uk.representclo.com/products/painted-denim-coastal-blue
2026-08-15 04:44:03,974 [ERROR] Failed to fetch product page https://uk.representclo.com/products/parachute-pant-khaki: 429 Client Error: Too Many Requests for url: https://uk.representclo.com/products/parachute-pant-khaki
2026-08-15 04:44:04,518 [ERROR] Failed to fetch product page https://uk.representclo.com/products/patron-of-the-club-hoodie-washed-olive: 429 Client Error: Too Many Requests for url: https://uk.representclo.com/products/patron-of-the-club-hoodie-washed-olive
2026-08-15 04:44:05,065 [ERROR] Failed to fetch product page https://uk.representclo.com/products/patron-of-the-club-sweatpant-washed-grey: 429 Client Error: Too Many Requests for url: https://uk.representclo.com/products/patron-of-the-club-sweatpant-washed-grey
2026-08-15 04:44:05,612 [ERROR] Failed to fetch product page https://uk.representclo.com/products/patron-of-the-club-sweatpant-washed-olive: 429 Client Error: Too Many Requests for url: https://uk.representclo.com/products/patron-of-the-club-sweatpant-washed-olive
2026-08-15 04:44:06,161 [ERROR] Failed to fetch product page https://uk.representclo.com/products/patron-of-the-club-t-shirt-buttercream-powder-blue: 429 Client Error: Too Many Requests for url: https://uk.representclo.com/products/patron-of-the-club-t-shirt-buttercream-powder-blue
2026-08-15 04:44:06,707 [ERROR] Failed to fetch product page https://uk.representclo.com/products/patron-of-the-club-t-shirt-khaki-pink: 429 Client Error: Too Many Requests for url: https://uk.representclo.com/products/patron-of-the-club-t-shirt-khaki-pink
2026-08-15 04:44:07,252 [ERROR] Failed to fetch product page https://uk.representclo.com/products/patron-of-the-club-t-shirt-washed-olive: 429 Client Error: Too Many Requests for url: https://uk.representclo.com/products/patron-of-the-club-t-shirt-washed-olive
2026-08-15 04:44:07,834 [ERROR] Failed to fetch product page https://uk.representclo.com/products/pegasus-sweatshirt-vintage-grey: 429 Client Error: Too Many Requests for url: https://uk.representclo.com/products/pegasus-sweatshirt-vintage-grey
2026-08-15 04:44:08,380 [ERROR] Failed to fetch product page https://uk.representclo.com/products/pegasus-zip-through-hoodie-indigo: 429 Client Error: Too Many Requests for url: https://uk.representclo.com/products/pegasus-zip-through-hoodie-indigo
2026-08-15 04:44:08,931 [ERROR] Failed to fetch product page https://uk.representclo.com/products/philadelphia-eagles-x-represent-hoodie-vintage-grey: 429 Client Error: Too Many Requests for url: https://uk.representclo.com/products/philadelphia-eagles-x-represent-hoodie-vintage-grey
2026-08-15 04:44:09,502 [ERROR] Failed to fetch product page https://uk.representclo.com/products/philadelphia-eagles-x-represent-t-shirt-vintage-grey: 429 Client Error: Too Many Requests for url: https://uk.representclo.com/products/philadelphia-eagles-x-represent-t-shirt-vintage-grey
2026-08-15 04:44:10,049 [ERROR] Failed to fetch product page https://uk.representclo.com/products/philadelphia-eagles-x-represent-x-47-cap-antique-grey: 429 Client Error: Too Many Requests for url: https://uk.representclo.com/products/philadelphia-eagles-x-represent-x-47-cap-antique-grey
2026-08-15 04:44:10,598 [ERROR] Failed to fetch product page https://uk.representclo.com/products/pico-knit-shirt-ecru: 429 Client Error: Too Many Requests for url: https://uk.representclo.com/products/pico-knit-shirt-ecru
2026-08-15 04:44:11,141 [ERROR] Failed to fetch product page https://uk.representclo.com/products/pillow-puffer-jet-black: 429 Client Error: Too Many Requests for url: https://uk.representclo.com/products/pillow-puffer-jet-black
2026-08-15 04:44:11,694 [ERROR] Failed to fetch product page https://uk.representclo.com/products/pin-badges-multi: 429 Client Error: Too Many Requests for url: https://uk.representclo.com/products/pin-badges-multi
2026-08-15 04:44:12,241 [ERROR] Failed to fetch product page https://uk.representclo.com/products/pinstripe-shirt-flat-white: 429 Client Error: Too Many Requests for url: https://uk.representclo.com/products/pinstripe-shirt-flat-white
2026-08-15 04:44:12,789 [ERROR] Failed to fetch product page https://uk.representclo.com/products/piped-track-pant-jet-black: 429 Client Error: Too Many Requests for url: https://uk.representclo.com/products/piped-track-pant-jet-black
2026-08-15 04:44:13,333 [ERROR] Failed to fetch product page https://uk.representclo.com/products/piped-track-short-jet-black: 429 Client Error: Too Many Requests for url: https://uk.representclo.com/products/piped-track-short-jet-black
2026-08-15 04:44:13,879 [ERROR] Failed to fetch product page https://uk.representclo.com/products/pool-side-shirt-flat-white: 429 Client Error: Too Many Requests for url: https://uk.representclo.com/products/pool-side-shirt-flat-white
2026-08-15 04:44:14,429 [ERROR] Failed to fetch product page https://uk.representclo.com/products/pool-side-swim-short-flat-white: 429 Client Error: Too Many Requests for url: https://uk.representclo.com/products/pool-side-swim-short-flat-white
2026-08-15 04:44:14,980 [ERROR] Failed to fetch product page https://uk.representclo.com/products/popper-pant-black: 429 Client Error: Too Many Requests for url: https://uk.representclo.com/products/popper-pant-black
2026-08-15 04:44:15,536 [ERROR] Failed to fetch product page https://uk.representclo.com/products/powered-by-represent-cap-black: 429 Client Error: Too Many Requests for url: https://uk.representclo.com/products/powered-by-represent-cap-black
2026-08-15 04:44:16,090 [ERROR] Failed to fetch product page https://uk.representclo.com/products/printed-bandana-flat-white: 429 Client Error: Too Many Requests for url: https://uk.representclo.com/products/printed-bandana-flat-white
2026-08-15 04:44:16,642 [ERROR] Failed to fetch product page https://uk.representclo.com/products/printed-long-sleeve-t-shirt-flat-white: 429 Client Error: Too Many Requests for url: https://uk.representclo.com/products/printed-long-sleeve-t-shirt-flat-white
2026-08-15 04:44:17,185 [ERROR] Failed to fetch product page https://uk.representclo.com/products/private-members-key-fob-silver: 429 Client Error: Too Many Requests for url: https://uk.representclo.com/products/private-members-key-fob-silver
2026-08-15 04:44:17,729 [ERROR] Failed to fetch product page https://uk.representclo.com/products/private-members-t-shirt-flat-white: 429 Client Error: Too Many Requests for url: https://uk.representclo.com/products/private-members-t-shirt-flat-white
2026-08-15 04:44:18,277 [ERROR] Failed to fetch product page https://uk.representclo.com/products/private-members-t-shirt-stained-black: 429 Client Error: Too Many Requests for url: https://uk.representclo.com/products/private-members-t-shirt-stained-black
2026-08-15 04:44:18,826 [ERROR] Failed to fetch product page https://uk.representclo.com/products/private-members-x-47-cap-washed-navy: 429 Client Error: Too Many Requests for url: https://uk.representclo.com/products/private-members-x-47-cap-washed-navy
2026-08-15 04:44:19,373 [ERROR] Failed to fetch product page https://uk.representclo.com/products/pure-breed-t-shirt-vintage-black: 429 Client Error: Too Many Requests for url: https://uk.representclo.com/products/pure-breed-t-shirt-vintage-black
2026-08-15 04:44:19,918 [ERROR] Failed to fetch product page https://uk.representclo.com/products/quarter-zip-jacket-black: 429 Client Error: Too Many Requests for url: https://uk.representclo.com/products/quarter-zip-jacket-black
2026-08-15 04:44:20,465 [ERROR] Failed to fetch product page https://uk.representclo.com/products/quilted-flannel-shirt-pink-grey-check: 429 Client Error: Too Many Requests for url: https://uk.representclo.com/products/quilted-flannel-shirt-pink-grey-check
2026-08-15 04:44:21,011 [ERROR] Failed to fetch product page https://uk.representclo.com/products/quilted-overshirt-mid-grey: 429 Client Error: Too Many Requests for url: https://uk.representclo.com/products/quilted-overshirt-mid-grey
2026-08-15 04:44:21,567 [ERROR] Failed to fetch product page https://uk.representclo.com/products/r-pendant-necklace-silver: 429 Client Error: Too Many Requests for url: https://uk.representclo.com/products/r-pendant-necklace-silver
2026-08-15 04:44:22,122 [ERROR] Failed to fetch product page https://uk.representclo.com/products/r1-slim-denim-black: 429 Client Error: Too Many Requests for url: https://uk.representclo.com/products/r1-slim-denim-black
2026-08-15 04:44:22,676 [ERROR] Failed to fetch product page https://uk.representclo.com/products/r1-slim-denim-blue-cream: 429 Client Error: Too Many Requests for url: https://uk.representclo.com/products/r1-slim-denim-blue-cream
2026-08-15 04:44:23,220 [ERROR] Failed to fetch product page https://uk.representclo.com/products/r1-slim-denim-blue-marble: 429 Client Error: Too Many Requests for url: https://uk.representclo.com/products/r1-slim-denim-blue-marble
2026-08-15 04:44:23,765 [ERROR] Failed to fetch product page https://uk.representclo.com/products/r10t-tailored-denim-shorts-black: 429 Client Error: Too Many Requests for url: https://uk.representclo.com/products/r10t-tailored-denim-shorts-black
2026-08-15 04:44:24,315 [ERROR] Failed to fetch product page https://uk.representclo.com/products/r10t-tailored-denim-shorts-blue-60: 429 Client Error: Too Many Requests for url: https://uk.representclo.com/products/r10t-tailored-denim-shorts-blue-60
2026-08-15 04:44:24,863 [ERROR] Failed to fetch product page https://uk.representclo.com/products/r2-corduroy-pant-vintage-khaki: 429 Client Error: Too Many Requests for url: https://uk.representclo.com/products/r2-corduroy-pant-vintage-khaki
2026-08-15 04:44:25,411 [ERROR] Failed to fetch product page https://uk.representclo.com/products/r2-rep-denim-charcoal: 429 Client Error: Too Many Requests for url: https://uk.representclo.com/products/r2-rep-denim-charcoal
2026-08-15 04:44:25,956 [ERROR] Failed to fetch product page https://uk.representclo.com/products/r2-stepped-hem-denim-mid-blue: 429 Client Error: Too Many Requests for url: https://uk.representclo.com/products/r2-stepped-hem-denim-mid-blue
2026-08-15 04:44:26,510 [ERROR] Failed to fetch product page https://uk.representclo.com/products/r2-stepped-hem-denim-off-black: 429 Client Error: Too Many Requests for url: https://uk.representclo.com/products/r2-stepped-hem-denim-off-black
2026-08-15 04:44:27,059 [ERROR] Failed to fetch product page https://uk.representclo.com/products/r2-stepped-hem-denim-sandstorm: 429 Client Error: Too Many Requests for url: https://uk.representclo.com/products/r2-stepped-hem-denim-sandstorm
2026-08-15 04:44:27,609 [ERROR] Failed to fetch product page https://uk.representclo.com/products/r2-straight-leg-denim-bark: 429 Client Error: Too Many Requests for url: https://uk.representclo.com/products/r2-straight-leg-denim-bark
2026-08-15 04:44:28,156 [ERROR] Failed to fetch product page https://uk.representclo.com/products/r2-straight-leg-denim-blue-cream: 429 Client Error: Too Many Requests for url: https://uk.representclo.com/products/r2-straight-leg-denim-blue-cream
2026-08-15 04:44:28,709 [ERROR] Failed to fetch product page https://uk.representclo.com/products/r2s-split-denim-soot: 429 Client Error: Too Many Requests for url: https://uk.representclo.com/products/r2s-split-denim-soot
2026-08-15 04:44:29,252 [ERROR] Failed to fetch product page https://uk.representclo.com/products/r3-baggy-denim-aged-black: 429 Client Error: Too Many Requests for url: https://uk.representclo.com/products/r3-baggy-denim-aged-black
2026-08-15 04:44:29,843 [ERROR] Failed to fetch product page https://uk.representclo.com/products/r3-baggy-denim-black: 429 Client Error: Too Many Requests for url: https://uk.representclo.com/products/r3-baggy-denim-black
2026-08-15 04:44:30,390 [ERROR] Failed to fetch product page https://uk.representclo.com/products/r3-baggy-denim-blue: 429 Client Error: Too Many Requests for url: https://uk.representclo.com/products/r3-baggy-denim-blue
2026-08-15 04:44:30,938 [ERROR] Failed to fetch product page https://uk.representclo.com/products/r3-baggy-denim-blue-cream: 429 Client Error: Too Many Requests for url: https://uk.representclo.com/products/r3-baggy-denim-blue-cream
2026-08-15 04:44:31,483 [ERROR] Failed to fetch product page https://uk.representclo.com/products/r3-baggy-denim-dusk: 429 Client Error: Too Many Requests for url: https://uk.representclo.com/products/r3-baggy-denim-dusk
2026-08-15 04:44:32,030 [ERROR] Failed to fetch product page https://uk.representclo.com/products/r3-baggy-denim-mechanic-blue: 429 Client Error: Too Many Requests for url: https://uk.representclo.com/products/r3-baggy-denim-mechanic-blue
2026-08-15 04:44:32,577 [ERROR] Failed to fetch product page https://uk.representclo.com/products/r3-baggy-denim-washed-olive: 429 Client Error: Too Many Requests for url: https://uk.representclo.com/products/r3-baggy-denim-washed-olive
2026-08-15 04:44:33,124 [ERROR] Failed to fetch product page https://uk.representclo.com/products/r3-distressed-baggy-denim-blue-cream: 429 Client Error: Too Many Requests for url: https://uk.representclo.com/products/r3-distressed-baggy-denim-blue-cream
2026-08-15 04:44:33,672 [ERROR] Failed to fetch product page https://uk.representclo.com/products/r3-distressed-baggy-denim-petrol: 429 Client Error: Too Many Requests for url: https://uk.representclo.com/products/r3-distressed-baggy-denim-petrol
2026-08-15 04:44:34,218 [ERROR] Failed to fetch product page https://uk.representclo.com/products/r3-drive-denim-jet-black: 429 Client Error: Too Many Requests for url: https://uk.representclo.com/products/r3-drive-denim-jet-black
2026-08-15 04:44:34,766 [ERROR] Failed to fetch product page https://uk.representclo.com/products/r3-drive-denim-tobacco-blue: 429 Client Error: Too Many Requests for url: https://uk.representclo.com/products/r3-drive-denim-tobacco-blue
2026-08-15 04:44:35,314 [ERROR] Failed to fetch product page https://uk.representclo.com/products/r3d-double-destroyer-baggy-denim-blue-cream: 429 Client Error: Too Many Requests for url: https://uk.representclo.com/products/r3d-double-destroyer-baggy-denim-blue-cream
2026-08-15 04:44:35,866 [ERROR] Failed to fetch product page https://uk.representclo.com/products/raceway-cap-antique-white-barley: 429 Client Error: Too Many Requests for url: https://uk.representclo.com/products/raceway-cap-antique-white-barley
2026-08-15 04:44:36,459 [ERROR] Failed to fetch product page https://uk.representclo.com/products/raceway-cap-antique-white-forest-green: 429 Client Error: Too Many Requests for url: https://uk.representclo.com/products/raceway-cap-antique-white-forest-green
2026-08-15 04:44:37,004 [ERROR] Failed to fetch product page https://uk.representclo.com/products/raceway-hoodie-matcha: 429 Client Error: Too Many Requests for url: https://uk.representclo.com/products/raceway-hoodie-matcha
2026-08-15 04:44:37,547 [ERROR] Failed to fetch product page https://uk.representclo.com/products/raceway-t-shirt-jet-black: 429 Client Error: Too Many Requests for url: https://uk.representclo.com/products/raceway-t-shirt-jet-black
2026-08-15 04:44:38,111 [ERROR] Failed to fetch product page https://uk.representclo.com/products/raceway-t-shirt-matcha: 429 Client Error: Too Many Requests for url: https://uk.representclo.com/products/raceway-t-shirt-matcha
2026-08-15 04:44:38,655 [ERROR] Failed to fetch product page https://uk.representclo.com/products/raffia-tote-bag-jet-black: 429 Client Error: Too Many Requests for url: https://uk.representclo.com/products/raffia-tote-bag-jet-black
2026-08-15 04:44:39,202 [ERROR] Failed to fetch product page https://uk.representclo.com/products/raglan-varsity-jacket-black: 429 Client Error: Too Many Requests for url: https://uk.representclo.com/products/raglan-varsity-jacket-black
2026-08-15 04:44:39,754 [ERROR] Failed to fetch product page https://uk.representclo.com/products/raglan-varsity-jacket-stone: 429 Client Error: Too Many Requests for url: https://uk.representclo.com/products/raglan-varsity-jacket-stone
2026-08-15 04:44:40,302 [ERROR] Failed to fetch product page https://uk.representclo.com/products/ramona-shirt-vintage-khaki: 429 Client Error: Too Many Requests for url: https://uk.representclo.com/products/ramona-shirt-vintage-khaki
2026-08-15 04:44:40,853 [ERROR] Failed to fetch product page https://uk.representclo.com/products/real-tree-camo-t-shirt-camo: 429 Client Error: Too Many Requests for url: https://uk.representclo.com/products/real-tree-camo-t-shirt-camo
2026-08-15 04:44:41,400 [ERROR] Failed to fetch product page https://uk.representclo.com/products/real-tree-zip-up-camo-hoodie-camo: 429 Client Error: Too Many Requests for url: https://uk.representclo.com/products/real-tree-zip-up-camo-hoodie-camo
2026-08-15 04:44:41,944 [ERROR] Failed to fetch product page https://uk.representclo.com/products/realtree-boxy-hoodie-washed-pink-camo: 429 Client Error: Too Many Requests for url: https://uk.representclo.com/products/realtree-boxy-hoodie-washed-pink-camo
2026-08-15 04:44:42,493 [ERROR] Failed to fetch product page https://uk.representclo.com/products/realtree-camo-cargo-pant-camo: 429 Client Error: Too Many Requests for url: https://uk.representclo.com/products/realtree-camo-cargo-pant-camo
2026-08-15 04:44:43,041 [ERROR] Failed to fetch product page https://uk.representclo.com/products/realtree-mesh-shorts-washed-pink-camo: 429 Client Error: Too Many Requests for url: https://uk.representclo.com/products/realtree-mesh-shorts-washed-pink-camo
2026-08-15 04:44:43,617 [ERROR] Failed to fetch product page https://uk.representclo.com/products/realtree-sweatpant-washed-pink-camo: 429 Client Error: Too Many Requests for url: https://uk.representclo.com/products/realtree-sweatpant-washed-pink-camo
2026-08-15 04:44:44,167 [ERROR] Failed to fetch product page https://uk.representclo.com/products/realtree-t-shirt-washed-pink-camo: 429 Client Error: Too Many Requests for url: https://uk.representclo.com/products/realtree-t-shirt-washed-pink-camo
2026-08-15 04:44:44,714 [ERROR] Failed to fetch product page https://uk.representclo.com/products/relaxed-overcoat-jet-black: 429 Client Error: Too Many Requests for url: https://uk.representclo.com/products/relaxed-overcoat-jet-black
2026-08-15 04:44:45,271 [ERROR] Failed to fetch product page https://uk.representclo.com/products/relaxed-tracksuit-pant-hazel: 429 Client Error: Too Many Requests for url: https://uk.representclo.com/products/relaxed-tracksuit-pant-hazel
2026-08-15 04:44:45,816 [ERROR] Failed to fetch product page https://uk.representclo.com/products/rep-applique-hoodie-cream-marl: 429 Client Error: Too Many Requests for url: https://uk.representclo.com/products/rep-applique-hoodie-cream-marl
2026-08-15 04:44:46,360 [ERROR] Failed to fetch product page https://uk.representclo.com/products/rep-applique-hoodie-off-black: 429 Client Error: Too Many Requests for url: https://uk.representclo.com/products/rep-applique-hoodie-off-black
2026-08-15 04:44:46,908 [ERROR] Failed to fetch product page https://uk.representclo.com/products/rep-applique-hoodie-vintage-black: 429 Client Error: Too Many Requests for url: https://uk.representclo.com/products/rep-applique-hoodie-vintage-black
2026-08-15 04:44:47,455 [ERROR] Failed to fetch product page https://uk.representclo.com/products/rep-applique-sweater-cream-marl: 429 Client Error: Too Many Requests for url: https://uk.representclo.com/products/rep-applique-sweater-cream-marl
2026-08-15 04:44:48,001 [ERROR] Failed to fetch product page https://uk.representclo.com/products/rep-applique-sweater-off-black: 429 Client Error: Too Many Requests for url: https://uk.representclo.com/products/rep-applique-sweater-off-black
2026-08-15 04:44:48,550 [ERROR] Failed to fetch product page https://uk.representclo.com/products/rep-applique-t-shirt-fawn: 429 Client Error: Too Many Requests for url: https://uk.representclo.com/products/rep-applique-t-shirt-fawn
2026-08-15 04:44:49,096 [ERROR] Failed to fetch product page https://uk.representclo.com/products/rep-applique-t-shirt-flat-white: 429 Client Error: Too Many Requests for url: https://uk.representclo.com/products/rep-applique-t-shirt-flat-white
2026-08-15 04:44:49,644 [ERROR] Failed to fetch product page https://uk.representclo.com/products/rep-applique-t-shirt-vintage-black: 429 Client Error: Too Many Requests for url: https://uk.representclo.com/products/rep-applique-t-shirt-vintage-black
2026-08-15 04:44:50,192 [ERROR] Failed to fetch product page https://uk.representclo.com/products/rep-cap-flat-white-black: 429 Client Error: Too Many Requests for url: https://uk.representclo.com/products/rep-cap-flat-white-black
2026-08-15 04:44:50,766 [ERROR] Failed to fetch product page https://uk.representclo.com/products/rep-cap-jet-black: 429 Client Error: Too Many Requests for url: https://uk.representclo.com/products/rep-cap-jet-black
2026-08-15 04:44:51,311 [ERROR] Failed to fetch product page https://uk.representclo.com/products/rep-cap-vintage-white: 429 Client Error: Too Many Requests for url: https://uk.representclo.com/products/rep-cap-vintage-white
2026-08-15 04:44:51,856 [ERROR] Failed to fetch product page https://uk.representclo.com/products/rep-flannel-shirt-coffee: 429 Client Error: Too Many Requests for url: https://uk.representclo.com/products/rep-flannel-shirt-coffee
2026-08-15 04:44:52,403 [ERROR] Failed to fetch product page https://uk.representclo.com/products/represent-247-x-puma-all-pro-nitro-2-vapor-grey-puma-black: 429 Client Error: Too Many Requests for url: https://uk.representclo.com/products/represent-247-x-puma-all-pro-nitro-2-vapor-grey-puma-black
2026-08-15 04:44:52,947 [ERROR] Failed to fetch product page https://uk.representclo.com/products/represent-angel-border-hoodie-quartz: 429 Client Error: Too Many Requests for url: https://uk.representclo.com/products/represent-angel-border-hoodie-quartz
2026-08-15 04:44:53,505 [ERROR] Failed to fetch product page https://uk.representclo.com/products/represent-angel-border-hoodie-stained-black: 429 Client Error: Too Many Requests for url: https://uk.representclo.com/products/represent-angel-border-hoodie-stained-black
2026-08-15 04:44:54,061 [ERROR] Failed to fetch product page https://uk.representclo.com/products/represent-banner-hoodie-stained-black: 429 Client Error: Too Many Requests for url: https://uk.representclo.com/products/represent-banner-hoodie-stained-black
2026-08-15 04:44:54,610 [ERROR] Failed to fetch product page https://uk.representclo.com/products/represent-banner-quarter-zip-sweatshirt-stained-black: 429 Client Error: Too Many Requests for url: https://uk.representclo.com/products/represent-banner-quarter-zip-sweatshirt-stained-black
2026-08-15 04:44:55,154 [ERROR] Failed to fetch product page https://uk.representclo.com/products/represent-banner-t-shirt-stained-black: 429 Client Error: Too Many Requests for url: https://uk.representclo.com/products/represent-banner-t-shirt-stained-black
2026-08-15 04:44:55,699 [ERROR] Failed to fetch product page https://uk.representclo.com/products/represent-california-sunglasses-off-white: 429 Client Error: Too Many Requests for url: https://uk.representclo.com/products/represent-california-sunglasses-off-white
2026-08-15 04:44:56,260 [ERROR] Failed to fetch product page https://uk.representclo.com/products/represent-cap-black: 429 Client Error: Too Many Requests for url: https://uk.representclo.com/products/represent-cap-black
2026-08-15 04:44:56,806 [ERROR] Failed to fetch product page https://uk.representclo.com/products/represent-cap-washed-taupe: 429 Client Error: Too Many Requests for url: https://uk.representclo.com/products/represent-cap-washed-taupe
2026-08-15 04:44:57,388 [ERROR] Failed to fetch product page https://uk.representclo.com/products/represent-crest-cap-antique-white: 429 Client Error: Too Many Requests for url: https://uk.representclo.com/products/represent-crest-cap-antique-white
2026-08-15 04:44:57,935 [ERROR] Failed to fetch product page https://uk.representclo.com/products/represent-crest-cap-jet-black: 429 Client Error: Too Many Requests for url: https://uk.representclo.com/products/represent-crest-cap-jet-black
2026-08-15 04:44:58,487 [ERROR] Failed to fetch product page https://uk.representclo.com/products/represent-crest-shirt-antique-white: 429 Client Error: Too Many Requests for url: https://uk.representclo.com/products/represent-crest-shirt-antique-white
2026-08-15 04:44:59,031 [ERROR] Failed to fetch product page https://uk.representclo.com/products/represent-crest-shirt-jet-black: 429 Client Error: Too Many Requests for url: https://uk.representclo.com/products/represent-crest-shirt-jet-black
2026-08-15 04:44:59,574 [ERROR] Failed to fetch product page https://uk.representclo.com/products/represent-crest-short-antique-white: 429 Client Error: Too Many Requests for url: https://uk.representclo.com/products/represent-crest-short-antique-white
2026-08-15 04:45:00,123 [ERROR] Failed to fetch product page https://uk.representclo.com/products/represent-crest-short-jet-black: 429 Client Error: Too Many Requests for url: https://uk.representclo.com/products/represent-crest-short-jet-black
2026-08-15 04:45:00,671 [ERROR] Failed to fetch product page https://uk.representclo.com/products/represent-embellished-hoodie-stained-black: 429 Client Error: Too Many Requests for url: https://uk.representclo.com/products/represent-embellished-hoodie-stained-black
2026-08-15 04:45:01,227 [ERROR] Failed to fetch product page https://uk.representclo.com/products/represent-embellished-hoodie-vintage-khaki: 429 Client Error: Too Many Requests for url: https://uk.representclo.com/products/represent-embellished-hoodie-vintage-khaki
2026-08-15 04:45:01,791 [ERROR] Failed to fetch product page https://uk.representclo.com/products/represent-england-bag-washed-black: 429 Client Error: Too Many Requests for url: https://uk.representclo.com/products/represent-england-bag-washed-black
2026-08-15 04:45:02,334 [ERROR] Failed to fetch product page https://uk.representclo.com/products/represent-england-football-flat-white: 429 Client Error: Too Many Requests for url: https://uk.representclo.com/products/represent-england-football-flat-white
2026-08-15 04:45:02,884 [ERROR] Failed to fetch product page https://uk.representclo.com/products/represent-england-stickers-multi: 429 Client Error: Too Many Requests for url: https://uk.representclo.com/products/represent-england-stickers-multi
2026-08-15 04:45:03,437 [ERROR] Failed to fetch product page https://uk.representclo.com/products/represent-legacy-cap-black: 429 Client Error: Too Many Requests for url: https://uk.representclo.com/products/represent-legacy-cap-black
2026-08-15 04:45:03,981 [ERROR] Failed to fetch product page https://uk.representclo.com/products/represent-legacy-cap-dark-brown: 429 Client Error: Too Many Requests for url: https://uk.representclo.com/products/represent-legacy-cap-dark-brown
2026-08-15 04:45:04,527 [ERROR] Failed to fetch product page https://uk.representclo.com/products/represent-legacy-crest-hoodie-nero: 429 Client Error: Too Many Requests for url: https://uk.representclo.com/products/represent-legacy-crest-hoodie-nero
2026-08-15 04:45:05,081 [ERROR] Failed to fetch product page https://uk.representclo.com/products/represent-legacy-crest-hoodie-stained-black: 429 Client Error: Too Many Requests for url: https://uk.representclo.com/products/represent-legacy-crest-hoodie-stained-black
2026-08-15 04:45:05,638 [ERROR] Failed to fetch product page https://uk.representclo.com/products/represent-logo-socks-antique-white: 429 Client Error: Too Many Requests for url: https://uk.representclo.com/products/represent-logo-socks-antique-white
2026-08-15 04:45:06,183 [ERROR] Failed to fetch product page https://uk.representclo.com/products/represent-logo-socks-jet-black: 429 Client Error: Too Many Requests for url: https://uk.representclo.com/products/represent-logo-socks-jet-black
2026-08-15 04:45:06,729 [ERROR] Failed to fetch product page https://uk.representclo.com/products/represent-long-board-smoked-teal: 429 Client Error: Too Many Requests for url: https://uk.representclo.com/products/represent-long-board-smoked-teal
2026-08-15 04:45:07,287 [ERROR] Failed to fetch product page https://uk.representclo.com/products/represent-owners-club-cap-black: 429 Client Error: Too Many Requests for url: https://uk.representclo.com/products/represent-owners-club-cap-black
2026-08-15 04:45:07,839 [ERROR] Failed to fetch product page https://uk.representclo.com/products/represent-owners-club-cap-cobalt: 429 Client Error: Too Many Requests for url: https://uk.representclo.com/products/represent-owners-club-cap-cobalt
2026-08-15 04:45:08,417 [ERROR] Failed to fetch product page https://uk.representclo.com/products/represent-owners-club-coach-jacket-black: 429 Client Error: Too Many Requests for url: https://uk.representclo.com/products/represent-owners-club-coach-jacket-black
2026-08-15 04:45:08,966 [ERROR] Failed to fetch product page https://uk.representclo.com/products/represent-owners-club-flocked-hoodie-black: 429 Client Error: Too Many Requests for url: https://uk.representclo.com/products/represent-owners-club-flocked-hoodie-black
2026-08-15 04:45:09,524 [ERROR] Failed to fetch product page https://uk.representclo.com/products/represent-owners-club-flocked-sweater-black: 429 Client Error: Too Many Requests for url: https://uk.representclo.com/products/represent-owners-club-flocked-sweater-black
2026-08-15 04:45:10,070 [ERROR] Failed to fetch product page https://uk.representclo.com/products/represent-owners-club-flocked-t-shirt-black: 429 Client Error: Too Many Requests for url: https://uk.representclo.com/products/represent-owners-club-flocked-t-shirt-black
2026-08-15 04:45:10,616 [ERROR] Failed to fetch product page https://uk.representclo.com/products/represent-owners-club-flocking-cap-black: 429 Client Error: Too Many Requests for url: https://uk.representclo.com/products/represent-owners-club-flocking-cap-black
2026-08-15 04:45:11,159 [ERROR] Failed to fetch product page https://uk.representclo.com/products/represent-owners-club-henley-sweater-sienna: 429 Client Error: Too Many Requests for url: https://uk.representclo.com/products/represent-owners-club-henley-sweater-sienna
2026-08-15 04:45:11,709 [ERROR] Failed to fetch product page https://uk.representclo.com/products/represent-owners-club-hoodie-aged-black: 429 Client Error: Too Many Requests for url: https://uk.representclo.com/products/represent-owners-club-hoodie-aged-black
2026-08-15 04:45:12,255 [ERROR] Failed to fetch product page https://uk.representclo.com/products/represent-owners-club-hoodie-ash-grey: 429 Client Error: Too Many Requests for url: https://uk.representclo.com/products/represent-owners-club-hoodie-ash-grey
2026-08-15 04:45:12,803 [ERROR] Failed to fetch product page https://uk.representclo.com/products/represent-owners-club-hoodie-black: 429 Client Error: Too Many Requests for url: https://uk.representclo.com/products/represent-owners-club-hoodie-black
2026-08-15 04:45:13,348 [ERROR] Failed to fetch product page https://uk.representclo.com/products/represent-owners-club-hoodie-black-matte: 429 Client Error: Too Many Requests for url: https://uk.representclo.com/products/represent-owners-club-hoodie-black-matte
2026-08-15 04:45:13,896 [ERROR] Failed to fetch product page https://uk.representclo.com/products/represent-owners-club-hoodie-brown-bf: 429 Client Error: Too Many Requests for url: https://uk.representclo.com/products/represent-owners-club-hoodie-brown-bf
2026-08-15 04:45:14,447 [ERROR] Failed to fetch product page https://uk.representclo.com/products/represent-owners-club-hoodie-bubblegum-pink: 429 Client Error: Too Many Requests for url: https://uk.representclo.com/products/represent-owners-club-hoodie-bubblegum-pink
2026-08-15 04:45:14,997 [ERROR] Failed to fetch product page https://uk.representclo.com/products/represent-owners-club-hoodie-buttercream: 429 Client Error: Too Many Requests for url: https://uk.representclo.com/products/represent-owners-club-hoodie-buttercream
2026-08-15 04:45:15,584 [ERROR] Failed to fetch product page https://uk.representclo.com/products/represent-owners-club-hoodie-cobalt: 429 Client Error: Too Many Requests for url: https://uk.representclo.com/products/represent-owners-club-hoodie-cobalt
2026-08-15 04:45:16,159 [ERROR] Failed to fetch product page https://uk.representclo.com/products/represent-owners-club-hoodie-flat-white: 429 Client Error: Too Many Requests for url: https://uk.representclo.com/products/represent-owners-club-hoodie-flat-white
2026-08-15 04:45:16,708 [ERROR] Failed to fetch product page https://uk.representclo.com/products/represent-owners-club-hoodie-fog: 429 Client Error: Too Many Requests for url: https://uk.representclo.com/products/represent-owners-club-hoodie-fog
2026-08-15 04:45:17,254 [ERROR] Failed to fetch product page https://uk.representclo.com/products/represent-owners-club-hoodie-jet-black: 429 Client Error: Too Many Requests for url: https://uk.representclo.com/products/represent-owners-club-hoodie-jet-black
2026-08-15 04:45:17,802 [ERROR] Failed to fetch product page https://uk.representclo.com/products/represent-owners-club-hoodie-mushroom: 429 Client Error: Too Many Requests for url: https://uk.representclo.com/products/represent-owners-club-hoodie-mushroom
2026-08-15 04:45:18,348 [ERROR] Failed to fetch product page https://uk.representclo.com/products/represent-owners-club-hoodie-olive-bf: 429 Client Error: Too Many Requests for url: https://uk.representclo.com/products/represent-owners-club-hoodie-olive-bf
2026-08-15 04:45:18,895 [ERROR] Failed to fetch product page https://uk.representclo.com/products/represent-owners-club-hoodie-pastel-green: 429 Client Error: Too Many Requests for url: https://uk.representclo.com/products/represent-owners-club-hoodie-pastel-green
2026-08-15 04:45:19,438 [ERROR] Failed to fetch product page https://uk.representclo.com/products/represent-owners-club-hoodie-pastel-lilac-bf: 429 Client Error: Too Many Requests for url: https://uk.representclo.com/products/represent-owners-club-hoodie-pastel-lilac-bf
2026-08-15 04:45:19,988 [ERROR] Failed to fetch product page https://uk.representclo.com/products/represent-owners-club-hoodie-powder-blue: 429 Client Error: Too Many Requests for url: https://uk.representclo.com/products/represent-owners-club-hoodie-powder-blue
2026-08-15 04:45:20,539 [ERROR] Failed to fetch product page https://uk.representclo.com/products/represent-owners-club-hoodie-racing-green: 429 Client Error: Too Many Requests for url: https://uk.representclo.com/products/represent-owners-club-hoodie-racing-green
2026-08-15 04:45:21,087 [ERROR] Failed to fetch product page https://uk.representclo.com/products/represent-owners-club-hoodie-sienna: 429 Client Error: Too Many Requests for url: https://uk.representclo.com/products/represent-owners-club-hoodie-sienna
2026-08-15 04:45:21,639 [ERROR] Failed to fetch product page https://uk.representclo.com/products/represent-owners-club-hoodie-sky-blue: 429 Client Error: Too Many Requests for url: https://uk.representclo.com/products/represent-owners-club-hoodie-sky-blue
2026-08-15 04:45:22,186 [ERROR] Failed to fetch product page https://uk.representclo.com/products/represent-owners-club-hoodie-storm: 429 Client Error: Too Many Requests for url: https://uk.representclo.com/products/represent-owners-club-hoodie-storm
2026-08-15 04:45:22,735 [ERROR] Failed to fetch product page https://uk.representclo.com/products/represent-owners-club-hoodie-vista-blue: 429 Client Error: Too Many Requests for url: https://uk.representclo.com/products/represent-owners-club-hoodie-vista-blue
2026-08-15 04:45:23,283 [ERROR] Failed to fetch product page https://uk.representclo.com/products/represent-owners-club-long-sleeve-t-shirt-chalk: 429 Client Error: Too Many Requests for url: https://uk.representclo.com/products/represent-owners-club-long-sleeve-t-shirt-chalk
2026-08-15 04:45:23,838 [ERROR] Failed to fetch product page https://uk.representclo.com/products/represent-owners-club-mesh-short-jet-black: 429 Client Error: Too Many Requests for url: https://uk.representclo.com/products/represent-owners-club-mesh-short-jet-black
2026-08-15 04:45:24,383 [ERROR] Failed to fetch product page https://uk.representclo.com/products/represent-owners-club-mesh-short-sienna: 429 Client Error: Too Many Requests for url: https://uk.representclo.com/products/represent-owners-club-mesh-short-sienna
2026-08-15 04:45:24,931 [ERROR] Failed to fetch product page https://uk.representclo.com/products/represent-owners-club-mesh-short-sky-blue: 429 Client Error: Too Many Requests for url: https://uk.representclo.com/products/represent-owners-club-mesh-short-sky-blue
2026-08-15 04:45:25,485 [ERROR] Failed to fetch product page https://uk.representclo.com/products/represent-owners-club-mesh-shorts-black: 429 Client Error: Too Many Requests for url: https://uk.representclo.com/products/represent-owners-club-mesh-shorts-black
2026-08-15 04:45:26,031 [ERROR] Failed to fetch product page https://uk.representclo.com/products/represent-owners-club-mesh-shorts-cobalt: 429 Client Error: Too Many Requests for url: https://uk.representclo.com/products/represent-owners-club-mesh-shorts-cobalt
2026-08-15 04:45:26,620 [ERROR] Failed to fetch product page https://uk.representclo.com/products/represent-owners-club-mesh-shorts-flat-white: 429 Client Error: Too Many Requests for url: https://uk.representclo.com/products/represent-owners-club-mesh-shorts-flat-white
2026-08-15 04:45:27,167 [ERROR] Failed to fetch product page https://uk.representclo.com/products/represent-owners-club-mesh-shorts-racing-green: 429 Client Error: Too Many Requests for url: https://uk.representclo.com/products/represent-owners-club-mesh-shorts-racing-green
2026-08-15 04:45:27,716 [ERROR] Failed to fetch product page https://uk.representclo.com/products/represent-owners-club-pant-black-1: 429 Client Error: Too Many Requests for url: https://uk.representclo.com/products/represent-owners-club-pant-black-1
2026-08-15 04:45:28,262 [ERROR] Failed to fetch product page https://uk.representclo.com/products/represent-owners-club-rugby-polo-chalk: 429 Client Error: Too Many Requests for url: https://uk.representclo.com/products/represent-owners-club-rugby-polo-chalk
2026-08-15 04:45:28,807 [ERROR] Failed to fetch product page https://uk.representclo.com/products/represent-owners-club-rugby-polo-jet-black: 429 Client Error: Too Many Requests for url: https://uk.representclo.com/products/represent-owners-club-rugby-polo-jet-black
2026-08-15 04:45:29,361 [ERROR] Failed to fetch product page https://uk.representclo.com/products/represent-owners-club-script-cap-black: 429 Client Error: Too Many Requests for url: https://uk.representclo.com/products/represent-owners-club-script-cap-black
2026-08-15 04:45:29,925 [ERROR] Failed to fetch product page https://uk.representclo.com/products/represent-owners-club-script-hoodie-black: 429 Client Error: Too Many Requests for url: https://uk.representclo.com/products/represent-owners-club-script-hoodie-black
2026-08-15 04:45:30,471 [ERROR] Failed to fetch product page https://uk.representclo.com/products/represent-owners-club-script-hoodie-dusty-blue: 429 Client Error: Too Many Requests for url: https://uk.representclo.com/products/represent-owners-club-script-hoodie-dusty-blue
2026-08-15 04:45:31,029 [ERROR] Failed to fetch product page https://uk.representclo.com/products/represent-owners-club-script-mesh-shorts-black: 429 Client Error: Too Many Requests for url: https://uk.representclo.com/products/represent-owners-club-script-mesh-shorts-black
2026-08-15 04:45:31,575 [ERROR] Failed to fetch product page https://uk.representclo.com/products/represent-owners-club-script-mesh-shorts-pink: 429 Client Error: Too Many Requests for url: https://uk.representclo.com/products/represent-owners-club-script-mesh-shorts-pink
2026-08-15 04:45:32,186 [ERROR] Failed to fetch product page https://uk.representclo.com/products/represent-owners-club-script-t-shirt-black: 429 Client Error: Too Many Requests for url: https://uk.representclo.com/products/represent-owners-club-script-t-shirt-black
2026-08-15 04:45:32,740 [ERROR] Failed to fetch product page https://uk.representclo.com/products/represent-owners-club-shorts-ash-grey: 429 Client Error: Too Many Requests for url: https://uk.representclo.com/products/represent-owners-club-shorts-ash-grey
2026-08-15 04:45:33,286 [ERROR] Failed to fetch product page https://uk.representclo.com/products/represent-owners-club-shorts-black: 429 Client Error: Too Many Requests for url: https://uk.representclo.com/products/represent-owners-club-shorts-black
2026-08-15 04:45:33,835 [ERROR] Failed to fetch product page https://uk.representclo.com/products/represent-owners-club-shorts-buttercream: 429 Client Error: Too Many Requests for url: https://uk.representclo.com/products/represent-owners-club-shorts-buttercream
2026-08-15 04:45:34,379 [ERROR] Failed to fetch product page https://uk.representclo.com/products/represent-owners-club-shorts-flat-white: 429 Client Error: Too Many Requests for url: https://uk.representclo.com/products/represent-owners-club-shorts-flat-white
2026-08-15 04:45:34,968 [ERROR] Failed to fetch product page https://uk.representclo.com/products/represent-owners-club-shorts-mid-purple: 429 Client Error: Too Many Requests for url: https://uk.representclo.com/products/represent-owners-club-shorts-mid-purple
2026-08-15 04:45:35,515 [ERROR] Failed to fetch product page https://uk.representclo.com/products/represent-owners-club-shorts-pastel-green: 429 Client Error: Too Many Requests for url: https://uk.representclo.com/products/represent-owners-club-shorts-pastel-green
2026-08-15 04:45:36,061 [ERROR] Failed to fetch product page https://uk.representclo.com/products/represent-owners-club-socks-flat-white-black: 429 Client Error: Too Many Requests for url: https://uk.representclo.com/products/represent-owners-club-socks-flat-white-black
2026-08-15 04:45:36,638 [ERROR] Failed to fetch product page https://uk.representclo.com/products/represent-owners-club-socks-flat-white-black-bf: 429 Client Error: Too Many Requests for url: https://uk.representclo.com/products/represent-owners-club-socks-flat-white-black-bf
2026-08-15 04:45:37,182 [ERROR] Failed to fetch product page https://uk.representclo.com/products/represent-owners-club-socks-flat-white-cobalt: 429 Client Error: Too Many Requests for url: https://uk.representclo.com/products/represent-owners-club-socks-flat-white-cobalt
2026-08-15 04:45:37,729 [ERROR] Failed to fetch product page https://uk.representclo.com/products/represent-owners-club-stamp-hoodie-flat-white: 429 Client Error: Too Many Requests for url: https://uk.representclo.com/products/represent-owners-club-stamp-hoodie-flat-white
2026-08-15 04:45:38,277 [ERROR] Failed to fetch product page https://uk.representclo.com/products/represent-owners-club-stamp-sweater-ash-grey: 429 Client Error: Too Many Requests for url: https://uk.representclo.com/products/represent-owners-club-stamp-sweater-ash-grey
2026-08-15 04:45:38,830 [ERROR] Failed to fetch product page https://uk.representclo.com/products/represent-owners-club-stamp-sweater-flat-white: 429 Client Error: Too Many Requests for url: https://uk.representclo.com/products/represent-owners-club-stamp-sweater-flat-white
2026-08-15 04:45:39,374 [ERROR] Failed to fetch product page https://uk.representclo.com/products/represent-owners-club-stamp-sweater-jet-black: 429 Client Error: Too Many Requests for url: https://uk.representclo.com/products/represent-owners-club-stamp-sweater-jet-black
2026-08-15 04:45:39,926 [ERROR] Failed to fetch product page https://uk.representclo.com/products/represent-owners-club-stamp-sweatpant-jet-black: 429 Client Error: Too Many Requests for url: https://uk.representclo.com/products/represent-owners-club-stamp-sweatpant-jet-black
2026-08-15 04:45:40,479 [ERROR] Failed to fetch product page https://uk.representclo.com/products/represent-owners-club-stamp-zip-up-hoodie-ash-grey: 429 Client Error: Too Many Requests for url: https://uk.representclo.com/products/represent-owners-club-stamp-zip-up-hoodie-ash-grey
2026-08-15 04:45:41,038 [ERROR] Failed to fetch product page https://uk.representclo.com/products/represent-owners-club-stripe-rugby-polo-sienna: 429 Client Error: Too Many Requests for url: https://uk.representclo.com/products/represent-owners-club-stripe-rugby-polo-sienna
2026-08-15 04:45:41,591 [ERROR] Failed to fetch product page https://uk.representclo.com/products/represent-owners-club-sweater-ash-grey: 429 Client Error: Too Many Requests for url: https://uk.representclo.com/products/represent-owners-club-sweater-ash-grey
2026-08-15 04:45:42,141 [ERROR] Failed to fetch product page https://uk.representclo.com/products/represent-owners-club-sweater-black: 429 Client Error: Too Many Requests for url: https://uk.representclo.com/products/represent-owners-club-sweater-black
2026-08-15 04:45:42,686 [ERROR] Failed to fetch product page https://uk.representclo.com/products/represent-owners-club-sweater-brown-bf: 429 Client Error: Too Many Requests for url: https://uk.representclo.com/products/represent-owners-club-sweater-brown-bf
2026-08-15 04:45:43,239 [ERROR] Failed to fetch product page https://uk.representclo.com/products/represent-owners-club-sweater-cobalt: 429 Client Error: Too Many Requests for url: https://uk.representclo.com/products/represent-owners-club-sweater-cobalt
2026-08-15 04:45:43,817 [ERROR] Failed to fetch product page https://uk.representclo.com/products/represent-owners-club-sweater-flat-white: 429 Client Error: Too Many Requests for url: https://uk.representclo.com/products/represent-owners-club-sweater-flat-white
2026-08-15 04:45:44,362 [ERROR] Failed to fetch product page https://uk.representclo.com/products/represent-owners-club-sweater-fog: 429 Client Error: Too Many Requests for url: https://uk.representclo.com/products/represent-owners-club-sweater-fog
2026-08-15 04:45:44,909 [ERROR] Failed to fetch product page https://uk.representclo.com/products/represent-owners-club-sweater-mushroom: 429 Client Error: Too Many Requests for url: https://uk.representclo.com/products/represent-owners-club-sweater-mushroom
2026-08-15 04:45:45,454 [ERROR] Failed to fetch product page https://uk.representclo.com/products/represent-owners-club-sweater-pastel-lilac-bf: 429 Client Error: Too Many Requests for url: https://uk.representclo.com/products/represent-owners-club-sweater-pastel-lilac-bf
2026-08-15 04:45:46,001 [ERROR] Failed to fetch product page https://uk.representclo.com/products/represent-owners-club-sweater-powder-blue: 429 Client Error: Too Many Requests for url: https://uk.representclo.com/products/represent-owners-club-sweater-powder-blue
2026-08-15 04:45:46,548 [ERROR] Failed to fetch product page https://uk.representclo.com/products/represent-owners-club-sweater-racing-green: 429 Client Error: Too Many Requests for url: https://uk.representclo.com/products/represent-owners-club-sweater-racing-green
2026-08-15 04:45:47,092 [ERROR] Failed to fetch product page https://uk.representclo.com/products/represent-owners-club-sweater-sky-blue: 429 Client Error: Too Many Requests for url: https://uk.representclo.com/products/represent-owners-club-sweater-sky-blue
2026-08-15 04:45:47,639 [ERROR] Failed to fetch product page https://uk.representclo.com/products/represent-owners-club-sweater-storm: 429 Client Error: Too Many Requests for url: https://uk.representclo.com/products/represent-owners-club-sweater-storm
2026-08-15 04:45:48,188 [ERROR] Failed to fetch product page https://uk.representclo.com/products/represent-owners-club-sweatpant-ash-grey: 429 Client Error: Too Many Requests for url: https://uk.representclo.com/products/represent-owners-club-sweatpant-ash-grey
2026-08-15 04:45:48,765 [ERROR] Failed to fetch product page https://uk.representclo.com/products/represent-owners-club-sweatpant-black: 429 Client Error: Too Many Requests for url: https://uk.representclo.com/products/represent-owners-club-sweatpant-black
2026-08-15 04:45:49,312 [ERROR] Failed to fetch product page https://uk.representclo.com/products/represent-owners-club-sweatpant-buttercream: 429 Client Error: Too Many Requests for url: https://uk.representclo.com/products/represent-owners-club-sweatpant-buttercream
2026-08-15 04:45:49,862 [ERROR] Failed to fetch product page https://uk.representclo.com/products/represent-owners-club-sweatpant-jet-black: 429 Client Error: Too Many Requests for url: https://uk.representclo.com/products/represent-owners-club-sweatpant-jet-black
2026-08-15 04:45:50,406 [ERROR] Failed to fetch product page https://uk.representclo.com/products/represent-owners-club-sweatpant-mid-purple: 429 Client Error: Too Many Requests for url: https://uk.representclo.com/products/represent-owners-club-sweatpant-mid-purple
2026-08-15 04:45:50,953 [ERROR] Failed to fetch product page https://uk.representclo.com/products/represent-owners-club-sweatpant-mushroom: 429 Client Error: Too Many Requests for url: https://uk.representclo.com/products/represent-owners-club-sweatpant-mushroom
2026-08-15 04:45:51,502 [ERROR] Failed to fetch product page https://uk.representclo.com/products/represent-owners-club-sweatpant-sienna: 429 Client Error: Too Many Requests for url: https://uk.representclo.com/products/represent-owners-club-sweatpant-sienna
2026-08-15 04:45:52,084 [ERROR] Failed to fetch product page https://uk.representclo.com/products/represent-owners-club-sweatpant-sky-blue: 429 Client Error: Too Many Requests for url: https://uk.representclo.com/products/represent-owners-club-sweatpant-sky-blue
2026-08-15 04:45:52,631 [ERROR] Failed to fetch product page https://uk.representclo.com/products/represent-owners-club-sweatpant-storm: 429 Client Error: Too Many Requests for url: https://uk.representclo.com/products/represent-owners-club-sweatpant-storm
2026-08-15 04:45:53,189 [ERROR] Failed to fetch product page https://uk.representclo.com/products/represent-owners-club-t-shirt-aged-black: 429 Client Error: Too Many Requests for url: https://uk.representclo.com/products/represent-owners-club-t-shirt-aged-black
2026-08-15 04:45:53,733 [ERROR] Failed to fetch product page https://uk.representclo.com/products/represent-owners-club-t-shirt-ash-grey: 429 Client Error: Too Many Requests for url: https://uk.representclo.com/products/represent-owners-club-t-shirt-ash-grey
2026-08-15 04:45:54,277 [ERROR] Failed to fetch product page https://uk.representclo.com/products/represent-owners-club-t-shirt-black: 429 Client Error: Too Many Requests for url: https://uk.representclo.com/products/represent-owners-club-t-shirt-black
2026-08-15 04:45:54,823 [ERROR] Failed to fetch product page https://uk.representclo.com/products/represent-owners-club-t-shirt-black-matte: 429 Client Error: Too Many Requests for url: https://uk.representclo.com/products/represent-owners-club-t-shirt-black-matte
2026-08-15 04:45:55,412 [ERROR] Failed to fetch product page https://uk.representclo.com/products/represent-owners-club-t-shirt-brown-bf: 429 Client Error: Too Many Requests for url: https://uk.representclo.com/products/represent-owners-club-t-shirt-brown-bf
2026-08-15 04:45:55,968 [ERROR] Failed to fetch product page https://uk.representclo.com/products/represent-owners-club-t-shirt-bubblegum-pink-bf: 429 Client Error: Too Many Requests for url: https://uk.representclo.com/products/represent-owners-club-t-shirt-bubblegum-pink-bf
2026-08-15 04:45:56,519 [ERROR] Failed to fetch product page https://uk.representclo.com/products/represent-owners-club-t-shirt-buttercream: 429 Client Error: Too Many Requests for url: https://uk.representclo.com/products/represent-owners-club-t-shirt-buttercream
2026-08-15 04:45:57,068 [ERROR] Failed to fetch product page https://uk.representclo.com/products/represent-owners-club-t-shirt-chalk: 429 Client Error: Too Many Requests for url: https://uk.representclo.com/products/represent-owners-club-t-shirt-chalk
2026-08-15 04:45:57,617 [ERROR] Failed to fetch product page https://uk.representclo.com/products/represent-owners-club-t-shirt-cobalt: 429 Client Error: Too Many Requests for url: https://uk.representclo.com/products/represent-owners-club-t-shirt-cobalt
2026-08-15 04:45:58,205 [ERROR] Failed to fetch product page https://uk.representclo.com/products/represent-owners-club-t-shirt-flat-white: 429 Client Error: Too Many Requests for url: https://uk.representclo.com/products/represent-owners-club-t-shirt-flat-white
2026-08-15 04:45:58,752 [ERROR] Failed to fetch product page https://uk.representclo.com/products/represent-owners-club-t-shirt-fog: 429 Client Error: Too Many Requests for url: https://uk.representclo.com/products/represent-owners-club-t-shirt-fog
2026-08-15 04:45:59,312 [ERROR] Failed to fetch product page https://uk.representclo.com/products/represent-owners-club-t-shirt-jet-black: 429 Client Error: Too Many Requests for url: https://uk.representclo.com/products/represent-owners-club-t-shirt-jet-black
2026-08-15 04:45:59,860 [ERROR] Failed to fetch product page https://uk.representclo.com/products/represent-owners-club-t-shirt-mid-purple: 429 Client Error: Too Many Requests for url: https://uk.representclo.com/products/represent-owners-club-t-shirt-mid-purple
2026-08-15 04:46:00,403 [ERROR] Failed to fetch product page https://uk.representclo.com/products/represent-owners-club-t-shirt-mushroom: 429 Client Error: Too Many Requests for url: https://uk.representclo.com/products/represent-owners-club-t-shirt-mushroom
2026-08-15 04:46:00,946 [ERROR] Failed to fetch product page https://uk.representclo.com/products/represent-owners-club-t-shirt-olive-bf: 429 Client Error: Too Many Requests for url: https://uk.representclo.com/products/represent-owners-club-t-shirt-olive-bf
2026-08-15 04:46:01,504 [ERROR] Failed to fetch product page https://uk.representclo.com/products/represent-owners-club-t-shirt-pastel-green: 429 Client Error: Too Many Requests for url: https://uk.representclo.com/products/represent-owners-club-t-shirt-pastel-green
2026-08-15 04:46:02,055 [ERROR] Failed to fetch product page https://uk.representclo.com/products/represent-owners-club-t-shirt-pastel-lilac-bf: 429 Client Error: Too Many Requests for url: https://uk.representclo.com/products/represent-owners-club-t-shirt-pastel-lilac-bf
2026-08-15 04:46:02,606 [ERROR] Failed to fetch product page https://uk.representclo.com/products/represent-owners-club-t-shirt-powder-blue: 429 Client Error: Too Many Requests for url: https://uk.representclo.com/products/represent-owners-club-t-shirt-powder-blue
2026-08-15 04:46:03,156 [ERROR] Failed to fetch product page https://uk.representclo.com/products/represent-owners-club-t-shirt-racing-green: 429 Client Error: Too Many Requests for url: https://uk.representclo.com/products/represent-owners-club-t-shirt-racing-green
2026-08-15 04:46:03,701 [ERROR] Failed to fetch product page https://uk.representclo.com/products/represent-owners-club-t-shirt-sienna: 429 Client Error: Too Many Requests for url: https://uk.representclo.com/products/represent-owners-club-t-shirt-sienna
2026-08-15 04:46:04,252 [ERROR] Failed to fetch product page https://uk.representclo.com/products/represent-owners-club-t-shirt-sky-blue: 429 Client Error: Too Many Requests for url: https://uk.representclo.com/products/represent-owners-club-t-shirt-sky-blue
2026-08-15 04:46:04,797 [ERROR] Failed to fetch product page https://uk.representclo.com/products/represent-owners-club-t-shirt-storm: 429 Client Error: Too Many Requests for url: https://uk.representclo.com/products/represent-owners-club-t-shirt-storm
2026-08-15 04:46:05,344 [ERROR] Failed to fetch product page https://uk.representclo.com/products/represent-owners-club-t-shirt-vista-blue: 429 Client Error: Too Many Requests for url: https://uk.representclo.com/products/represent-owners-club-t-shirt-vista-blue
2026-08-15 04:46:05,891 [ERROR] Failed to fetch product page https://uk.representclo.com/products/represent-owners-club-tank-chalk: 429 Client Error: Too Many Requests for url: https://uk.representclo.com/products/represent-owners-club-tank-chalk
2026-08-15 04:46:06,443 [ERROR] Failed to fetch product page https://uk.representclo.com/products/represent-owners-club-tote-bag-sienna: 429 Client Error: Too Many Requests for url: https://uk.representclo.com/products/represent-owners-club-tote-bag-sienna
2026-08-15 04:46:06,987 [ERROR] Failed to fetch product page https://uk.representclo.com/products/represent-owners-club-varsity-jacket-midnight-navy: 429 Client Error: Too Many Requests for url: https://uk.representclo.com/products/represent-owners-club-varsity-jacket-midnight-navy
2026-08-15 04:46:07,559 [ERROR] Failed to fetch product page https://uk.representclo.com/products/represent-owners-club-wadded-jacket-black: 429 Client Error: Too Many Requests for url: https://uk.representclo.com/products/represent-owners-club-wadded-jacket-black
2026-08-15 04:46:08,113 [ERROR] Failed to fetch product page https://uk.representclo.com/products/represent-owners-club-washed-cap-sienna: 429 Client Error: Too Many Requests for url: https://uk.representclo.com/products/represent-owners-club-washed-cap-sienna
2026-08-15 04:46:08,669 [ERROR] Failed to fetch product page https://uk.representclo.com/products/represent-owners-club-washed-cap-sky-blue: 429 Client Error: Too Many Requests for url: https://uk.representclo.com/products/represent-owners-club-washed-cap-sky-blue
2026-08-15 04:46:09,220 [ERROR] Failed to fetch product page https://uk.representclo.com/products/represent-owners-club-woven-tote-bag-black: 429 Client Error: Too Many Requests for url: https://uk.representclo.com/products/represent-owners-club-woven-tote-bag-black
2026-08-15 04:46:09,764 [ERROR] Failed to fetch product page https://uk.representclo.com/products/represent-owners-club-zip-hoodie-ash-grey: 429 Client Error: Too Many Requests for url: https://uk.representclo.com/products/represent-owners-club-zip-hoodie-ash-grey
2026-08-15 04:46:10,307 [ERROR] Failed to fetch product page https://uk.representclo.com/products/represent-owners-club-zip-hoodie-black: 429 Client Error: Too Many Requests for url: https://uk.representclo.com/products/represent-owners-club-zip-hoodie-black
2026-08-15 04:46:10,858 [ERROR] Failed to fetch product page https://uk.representclo.com/products/represent-owners-club-zip-through-hoodie-chalk: 429 Client Error: Too Many Requests for url: https://uk.representclo.com/products/represent-owners-club-zip-through-hoodie-chalk
2026-08-15 04:46:11,404 [ERROR] Failed to fetch product page https://uk.representclo.com/products/represent-owners-club-zip-through-hoodie-sienna: 429 Client Error: Too Many Requests for url: https://uk.representclo.com/products/represent-owners-club-zip-through-hoodie-sienna
2026-08-15 04:46:11,950 [ERROR] Failed to fetch product page https://uk.representclo.com/products/represent-ringer-t-shirt-stained-black: 429 Client Error: Too Many Requests for url: https://uk.representclo.com/products/represent-ringer-t-shirt-stained-black
2026-08-15 04:46:12,500 [ERROR] Failed to fetch product page https://uk.representclo.com/products/represent-showcasing-cap-black: 429 Client Error: Too Many Requests for url: https://uk.representclo.com/products/represent-showcasing-cap-black
2026-08-15 04:46:13,046 [ERROR] Failed to fetch product page https://uk.representclo.com/products/represent-showcasing-hoodie-stained-black: 429 Client Error: Too Many Requests for url: https://uk.representclo.com/products/represent-showcasing-hoodie-stained-black
2026-08-15 04:46:13,590 [ERROR] Failed to fetch product page https://uk.representclo.com/products/represent-slim-aviator-gold-black: 429 Client Error: Too Many Requests for url: https://uk.representclo.com/products/represent-slim-aviator-gold-black
2026-08-15 04:46:14,167 [ERROR] Failed to fetch product page https://uk.representclo.com/products/represent-swim-short-earth: 429 Client Error: Too Many Requests for url: https://uk.representclo.com/products/represent-swim-short-earth
2026-08-15 04:46:14,723 [ERROR] Failed to fetch product page https://uk.representclo.com/products/represent-swim-short-jet-black: 429 Client Error: Too Many Requests for url: https://uk.representclo.com/products/represent-swim-short-jet-black
2026-08-15 04:46:15,273 [ERROR] Failed to fetch product page https://uk.representclo.com/products/represent-swim-short-navy: 429 Client Error: Too Many Requests for url: https://uk.representclo.com/products/represent-swim-short-navy
2026-08-15 04:46:15,820 [ERROR] Failed to fetch product page https://uk.representclo.com/products/represent-x-47-england-cap-aged-black: 429 Client Error: Too Many Requests for url: https://uk.representclo.com/products/represent-x-47-england-cap-aged-black
2026-08-15 04:46:16,369 [ERROR] Failed to fetch product page https://uk.representclo.com/products/represent-x-47-england-cap-dark-brown: 429 Client Error: Too Many Requests for url: https://uk.representclo.com/products/represent-x-47-england-cap-dark-brown
2026-08-15 04:46:16,913 [ERROR] Failed to fetch product page https://uk.representclo.com/products/represent-x-47-england-old-english-cap-aged-black: 429 Client Error: Too Many Requests for url: https://uk.representclo.com/products/represent-x-47-england-old-english-cap-aged-black
2026-08-15 04:46:17,459 [ERROR] Failed to fetch product page https://uk.representclo.com/products/represent-x-47-england-old-english-cap-jet-black: 429 Client Error: Too Many Requests for url: https://uk.representclo.com/products/represent-x-47-england-old-english-cap-jet-black
2026-08-15 04:46:18,008 [ERROR] Failed to fetch product page https://uk.representclo.com/products/represent-x-47-england-old-english-cap-washed-navy: 429 Client Error: Too Many Requests for url: https://uk.representclo.com/products/represent-x-47-england-old-english-cap-washed-navy
2026-08-15 04:46:18,562 [ERROR] Failed to fetch product page https://uk.representclo.com/products/represent-x-47-initial-cap-charcoal: 429 Client Error: Too Many Requests for url: https://uk.representclo.com/products/represent-x-47-initial-cap-charcoal
2026-08-15 04:46:19,113 [ERROR] Failed to fetch product page https://uk.representclo.com/products/represent-x-47-initial-cap-jet-black: 429 Client Error: Too Many Requests for url: https://uk.representclo.com/products/represent-x-47-initial-cap-jet-black
2026-08-15 04:46:19,701 [ERROR] Failed to fetch product page https://uk.representclo.com/products/represent-x-47-mlb-brooklyn-cap-washed-red: 429 Client Error: Too Many Requests for url: https://uk.representclo.com/products/represent-x-47-mlb-brooklyn-cap-washed-red
2026-08-15 04:46:20,289 [ERROR] Failed to fetch product page https://uk.representclo.com/products/represent-x-47-mlb-la-cap-vintage-blue: 429 Client Error: Too Many Requests for url: https://uk.representclo.com/products/represent-x-47-mlb-la-cap-vintage-blue
2026-08-15 04:46:20,834 [ERROR] Failed to fetch product page https://uk.representclo.com/products/represent-x-47-mlb-mini-la-cap-vintage-blue: 429 Client Error: Too Many Requests for url: https://uk.representclo.com/products/represent-x-47-mlb-mini-la-cap-vintage-blue
2026-08-15 04:46:21,381 [ERROR] Failed to fetch product page https://uk.representclo.com/products/represent-x-47-mlb-mini-ny-cap-washed-navy: 429 Client Error: Too Many Requests for url: https://uk.representclo.com/products/represent-x-47-mlb-mini-ny-cap-washed-navy
2026-08-15 04:46:21,943 [ERROR] Failed to fetch product page https://uk.representclo.com/products/represent-x-47-mlb-mini-ny-plain-cap-washed-black: 429 Client Error: Too Many Requests for url: https://uk.representclo.com/products/represent-x-47-mlb-mini-ny-plain-cap-washed-black
2026-08-15 04:46:22,493 [ERROR] Failed to fetch product page https://uk.representclo.com/products/represent-x-47-mlb-ny-cap-washed-black: 429 Client Error: Too Many Requests for url: https://uk.representclo.com/products/represent-x-47-mlb-ny-cap-washed-black
2026-08-15 04:46:23,038 [ERROR] Failed to fetch product page https://uk.representclo.com/products/represent-x-47-mlb-ny-cap-washed-brown: 429 Client Error: Too Many Requests for url: https://uk.representclo.com/products/represent-x-47-mlb-ny-cap-washed-brown
2026-08-15 04:46:23,583 [ERROR] Failed to fetch product page https://uk.representclo.com/products/represent-x-47-nothing-tougher-cap-navy: 429 Client Error: Too Many Requests for url: https://uk.representclo.com/products/represent-x-47-nothing-tougher-cap-navy
2026-08-15 04:46:24,135 [ERROR] Failed to fetch product page https://uk.representclo.com/products/represent-x-47-owners-club-cap-buttercream: 429 Client Error: Too Many Requests for url: https://uk.representclo.com/products/represent-x-47-owners-club-cap-buttercream
2026-08-15 04:46:24,686 [ERROR] Failed to fetch product page https://uk.representclo.com/products/represent-x-47-owners-club-cap-faded-black: 429 Client Error: Too Many Requests for url: https://uk.representclo.com/products/represent-x-47-owners-club-cap-faded-black
2026-08-15 04:46:25,229 [ERROR] Failed to fetch product page https://uk.representclo.com/products/represent-x-beach-boys-americas-band-sweater-ice-grey-marl: 429 Client Error: Too Many Requests for url: https://uk.representclo.com/products/represent-x-beach-boys-americas-band-sweater-ice-grey-marl
2026-08-15 04:46:25,776 [ERROR] Failed to fetch product page https://uk.representclo.com/products/represent-x-beach-boys-americas-band-t-shirt-flat-white: 429 Client Error: Too Many Requests for url: https://uk.representclo.com/products/represent-x-beach-boys-americas-band-t-shirt-flat-white
2026-08-15 04:46:26,398 [ERROR] Failed to fetch product page https://uk.representclo.com/products/represent-x-beach-boys-endless-summer-t-shirt-stained-black: 429 Client Error: Too Many Requests for url: https://uk.representclo.com/products/represent-x-beach-boys-endless-summer-t-shirt-stained-black
2026-08-15 04:46:26,948 [ERROR] Failed to fetch product page https://uk.representclo.com/products/represent-x-beach-boys-endless-summer-x-47-cap-washed-black: 429 Client Error: Too Many Requests for url: https://uk.representclo.com/products/represent-x-beach-boys-endless-summer-x-47-cap-washed-black
2026-08-15 04:46:27,495 [ERROR] Failed to fetch product page https://uk.representclo.com/products/represent-x-beach-boys-pet-sounds-t-shirt-flat-white: 429 Client Error: Too Many Requests for url: https://uk.representclo.com/products/represent-x-beach-boys-pet-sounds-t-shirt-flat-white
2026-08-15 04:46:28,041 [ERROR] Failed to fetch product page https://uk.representclo.com/products/represent-x-beach-boys-pet-sounds-t-shirt-sunfade-grey: 429 Client Error: Too Many Requests for url: https://uk.representclo.com/products/represent-x-beach-boys-pet-sounds-t-shirt-sunfade-grey
2026-08-15 04:46:28,591 [ERROR] Failed to fetch product page https://uk.representclo.com/products/represent-x-beach-boys-script-t-shirt-blue-tie-dye: 429 Client Error: Too Many Requests for url: https://uk.representclo.com/products/represent-x-beach-boys-script-t-shirt-blue-tie-dye
2026-08-15 04:46:29,140 [ERROR] Failed to fetch product page https://uk.representclo.com/products/represent-x-beach-boys-tour-cap-washed-black: 429 Client Error: Too Many Requests for url: https://uk.representclo.com/products/represent-x-beach-boys-tour-cap-washed-black
2026-08-15 04:46:29,730 [ERROR] Failed to fetch product page https://uk.representclo.com/products/represent-x-beach-boys-tour-t-shirt-washed-ecru: 429 Client Error: Too Many Requests for url: https://uk.representclo.com/products/represent-x-beach-boys-tour-t-shirt-washed-ecru
2026-08-15 04:46:30,275 [ERROR] Failed to fetch product page https://uk.representclo.com/products/represent-x-beach-boys-tour-x-47-cap-bright-blue: 429 Client Error: Too Many Requests for url: https://uk.representclo.com/products/represent-x-beach-boys-tour-x-47-cap-bright-blue
2026-08-15 04:46:30,822 [ERROR] Failed to fetch product page https://uk.representclo.com/products/represent-x-belstaff-biker-denim-vintage-grey: 429 Client Error: Too Many Requests for url: https://uk.representclo.com/products/represent-x-belstaff-biker-denim-vintage-grey
2026-08-15 04:46:31,371 [ERROR] Failed to fetch product page https://uk.representclo.com/products/represent-x-belstaff-born-to-bike-hoodie-aged-black: 429 Client Error: Too Many Requests for url: https://uk.representclo.com/products/represent-x-belstaff-born-to-bike-hoodie-aged-black
2026-08-15 04:46:31,922 [ERROR] Failed to fetch product page https://uk.representclo.com/products/represent-x-belstaff-born-to-bike-hoodie-mid-blue: 429 Client Error: Too Many Requests for url: https://uk.representclo.com/products/represent-x-belstaff-born-to-bike-hoodie-mid-blue
2026-08-15 04:46:32,476 [ERROR] Failed to fetch product page https://uk.representclo.com/products/represent-x-belstaff-born-to-bike-t-shirt-aged-black: 429 Client Error: Too Many Requests for url: https://uk.representclo.com/products/represent-x-belstaff-born-to-bike-t-shirt-aged-black
2026-08-15 04:46:33,028 [ERROR] Failed to fetch product page https://uk.representclo.com/products/represent-x-belstaff-born-to-bike-t-shirt-flat-white: 429 Client Error: Too Many Requests for url: https://uk.representclo.com/products/represent-x-belstaff-born-to-bike-t-shirt-flat-white
2026-08-15 04:46:33,574 [ERROR] Failed to fetch product page https://uk.representclo.com/products/represent-x-belstaff-enduro-cargo-shadow: 429 Client Error: Too Many Requests for url: https://uk.representclo.com/products/represent-x-belstaff-enduro-cargo-shadow
2026-08-15 04:46:34,120 [ERROR] Failed to fetch product page https://uk.representclo.com/products/represent-x-belstaff-enduro-jacket-shadow: 429 Client Error: Too Many Requests for url: https://uk.representclo.com/products/represent-x-belstaff-enduro-jacket-shadow
2026-08-15 04:46:34,725 [ERROR] Failed to fetch product page https://uk.representclo.com/products/represent-x-belstaff-leather-race-jacket-black: 429 Client Error: Too Many Requests for url: https://uk.representclo.com/products/represent-x-belstaff-leather-race-jacket-black
2026-08-15 04:46:35,276 [ERROR] Failed to fetch product page https://uk.representclo.com/products/represent-x-belstaff-long-sleeve-racing-t-shirt-dark-grey: 429 Client Error: Too Many Requests for url: https://uk.representclo.com/products/represent-x-belstaff-long-sleeve-racing-t-shirt-dark-grey
2026-08-15 04:46:35,831 [ERROR] Failed to fetch product page https://uk.representclo.com/products/represent-x-belstaff-nylon-racing-jacket-jet-black: 429 Client Error: Too Many Requests for url: https://uk.representclo.com/products/represent-x-belstaff-nylon-racing-jacket-jet-black
2026-08-15 04:46:36,378 [ERROR] Failed to fetch product page https://uk.representclo.com/products/represent-x-belstaff-panelled-cap-charcoal: 429 Client Error: Too Many Requests for url: https://uk.representclo.com/products/represent-x-belstaff-panelled-cap-charcoal
2026-08-15 04:46:36,926 [ERROR] Failed to fetch product page https://uk.representclo.com/products/represent-x-belstaff-racing-hoodie-dark-grey: 429 Client Error: Too Many Requests for url: https://uk.representclo.com/products/represent-x-belstaff-racing-hoodie-dark-grey
2026-08-15 04:46:37,473 [ERROR] Failed to fetch product page https://uk.representclo.com/products/represent-x-belstaff-racing-shorts-dark-grey: 429 Client Error: Too Many Requests for url: https://uk.representclo.com/products/represent-x-belstaff-racing-shorts-dark-grey
2026-08-15 04:46:38,034 [ERROR] Failed to fetch product page https://uk.representclo.com/products/represent-x-hunter-original-short-boot-black: 429 Client Error: Too Many Requests for url: https://uk.representclo.com/products/represent-x-hunter-original-short-boot-black
2026-08-15 04:46:38,587 [ERROR] Failed to fetch product page https://uk.representclo.com/products/represent-x-hunter-play-short-boot-black: 429 Client Error: Too Many Requests for url: https://uk.representclo.com/products/represent-x-hunter-play-short-boot-black
2026-08-15 04:46:39,147 [ERROR] Failed to fetch product page https://uk.representclo.com/products/represent-x-hunter-play-short-boot-mocha: 429 Client Error: Too Many Requests for url: https://uk.representclo.com/products/represent-x-hunter-play-short-boot-mocha
2026-08-15 04:46:39,746 [ERROR] Failed to fetch product page https://uk.representclo.com/products/represent-x-iron-maiden-a-real-live-one-t-shirt-stained-brown: 429 Client Error: Too Many Requests for url: https://uk.representclo.com/products/represent-x-iron-maiden-a-real-live-one-t-shirt-stained-brown
2026-08-15 04:46:40,302 [ERROR] Failed to fetch product page https://uk.representclo.com/products/represent-x-iron-maiden-anniversary-t-shirt-stained-black: 429 Client Error: Too Many Requests for url: https://uk.representclo.com/products/represent-x-iron-maiden-anniversary-t-shirt-stained-black
2026-08-15 04:46:40,850 [ERROR] Failed to fetch product page https://uk.representclo.com/products/represent-x-iron-maiden-anniversary-t-shirt-washed-ecru: 429 Client Error: Too Many Requests for url: https://uk.representclo.com/products/represent-x-iron-maiden-anniversary-t-shirt-washed-ecru
2026-08-15 04:46:41,396 [ERROR] Failed to fetch product page https://uk.representclo.com/products/represent-x-iron-maiden-anniversary-zip-through-hoodie-stained-black: 429 Client Error: Too Many Requests for url: https://uk.representclo.com/products/represent-x-iron-maiden-anniversary-zip-through-hoodie-stained-black
2026-08-15 04:46:41,944 [ERROR] Failed to fetch product page https://uk.representclo.com/products/represent-x-iron-maiden-british-metal-t-shirt-stained-brown: 429 Client Error: Too Many Requests for url: https://uk.representclo.com/products/represent-x-iron-maiden-british-metal-t-shirt-stained-brown
2026-08-15 04:46:42,494 [ERROR] Failed to fetch product page https://uk.representclo.com/products/represent-x-iron-maiden-holy-smoke-t-shirt-sunfade-grey: 429 Client Error: Too Many Requests for url: https://uk.representclo.com/products/represent-x-iron-maiden-holy-smoke-t-shirt-sunfade-grey
2026-08-15 04:46:43,042 [ERROR] Failed to fetch product page https://uk.representclo.com/products/represent-x-iron-maiden-infinite-dreams-t-shirt-aged-black: 429 Client Error: Too Many Requests for url: https://uk.representclo.com/products/represent-x-iron-maiden-infinite-dreams-t-shirt-aged-black
2026-08-15 04:46:43,589 [ERROR] Failed to fetch product page https://uk.representclo.com/products/represent-x-iron-maiden-number-of-beast-t-shirt-sunfade-grey: 429 Client Error: Too Many Requests for url: https://uk.representclo.com/products/represent-x-iron-maiden-number-of-beast-t-shirt-sunfade-grey
2026-08-15 04:46:44,145 [ERROR] Failed to fetch product page https://uk.representclo.com/products/represent-x-iron-maiden-number-of-the-beast-long-sleeve-t-shirt-sunfade-grey: 429 Client Error: Too Many Requests for url: https://uk.representclo.com/products/represent-x-iron-maiden-number-of-the-beast-long-sleeve-t-shirt-sunfade-grey
2026-08-15 04:46:44,690 [ERROR] Failed to fetch product page https://uk.representclo.com/products/represent-x-iron-maiden-steed-hoodie-stained-black: 429 Client Error: Too Many Requests for url: https://uk.representclo.com/products/represent-x-iron-maiden-steed-hoodie-stained-black
2026-08-15 04:46:45,238 [ERROR] Failed to fetch product page https://uk.representclo.com/products/represent-x-iron-maiden-steed-t-shirt-flat-white: 429 Client Error: Too Many Requests for url: https://uk.representclo.com/products/represent-x-iron-maiden-steed-t-shirt-flat-white
2026-08-15 04:46:45,788 [ERROR] Failed to fetch product page https://uk.representclo.com/products/represent-x-iron-maiden-steed-t-shirt-stained-black: 429 Client Error: Too Many Requests for url: https://uk.representclo.com/products/represent-x-iron-maiden-steed-t-shirt-stained-black
2026-08-15 04:46:46,339 [ERROR] Failed to fetch product page https://uk.representclo.com/products/represent-x-mels-diner-realtree-x-47-cap-real-tree: 429 Client Error: Too Many Requests for url: https://uk.representclo.com/products/represent-x-mels-diner-realtree-x-47-cap-real-tree
2026-08-15 04:46:46,884 [ERROR] Failed to fetch product page https://uk.representclo.com/products/represent-x-mels-diner-t-shirt-flat-white: 429 Client Error: Too Many Requests for url: https://uk.representclo.com/products/represent-x-mels-diner-t-shirt-flat-white
2026-08-15 04:46:47,459 [ERROR] Failed to fetch product page https://uk.representclo.com/products/represent-x-mels-diner-t-shirt-jet-black: 429 Client Error: Too Many Requests for url: https://uk.representclo.com/products/represent-x-mels-diner-t-shirt-jet-black
2026-08-15 04:46:48,004 [ERROR] Failed to fetch product page https://uk.representclo.com/products/represent-x-mels-diner-x-47-cap-brown: 429 Client Error: Too Many Requests for url: https://uk.representclo.com/products/represent-x-mels-diner-x-47-cap-brown
2026-08-15 04:46:48,551 [ERROR] Failed to fetch product page https://uk.representclo.com/products/represent-x-metallica-local-crew-long-sleeve-t-shirt-flat-white: 429 Client Error: Too Many Requests for url: https://uk.representclo.com/products/represent-x-metallica-local-crew-long-sleeve-t-shirt-flat-white
2026-08-15 04:46:49,097 [ERROR] Failed to fetch product page https://uk.representclo.com/products/represent-x-metallica-local-crew-vest-flat-white: 429 Client Error: Too Many Requests for url: https://uk.representclo.com/products/represent-x-metallica-local-crew-vest-flat-white
2026-08-15 04:46:49,641 [ERROR] Failed to fetch product page https://uk.representclo.com/products/represent-x-metallica-local-crew-vest-jet-black: 429 Client Error: Too Many Requests for url: https://uk.representclo.com/products/represent-x-metallica-local-crew-vest-jet-black
2026-08-15 04:46:50,203 [ERROR] Failed to fetch product page https://uk.representclo.com/products/represent-x-metallica-local-crew-zip-hoodie-stained-black: 429 Client Error: Too Many Requests for url: https://uk.representclo.com/products/represent-x-metallica-local-crew-zip-hoodie-stained-black
2026-08-15 04:46:50,747 [ERROR] Failed to fetch product page https://uk.representclo.com/products/represent-x-metallica-master-of-puppets-hoodie-vintage-grey: 429 Client Error: Too Many Requests for url: https://uk.representclo.com/products/represent-x-metallica-master-of-puppets-hoodie-vintage-grey
2026-08-15 04:46:51,292 [ERROR] Failed to fetch product page https://uk.representclo.com/products/represent-x-metallica-ride-the-lightning-hoodie-vintage-grey: 429 Client Error: Too Many Requests for url: https://uk.representclo.com/products/represent-x-metallica-ride-the-lightning-hoodie-vintage-grey
2026-08-15 04:46:51,842 [ERROR] Failed to fetch product page https://uk.representclo.com/products/represent-x-oasis-maine-road-hoodie-washed-black: 429 Client Error: Too Many Requests for url: https://uk.representclo.com/products/represent-x-oasis-maine-road-hoodie-washed-black
2026-08-15 04:46:52,391 [ERROR] Failed to fetch product page https://uk.representclo.com/products/represent-x-oasis-maine-road-t-shirt-flat-white: 429 Client Error: Too Many Requests for url: https://uk.representclo.com/products/represent-x-oasis-maine-road-t-shirt-flat-white
2026-08-15 04:46:52,940 [ERROR] Failed to fetch product page https://uk.representclo.com/products/represent-x-oasis-owners-club-hoodie-stained-black: 429 Client Error: Too Many Requests for url: https://uk.representclo.com/products/represent-x-oasis-owners-club-hoodie-stained-black
2026-08-15 04:46:53,519 [ERROR] Failed to fetch product page https://uk.representclo.com/products/represent-x-oasis-owners-club-t-shirt-flat-white: 429 Client Error: Too Many Requests for url: https://uk.representclo.com/products/represent-x-oasis-owners-club-t-shirt-flat-white
2026-08-15 04:46:54,065 [ERROR] Failed to fetch product page https://uk.representclo.com/products/represent-x-oasis-owners-club-t-shirt-stained-black: 429 Client Error: Too Many Requests for url: https://uk.representclo.com/products/represent-x-oasis-owners-club-t-shirt-stained-black
2026-08-15 04:46:54,612 [ERROR] Failed to fetch product page https://uk.representclo.com/products/represent-x-puma-baseball-cap-olive-night: 429 Client Error: Too Many Requests for url: https://uk.representclo.com/products/represent-x-puma-baseball-cap-olive-night
2026-08-15 04:46:55,160 [ERROR] Failed to fetch product page https://uk.representclo.com/products/represent-x-puma-baseball-cap-puma-black: 429 Client Error: Too Many Requests for url: https://uk.representclo.com/products/represent-x-puma-baseball-cap-puma-black
2026-08-15 04:46:55,706 [ERROR] Failed to fetch product page https://uk.representclo.com/products/represent-x-puma-bomber-flat-dark-gray: 429 Client Error: Too Many Requests for url: https://uk.representclo.com/products/represent-x-puma-bomber-flat-dark-gray
2026-08-15 04:46:56,253 [ERROR] Failed to fetch product page https://uk.representclo.com/products/represent-x-puma-coach-jacket-puma-black: 429 Client Error: Too Many Requests for url: https://uk.representclo.com/products/represent-x-puma-coach-jacket-puma-black
2026-08-15 04:46:56,844 [ERROR] Failed to fetch product page https://uk.representclo.com/products/represent-x-puma-graphic-hoodie-flat-dark-gray: 429 Client Error: Too Many Requests for url: https://uk.representclo.com/products/represent-x-puma-graphic-hoodie-flat-dark-gray
2026-08-15 04:46:57,395 [ERROR] Failed to fetch product page https://uk.representclo.com/products/represent-x-puma-graphic-hoodie-night-pine: 429 Client Error: Too Many Requests for url: https://uk.representclo.com/products/represent-x-puma-graphic-hoodie-night-pine
2026-08-15 04:46:57,958 [ERROR] Failed to fetch product page https://uk.representclo.com/products/represent-x-puma-hoodie-puma-black: 429 Client Error: Too Many Requests for url: https://uk.representclo.com/products/represent-x-puma-hoodie-puma-black
2026-08-15 04:46:58,512 [ERROR] Failed to fetch product page https://uk.representclo.com/products/represent-x-puma-jacket-night-pine: 429 Client Error: Too Many Requests for url: https://uk.representclo.com/products/represent-x-puma-jacket-night-pine
2026-08-15 04:46:59,061 [ERROR] Failed to fetch product page https://uk.representclo.com/products/represent-x-puma-jacket-pine-bark: 429 Client Error: Too Many Requests for url: https://uk.representclo.com/products/represent-x-puma-jacket-pine-bark
2026-08-15 04:46:59,608 [ERROR] Failed to fetch product page https://uk.representclo.com/products/represent-x-puma-jersey-puma-black: 429 Client Error: Too Many Requests for url: https://uk.representclo.com/products/represent-x-puma-jersey-puma-black
2026-08-15 04:47:00,169 [ERROR] Failed to fetch product page https://uk.representclo.com/products/represent-x-puma-king-indoor-light-sand: 429 Client Error: Too Many Requests for url: https://uk.representclo.com/products/represent-x-puma-king-indoor-light-sand
2026-08-15 04:47:00,718 [ERROR] Failed to fetch product page https://uk.representclo.com/products/represent-x-puma-king-jersey-shoji-aop: 429 Client Error: Too Many Requests for url: https://uk.representclo.com/products/represent-x-puma-king-jersey-shoji-aop
2026-08-15 04:47:01,266 [ERROR] Failed to fetch product page https://uk.representclo.com/products/represent-x-puma-majesty-warm-white-puma-black: 429 Client Error: Too Many Requests for url: https://uk.representclo.com/products/represent-x-puma-majesty-warm-white-puma-black
2026-08-15 04:47:01,819 [ERROR] Failed to fetch product page https://uk.representclo.com/products/represent-x-puma-pants-sand-dune: 429 Client Error: Too Many Requests for url: https://uk.representclo.com/products/represent-x-puma-pants-sand-dune
2026-08-15 04:47:02,365 [ERROR] Failed to fetch product page https://uk.representclo.com/products/represent-x-puma-shorts-galactic-grey: 429 Client Error: Too Many Requests for url: https://uk.representclo.com/products/represent-x-puma-shorts-galactic-grey
2026-08-15 04:47:02,972 [ERROR] Failed to fetch product page https://uk.representclo.com/products/represent-x-puma-shorts-puma-black: 429 Client Error: Too Many Requests for url: https://uk.representclo.com/products/represent-x-puma-shorts-puma-black
2026-08-15 04:47:03,549 [ERROR] Failed to fetch product page https://uk.representclo.com/products/represent-x-puma-sling-bag-puma-black: 429 Client Error: Too Many Requests for url: https://uk.representclo.com/products/represent-x-puma-sling-bag-puma-black
2026-08-15 04:47:04,093 [ERROR] Failed to fetch product page https://uk.representclo.com/products/represent-x-puma-speedcat-wolf-grey: 429 Client Error: Too Many Requests for url: https://uk.representclo.com/products/represent-x-puma-speedcat-wolf-grey
2026-08-15 04:47:04,645 [ERROR] Failed to fetch product page https://uk.representclo.com/products/represent-x-puma-super-team-frosted-ivory: 429 Client Error: Too Many Requests for url: https://uk.representclo.com/products/represent-x-puma-super-team-frosted-ivory
2026-08-15 04:47:05,193 [ERROR] Failed to fetch product page https://uk.representclo.com/products/represent-x-puma-sweatpant-puma-black: 429 Client Error: Too Many Requests for url: https://uk.representclo.com/products/represent-x-puma-sweatpant-puma-black
2026-08-15 04:47:05,744 [ERROR] Failed to fetch product page https://uk.representclo.com/products/represent-x-puma-t-shirt-puma-black: 429 Client Error: Too Many Requests for url: https://uk.representclo.com/products/represent-x-puma-t-shirt-puma-black
2026-08-15 04:47:06,289 [ERROR] Failed to fetch product page https://uk.representclo.com/products/represent-x-puma-t7-knit-jacket-pine-bark: 429 Client Error: Too Many Requests for url: https://uk.representclo.com/products/represent-x-puma-t7-knit-jacket-pine-bark
2026-08-15 04:47:06,840 [ERROR] Failed to fetch product page https://uk.representclo.com/products/represent-x-the-viper-room-dice-hoodie-vintage-grey: 429 Client Error: Too Many Requests for url: https://uk.representclo.com/products/represent-x-the-viper-room-dice-hoodie-vintage-grey
2026-08-15 04:47:07,392 [ERROR] Failed to fetch product page https://uk.representclo.com/products/represent-x-the-viper-room-dice-t-shirt-flat-white: 429 Client Error: Too Many Requests for url: https://uk.representclo.com/products/represent-x-the-viper-room-dice-t-shirt-flat-white
2026-08-15 04:47:07,943 [ERROR] Failed to fetch product page https://uk.representclo.com/products/represent-x-the-viper-room-dice-t-shirt-vintage-grey: 429 Client Error: Too Many Requests for url: https://uk.representclo.com/products/represent-x-the-viper-room-dice-t-shirt-vintage-grey
2026-08-15 04:47:08,490 [ERROR] Failed to fetch product page https://uk.representclo.com/products/represent-x-the-viper-room-glow-t-shirt-vintage-black: 429 Client Error: Too Many Requests for url: https://uk.representclo.com/products/represent-x-the-viper-room-glow-t-shirt-vintage-black
2026-08-15 04:47:09,042 [ERROR] Failed to fetch product page https://uk.representclo.com/products/represent-x-viper-room-x-47-cap-washed-black: 429 Client Error: Too Many Requests for url: https://uk.representclo.com/products/represent-x-viper-room-x-47-cap-washed-black
2026-08-15 04:47:09,595 [ERROR] Failed to fetch product page https://uk.representclo.com/products/represent-x-viper-souvenir-jacket-jet-black: 429 Client Error: Too Many Requests for url: https://uk.representclo.com/products/represent-x-viper-souvenir-jacket-jet-black
2026-08-15 04:47:10,171 [ERROR] Failed to fetch product page https://uk.representclo.com/products/reptor-low-black-vintage-white: 429 Client Error: Too Many Requests for url: https://uk.representclo.com/products/reptor-low-black-vintage-white
2026-08-15 04:47:10,716 [ERROR] Failed to fetch product page https://uk.representclo.com/products/reptor-triple-black: 429 Client Error: Too Many Requests for url: https://uk.representclo.com/products/reptor-triple-black
2026-08-15 04:47:11,265 [ERROR] Failed to fetch product page https://uk.representclo.com/products/resort-shirt-latte: 429 Client Error: Too Many Requests for url: https://uk.representclo.com/products/resort-shirt-latte
2026-08-15 04:47:11,815 [ERROR] Failed to fetch product page https://uk.representclo.com/products/resort-shorts-latte: 429 Client Error: Too Many Requests for url: https://uk.representclo.com/products/resort-shorts-latte
2026-08-15 04:47:12,363 [ERROR] Failed to fetch product page https://uk.representclo.com/products/retro-football-long-sleeve-t-shirt-shell: 429 Client Error: Too Many Requests for url: https://uk.representclo.com/products/retro-football-long-sleeve-t-shirt-shell
2026-08-15 04:47:12,907 [ERROR] Failed to fetch product page https://uk.representclo.com/products/revere-manor-t-shirt-aged-white: 429 Client Error: Too Many Requests for url: https://uk.representclo.com/products/revere-manor-t-shirt-aged-white
2026-08-15 04:47:13,459 [ERROR] Failed to fetch product page https://uk.representclo.com/products/revere-manor-t-shirt-stained-black: 429 Client Error: Too Many Requests for url: https://uk.representclo.com/products/revere-manor-t-shirt-stained-black
2026-08-15 04:47:14,009 [ERROR] Failed to fetch product page https://uk.representclo.com/products/reversible-fade-out-sweater-cloud: 429 Client Error: Too Many Requests for url: https://uk.representclo.com/products/reversible-fade-out-sweater-cloud
2026-08-15 04:47:14,562 [ERROR] Failed to fetch product page https://uk.representclo.com/products/reversible-fade-out-sweater-nero: 429 Client Error: Too Many Requests for url: https://uk.representclo.com/products/reversible-fade-out-sweater-nero
2026-08-15 04:47:15,112 [ERROR] Failed to fetch product page https://uk.representclo.com/products/reversible-living-legacy-tour-hoodie-nero: 429 Client Error: Too Many Requests for url: https://uk.representclo.com/products/reversible-living-legacy-tour-hoodie-nero
2026-08-15 04:47:15,663 [ERROR] Failed to fetch product page https://uk.representclo.com/products/reversible-living-legacy-tour-hoodie-sun-fade-grey: 429 Client Error: Too Many Requests for url: https://uk.representclo.com/products/reversible-living-legacy-tour-hoodie-sun-fade-grey
2026-08-15 04:47:16,244 [ERROR] Failed to fetch product page https://uk.representclo.com/products/reversible-living-legacy-tour-long-sleeve-t-shirt-sun-fade-grey: 429 Client Error: Too Many Requests for url: https://uk.representclo.com/products/reversible-living-legacy-tour-long-sleeve-t-shirt-sun-fade-grey
2026-08-15 04:47:16,827 [ERROR] Failed to fetch product page https://uk.representclo.com/products/reversible-living-legacy-tour-t-shirt-flat-white: 429 Client Error: Too Many Requests for url: https://uk.representclo.com/products/reversible-living-legacy-tour-t-shirt-flat-white
2026-08-15 04:47:17,376 [ERROR] Failed to fetch product page https://uk.representclo.com/products/reversible-living-legacy-tour-t-shirt-nero: 429 Client Error: Too Many Requests for url: https://uk.representclo.com/products/reversible-living-legacy-tour-t-shirt-nero
2026-08-15 04:47:17,924 [ERROR] Failed to fetch product page https://uk.representclo.com/products/rib-knit-beanie-dark-taupe: 429 Client Error: Too Many Requests for url: https://uk.representclo.com/products/rib-knit-beanie-dark-taupe
2026-08-15 04:47:18,470 [ERROR] Failed to fetch product page https://uk.representclo.com/products/rib-knit-beanie-vintage-grey: 429 Client Error: Too Many Requests for url: https://uk.representclo.com/products/rib-knit-beanie-vintage-grey
2026-08-15 04:47:19,021 [ERROR] Failed to fetch product page https://uk.representclo.com/products/ribbed-hybrid-pant-clove: 429 Client Error: Too Many Requests for url: https://uk.representclo.com/products/ribbed-hybrid-pant-clove
2026-08-15 04:47:19,567 [ERROR] Failed to fetch product page https://uk.representclo.com/products/ribbed-hybrid-pant-washed-black: 429 Client Error: Too Many Requests for url: https://uk.representclo.com/products/ribbed-hybrid-pant-washed-black
2026-08-15 04:47:20,115 [ERROR] Failed to fetch product page https://uk.representclo.com/products/ribbed-knit-oversized-polo-washed-black: 429 Client Error: Too Many Requests for url: https://uk.representclo.com/products/ribbed-knit-oversized-polo-washed-black
2026-08-15 04:47:20,669 [ERROR] Failed to fetch product page https://uk.representclo.com/products/ribbed-polo-aged-white: 429 Client Error: Too Many Requests for url: https://uk.representclo.com/products/ribbed-polo-aged-white
2026-08-15 04:47:21,213 [ERROR] Failed to fetch product page https://uk.representclo.com/products/ripstop-sling-bag-champagne: 429 Client Error: Too Many Requests for url: https://uk.representclo.com/products/ripstop-sling-bag-champagne
2026-08-15 04:47:21,758 [ERROR] Failed to fetch product page https://uk.representclo.com/products/rodeo-belt-jet-black: 429 Client Error: Too Many Requests for url: https://uk.representclo.com/products/rodeo-belt-jet-black
2026-08-15 04:47:22,309 [ERROR] Failed to fetch product page https://uk.representclo.com/products/rodeo-leather-jacket-jet-black: 429 Client Error: Too Many Requests for url: https://uk.representclo.com/products/rodeo-leather-jacket-jet-black
2026-08-15 04:47:22,862 [ERROR] Failed to fetch product page https://uk.representclo.com/products/roscoe-bomber-whisky: 429 Client Error: Too Many Requests for url: https://uk.representclo.com/products/roscoe-bomber-whisky
2026-08-15 04:47:23,518 [ERROR] Failed to fetch product page https://uk.representclo.com/products/santa-monica-flannel-shirt-blush: 429 Client Error: Too Many Requests for url: https://uk.representclo.com/products/santa-monica-flannel-shirt-blush
2026-08-15 04:47:24,062 [ERROR] Failed to fetch product page https://uk.representclo.com/products/santa-monica-flannel-shirt-drift-blue: 429 Client Error: Too Many Requests for url: https://uk.representclo.com/products/santa-monica-flannel-shirt-drift-blue
2026-08-15 04:47:24,610 [ERROR] Failed to fetch product page https://uk.representclo.com/products/santa-monica-x-47-cap-light-blue: 429 Client Error: Too Many Requests for url: https://uk.representclo.com/products/santa-monica-x-47-cap-light-blue
2026-08-15 04:47:25,156 [ERROR] Failed to fetch product page https://uk.representclo.com/products/satin-bomber-black: 429 Client Error: Too Many Requests for url: https://uk.representclo.com/products/satin-bomber-black
2026-08-15 04:47:25,738 [ERROR] Failed to fetch product page https://uk.representclo.com/products/script-logo-t-shirt-concrete: 429 Client Error: Too Many Requests for url: https://uk.representclo.com/products/script-logo-t-shirt-concrete
2026-08-15 04:47:26,286 [ERROR] Failed to fetch product page https://uk.representclo.com/products/script-logo-t-shirt-vintage-grey: 429 Client Error: Too Many Requests for url: https://uk.representclo.com/products/script-logo-t-shirt-vintage-grey
2026-08-15 04:47:26,832 [ERROR] Failed to fetch product page https://uk.representclo.com/products/script-logo-zip-hoodie-concrete: 429 Client Error: Too Many Requests for url: https://uk.representclo.com/products/script-logo-zip-hoodie-concrete
2026-08-15 04:47:27,378 [ERROR] Failed to fetch product page https://uk.representclo.com/products/script-logo-zip-hoodie-vintage-grey: 429 Client Error: Too Many Requests for url: https://uk.representclo.com/products/script-logo-zip-hoodie-vintage-grey
2026-08-15 04:47:27,929 [ERROR] Failed to fetch product page https://uk.representclo.com/products/season-cargo-pant-jet-black: 429 Client Error: Too Many Requests for url: https://uk.representclo.com/products/season-cargo-pant-jet-black
2026-08-15 04:47:28,480 [ERROR] Failed to fetch product page https://uk.representclo.com/products/season-cargo-pant-washed-taupe: 429 Client Error: Too Many Requests for url: https://uk.representclo.com/products/season-cargo-pant-washed-taupe
2026-08-15 04:47:29,035 [ERROR] Failed to fetch product page https://uk.representclo.com/products/season-cargo-short-jet-black: 429 Client Error: Too Many Requests for url: https://uk.representclo.com/products/season-cargo-short-jet-black
2026-08-15 04:47:29,607 [ERROR] Failed to fetch product page https://uk.representclo.com/products/season-cargo-short-washed-taupe: 429 Client Error: Too Many Requests for url: https://uk.representclo.com/products/season-cargo-short-washed-taupe
2026-08-15 04:47:30,160 [ERROR] Failed to fetch product page https://uk.representclo.com/products/season-flannel-shirt-mid-blue: 429 Client Error: Too Many Requests for url: https://uk.representclo.com/products/season-flannel-shirt-mid-blue
2026-08-15 04:47:30,704 [ERROR] Failed to fetch product page https://uk.representclo.com/products/seersucker-smart-swim-short-black: 429 Client Error: Too Many Requests for url: https://uk.representclo.com/products/seersucker-smart-swim-short-black
2026-08-15 04:47:31,252 [ERROR] Failed to fetch product page https://uk.representclo.com/products/selvedge-denim-midnight-black: 429 Client Error: Too Many Requests for url: https://uk.representclo.com/products/selvedge-denim-midnight-black
2026-08-15 04:47:31,796 [ERROR] Failed to fetch product page https://uk.representclo.com/products/serif-logo-t-shirt-flat-white: 429 Client Error: Too Many Requests for url: https://uk.representclo.com/products/serif-logo-t-shirt-flat-white
2026-08-15 04:47:32,367 [ERROR] Failed to fetch product page https://uk.representclo.com/products/serif-logo-t-shirt-jet-black: 429 Client Error: Too Many Requests for url: https://uk.representclo.com/products/serif-logo-t-shirt-jet-black
2026-08-15 04:47:32,915 [ERROR] Failed to fetch product page https://uk.representclo.com/products/shadow-247-x-research-studio-eyewear-sunglasses-jet-black: 429 Client Error: Too Many Requests for url: https://uk.representclo.com/products/shadow-247-x-research-studio-eyewear-sunglasses-jet-black
2026-08-15 04:47:33,461 [ERROR] Failed to fetch product page https://uk.representclo.com/products/shark-jaws-t-shirt-flat-white: 429 Client Error: Too Many Requests for url: https://uk.representclo.com/products/shark-jaws-t-shirt-flat-white
2026-08-15 04:47:34,014 [ERROR] Failed to fetch product page https://uk.representclo.com/products/shark-jaws-t-shirt-off-black: 429 Client Error: Too Many Requests for url: https://uk.representclo.com/products/shark-jaws-t-shirt-off-black
2026-08-15 04:47:34,561 [ERROR] Failed to fetch product page https://uk.representclo.com/products/shark-jaws-t-shirt-vintage-grey: 429 Client Error: Too Many Requests for url: https://uk.representclo.com/products/shark-jaws-t-shirt-vintage-grey
2026-08-15 04:47:35,111 [ERROR] Failed to fetch product page https://uk.representclo.com/products/shearling-scoop-hem-shirt-ice-grey: 429 Client Error: Too Many Requests for url: https://uk.representclo.com/products/shearling-scoop-hem-shirt-ice-grey
2026-08-15 04:47:35,670 [ERROR] Failed to fetch product page https://uk.representclo.com/products/shearling-trapper-jet-black: 429 Client Error: Too Many Requests for url: https://uk.representclo.com/products/shearling-trapper-jet-black
2026-08-15 04:47:36,217 [ERROR] Failed to fetch product page https://uk.representclo.com/products/sheer-flannel-shirt-brown-check: 429 Client Error: Too Many Requests for url: https://uk.representclo.com/products/sheer-flannel-shirt-brown-check
2026-08-15 04:47:36,790 [ERROR] Failed to fetch product page https://uk.representclo.com/products/shirt-bomber-black: 429 Client Error: Too Many Requests for url: https://uk.representclo.com/products/shirt-bomber-black
2026-08-15 04:47:37,337 [ERROR] Failed to fetch product page https://uk.representclo.com/products/short-sleeve-cotton-overshirt-beige: 429 Client Error: Too Many Requests for url: https://uk.representclo.com/products/short-sleeve-cotton-overshirt-beige
2026-08-15 04:47:37,890 [ERROR] Failed to fetch product page https://uk.representclo.com/products/short-sleeve-cotton-overshirt-washed-black: 429 Client Error: Too Many Requests for url: https://uk.representclo.com/products/short-sleeve-cotton-overshirt-washed-black
2026-08-15 04:47:38,444 [ERROR] Failed to fetch product page https://uk.representclo.com/products/short-sleeve-pinstripe-shirt-grey: 429 Client Error: Too Many Requests for url: https://uk.representclo.com/products/short-sleeve-pinstripe-shirt-grey
2026-08-15 04:47:38,990 [ERROR] Failed to fetch product page https://uk.representclo.com/products/shotgun-chaps-denim-grey: 429 Client Error: Too Many Requests for url: https://uk.representclo.com/products/shotgun-chaps-denim-grey
2026-08-15 04:47:39,537 [ERROR] Failed to fetch product page https://uk.representclo.com/products/sierra-cord-shirt-vintage-khaki: 429 Client Error: Too Many Requests for url: https://uk.representclo.com/products/sierra-cord-shirt-vintage-khaki
2026-08-15 04:47:40,100 [ERROR] Failed to fetch product page https://uk.representclo.com/products/slack-pant-jet-black: 429 Client Error: Too Many Requests for url: https://uk.representclo.com/products/slack-pant-jet-black
2026-08-15 04:47:40,645 [ERROR] Failed to fetch product page https://uk.representclo.com/products/slack-pant-latte: 429 Client Error: Too Many Requests for url: https://uk.representclo.com/products/slack-pant-latte
2026-08-15 04:47:41,191 [ERROR] Failed to fetch product page https://uk.representclo.com/products/slim-aviator-sunglasses-silver-brown: 429 Client Error: Too Many Requests for url: https://uk.representclo.com/products/slim-aviator-sunglasses-silver-brown
2026-08-15 04:47:41,780 [ERROR] Failed to fetch product page https://uk.representclo.com/products/slim-aviator-sunglasses-silver-matcha: 429 Client Error: Too Many Requests for url: https://uk.representclo.com/products/slim-aviator-sunglasses-silver-matcha
2026-08-15 04:47:42,328 [ERROR] Failed to fetch product page https://uk.representclo.com/products/slub-knit-sock-dark-taupe: 429 Client Error: Too Many Requests for url: https://uk.representclo.com/products/slub-knit-sock-dark-taupe
2026-08-15 04:47:42,883 [ERROR] Failed to fetch product page https://uk.representclo.com/products/slub-knit-sock-grey: 429 Client Error: Too Many Requests for url: https://uk.representclo.com/products/slub-knit-sock-grey
2026-08-15 04:47:43,430 [ERROR] Failed to fetch product page https://uk.representclo.com/products/slub-script-t-shirt-aged-white: 429 Client Error: Too Many Requests for url: https://uk.representclo.com/products/slub-script-t-shirt-aged-white
2026-08-15 04:47:43,988 [ERROR] Failed to fetch product page https://uk.representclo.com/products/slub-script-t-shirt-ice-blue: 429 Client Error: Too Many Requests for url: https://uk.representclo.com/products/slub-script-t-shirt-ice-blue
2026-08-15 04:47:44,540 [ERROR] Failed to fetch product page https://uk.representclo.com/products/slub-script-tank-aged-white: 429 Client Error: Too Many Requests for url: https://uk.representclo.com/products/slub-script-tank-aged-white
2026-08-15 04:47:45,085 [ERROR] Failed to fetch product page https://uk.representclo.com/products/slub-script-tank-ice-blue: 429 Client Error: Too Many Requests for url: https://uk.representclo.com/products/slub-script-tank-ice-blue
2026-08-15 04:47:45,636 [ERROR] Failed to fetch product page https://uk.representclo.com/products/smart-bomber-nero: 429 Client Error: Too Many Requests for url: https://uk.representclo.com/products/smart-bomber-nero
2026-08-15 04:47:46,183 [ERROR] Failed to fetch product page https://uk.representclo.com/products/smart-swim-metal-initial-washed-sage: 429 Client Error: Too Many Requests for url: https://uk.representclo.com/products/smart-swim-metal-initial-washed-sage
2026-08-15 04:47:46,729 [ERROR] Failed to fetch product page https://uk.representclo.com/products/smoking-pant-oatmeal: 429 Client Error: Too Many Requests for url: https://uk.representclo.com/products/smoking-pant-oatmeal
2026-08-15 04:47:47,280 [ERROR] Failed to fetch product page https://uk.representclo.com/products/spike-football-shorts-flat-white: 429 Client Error: Too Many Requests for url: https://uk.representclo.com/products/spike-football-shorts-flat-white
2026-08-15 04:47:47,829 [ERROR] Failed to fetch product page https://uk.representclo.com/products/spike-jersey-flat-white: 429 Client Error: Too Many Requests for url: https://uk.representclo.com/products/spike-jersey-flat-white
2026-08-15 04:47:48,385 [ERROR] Failed to fetch product page https://uk.representclo.com/products/spirit-reaper-t-shirt-vintage-black: 429 Client Error: Too Many Requests for url: https://uk.representclo.com/products/spirit-reaper-t-shirt-vintage-black
2026-08-15 04:47:48,945 [ERROR] Failed to fetch product page https://uk.representclo.com/products/spirits-of-summer-t-shirt-flat-white: 429 Client Error: Too Many Requests for url: https://uk.representclo.com/products/spirits-of-summer-t-shirt-flat-white
2026-08-15 04:47:49,494 [ERROR] Failed to fetch product page https://uk.representclo.com/products/spirits-of-summer-t-shirt-sunrise: 429 Client Error: Too Many Requests for url: https://uk.representclo.com/products/spirits-of-summer-t-shirt-sunrise
2026-08-15 04:47:50,045 [ERROR] Failed to fetch product page https://uk.representclo.com/products/split-pant-sesame: 429 Client Error: Too Many Requests for url: https://uk.representclo.com/products/split-pant-sesame
2026-08-15 04:47:50,589 [ERROR] Failed to fetch product page https://uk.representclo.com/products/sprayed-horizons-sweater-sunrise: 429 Client Error: Too Many Requests for url: https://uk.representclo.com/products/sprayed-horizons-sweater-sunrise
2026-08-15 04:47:51,134 [ERROR] Failed to fetch product page https://uk.representclo.com/products/stamped-sweater-vintage-grey: 429 Client Error: Too Many Requests for url: https://uk.representclo.com/products/stamped-sweater-vintage-grey
2026-08-15 04:47:51,683 [ERROR] Failed to fetch product page https://uk.representclo.com/products/star-jersey-jet-black: 429 Client Error: Too Many Requests for url: https://uk.representclo.com/products/star-jersey-jet-black
2026-08-15 04:47:52,231 [ERROR] Failed to fetch product page https://uk.representclo.com/products/star-long-sleeve-jersey-jet-black: 429 Client Error: Too Many Requests for url: https://uk.representclo.com/products/star-long-sleeve-jersey-jet-black
2026-08-15 04:47:52,784 [ERROR] Failed to fetch product page https://uk.representclo.com/products/star-shorts-jet-black: 429 Client Error: Too Many Requests for url: https://uk.representclo.com/products/star-shorts-jet-black
2026-08-15 04:47:53,338 [ERROR] Failed to fetch product page https://uk.representclo.com/products/stepped-hem-hoodie-oat: 429 Client Error: Too Many Requests for url: https://uk.representclo.com/products/stepped-hem-hoodie-oat
2026-08-15 04:47:53,882 [ERROR] Failed to fetch product page https://uk.representclo.com/products/stepped-hem-hoodie-stained-black: 429 Client Error: Too Many Requests for url: https://uk.representclo.com/products/stepped-hem-hoodie-stained-black
2026-08-15 04:47:54,430 [ERROR] Failed to fetch product page https://uk.representclo.com/products/stepped-hem-pant-black: 429 Client Error: Too Many Requests for url: https://uk.representclo.com/products/stepped-hem-pant-black
2026-08-15 04:47:55,021 [ERROR] Failed to fetch product page https://uk.representclo.com/products/storm-runner-dip-dye-chocolate: 429 Client Error: Too Many Requests for url: https://uk.representclo.com/products/storm-runner-dip-dye-chocolate
2026-08-15 04:47:55,567 [ERROR] Failed to fetch product page https://uk.representclo.com/products/storm-runner-dip-dye-off-black: 429 Client Error: Too Many Requests for url: https://uk.representclo.com/products/storm-runner-dip-dye-off-black
2026-08-15 04:47:56,154 [ERROR] Failed to fetch product page https://uk.representclo.com/products/storm-runner-distressed-maroon: 429 Client Error: Too Many Requests for url: https://uk.representclo.com/products/storm-runner-distressed-maroon
2026-08-15 04:47:56,703 [ERROR] Failed to fetch product page https://uk.representclo.com/products/storm-runner-multi: 429 Client Error: Too Many Requests for url: https://uk.representclo.com/products/storm-runner-multi
2026-08-15 04:47:57,249 [ERROR] Failed to fetch product page https://uk.representclo.com/products/storm-runner-off-white: 429 Client Error: Too Many Requests for url: https://uk.representclo.com/products/storm-runner-off-white
2026-08-15 04:47:57,799 [ERROR] Failed to fetch product page https://uk.representclo.com/products/storm-runner-royal-blue-grey: 429 Client Error: Too Many Requests for url: https://uk.representclo.com/products/storm-runner-royal-blue-grey
2026-08-15 04:47:58,344 [ERROR] Failed to fetch product page https://uk.representclo.com/products/storm-runner-silver-black: 429 Client Error: Too Many Requests for url: https://uk.representclo.com/products/storm-runner-silver-black
2026-08-15 04:47:58,905 [ERROR] Failed to fetch product page https://uk.representclo.com/products/storm-runner-triple-black: 429 Client Error: Too Many Requests for url: https://uk.representclo.com/products/storm-runner-triple-black
2026-08-15 04:47:59,451 [ERROR] Failed to fetch product page https://uk.representclo.com/products/storm-runner-ultimate-grey: 429 Client Error: Too Many Requests for url: https://uk.representclo.com/products/storm-runner-ultimate-grey
2026-08-15 04:48:00,001 [ERROR] Failed to fetch product page https://uk.representclo.com/products/storm-torn-cream: 429 Client Error: Too Many Requests for url: https://uk.representclo.com/products/storm-torn-cream
2026-08-15 04:48:00,551 [ERROR] Failed to fetch product page https://uk.representclo.com/products/storm-torn-flat-white-silver: 429 Client Error: Too Many Requests for url: https://uk.representclo.com/products/storm-torn-flat-white-silver
2026-08-15 04:48:01,098 [ERROR] Failed to fetch product page https://uk.representclo.com/products/storms-in-heaven-hoodie-black: 429 Client Error: Too Many Requests for url: https://uk.representclo.com/products/storms-in-heaven-hoodie-black
2026-08-15 04:48:01,653 [ERROR] Failed to fetch product page https://uk.representclo.com/products/storms-in-heaven-t-shirt-black: 429 Client Error: Too Many Requests for url: https://uk.representclo.com/products/storms-in-heaven-t-shirt-black
2026-08-15 04:48:02,203 [ERROR] Failed to fetch product page https://uk.representclo.com/products/storms-in-heaven-t-shirt-flat-white: 429 Client Error: Too Many Requests for url: https://uk.representclo.com/products/storms-in-heaven-t-shirt-flat-white
2026-08-15 04:48:02,752 [ERROR] Failed to fetch product page https://uk.representclo.com/products/studio-sneaker-black-vintage-white: 429 Client Error: Too Many Requests for url: https://uk.representclo.com/products/studio-sneaker-black-vintage-white
2026-08-15 04:48:03,301 [ERROR] Failed to fetch product page https://uk.representclo.com/products/studio-sneaker-flat-white: 429 Client Error: Too Many Requests for url: https://uk.representclo.com/products/studio-sneaker-flat-white
2026-08-15 04:48:03,846 [ERROR] Failed to fetch product page https://uk.representclo.com/products/studio-sneaker-mesh-vintage-white: 429 Client Error: Too Many Requests for url: https://uk.representclo.com/products/studio-sneaker-mesh-vintage-white
2026-08-15 04:48:04,390 [ERROR] Failed to fetch product page https://uk.representclo.com/products/studio-sneaker-white-grey: 429 Client Error: Too Many Requests for url: https://uk.representclo.com/products/studio-sneaker-white-grey
2026-08-15 04:48:04,942 [ERROR] Failed to fetch product page https://uk.representclo.com/products/suede-leather-tote-bag-brown: 429 Client Error: Too Many Requests for url: https://uk.representclo.com/products/suede-leather-tote-bag-brown
2026-08-15 04:48:05,505 [ERROR] Failed to fetch product page https://uk.representclo.com/products/suede-watch-strap-jet-black: 429 Client Error: Too Many Requests for url: https://uk.representclo.com/products/suede-watch-strap-jet-black
2026-08-15 04:48:06,051 [ERROR] Failed to fetch product page https://uk.representclo.com/products/summer-mule-suede-sand: 429 Client Error: Too Many Requests for url: https://uk.representclo.com/products/summer-mule-suede-sand
2026-08-15 04:48:06,595 [ERROR] Failed to fetch product page https://uk.representclo.com/products/sunfade-leather-jacket-nero: 429 Client Error: Too Many Requests for url: https://uk.representclo.com/products/sunfade-leather-jacket-nero
2026-08-15 04:48:07,141 [ERROR] Failed to fetch product page https://uk.representclo.com/products/sunfade-leather-pant-nero: 429 Client Error: Too Many Requests for url: https://uk.representclo.com/products/sunfade-leather-pant-nero
2026-08-15 04:48:07,698 [ERROR] Failed to fetch product page https://uk.representclo.com/products/sunglasses-crossbody-bag-jet-black: 429 Client Error: Too Many Requests for url: https://uk.representclo.com/products/sunglasses-crossbody-bag-jet-black
2026-08-15 04:48:08,250 [ERROR] Failed to fetch product page https://uk.representclo.com/products/sunglasses-crossbody-bag-pastel-yellow: 429 Client Error: Too Many Requests for url: https://uk.representclo.com/products/sunglasses-crossbody-bag-pastel-yellow
2026-08-15 04:48:08,796 [ERROR] Failed to fetch product page https://uk.representclo.com/products/sunset-flannel-racing-red: 429 Client Error: Too Many Requests for url: https://uk.representclo.com/products/sunset-flannel-racing-red
2026-08-15 04:48:09,350 [ERROR] Failed to fetch product page https://uk.representclo.com/products/swim-shorts-cobalt: 429 Client Error: Too Many Requests for url: https://uk.representclo.com/products/swim-shorts-cobalt
2026-08-15 04:48:09,916 [ERROR] Failed to fetch product page https://uk.representclo.com/products/tailored-track-pant-stone: 429 Client Error: Too Many Requests for url: https://uk.representclo.com/products/tailored-track-pant-stone
2026-08-15 04:48:10,460 [ERROR] Failed to fetch product page https://uk.representclo.com/products/taped-track-jacket-jet-black: 429 Client Error: Too Many Requests for url: https://uk.representclo.com/products/taped-track-jacket-jet-black
2026-08-15 04:48:11,021 [ERROR] Failed to fetch product page https://uk.representclo.com/products/taped-track-pant-jet-black: 429 Client Error: Too Many Requests for url: https://uk.representclo.com/products/taped-track-pant-jet-black
2026-08-15 04:48:11,566 [ERROR] Failed to fetch product page https://uk.representclo.com/products/team-247-2-in-1-shorts-black: 429 Client Error: Too Many Requests for url: https://uk.representclo.com/products/team-247-2-in-1-shorts-black
2026-08-15 04:48:12,117 [ERROR] Failed to fetch product page https://uk.representclo.com/products/team-247-aero-short-black: 429 Client Error: Too Many Requests for url: https://uk.representclo.com/products/team-247-aero-short-black
2026-08-15 04:48:12,669 [ERROR] Failed to fetch product page https://uk.representclo.com/products/team-247-arm-warmers-black: 429 Client Error: Too Many Requests for url: https://uk.representclo.com/products/team-247-arm-warmers-black
2026-08-15 04:48:13,212 [ERROR] Failed to fetch product page https://uk.representclo.com/products/team-247-chest-rig-black: 429 Client Error: Too Many Requests for url: https://uk.representclo.com/products/team-247-chest-rig-black
2026-08-15 04:48:13,760 [ERROR] Failed to fetch product page https://uk.representclo.com/products/team-247-chest-rig-terrain: 429 Client Error: Too Many Requests for url: https://uk.representclo.com/products/team-247-chest-rig-terrain
2026-08-15 04:48:14,306 [ERROR] Failed to fetch product page https://uk.representclo.com/products/team-247-fused-short-graphene: 429 Client Error: Too Many Requests for url: https://uk.representclo.com/products/team-247-fused-short-graphene
2026-08-15 04:48:14,855 [ERROR] Failed to fetch product page https://uk.representclo.com/products/team-247-fused-shorts-black: 429 Client Error: Too Many Requests for url: https://uk.representclo.com/products/team-247-fused-shorts-black
2026-08-15 04:48:15,427 [ERROR] Failed to fetch product page https://uk.representclo.com/products/team-247-fused-shorts-cream: 429 Client Error: Too Many Requests for url: https://uk.representclo.com/products/team-247-fused-shorts-cream
2026-08-15 04:48:15,987 [ERROR] Failed to fetch product page https://uk.representclo.com/products/team-247-fused-shorts-lemon: 429 Client Error: Too Many Requests for url: https://uk.representclo.com/products/team-247-fused-shorts-lemon
2026-08-15 04:48:16,536 [ERROR] Failed to fetch product page https://uk.representclo.com/products/team-247-half-tight-black: 429 Client Error: Too Many Requests for url: https://uk.representclo.com/products/team-247-half-tight-black
2026-08-15 04:48:17,088 [ERROR] Failed to fetch product page https://uk.representclo.com/products/team-247-headband-black: 429 Client Error: Too Many Requests for url: https://uk.representclo.com/products/team-247-headband-black
2026-08-15 04:48:17,631 [ERROR] Failed to fetch product page https://uk.representclo.com/products/team-247-insulated-gilet-terrain: 429 Client Error: Too Many Requests for url: https://uk.representclo.com/products/team-247-insulated-gilet-terrain
2026-08-15 04:48:18,179 [ERROR] Failed to fetch product page https://uk.representclo.com/products/team-247-jersey-short-clay: 429 Client Error: Too Many Requests for url: https://uk.representclo.com/products/team-247-jersey-short-clay
2026-08-15 04:48:18,726 [ERROR] Failed to fetch product page https://uk.representclo.com/products/team-247-jersey-short-cream: 429 Client Error: Too Many Requests for url: https://uk.representclo.com/products/team-247-jersey-short-cream
2026-08-15 04:48:19,273 [ERROR] Failed to fetch product page https://uk.representclo.com/products/team-247-jersey-short-glacier: 429 Client Error: Too Many Requests for url: https://uk.representclo.com/products/team-247-jersey-short-glacier
2026-08-15 04:48:19,819 [ERROR] Failed to fetch product page https://uk.representclo.com/products/team-247-jersey-short-graphene: 429 Client Error: Too Many Requests for url: https://uk.representclo.com/products/team-247-jersey-short-graphene
2026-08-15 04:48:20,367 [ERROR] Failed to fetch product page https://uk.representclo.com/products/team-247-jersey-short-jet-black: 429 Client Error: Too Many Requests for url: https://uk.representclo.com/products/team-247-jersey-short-jet-black
2026-08-15 04:48:20,945 [ERROR] Failed to fetch product page https://uk.representclo.com/products/team-247-oversized-crew-clay: 429 Client Error: Too Many Requests for url: https://uk.representclo.com/products/team-247-oversized-crew-clay
2026-08-15 04:48:21,491 [ERROR] Failed to fetch product page https://uk.representclo.com/products/team-247-oversized-crew-jet-black: 429 Client Error: Too Many Requests for url: https://uk.representclo.com/products/team-247-oversized-crew-jet-black
2026-08-15 04:48:22,043 [ERROR] Failed to fetch product page https://uk.representclo.com/products/team-247-oversized-hoodie-ash-grey: 429 Client Error: Too Many Requests for url: https://uk.representclo.com/products/team-247-oversized-hoodie-ash-grey
2026-08-15 04:48:22,616 [ERROR] Failed to fetch product page https://uk.representclo.com/products/team-247-oversized-hoodie-clay: 429 Client Error: Too Many Requests for url: https://uk.representclo.com/products/team-247-oversized-hoodie-clay
2026-08-15 04:48:23,163 [ERROR] Failed to fetch product page https://uk.representclo.com/products/team-247-oversized-hoodie-cream-ss26: 429 Client Error: Too Many Requests for url: https://uk.representclo.com/products/team-247-oversized-hoodie-cream-ss26
2026-08-15 04:48:23,713 [ERROR] Failed to fetch product page https://uk.representclo.com/products/team-247-oversized-hoodie-glacier: 429 Client Error: Too Many Requests for url: https://uk.representclo.com/products/team-247-oversized-hoodie-glacier
2026-08-15 04:48:24,261 [ERROR] Failed to fetch product page https://uk.representclo.com/products/team-247-oversized-hoodie-graphene: 429 Client Error: Too Many Requests for url: https://uk.representclo.com/products/team-247-oversized-hoodie-graphene
2026-08-15 04:48:24,813 [ERROR] Failed to fetch product page https://uk.representclo.com/products/team-247-oversized-hoodie-jet-black: 429 Client Error: Too Many Requests for url: https://uk.representclo.com/products/team-247-oversized-hoodie-jet-black
2026-08-15 04:48:25,366 [ERROR] Failed to fetch product page https://uk.representclo.com/products/team-247-oversized-hoodie-racing-red: 429 Client Error: Too Many Requests for url: https://uk.representclo.com/products/team-247-oversized-hoodie-racing-red
2026-08-15 04:48:25,911 [ERROR] Failed to fetch product page https://uk.representclo.com/products/team-247-oversized-sweater-glacier: 429 Client Error: Too Many Requests for url: https://uk.representclo.com/products/team-247-oversized-sweater-glacier
2026-08-15 04:48:26,458 [ERROR] Failed to fetch product page https://uk.representclo.com/products/team-247-oversized-sweater-graphene: 429 Client Error: Too Many Requests for url: https://uk.representclo.com/products/team-247-oversized-sweater-graphene
2026-08-15 04:48:27,003 [ERROR] Failed to fetch product page https://uk.representclo.com/products/team-247-oversized-t-shirt-ash-grey-black: 429 Client Error: Too Many Requests for url: https://uk.representclo.com/products/team-247-oversized-t-shirt-ash-grey-black
2026-08-15 04:48:27,582 [ERROR] Failed to fetch product page https://uk.representclo.com/products/team-247-oversized-t-shirt-clay: 429 Client Error: Too Many Requests for url: https://uk.representclo.com/products/team-247-oversized-t-shirt-clay
2026-08-15 04:48:28,128 [ERROR] Failed to fetch product page https://uk.representclo.com/products/team-247-oversized-t-shirt-cream-ss26: 429 Client Error: Too Many Requests for url: https://uk.representclo.com/products/team-247-oversized-t-shirt-cream-ss26
2026-08-15 04:48:28,710 [ERROR] Failed to fetch product page https://uk.representclo.com/products/team-247-oversized-t-shirt-fern: 429 Client Error: Too Many Requests for url: https://uk.representclo.com/products/team-247-oversized-t-shirt-fern
2026-08-15 04:48:29,258 [ERROR] Failed to fetch product page https://uk.representclo.com/products/team-247-oversized-t-shirt-flat-white: 429 Client Error: Too Many Requests for url: https://uk.representclo.com/products/team-247-oversized-t-shirt-flat-white
2026-08-15 04:48:29,803 [ERROR] Failed to fetch product page https://uk.representclo.com/products/team-247-oversized-t-shirt-glacier: 429 Client Error: Too Many Requests for url: https://uk.representclo.com/products/team-247-oversized-t-shirt-glacier
2026-08-15 04:48:30,359 [ERROR] Failed to fetch product page https://uk.representclo.com/products/team-247-oversized-t-shirt-graphene: 429 Client Error: Too Many Requests for url: https://uk.representclo.com/products/team-247-oversized-t-shirt-graphene
2026-08-15 04:48:30,908 [ERROR] Failed to fetch product page https://uk.representclo.com/products/team-247-oversized-t-shirt-jet-black: 429 Client Error: Too Many Requests for url: https://uk.representclo.com/products/team-247-oversized-t-shirt-jet-black
2026-08-15 04:48:31,454 [ERROR] Failed to fetch product page https://uk.representclo.com/products/team-247-oversized-tank-ash-grey: 429 Client Error: Too Many Requests for url: https://uk.representclo.com/products/team-247-oversized-tank-ash-grey
2026-08-15 04:48:32,004 [ERROR] Failed to fetch product page https://uk.representclo.com/products/team-247-oversized-tank-clay: 429 Client Error: Too Many Requests for url: https://uk.representclo.com/products/team-247-oversized-tank-clay
2026-08-15 04:48:32,549 [ERROR] Failed to fetch product page https://uk.representclo.com/products/team-247-oversized-tank-cream-ss26: 429 Client Error: Too Many Requests for url: https://uk.representclo.com/products/team-247-oversized-tank-cream-ss26
2026-08-15 04:48:33,102 [ERROR] Failed to fetch product page https://uk.representclo.com/products/team-247-oversized-tank-fern: 429 Client Error: Too Many Requests for url: https://uk.representclo.com/products/team-247-oversized-tank-fern
2026-08-15 04:48:33,647 [ERROR] Failed to fetch product page https://uk.representclo.com/products/team-247-oversized-tank-flat-white: 429 Client Error: Too Many Requests for url: https://uk.representclo.com/products/team-247-oversized-tank-flat-white
2026-08-15 04:48:34,197 [ERROR] Failed to fetch product page https://uk.representclo.com/products/team-247-oversized-tank-glacier: 429 Client Error: Too Many Requests for url: https://uk.representclo.com/products/team-247-oversized-tank-glacier
2026-08-15 04:48:34,744 [ERROR] Failed to fetch product page https://uk.representclo.com/products/team-247-oversized-tank-graphene: 429 Client Error: Too Many Requests for url: https://uk.representclo.com/products/team-247-oversized-tank-graphene
2026-08-15 04:48:35,290 [ERROR] Failed to fetch product page https://uk.representclo.com/products/team-247-oversized-tank-jet-black: 429 Client Error: Too Many Requests for url: https://uk.representclo.com/products/team-247-oversized-tank-jet-black
2026-08-15 04:48:35,834 [ERROR] Failed to fetch product page https://uk.representclo.com/products/team-247-race-shorts-jet-black: 429 Client Error: Too Many Requests for url: https://uk.representclo.com/products/team-247-race-shorts-jet-black
2026-08-15 04:48:36,401 [ERROR] Failed to fetch product page https://uk.representclo.com/products/team-247-run-vest-lemon: 429 Client Error: Too Many Requests for url: https://uk.representclo.com/products/team-247-run-vest-lemon
2026-08-15 04:48:36,983 [ERROR] Failed to fetch product page https://uk.representclo.com/products/team-247-star-oversized-t-shirt-flat-white: 429 Client Error: Too Many Requests for url: https://uk.representclo.com/products/team-247-star-oversized-t-shirt-flat-white
2026-08-15 04:48:37,534 [ERROR] Failed to fetch product page https://uk.representclo.com/products/team-247-star-oversized-t-shirt-jet-black: 429 Client Error: Too Many Requests for url: https://uk.representclo.com/products/team-247-star-oversized-t-shirt-jet-black
2026-08-15 04:48:38,084 [ERROR] Failed to fetch product page https://uk.representclo.com/products/team-247-star-oversized-t-shirt-racing-red: 429 Client Error: Too Many Requests for url: https://uk.representclo.com/products/team-247-star-oversized-t-shirt-racing-red
2026-08-15 04:48:38,628 [ERROR] Failed to fetch product page https://uk.representclo.com/products/team-247-star-tank-flat-white: 429 Client Error: Too Many Requests for url: https://uk.representclo.com/products/team-247-star-tank-flat-white
2026-08-15 04:48:39,182 [ERROR] Failed to fetch product page https://uk.representclo.com/products/team-247-star-tank-jet-black: 429 Client Error: Too Many Requests for url: https://uk.representclo.com/products/team-247-star-tank-jet-black
2026-08-15 04:48:39,729 [ERROR] Failed to fetch product page https://uk.representclo.com/products/team-247-star-tank-racing-red: 429 Client Error: Too Many Requests for url: https://uk.representclo.com/products/team-247-star-tank-racing-red
2026-08-15 04:48:40,279 [ERROR] Failed to fetch product page https://uk.representclo.com/products/team-247-sweatpant-ash-grey: 429 Client Error: Too Many Requests for url: https://uk.representclo.com/products/team-247-sweatpant-ash-grey
2026-08-15 04:48:40,841 [ERROR] Failed to fetch product page https://uk.representclo.com/products/team-247-sweatpant-black: 429 Client Error: Too Many Requests for url: https://uk.representclo.com/products/team-247-sweatpant-black
2026-08-15 04:48:41,387 [ERROR] Failed to fetch product page https://uk.representclo.com/products/team-247-track-jacket-jet-black: 429 Client Error: Too Many Requests for url: https://uk.representclo.com/products/team-247-track-jacket-jet-black
2026-08-15 04:48:41,937 [ERROR] Failed to fetch product page https://uk.representclo.com/products/team-247-training-pant-black: 429 Client Error: Too Many Requests for url: https://uk.representclo.com/products/team-247-training-pant-black
2026-08-15 04:48:42,482 [ERROR] Failed to fetch product page https://uk.representclo.com/products/team-247-x-47-trucker-cap-fern: 429 Client Error: Too Many Requests for url: https://uk.representclo.com/products/team-247-x-47-trucker-cap-fern
2026-08-15 04:48:43,045 [ERROR] Failed to fetch product page https://uk.representclo.com/products/team-247-x-47-trucker-cap-graphene: 429 Client Error: Too Many Requests for url: https://uk.representclo.com/products/team-247-x-47-trucker-cap-graphene
2026-08-15 04:48:43,604 [ERROR] Failed to fetch product page https://uk.representclo.com/products/team-247-x-47-trucker-cap-jet-black: 429 Client Error: Too Many Requests for url: https://uk.representclo.com/products/team-247-x-47-trucker-cap-jet-black
2026-08-15 04:48:44,152 [ERROR] Failed to fetch product page https://uk.representclo.com/products/team-rep-hoodie-black: 429 Client Error: Too Many Requests for url: https://uk.representclo.com/products/team-rep-hoodie-black
2026-08-15 04:48:44,697 [ERROR] Failed to fetch product page https://uk.representclo.com/products/team-rep-hoodie-dark-taupe: 429 Client Error: Too Many Requests for url: https://uk.representclo.com/products/team-rep-hoodie-dark-taupe
2026-08-15 04:48:45,243 [ERROR] Failed to fetch product page https://uk.representclo.com/products/team-rep-t-shirt-dark-taupe: 429 Client Error: Too Many Requests for url: https://uk.representclo.com/products/team-rep-t-shirt-dark-taupe
2026-08-15 04:48:45,789 [ERROR] Failed to fetch product page https://uk.representclo.com/products/team-rep-t-shirt-flat-white: 429 Client Error: Too Many Requests for url: https://uk.representclo.com/products/team-rep-t-shirt-flat-white
2026-08-15 04:48:46,346 [ERROR] Failed to fetch product page https://uk.representclo.com/products/team-rep-t-shirt-light-yellow: 429 Client Error: Too Many Requests for url: https://uk.representclo.com/products/team-rep-t-shirt-light-yellow
2026-08-15 04:48:46,894 [ERROR] Failed to fetch product page https://uk.representclo.com/products/tech-cargo-pant-jet-black: 429 Client Error: Too Many Requests for url: https://uk.representclo.com/products/tech-cargo-pant-jet-black
2026-08-15 04:48:47,439 [ERROR] Failed to fetch product page https://uk.representclo.com/products/tech-cargo-pant-jet-black-1: 429 Client Error: Too Many Requests for url: https://uk.representclo.com/products/tech-cargo-pant-jet-black-1
2026-08-15 04:48:47,984 [ERROR] Failed to fetch product page https://uk.representclo.com/products/tech-cargo-pant-mid-grey: 429 Client Error: Too Many Requests for url: https://uk.representclo.com/products/tech-cargo-pant-mid-grey
2026-08-15 04:48:48,534 [ERROR] Failed to fetch product page https://uk.representclo.com/products/tech-cargo-short-jet-black: 429 Client Error: Too Many Requests for url: https://uk.representclo.com/products/tech-cargo-short-jet-black
2026-08-15 04:48:49,115 [ERROR] Failed to fetch product page https://uk.representclo.com/products/tech-cargo-short-mid-grey: 429 Client Error: Too Many Requests for url: https://uk.representclo.com/products/tech-cargo-short-mid-grey
2026-08-15 04:48:49,659 [ERROR] Failed to fetch product page https://uk.representclo.com/products/textured-borg-hoodie-jet-black: 429 Client Error: Too Many Requests for url: https://uk.representclo.com/products/textured-borg-hoodie-jet-black
2026-08-15 04:48:50,204 [ERROR] Failed to fetch product page https://uk.representclo.com/products/textured-borg-hoodie-nero: 429 Client Error: Too Many Requests for url: https://uk.representclo.com/products/textured-borg-hoodie-nero
2026-08-15 04:48:50,754 [ERROR] Failed to fetch product page https://uk.representclo.com/products/textured-knit-beanie-jet-black: 429 Client Error: Too Many Requests for url: https://uk.representclo.com/products/textured-knit-beanie-jet-black
2026-08-15 04:48:51,303 [ERROR] Failed to fetch product page https://uk.representclo.com/products/textured-knit-beanie-nero: 429 Client Error: Too Many Requests for url: https://uk.representclo.com/products/textured-knit-beanie-nero
2026-08-15 04:48:51,849 [ERROR] Failed to fetch product page https://uk.representclo.com/products/textured-knit-cardigan-jet-black: 429 Client Error: Too Many Requests for url: https://uk.representclo.com/products/textured-knit-cardigan-jet-black
2026-08-15 04:48:52,404 [ERROR] Failed to fetch product page https://uk.representclo.com/products/textured-long-sleeve-shirt-champagne: 429 Client Error: Too Many Requests for url: https://uk.representclo.com/products/textured-long-sleeve-shirt-champagne
2026-08-15 04:48:52,948 [ERROR] Failed to fetch product page https://uk.representclo.com/products/textured-overshirt-electric-blue: 429 Client Error: Too Many Requests for url: https://uk.representclo.com/products/textured-overshirt-electric-blue
2026-08-15 04:48:53,493 [ERROR] Failed to fetch product page https://uk.representclo.com/products/textured-overshirt-jet-black: 429 Client Error: Too Many Requests for url: https://uk.representclo.com/products/textured-overshirt-jet-black
2026-08-15 04:48:54,048 [ERROR] Failed to fetch product page https://uk.representclo.com/products/textured-wool-tailored-pant-black: 429 Client Error: Too Many Requests for url: https://uk.representclo.com/products/textured-wool-tailored-pant-black
2026-08-15 04:48:54,595 [ERROR] Failed to fetch product page https://uk.representclo.com/products/the-american-dream-tour-hoodie-sun-fade-grey: 429 Client Error: Too Many Requests for url: https://uk.representclo.com/products/the-american-dream-tour-hoodie-sun-fade-grey
2026-08-15 04:48:55,141 [ERROR] Failed to fetch product page https://uk.representclo.com/products/thoroughbred-hoodie-vintage-black: 429 Client Error: Too Many Requests for url: https://uk.representclo.com/products/thoroughbred-hoodie-vintage-black
2026-08-15 04:48:55,685 [ERROR] Failed to fetch product page https://uk.representclo.com/products/thoroughbred-jersey-english-rose: 429 Client Error: Too Many Requests for url: https://uk.representclo.com/products/thoroughbred-jersey-english-rose
2026-08-15 04:48:56,231 [ERROR] Failed to fetch product page https://uk.representclo.com/products/thoroughbred-jersey-washed-black: 429 Client Error: Too Many Requests for url: https://uk.representclo.com/products/thoroughbred-jersey-washed-black
2026-08-15 04:48:56,775 [ERROR] Failed to fetch product page https://uk.representclo.com/products/thoroughbred-t-shirt-khaki: 429 Client Error: Too Many Requests for url: https://uk.representclo.com/products/thoroughbred-t-shirt-khaki
2026-08-15 04:48:57,330 [ERROR] Failed to fetch product page https://uk.representclo.com/products/thoroughbred-t-shirt-vintage-black: 429 Client Error: Too Many Requests for url: https://uk.representclo.com/products/thoroughbred-t-shirt-vintage-black
2026-08-15 04:48:57,878 [ERROR] Failed to fetch product page https://uk.representclo.com/products/thoroughbred-t-shirt-vintage-white: 429 Client Error: Too Many Requests for url: https://uk.representclo.com/products/thoroughbred-t-shirt-vintage-white
2026-08-15 04:48:58,421 [ERROR] Failed to fetch product page https://uk.representclo.com/products/three-dogs-jersey-jet-black: 429 Client Error: Too Many Requests for url: https://uk.representclo.com/products/three-dogs-jersey-jet-black
2026-08-15 04:48:58,975 [ERROR] Failed to fetch product page https://uk.representclo.com/products/three-dogs-jersey-mid-brown: 429 Client Error: Too Many Requests for url: https://uk.representclo.com/products/three-dogs-jersey-mid-brown
2026-08-15 04:48:59,522 [ERROR] Failed to fetch product page https://uk.representclo.com/products/tortoise-print-shirt-brown: 429 Client Error: Too Many Requests for url: https://uk.representclo.com/products/tortoise-print-shirt-brown
2026-08-15 04:49:00,117 [ERROR] Failed to fetch product page https://uk.representclo.com/products/tortoise-swim-short-tortoise: 429 Client Error: Too Many Requests for url: https://uk.representclo.com/products/tortoise-swim-short-tortoise
2026-08-15 04:49:00,661 [ERROR] Failed to fetch product page https://uk.representclo.com/products/towelling-shirt-jet-black: 429 Client Error: Too Many Requests for url: https://uk.representclo.com/products/towelling-shirt-jet-black
2026-08-15 04:49:01,206 [ERROR] Failed to fetch product page https://uk.representclo.com/products/towelling-short-jet-black: 429 Client Error: Too Many Requests for url: https://uk.representclo.com/products/towelling-short-jet-black
2026-08-15 04:49:01,793 [ERROR] Failed to fetch product page https://uk.representclo.com/products/track-star-jacket-jet-black: 429 Client Error: Too Many Requests for url: https://uk.representclo.com/products/track-star-jacket-jet-black
2026-08-15 04:49:02,338 [ERROR] Failed to fetch product page https://uk.representclo.com/products/track-star-pant-jet-black: 429 Client Error: Too Many Requests for url: https://uk.representclo.com/products/track-star-pant-jet-black
2026-08-15 04:49:02,882 [ERROR] Failed to fetch product page https://uk.representclo.com/products/translucent-hooded-puffer-dark-olive: 429 Client Error: Too Many Requests for url: https://uk.representclo.com/products/translucent-hooded-puffer-dark-olive
2026-08-15 04:49:03,433 [ERROR] Failed to fetch product page https://uk.representclo.com/products/translucent-hooded-puffer-washed-black: 429 Client Error: Too Many Requests for url: https://uk.representclo.com/products/translucent-hooded-puffer-washed-black
2026-08-15 04:49:03,995 [ERROR] Failed to fetch product page https://uk.representclo.com/products/usa-long-sleeve-t-shirt-washed-blue: 429 Client Error: Too Many Requests for url: https://uk.representclo.com/products/usa-long-sleeve-t-shirt-washed-blue
2026-08-15 04:49:04,541 [ERROR] Failed to fetch product page https://uk.representclo.com/products/varsity-bomber-jet-black: 429 Client Error: Too Many Requests for url: https://uk.representclo.com/products/varsity-bomber-jet-black
2026-08-15 04:49:05,093 [ERROR] Failed to fetch product page https://uk.representclo.com/products/vintage-flannel-desert-yellow: 429 Client Error: Too Many Requests for url: https://uk.representclo.com/products/vintage-flannel-desert-yellow
2026-08-15 04:49:05,639 [ERROR] Failed to fetch product page https://uk.representclo.com/products/virtus-black-gum: 429 Client Error: Too Many Requests for url: https://uk.representclo.com/products/virtus-black-gum
2026-08-15 04:49:06,192 [ERROR] Failed to fetch product page https://uk.representclo.com/products/virtus-nylon-off-black: 429 Client Error: Too Many Requests for url: https://uk.representclo.com/products/virtus-nylon-off-black
2026-08-15 04:49:06,736 [ERROR] Failed to fetch product page https://uk.representclo.com/products/virtus-nylon-vintage-white: 429 Client Error: Too Many Requests for url: https://uk.representclo.com/products/virtus-nylon-vintage-white
2026-08-15 04:49:07,294 [ERROR] Failed to fetch product page https://uk.representclo.com/products/virtus-off-black: 429 Client Error: Too Many Requests for url: https://uk.representclo.com/products/virtus-off-black
2026-08-15 04:49:07,841 [ERROR] Failed to fetch product page https://uk.representclo.com/products/virtus-vintage-white: 429 Client Error: Too Many Requests for url: https://uk.representclo.com/products/virtus-vintage-white
2026-08-15 04:49:08,385 [ERROR] Failed to fetch product page https://uk.representclo.com/products/virtus-yellow: 429 Client Error: Too Many Requests for url: https://uk.representclo.com/products/virtus-yellow
2026-08-15 04:49:08,929 [ERROR] Failed to fetch product page https://uk.representclo.com/products/wadded-zip-overshirt-midnight-navy: 429 Client Error: Too Many Requests for url: https://uk.representclo.com/products/wadded-zip-overshirt-midnight-navy
2026-08-15 04:49:09,486 [ERROR] Failed to fetch product page https://uk.representclo.com/products/waffle-flannel-dark-green: 429 Client Error: Too Many Requests for url: https://uk.representclo.com/products/waffle-flannel-dark-green
2026-08-15 04:49:10,034 [ERROR] Failed to fetch product page https://uk.representclo.com/products/waffle-long-sleeve-t-shirt-black: 429 Client Error: Too Many Requests for url: https://uk.representclo.com/products/waffle-long-sleeve-t-shirt-black
2026-08-15 04:49:10,622 [ERROR] Failed to fetch product page https://uk.representclo.com/products/waffle-long-sleeve-t-shirt-flat-white: 429 Client Error: Too Many Requests for url: https://uk.representclo.com/products/waffle-long-sleeve-t-shirt-flat-white
2026-08-15 04:49:11,170 [ERROR] Failed to fetch product page https://uk.representclo.com/products/waffle-shirt-ultimate-grey: 429 Client Error: Too Many Requests for url: https://uk.representclo.com/products/waffle-shirt-ultimate-grey
2026-08-15 04:49:11,725 [ERROR] Failed to fetch product page https://uk.representclo.com/products/waffle-shorts-black: 429 Client Error: Too Many Requests for url: https://uk.representclo.com/products/waffle-shorts-black
2026-08-15 04:49:12,270 [ERROR] Failed to fetch product page https://uk.representclo.com/products/waffle-shorts-white: 429 Client Error: Too Many Requests for url: https://uk.representclo.com/products/waffle-shorts-white
2026-08-15 04:49:12,812 [ERROR] Failed to fetch product page https://uk.representclo.com/products/waffle-t-shirt-flat-white: 429 Client Error: Too Many Requests for url: https://uk.representclo.com/products/waffle-t-shirt-flat-white
2026-08-15 04:49:13,362 [ERROR] Failed to fetch product page https://uk.representclo.com/products/waffle-t-shirt-jet-black-1: 429 Client Error: Too Many Requests for url: https://uk.representclo.com/products/waffle-t-shirt-jet-black-1
2026-08-15 04:49:13,909 [ERROR] Failed to fetch product page https://uk.representclo.com/products/waffle-vest-antique-white: 429 Client Error: Too Many Requests for url: https://uk.representclo.com/products/waffle-vest-antique-white
2026-08-15 04:49:14,450 [ERROR] Failed to fetch product page https://uk.representclo.com/products/waffle-vest-black: 429 Client Error: Too Many Requests for url: https://uk.representclo.com/products/waffle-vest-black
2026-08-15 04:49:14,996 [ERROR] Failed to fetch product page https://uk.representclo.com/products/waffle-vest-ultimate-grey: 429 Client Error: Too Many Requests for url: https://uk.representclo.com/products/waffle-vest-ultimate-grey
2026-08-15 04:49:15,548 [ERROR] Failed to fetch product page https://uk.representclo.com/products/waffle-zip-through-hoodie-flat-white: 429 Client Error: Too Many Requests for url: https://uk.representclo.com/products/waffle-zip-through-hoodie-flat-white
2026-08-15 04:49:16,099 [ERROR] Failed to fetch product page https://uk.representclo.com/products/waffle-zip-through-hoodie-jet-black: 429 Client Error: Too Many Requests for url: https://uk.representclo.com/products/waffle-zip-through-hoodie-jet-black
2026-08-15 04:49:16,644 [ERROR] Failed to fetch product page https://uk.representclo.com/products/washed-cotton-shirt-jet-black: 429 Client Error: Too Many Requests for url: https://uk.representclo.com/products/washed-cotton-shirt-jet-black
2026-08-15 04:49:17,193 [ERROR] Failed to fetch product page https://uk.representclo.com/products/washed-knit-vest-sunrise: 429 Client Error: Too Many Requests for url: https://uk.representclo.com/products/washed-knit-vest-sunrise
2026-08-15 04:49:17,762 [ERROR] Failed to fetch product page https://uk.representclo.com/products/washed-mesh-shorts-vintage-khaki: 429 Client Error: Too Many Requests for url: https://uk.representclo.com/products/washed-mesh-shorts-vintage-khaki
2026-08-15 04:49:18,318 [ERROR] Failed to fetch product page https://uk.representclo.com/products/washed-mesh-shorts-washed-black: 429 Client Error: Too Many Requests for url: https://uk.representclo.com/products/washed-mesh-shorts-washed-black
2026-08-15 04:49:18,867 [ERROR] Failed to fetch product page https://uk.representclo.com/products/welcome-to-the-jungle-t-shirt-off-black: 429 Client Error: Too Many Requests for url: https://uk.representclo.com/products/welcome-to-the-jungle-t-shirt-off-black
2026-08-15 04:49:19,415 [ERROR] Failed to fetch product page https://uk.representclo.com/products/western-initial-t-shirt-flat-white: 429 Client Error: Too Many Requests for url: https://uk.representclo.com/products/western-initial-t-shirt-flat-white
2026-08-15 04:49:19,961 [ERROR] Failed to fetch product page https://uk.representclo.com/products/western-initial-t-shirt-mountain-blue: 429 Client Error: Too Many Requests for url: https://uk.representclo.com/products/western-initial-t-shirt-mountain-blue
2026-08-15 04:49:20,506 [ERROR] Failed to fetch product page https://uk.representclo.com/products/westside-t-shirt-flat-white: 429 Client Error: Too Many Requests for url: https://uk.representclo.com/products/westside-t-shirt-flat-white
2026-08-15 04:49:21,050 [ERROR] Failed to fetch product page https://uk.representclo.com/products/westside-t-shirt-stained-black: 429 Client Error: Too Many Requests for url: https://uk.representclo.com/products/westside-t-shirt-stained-black
2026-08-15 04:49:21,602 [ERROR] Failed to fetch product page https://uk.representclo.com/products/wide-tailored-pant-marble: 429 Client Error: Too Many Requests for url: https://uk.representclo.com/products/wide-tailored-pant-marble
2026-08-15 04:49:22,156 [ERROR] Failed to fetch product page https://uk.representclo.com/products/winter-mule-hairy-suede-black: 429 Client Error: Too Many Requests for url: https://uk.representclo.com/products/winter-mule-hairy-suede-black
2026-08-15 04:49:22,731 [ERROR] Failed to fetch product page https://uk.representclo.com/products/winter-mule-nylon-taupe: 429 Client Error: Too Many Requests for url: https://uk.representclo.com/products/winter-mule-nylon-taupe
2026-08-15 04:49:23,279 [ERROR] Failed to fetch product page https://uk.representclo.com/products/wool-pant-grey: 429 Client Error: Too Many Requests for url: https://uk.representclo.com/products/wool-pant-grey
2026-08-15 04:49:23,826 [ERROR] Failed to fetch product page https://uk.representclo.com/products/wool-pant-jet-black: 429 Client Error: Too Many Requests for url: https://uk.representclo.com/products/wool-pant-jet-black
2026-08-15 04:49:24,384 [ERROR] Failed to fetch product page https://uk.representclo.com/products/workshop-pant-black: 429 Client Error: Too Many Requests for url: https://uk.representclo.com/products/workshop-pant-black
2026-08-15 04:49:24,945 [ERROR] Failed to fetch product page https://uk.representclo.com/products/workshop-pant-cashmere: 429 Client Error: Too Many Requests for url: https://uk.representclo.com/products/workshop-pant-cashmere
2026-08-15 04:49:25,494 [ERROR] Failed to fetch product page https://uk.representclo.com/products/workshop-shirt-cedar: 429 Client Error: Too Many Requests for url: https://uk.representclo.com/products/workshop-shirt-cedar
2026-08-15 04:49:26,042 [ERROR] Failed to fetch product page https://uk.representclo.com/products/workshop-short-black: 429 Client Error: Too Many Requests for url: https://uk.representclo.com/products/workshop-short-black
2026-08-15 04:49:26,585 [ERROR] Failed to fetch product page https://uk.representclo.com/products/workshop-short-cashmere: 429 Client Error: Too Many Requests for url: https://uk.representclo.com/products/workshop-short-cashmere
2026-08-15 04:49:27,131 [ERROR] Failed to fetch product page https://uk.representclo.com/products/workwear-pant-cotton-washed-black: 429 Client Error: Too Many Requests for url: https://uk.representclo.com/products/workwear-pant-cotton-washed-black
2026-08-15 04:49:27,677 [ERROR] Failed to fetch product page https://uk.representclo.com/products/world-championship-hoodie-stained-black: 429 Client Error: Too Many Requests for url: https://uk.representclo.com/products/world-championship-hoodie-stained-black
2026-08-15 04:49:28,226 [ERROR] Failed to fetch product page https://uk.representclo.com/products/world-championship-t-shirt-stained-black: 429 Client Error: Too Many Requests for url: https://uk.representclo.com/products/world-championship-t-shirt-stained-black
2026-08-15 04:49:28,777 [ERROR] Failed to fetch product page https://uk.representclo.com/products/yacht-pant-black: 429 Client Error: Too Many Requests for url: https://uk.representclo.com/products/yacht-pant-black
2026-08-15 04:49:29,324 [ERROR] Failed to fetch product page https://uk.representclo.com/products/your-times-up-hoodie-vintage-grey-vintage-black: 429 Client Error: Too Many Requests for url: https://uk.representclo.com/products/your-times-up-hoodie-vintage-grey-vintage-black
2026-08-15 04:49:29,877 [ERROR] Failed to fetch product page https://uk.representclo.com/products/your-times-up-t-shirt-vintage-grey-vintage-black: 429 Client Error: Too Many Requests for url: https://uk.representclo.com/products/your-times-up-t-shirt-vintage-grey-vintage-black
2026-08-15 04:49:30,431 [ERROR] Failed to fetch product page https://uk.representclo.com/products/zip-up-wool-shirt-jet-black: 429 Client Error: Too Many Requests for url: https://uk.representclo.com/products/zip-up-wool-shirt-jet-black
2026-08-15 04:49:31,006 [INFO] Saved 2439 rows to outputs/Чудокаталог - 15.08.2026.csv
2026-08-15 04:49:31,480 [INFO] Excel report saved to outputs/Чудокаталог - 15.08.2026.xlsx
2026-08-15 04:49:31,480 [INFO] Done. Saved 2439 rows to outputs/Чудокаталог - 15.08.2026.csv and outputs/Чудокаталог - 15.08.2026.xlsx
