2026-09-19 08:30:46,964 [INFO] Catalog: 'Чудокаталог' — Date: 19.09.2026
2026-09-19 08:30:46,965 [INFO] Output file: outputs/Чудокаталог - 19.09.2026.xlsx
2026-09-19 08:30:46,965 [INFO] URL source: TARGET.txt
2026-09-19 08:30:46,965 [INFO] Collection URL(s) to scrape: ['https://uk.representclo.com/collections/all']
2026-09-19 08:30:46,965 [INFO] Collecting product URLs...
2026-09-19 08:30:49,593 [INFO] Page 1: found 66 new product URLs (total 66)
2026-09-19 08:30:51,707 [INFO] Page 2: found 58 new product URLs (total 124)
2026-09-19 08:30:55,204 [INFO] Page 3: found 59 new product URLs (total 183)
2026-09-19 08:30:58,028 [INFO] Page 4: found 60 new product URLs (total 243)
2026-09-19 08:31:01,202 [INFO] Page 5: found 60 new product URLs (total 303)
2026-09-19 08:31:04,193 [INFO] Page 6: found 59 new product URLs (total 362)
2026-09-19 08:31:07,369 [INFO] Page 7: found 58 new product URLs (total 420)
2026-09-19 08:31:10,047 [INFO] Page 8: found 59 new product URLs (total 479)
2026-09-19 08:31:12,759 [INFO] Page 9: found 60 new product URLs (total 539)
2026-09-19 08:31:16,289 [INFO] Page 10: found 60 new product URLs (total 599)
2026-09-19 08:31:19,896 [INFO] Page 11: found 60 new product URLs (total 659)
2026-09-19 08:31:23,369 [INFO] Page 12: found 60 new product URLs (total 719)
2026-09-19 08:31:26,283 [INFO] Page 13: found 60 new product URLs (total 779)
2026-09-19 08:31:26,857 [WARNING] Failed to fetch collection page https://uk.representclo.com/collections/all?page=14: 429 Client Error: Too Many Requests for url: https://uk.representclo.com/collections/all?page=14
2026-09-19 08:31:26,858 [INFO] Found 779 unique product URLs
2026-09-19 08:31:27,003 [ERROR] Failed to fetch product page https://uk.representclo.com/products/247-aero-shorts-graphene: 429 Client Error: Too Many Requests for url: https://uk.representclo.com/products/247-aero-shorts-graphene
2026-09-19 08:31:27,575 [ERROR] Failed to fetch product page https://uk.representclo.com/products/247-aero-shorts-jet-black: 429 Client Error: Too Many Requests for url: https://uk.representclo.com/products/247-aero-shorts-jet-black
2026-09-19 08:31:28,153 [ERROR] Failed to fetch product page https://uk.representclo.com/products/247-aero-shorts-teal: 429 Client Error: Too Many Requests for url: https://uk.representclo.com/products/247-aero-shorts-teal
2026-09-19 08:31:28,720 [ERROR] Failed to fetch product page https://uk.representclo.com/products/247-apple-watch-strap-black-reflective: 429 Client Error: Too Many Requests for url: https://uk.representclo.com/products/247-apple-watch-strap-black-reflective
2026-09-19 08:31:29,296 [ERROR] Failed to fetch product page https://uk.representclo.com/products/247-arc-1-runner-black: 429 Client Error: Too Many Requests for url: https://uk.representclo.com/products/247-arc-1-runner-black
2026-09-19 08:31:29,873 [ERROR] Failed to fetch product page https://uk.representclo.com/products/247-arc-1-runner-cream: 429 Client Error: Too Many Requests for url: https://uk.representclo.com/products/247-arc-1-runner-cream
2026-09-19 08:31:30,451 [ERROR] Failed to fetch product page https://uk.representclo.com/products/247-arc-1-runner-flat-white: 429 Client Error: Too Many Requests for url: https://uk.representclo.com/products/247-arc-1-runner-flat-white
2026-09-19 08:31:31,023 [ERROR] Failed to fetch product page https://uk.representclo.com/products/247-arc-1-runner-winter-steel: 429 Client Error: Too Many Requests for url: https://uk.representclo.com/products/247-arc-1-runner-winter-steel
2026-09-19 08:31:31,605 [ERROR] Failed to fetch product page https://uk.representclo.com/products/247-arc-1-runner-yellow: 429 Client Error: Too Many Requests for url: https://uk.representclo.com/products/247-arc-1-runner-yellow
2026-09-19 08:31:32,211 [ERROR] Failed to fetch product page https://uk.representclo.com/products/247-arc-2-trainer-black: 429 Client Error: Too Many Requests for url: https://uk.representclo.com/products/247-arc-2-trainer-black
2026-09-19 08:31:32,781 [ERROR] Failed to fetch product page https://uk.representclo.com/products/247-arc-2-trainer-cream: 429 Client Error: Too Many Requests for url: https://uk.representclo.com/products/247-arc-2-trainer-cream
2026-09-19 08:31:33,358 [ERROR] Failed to fetch product page https://uk.representclo.com/products/247-arc-2-trainer-flat-white: 429 Client Error: Too Many Requests for url: https://uk.representclo.com/products/247-arc-2-trainer-flat-white
2026-09-19 08:31:33,932 [ERROR] Failed to fetch product page https://uk.representclo.com/products/247-arc-3-recovery-black: 429 Client Error: Too Many Requests for url: https://uk.representclo.com/products/247-arc-3-recovery-black
2026-09-19 08:31:34,501 [ERROR] Failed to fetch product page https://uk.representclo.com/products/247-arc-4-elite-race-black: 429 Client Error: Too Many Requests for url: https://uk.representclo.com/products/247-arc-4-elite-race-black
2026-09-19 08:31:35,085 [ERROR] Failed to fetch product page https://uk.representclo.com/products/247-arc-4-race-sock-flat-white: 429 Client Error: Too Many Requests for url: https://uk.representclo.com/products/247-arc-4-race-sock-flat-white
2026-09-19 08:31:35,661 [ERROR] Failed to fetch product page https://uk.representclo.com/products/247-arc-4-race-sock-jet-black: 429 Client Error: Too Many Requests for url: https://uk.representclo.com/products/247-arc-4-race-sock-jet-black
2026-09-19 08:31:36,230 [ERROR] Failed to fetch product page https://uk.representclo.com/products/247-arena-sunglasses-papyrus: 429 Client Error: Too Many Requests for url: https://uk.representclo.com/products/247-arena-sunglasses-papyrus
2026-09-19 08:31:36,799 [ERROR] Failed to fetch product page https://uk.representclo.com/products/247-arena-sunglasses-pebble: 429 Client Error: Too Many Requests for url: https://uk.representclo.com/products/247-arena-sunglasses-pebble
2026-09-19 08:31:37,377 [ERROR] Failed to fetch product page https://uk.representclo.com/products/247-balaclava-black: 429 Client Error: Too Many Requests for url: https://uk.representclo.com/products/247-balaclava-black
2026-09-19 08:31:37,944 [ERROR] Failed to fetch product page https://uk.representclo.com/products/247-bandana-glacier-fade-out: 429 Client Error: Too Many Requests for url: https://uk.representclo.com/products/247-bandana-glacier-fade-out
2026-09-19 08:31:38,518 [ERROR] Failed to fetch product page https://uk.representclo.com/products/247-berlin-bag-black: 429 Client Error: Too Many Requests for url: https://uk.representclo.com/products/247-berlin-bag-black
2026-09-19 08:31:39,093 [ERROR] Failed to fetch product page https://uk.representclo.com/products/247-berlin-hoodie-black-purple: 429 Client Error: Too Many Requests for url: https://uk.representclo.com/products/247-berlin-hoodie-black-purple
2026-09-19 08:31:39,661 [ERROR] Failed to fetch product page https://uk.representclo.com/products/247-berlin-singlet-purple: 429 Client Error: Too Many Requests for url: https://uk.representclo.com/products/247-berlin-singlet-purple
2026-09-19 08:31:40,231 [ERROR] Failed to fetch product page https://uk.representclo.com/products/247-berlin-t-shirt-purple: 429 Client Error: Too Many Requests for url: https://uk.representclo.com/products/247-berlin-t-shirt-purple
2026-09-19 08:31:40,804 [ERROR] Failed to fetch product page https://uk.representclo.com/products/247-bottle-xl-clear: 429 Client Error: Too Many Requests for url: https://uk.representclo.com/products/247-bottle-xl-clear
2026-09-19 08:31:41,416 [ERROR] Failed to fetch product page https://uk.representclo.com/products/247-bottle-xl-smoke: 429 Client Error: Too Many Requests for url: https://uk.representclo.com/products/247-bottle-xl-smoke
2026-09-19 08:31:41,983 [ERROR] Failed to fetch product page https://uk.representclo.com/products/247-cargo-half-tight-jet-black: 429 Client Error: Too Many Requests for url: https://uk.representclo.com/products/247-cargo-half-tight-jet-black
2026-09-19 08:31:42,555 [ERROR] Failed to fetch product page https://uk.representclo.com/products/247-chest-rig-realtree: 429 Client Error: Too Many Requests for url: https://uk.representclo.com/products/247-chest-rig-realtree
2026-09-19 08:31:43,128 [ERROR] Failed to fetch product page https://uk.representclo.com/products/247-compound-long-sleeve-t-shirt-black: 429 Client Error: Too Many Requests for url: https://uk.representclo.com/products/247-compound-long-sleeve-t-shirt-black
2026-09-19 08:31:43,694 [ERROR] Failed to fetch product page https://uk.representclo.com/products/247-compound-t-shirt-black: 429 Client Error: Too Many Requests for url: https://uk.representclo.com/products/247-compound-t-shirt-black
2026-09-19 08:31:44,263 [ERROR] Failed to fetch product page https://uk.representclo.com/products/247-contour-run-t-shirt-pebble: 429 Client Error: Too Many Requests for url: https://uk.representclo.com/products/247-contour-run-t-shirt-pebble
2026-09-19 08:31:44,834 [ERROR] Failed to fetch product page https://uk.representclo.com/products/247-contour-run-t-shirt-titanium: 429 Client Error: Too Many Requests for url: https://uk.representclo.com/products/247-contour-run-t-shirt-titanium
2026-09-19 08:31:45,415 [ERROR] Failed to fetch product page https://uk.representclo.com/products/247-contour-run-tank-pebble: 429 Client Error: Too Many Requests for url: https://uk.representclo.com/products/247-contour-run-tank-pebble
2026-09-19 08:31:45,984 [ERROR] Failed to fetch product page https://uk.representclo.com/products/247-crossbody-bag-black: 429 Client Error: Too Many Requests for url: https://uk.representclo.com/products/247-crossbody-bag-black
2026-09-19 08:31:46,554 [ERROR] Failed to fetch product page https://uk.representclo.com/products/247-dna-barrel-leg-sweatpant-jet-black: 429 Client Error: Too Many Requests for url: https://uk.representclo.com/products/247-dna-barrel-leg-sweatpant-jet-black
2026-09-19 08:31:47,128 [ERROR] Failed to fetch product page https://uk.representclo.com/products/247-dna-graphic-hoodie-jet-black: 429 Client Error: Too Many Requests for url: https://uk.representclo.com/products/247-dna-graphic-hoodie-jet-black
2026-09-19 08:31:47,698 [ERROR] Failed to fetch product page https://uk.representclo.com/products/247-dna-graphic-t-shirt-flat-white: 429 Client Error: Too Many Requests for url: https://uk.representclo.com/products/247-dna-graphic-t-shirt-flat-white
2026-09-19 08:31:48,305 [ERROR] Failed to fetch product page https://uk.representclo.com/products/247-dna-graphic-t-shirt-flat-white-26: 429 Client Error: Too Many Requests for url: https://uk.representclo.com/products/247-dna-graphic-t-shirt-flat-white-26
2026-09-19 08:31:48,876 [ERROR] Failed to fetch product page https://uk.representclo.com/products/247-dna-graphic-t-shirt-graphene-26: 429 Client Error: Too Many Requests for url: https://uk.representclo.com/products/247-dna-graphic-t-shirt-graphene-26
2026-09-19 08:31:49,447 [ERROR] Failed to fetch product page https://uk.representclo.com/products/247-dna-graphic-t-shirt-jet-black: 429 Client Error: Too Many Requests for url: https://uk.representclo.com/products/247-dna-graphic-t-shirt-jet-black
2026-09-19 08:31:50,017 [ERROR] Failed to fetch product page https://uk.representclo.com/products/247-dna-graphic-t-shirt-jet-black-26: 429 Client Error: Too Many Requests for url: https://uk.representclo.com/products/247-dna-graphic-t-shirt-jet-black-26
2026-09-19 08:31:50,588 [ERROR] Failed to fetch product page https://uk.representclo.com/products/247-dna-hoodie-fern: 429 Client Error: Too Many Requests for url: https://uk.representclo.com/products/247-dna-hoodie-fern
2026-09-19 08:31:51,170 [ERROR] Failed to fetch product page https://uk.representclo.com/products/247-dna-hoodie-graphene: 429 Client Error: Too Many Requests for url: https://uk.representclo.com/products/247-dna-hoodie-graphene
2026-09-19 08:31:51,736 [ERROR] Failed to fetch product page https://uk.representclo.com/products/247-dna-hoodie-jet-black: 429 Client Error: Too Many Requests for url: https://uk.representclo.com/products/247-dna-hoodie-jet-black
2026-09-19 08:31:52,311 [ERROR] Failed to fetch product page https://uk.representclo.com/products/247-dna-hoodie-jet-black-26: 429 Client Error: Too Many Requests for url: https://uk.representclo.com/products/247-dna-hoodie-jet-black-26
2026-09-19 08:31:52,914 [ERROR] Failed to fetch product page https://uk.representclo.com/products/247-dna-mesh-short-graphene: 429 Client Error: Too Many Requests for url: https://uk.representclo.com/products/247-dna-mesh-short-graphene
2026-09-19 08:31:53,489 [ERROR] Failed to fetch product page https://uk.representclo.com/products/247-dna-mesh-short-jet-black: 429 Client Error: Too Many Requests for url: https://uk.representclo.com/products/247-dna-mesh-short-jet-black
2026-09-19 08:31:54,066 [ERROR] Failed to fetch product page https://uk.representclo.com/products/247-dna-mesh-t-shirt-flat-white: 429 Client Error: Too Many Requests for url: https://uk.representclo.com/products/247-dna-mesh-t-shirt-flat-white
2026-09-19 08:31:54,646 [ERROR] Failed to fetch product page https://uk.representclo.com/products/247-dna-mesh-t-shirt-graphene: 429 Client Error: Too Many Requests for url: https://uk.representclo.com/products/247-dna-mesh-t-shirt-graphene
2026-09-19 08:31:55,218 [ERROR] Failed to fetch product page https://uk.representclo.com/products/247-dna-mesh-t-shirt-jet-black: 429 Client Error: Too Many Requests for url: https://uk.representclo.com/products/247-dna-mesh-t-shirt-jet-black
2026-09-19 08:31:55,791 [ERROR] Failed to fetch product page https://uk.representclo.com/products/247-dna-mesh-vest-graphene: 429 Client Error: Too Many Requests for url: https://uk.representclo.com/products/247-dna-mesh-vest-graphene
2026-09-19 08:31:56,359 [ERROR] Failed to fetch product page https://uk.representclo.com/products/247-dna-mesh-vest-jet-black: 429 Client Error: Too Many Requests for url: https://uk.representclo.com/products/247-dna-mesh-vest-jet-black
2026-09-19 08:31:56,926 [ERROR] Failed to fetch product page https://uk.representclo.com/products/247-dna-oversized-t-shirt-graphene: 429 Client Error: Too Many Requests for url: https://uk.representclo.com/products/247-dna-oversized-t-shirt-graphene
2026-09-19 08:31:57,494 [ERROR] Failed to fetch product page https://uk.representclo.com/products/247-dna-oversized-t-shirt-jet-black-26: 429 Client Error: Too Many Requests for url: https://uk.representclo.com/products/247-dna-oversized-t-shirt-jet-black-26
2026-09-19 08:31:58,070 [ERROR] Failed to fetch product page https://uk.representclo.com/products/247-dna-oversized-tank-jet-black-26: 429 Client Error: Too Many Requests for url: https://uk.representclo.com/products/247-dna-oversized-tank-jet-black-26
2026-09-19 08:31:58,643 [ERROR] Failed to fetch product page https://uk.representclo.com/products/247-dna-seamless-t-shirt-black: 429 Client Error: Too Many Requests for url: https://uk.representclo.com/products/247-dna-seamless-t-shirt-black
2026-09-19 08:31:59,216 [ERROR] Failed to fetch product page https://uk.representclo.com/products/247-dna-seamless-t-shirt-titanium: 429 Client Error: Too Many Requests for url: https://uk.representclo.com/products/247-dna-seamless-t-shirt-titanium
2026-09-19 08:31:59,789 [ERROR] Failed to fetch product page https://uk.representclo.com/products/247-dna-tank-graphene: 429 Client Error: Too Many Requests for url: https://uk.representclo.com/products/247-dna-tank-graphene
2026-09-19 08:32:00,368 [ERROR] Failed to fetch product page https://uk.representclo.com/products/247-dna-towel-jet-black: 429 Client Error: Too Many Requests for url: https://uk.representclo.com/products/247-dna-towel-jet-black
2026-09-19 08:32:00,937 [ERROR] Failed to fetch product page https://uk.representclo.com/products/247-duffle-gym-bag-jet-black: 429 Client Error: Too Many Requests for url: https://uk.representclo.com/products/247-duffle-gym-bag-jet-black
2026-09-19 08:32:01,506 [ERROR] Failed to fetch product page https://uk.representclo.com/products/247-fallen-angel-graphic-hoodie-vintage-black: 429 Client Error: Too Many Requests for url: https://uk.representclo.com/products/247-fallen-angel-graphic-hoodie-vintage-black
2026-09-19 08:32:02,075 [ERROR] Failed to fetch product page https://uk.representclo.com/products/247-fallen-angel-graphic-t-shirt-vintage-black: 429 Client Error: Too Many Requests for url: https://uk.representclo.com/products/247-fallen-angel-graphic-t-shirt-vintage-black
2026-09-19 08:32:02,672 [ERROR] Failed to fetch product page https://uk.representclo.com/products/247-form-sweatpant-graphene: 429 Client Error: Too Many Requests for url: https://uk.representclo.com/products/247-form-sweatpant-graphene
2026-09-19 08:32:03,241 [ERROR] Failed to fetch product page https://uk.representclo.com/products/247-form-sweatpant-jet-black: 429 Client Error: Too Many Requests for url: https://uk.representclo.com/products/247-form-sweatpant-jet-black
2026-09-19 08:32:03,810 [ERROR] Failed to fetch product page https://uk.representclo.com/products/247-form-zip-hood-graphene: 429 Client Error: Too Many Requests for url: https://uk.representclo.com/products/247-form-zip-hood-graphene
2026-09-19 08:32:04,379 [ERROR] Failed to fetch product page https://uk.representclo.com/products/247-form-zip-hoodie-jet-black: 429 Client Error: Too Many Requests for url: https://uk.representclo.com/products/247-form-zip-hoodie-jet-black
2026-09-19 08:32:04,947 [ERROR] Failed to fetch product page https://uk.representclo.com/products/247-fused-shorts-black: 429 Client Error: Too Many Requests for url: https://uk.representclo.com/products/247-fused-shorts-black
2026-09-19 08:32:05,531 [ERROR] Failed to fetch product page https://uk.representclo.com/products/247-fw25-boxers-black: 429 Client Error: Too Many Requests for url: https://uk.representclo.com/products/247-fw25-boxers-black
2026-09-19 08:32:06,100 [ERROR] Failed to fetch product page https://uk.representclo.com/products/247-fw25-gloves-black: 429 Client Error: Too Many Requests for url: https://uk.representclo.com/products/247-fw25-gloves-black
2026-09-19 08:32:06,668 [ERROR] Failed to fetch product page https://uk.representclo.com/products/247-ghost-2-in-1-short-jet-black: 429 Client Error: Too Many Requests for url: https://uk.representclo.com/products/247-ghost-2-in-1-short-jet-black
2026-09-19 08:32:07,236 [ERROR] Failed to fetch product page https://uk.representclo.com/products/247-ghost-half-tight-jet-black: 429 Client Error: Too Many Requests for url: https://uk.representclo.com/products/247-ghost-half-tight-jet-black
2026-09-19 08:32:07,807 [ERROR] Failed to fetch product page https://uk.representclo.com/products/247-ghost-singlet-247-ombre: 429 Client Error: Too Many Requests for url: https://uk.representclo.com/products/247-ghost-singlet-247-ombre
2026-09-19 08:32:08,415 [ERROR] Failed to fetch product page https://uk.representclo.com/products/247-gym-towel-black: 429 Client Error: Too Many Requests for url: https://uk.representclo.com/products/247-gym-towel-black
2026-09-19 08:32:08,983 [ERROR] Failed to fetch product page https://uk.representclo.com/products/247-hybrid-running-shell-jet-black: 429 Client Error: Too Many Requests for url: https://uk.representclo.com/products/247-hybrid-running-shell-jet-black
2026-09-19 08:32:09,561 [ERROR] Failed to fetch product page https://uk.representclo.com/products/247-hybrid-t-shirt-black-fade-out: 429 Client Error: Too Many Requests for url: https://uk.representclo.com/products/247-hybrid-t-shirt-black-fade-out
2026-09-19 08:32:10,129 [ERROR] Failed to fetch product page https://uk.representclo.com/products/247-hybrid-t-shirt-glacier-fade-out: 429 Client Error: Too Many Requests for url: https://uk.representclo.com/products/247-hybrid-t-shirt-glacier-fade-out
2026-09-19 08:32:10,705 [ERROR] Failed to fetch product page https://uk.representclo.com/products/247-hybrid-t-shirt-red-fade-out: 429 Client Error: Too Many Requests for url: https://uk.representclo.com/products/247-hybrid-t-shirt-red-fade-out
2026-09-19 08:32:11,275 [ERROR] Failed to fetch product page https://uk.representclo.com/products/247-hybrid-tank-glacier-fade-out: 429 Client Error: Too Many Requests for url: https://uk.representclo.com/products/247-hybrid-tank-glacier-fade-out
2026-09-19 08:32:11,848 [ERROR] Failed to fetch product page https://uk.representclo.com/products/247-hybrid-tank-red-fade-out: 429 Client Error: Too Many Requests for url: https://uk.representclo.com/products/247-hybrid-tank-red-fade-out
2026-09-19 08:32:12,422 [ERROR] Failed to fetch product page https://uk.representclo.com/products/247-hydration-belt-black: 429 Client Error: Too Many Requests for url: https://uk.representclo.com/products/247-hydration-belt-black
2026-09-19 08:32:12,988 [ERROR] Failed to fetch product page https://uk.representclo.com/products/247-hydration-phone-case-black: 429 Client Error: Too Many Requests for url: https://uk.representclo.com/products/247-hydration-phone-case-black
2026-09-19 08:32:13,564 [ERROR] Failed to fetch product page https://uk.representclo.com/products/247-logo-socks-black: 429 Client Error: Too Many Requests for url: https://uk.representclo.com/products/247-logo-socks-black
2026-09-19 08:32:14,138 [ERROR] Failed to fetch product page https://uk.representclo.com/products/247-logo-socks-white: 429 Client Error: Too Many Requests for url: https://uk.representclo.com/products/247-logo-socks-white
2026-09-19 08:32:14,716 [ERROR] Failed to fetch product page https://uk.representclo.com/products/247-logo-wrist-bands-black: 429 Client Error: Too Many Requests for url: https://uk.representclo.com/products/247-logo-wrist-bands-black
2026-09-19 08:32:15,287 [ERROR] Failed to fetch product page https://uk.representclo.com/products/247-london-26-singlet-vintage-grey: 429 Client Error: Too Many Requests for url: https://uk.representclo.com/products/247-london-26-singlet-vintage-grey
2026-09-19 08:32:15,856 [ERROR] Failed to fetch product page https://uk.representclo.com/products/247-london-26-t-shirt-vintage-grey: 429 Client Error: Too Many Requests for url: https://uk.representclo.com/products/247-london-26-t-shirt-vintage-grey
2026-09-19 08:32:16,425 [ERROR] Failed to fetch product page https://uk.representclo.com/products/247-london-bag-black: 429 Client Error: Too Many Requests for url: https://uk.representclo.com/products/247-london-bag-black
2026-09-19 08:32:16,992 [ERROR] Failed to fetch product page https://uk.representclo.com/products/247-los-angeles-26-singlet-aged-khaki: 429 Client Error: Too Many Requests for url: https://uk.representclo.com/products/247-los-angeles-26-singlet-aged-khaki
2026-09-19 08:32:17,561 [ERROR] Failed to fetch product page https://uk.representclo.com/products/247-los-angeles-bag-black: 429 Client Error: Too Many Requests for url: https://uk.representclo.com/products/247-los-angeles-bag-black
2026-09-19 08:32:18,132 [ERROR] Failed to fetch product page https://uk.representclo.com/products/247-manchester-26-half-tight-black: 429 Client Error: Too Many Requests for url: https://uk.representclo.com/products/247-manchester-26-half-tight-black
2026-09-19 08:32:18,750 [ERROR] Failed to fetch product page https://uk.representclo.com/products/247-manchester-26-short-black: 429 Client Error: Too Many Requests for url: https://uk.representclo.com/products/247-manchester-26-short-black
2026-09-19 08:32:19,320 [ERROR] Failed to fetch product page https://uk.representclo.com/products/247-manchester-26-singlet-aged-black: 429 Client Error: Too Many Requests for url: https://uk.representclo.com/products/247-manchester-26-singlet-aged-black
2026-09-19 08:32:19,898 [ERROR] Failed to fetch product page https://uk.representclo.com/products/247-manchester-26-t-shirt-black: 429 Client Error: Too Many Requests for url: https://uk.representclo.com/products/247-manchester-26-t-shirt-black
2026-09-19 08:32:20,467 [ERROR] Failed to fetch product page https://uk.representclo.com/products/247-manchester-bag-black: 429 Client Error: Too Many Requests for url: https://uk.representclo.com/products/247-manchester-bag-black
2026-09-19 08:32:21,039 [ERROR] Failed to fetch product page https://uk.representclo.com/products/247-mission-series-t-shirt-2026-jet-black: 429 Client Error: Too Many Requests for url: https://uk.representclo.com/products/247-mission-series-t-shirt-2026-jet-black
2026-09-19 08:32:21,608 [ERROR] Failed to fetch product page https://uk.representclo.com/products/247-motion-oversized-tank-rust: 429 Client Error: Too Many Requests for url: https://uk.representclo.com/products/247-motion-oversized-tank-rust
2026-09-19 08:32:22,187 [ERROR] Failed to fetch product page https://uk.representclo.com/products/247-new-york-bag-black: 429 Client Error: Too Many Requests for url: https://uk.representclo.com/products/247-new-york-bag-black
2026-09-19 08:32:22,816 [ERROR] Failed to fetch product page https://uk.representclo.com/products/247-noble-long-sleeve-t-shirt-graphene: 429 Client Error: Too Many Requests for url: https://uk.representclo.com/products/247-noble-long-sleeve-t-shirt-graphene
2026-09-19 08:32:23,385 [ERROR] Failed to fetch product page https://uk.representclo.com/products/247-noble-t-shirt-graphene: 429 Client Error: Too Many Requests for url: https://uk.representclo.com/products/247-noble-t-shirt-graphene
2026-09-19 08:32:23,960 [ERROR] Failed to fetch product page https://uk.representclo.com/products/247-noble-t-shirt-jet-black: 429 Client Error: Too Many Requests for url: https://uk.representclo.com/products/247-noble-t-shirt-jet-black
2026-09-19 08:32:24,529 [ERROR] Failed to fetch product page https://uk.representclo.com/products/247-numbers-beanie-grey-marl: 429 Client Error: Too Many Requests for url: https://uk.representclo.com/products/247-numbers-beanie-grey-marl
2026-09-19 08:32:25,110 [ERROR] Failed to fetch product page https://uk.representclo.com/products/247-numbers-beanie-jet-black: 429 Client Error: Too Many Requests for url: https://uk.representclo.com/products/247-numbers-beanie-jet-black
2026-09-19 08:32:25,678 [ERROR] Failed to fetch product page https://uk.representclo.com/products/247-numbers-cap-graphene: 429 Client Error: Too Many Requests for url: https://uk.representclo.com/products/247-numbers-cap-graphene
2026-09-19 08:32:26,253 [ERROR] Failed to fetch product page https://uk.representclo.com/products/247-numbers-cap-graphite-grey: 429 Client Error: Too Many Requests for url: https://uk.representclo.com/products/247-numbers-cap-graphite-grey
2026-09-19 08:32:26,830 [ERROR] Failed to fetch product page https://uk.representclo.com/products/247-numbers-cap-jet-black: 429 Client Error: Too Many Requests for url: https://uk.representclo.com/products/247-numbers-cap-jet-black
2026-09-19 08:32:27,398 [ERROR] Failed to fetch product page https://uk.representclo.com/products/247-numbers-cargo-half-tight-graphene: 429 Client Error: Too Many Requests for url: https://uk.representclo.com/products/247-numbers-cargo-half-tight-graphene
2026-09-19 08:32:27,973 [ERROR] Failed to fetch product page https://uk.representclo.com/products/247-numbers-gaiter-grey-marl: 429 Client Error: Too Many Requests for url: https://uk.representclo.com/products/247-numbers-gaiter-grey-marl
2026-09-19 08:32:28,560 [ERROR] Failed to fetch product page https://uk.representclo.com/products/247-numbers-gaiter-jet-black: 429 Client Error: Too Many Requests for url: https://uk.representclo.com/products/247-numbers-gaiter-jet-black
2026-09-19 08:32:29,133 [ERROR] Failed to fetch product page https://uk.representclo.com/products/247-numbers-glove-jet-black: 429 Client Error: Too Many Requests for url: https://uk.representclo.com/products/247-numbers-glove-jet-black
2026-09-19 08:32:29,704 [ERROR] Failed to fetch product page https://uk.representclo.com/products/247-numbers-race-sock-graphene: 429 Client Error: Too Many Requests for url: https://uk.representclo.com/products/247-numbers-race-sock-graphene
2026-09-19 08:32:30,279 [ERROR] Failed to fetch product page https://uk.representclo.com/products/247-numbers-socks-flat-white: 429 Client Error: Too Many Requests for url: https://uk.representclo.com/products/247-numbers-socks-flat-white
2026-09-19 08:32:30,851 [ERROR] Failed to fetch product page https://uk.representclo.com/products/247-numbers-socks-jet-black: 429 Client Error: Too Many Requests for url: https://uk.representclo.com/products/247-numbers-socks-jet-black
2026-09-19 08:32:31,420 [ERROR] Failed to fetch product page https://uk.representclo.com/products/247-numbers-t-shirt-flat-white: 429 Client Error: Too Many Requests for url: https://uk.representclo.com/products/247-numbers-t-shirt-flat-white
2026-09-19 08:32:31,995 [ERROR] Failed to fetch product page https://uk.representclo.com/products/247-numbers-t-shirt-graphene: 429 Client Error: Too Many Requests for url: https://uk.representclo.com/products/247-numbers-t-shirt-graphene
2026-09-19 08:32:32,567 [ERROR] Failed to fetch product page https://uk.representclo.com/products/247-numbers-t-shirt-jet-black-v2: 429 Client Error: Too Many Requests for url: https://uk.representclo.com/products/247-numbers-t-shirt-jet-black-v2
2026-09-19 08:32:33,150 [ERROR] Failed to fetch product page https://uk.representclo.com/products/247-numbers-vest-flat-white: 429 Client Error: Too Many Requests for url: https://uk.representclo.com/products/247-numbers-vest-flat-white
2026-09-19 08:32:33,724 [ERROR] Failed to fetch product page https://uk.representclo.com/products/247-numbers-vest-graphene: 429 Client Error: Too Many Requests for url: https://uk.representclo.com/products/247-numbers-vest-graphene
2026-09-19 08:32:34,326 [ERROR] Failed to fetch product page https://uk.representclo.com/products/247-numbers-vest-graphite-grey: 429 Client Error: Too Many Requests for url: https://uk.representclo.com/products/247-numbers-vest-graphite-grey
2026-09-19 08:32:34,933 [ERROR] Failed to fetch product page https://uk.representclo.com/products/247-numbers-vest-jet-black-v2: 429 Client Error: Too Many Requests for url: https://uk.representclo.com/products/247-numbers-vest-jet-black-v2
2026-09-19 08:32:35,504 [ERROR] Failed to fetch product page https://uk.representclo.com/products/247-on-a-mission-long-sleeve-t-shirt-jet-black: 429 Client Error: Too Many Requests for url: https://uk.representclo.com/products/247-on-a-mission-long-sleeve-t-shirt-jet-black
2026-09-19 08:32:36,082 [ERROR] Failed to fetch product page https://uk.representclo.com/products/247-on-a-mission-t-shirt-jet-black: 429 Client Error: Too Many Requests for url: https://uk.representclo.com/products/247-on-a-mission-t-shirt-jet-black
2026-09-19 08:32:36,656 [ERROR] Failed to fetch product page https://uk.representclo.com/products/247-oversized-hoodie-jet-black: 429 Client Error: Too Many Requests for url: https://uk.representclo.com/products/247-oversized-hoodie-jet-black
2026-09-19 08:32:37,223 [ERROR] Failed to fetch product page https://uk.representclo.com/products/247-oversized-t-shirt-flat-white-1: 429 Client Error: Too Many Requests for url: https://uk.representclo.com/products/247-oversized-t-shirt-flat-white-1
2026-09-19 08:32:37,798 [ERROR] Failed to fetch product page https://uk.representclo.com/products/247-oversized-t-shirt-jet-black-1: 429 Client Error: Too Many Requests for url: https://uk.representclo.com/products/247-oversized-t-shirt-jet-black-1
2026-09-19 08:32:38,369 [ERROR] Failed to fetch product page https://uk.representclo.com/products/247-oversized-tank-flat-white-1: 429 Client Error: Too Many Requests for url: https://uk.representclo.com/products/247-oversized-tank-flat-white-1
2026-09-19 08:32:38,951 [ERROR] Failed to fetch product page https://uk.representclo.com/products/247-oversized-tank-jet-black-1: 429 Client Error: Too Many Requests for url: https://uk.representclo.com/products/247-oversized-tank-jet-black-1
2026-09-19 08:32:39,524 [ERROR] Failed to fetch product page https://uk.representclo.com/products/247-pant-black: 429 Client Error: Too Many Requests for url: https://uk.representclo.com/products/247-pant-black
2026-09-19 08:32:40,101 [ERROR] Failed to fetch product page https://uk.representclo.com/products/247-pant-graphene: 429 Client Error: Too Many Requests for url: https://uk.representclo.com/products/247-pant-graphene
2026-09-19 08:32:40,673 [ERROR] Failed to fetch product page https://uk.representclo.com/products/247-power-dry-t-shirt-ash-grey: 429 Client Error: Too Many Requests for url: https://uk.representclo.com/products/247-power-dry-t-shirt-ash-grey
2026-09-19 08:32:41,245 [ERROR] Failed to fetch product page https://uk.representclo.com/products/247-power-dry-t-shirt-jet-black: 429 Client Error: Too Many Requests for url: https://uk.representclo.com/products/247-power-dry-t-shirt-jet-black
2026-09-19 08:32:41,818 [ERROR] Failed to fetch product page https://uk.representclo.com/products/247-power-shield-padded-gilet-jet-black: 429 Client Error: Too Many Requests for url: https://uk.representclo.com/products/247-power-shield-padded-gilet-jet-black
2026-09-19 08:32:42,435 [ERROR] Failed to fetch product page https://uk.representclo.com/products/247-power-shield-windbreaker-jet-black: 429 Client Error: Too Many Requests for url: https://uk.representclo.com/products/247-power-shield-windbreaker-jet-black
2026-09-19 08:32:43,005 [ERROR] Failed to fetch product page https://uk.representclo.com/products/247-protein-shaker-black: 429 Client Error: Too Many Requests for url: https://uk.representclo.com/products/247-protein-shaker-black
2026-09-19 08:32:43,575 [ERROR] Failed to fetch product page https://uk.representclo.com/products/247-race-half-tight-washed-grey: 429 Client Error: Too Many Requests for url: https://uk.representclo.com/products/247-race-half-tight-washed-grey
2026-09-19 08:32:44,147 [ERROR] Failed to fetch product page https://uk.representclo.com/products/247-race-pins-antique-silver: 429 Client Error: Too Many Requests for url: https://uk.representclo.com/products/247-race-pins-antique-silver
2026-09-19 08:32:44,718 [ERROR] Failed to fetch product page https://uk.representclo.com/products/247-race-short-washed-grey: 429 Client Error: Too Many Requests for url: https://uk.representclo.com/products/247-race-short-washed-grey
2026-09-19 08:32:45,288 [ERROR] Failed to fetch product page https://uk.representclo.com/products/247-race-sock-2-pack-white: 429 Client Error: Too Many Requests for url: https://uk.representclo.com/products/247-race-sock-2-pack-white
2026-09-19 08:32:45,861 [ERROR] Failed to fetch product page https://uk.representclo.com/products/247-race-sock-white: 429 Client Error: Too Many Requests for url: https://uk.representclo.com/products/247-race-sock-white
2026-09-19 08:32:46,432 [ERROR] Failed to fetch product page https://uk.representclo.com/products/247-reflex-run-cap-jet-black: 429 Client Error: Too Many Requests for url: https://uk.representclo.com/products/247-reflex-run-cap-jet-black
2026-09-19 08:32:47,005 [ERROR] Failed to fetch product page https://uk.representclo.com/products/247-reflex-run-socks-flat-white: 429 Client Error: Too Many Requests for url: https://uk.representclo.com/products/247-reflex-run-socks-flat-white
2026-09-19 08:32:47,577 [ERROR] Failed to fetch product page https://uk.representclo.com/products/247-reflex-run-socks-jet-black: 429 Client Error: Too Many Requests for url: https://uk.representclo.com/products/247-reflex-run-socks-jet-black
2026-09-19 08:32:48,161 [ERROR] Failed to fetch product page https://uk.representclo.com/products/247-ribbed-half-tight-jet-black-v2: 429 Client Error: Too Many Requests for url: https://uk.representclo.com/products/247-ribbed-half-tight-jet-black-v2
2026-09-19 08:32:48,733 [ERROR] Failed to fetch product page https://uk.representclo.com/products/247-ripstop-cap-black-reflective: 429 Client Error: Too Many Requests for url: https://uk.representclo.com/products/247-ripstop-cap-black-reflective
2026-09-19 08:32:49,301 [ERROR] Failed to fetch product page https://uk.representclo.com/products/247-running-belt-jet-black: 429 Client Error: Too Many Requests for url: https://uk.representclo.com/products/247-running-belt-jet-black
2026-09-19 08:32:49,871 [ERROR] Failed to fetch product page https://uk.representclo.com/products/247-short-graphene: 429 Client Error: Too Many Requests for url: https://uk.representclo.com/products/247-short-graphene
2026-09-19 08:32:50,452 [ERROR] Failed to fetch product page https://uk.representclo.com/products/247-singlet-cinder: 429 Client Error: Too Many Requests for url: https://uk.representclo.com/products/247-singlet-cinder
2026-09-19 08:32:51,018 [ERROR] Failed to fetch product page https://uk.representclo.com/products/247-ski-gloves-black: 429 Client Error: Too Many Requests for url: https://uk.representclo.com/products/247-ski-gloves-black
2026-09-19 08:32:51,594 [ERROR] Failed to fetch product page https://uk.representclo.com/products/247-skull-cap-jet-black: 429 Client Error: Too Many Requests for url: https://uk.representclo.com/products/247-skull-cap-jet-black
2026-09-19 08:32:52,167 [ERROR] Failed to fetch product page https://uk.representclo.com/products/247-sling-bag-black: 429 Client Error: Too Many Requests for url: https://uk.representclo.com/products/247-sling-bag-black
2026-09-19 08:32:52,739 [ERROR] Failed to fetch product page https://uk.representclo.com/products/247-ss26-cargo-half-tight-jet-black: 429 Client Error: Too Many Requests for url: https://uk.representclo.com/products/247-ss26-cargo-half-tight-jet-black
2026-09-19 08:32:53,308 [ERROR] Failed to fetch product page https://uk.representclo.com/products/247-stratum-sunglasses-flat-white: 429 Client Error: Too Many Requests for url: https://uk.representclo.com/products/247-stratum-sunglasses-flat-white
2026-09-19 08:32:53,880 [ERROR] Failed to fetch product page https://uk.representclo.com/products/247-stratum-sunglasses-jet-black: 429 Client Error: Too Many Requests for url: https://uk.representclo.com/products/247-stratum-sunglasses-jet-black
2026-09-19 08:32:54,457 [ERROR] Failed to fetch product page https://uk.representclo.com/products/247-sydney-cap-washed-grey: 429 Client Error: Too Many Requests for url: https://uk.representclo.com/products/247-sydney-cap-washed-grey
2026-09-19 08:32:55,029 [ERROR] Failed to fetch product page https://uk.representclo.com/products/247-sydney-hoodie-washed-grey: 429 Client Error: Too Many Requests for url: https://uk.representclo.com/products/247-sydney-hoodie-washed-grey
2026-09-19 08:32:55,649 [ERROR] Failed to fetch product page https://uk.representclo.com/products/247-sydney-singlet-washed-grey: 429 Client Error: Too Many Requests for url: https://uk.representclo.com/products/247-sydney-singlet-washed-grey
2026-09-19 08:32:56,217 [ERROR] Failed to fetch product page https://uk.representclo.com/products/247-sydney-t-shirt-washed-grey: 429 Client Error: Too Many Requests for url: https://uk.representclo.com/products/247-sydney-t-shirt-washed-grey
2026-09-19 08:32:56,790 [ERROR] Failed to fetch product page https://uk.representclo.com/products/247-sydney-tank-washed-grey: 429 Client Error: Too Many Requests for url: https://uk.representclo.com/products/247-sydney-tank-washed-grey
2026-09-19 08:32:57,362 [ERROR] Failed to fetch product page https://uk.representclo.com/products/247-team-straight-leg-track-pant-jet-black: 429 Client Error: Too Many Requests for url: https://uk.representclo.com/products/247-team-straight-leg-track-pant-jet-black
2026-09-19 08:32:57,939 [ERROR] Failed to fetch product page https://uk.representclo.com/products/247-torch-boxy-long-sleeve-t-shirt-bleach-wash: 429 Client Error: Too Many Requests for url: https://uk.representclo.com/products/247-torch-boxy-long-sleeve-t-shirt-bleach-wash
2026-09-19 08:32:58,511 [ERROR] Failed to fetch product page https://uk.representclo.com/products/247-torch-boxy-long-sleeve-t-shirt-washed-black: 429 Client Error: Too Many Requests for url: https://uk.representclo.com/products/247-torch-boxy-long-sleeve-t-shirt-washed-black
2026-09-19 08:32:59,087 [ERROR] Failed to fetch product page https://uk.representclo.com/products/247-torch-boxy-t-shirt-bleach-wash: 429 Client Error: Too Many Requests for url: https://uk.representclo.com/products/247-torch-boxy-t-shirt-bleach-wash
2026-09-19 08:32:59,664 [ERROR] Failed to fetch product page https://uk.representclo.com/products/247-torch-boxy-t-shirt-washed-black: 429 Client Error: Too Many Requests for url: https://uk.representclo.com/products/247-torch-boxy-t-shirt-washed-black
2026-09-19 08:33:00,247 [ERROR] Failed to fetch product page https://uk.representclo.com/products/247-torch-boxy-tank-bleach-wash: 429 Client Error: Too Many Requests for url: https://uk.representclo.com/products/247-torch-boxy-tank-bleach-wash
2026-09-19 08:33:00,821 [ERROR] Failed to fetch product page https://uk.representclo.com/products/247-tote-bag-black: 429 Client Error: Too Many Requests for url: https://uk.representclo.com/products/247-tote-bag-black
2026-09-19 08:33:01,392 [ERROR] Failed to fetch product page https://uk.representclo.com/products/247-trail-long-sleeve-t-shirt-black: 429 Client Error: Too Many Requests for url: https://uk.representclo.com/products/247-trail-long-sleeve-t-shirt-black
2026-09-19 08:33:02,004 [ERROR] Failed to fetch product page https://uk.representclo.com/products/247-trail-long-sleeve-t-shirt-chocolate: 429 Client Error: Too Many Requests for url: https://uk.representclo.com/products/247-trail-long-sleeve-t-shirt-chocolate
2026-09-19 08:33:02,576 [ERROR] Failed to fetch product page https://uk.representclo.com/products/247-trail-long-sleeve-t-shirt-steel: 429 Client Error: Too Many Requests for url: https://uk.representclo.com/products/247-trail-long-sleeve-t-shirt-steel
2026-09-19 08:33:03,148 [ERROR] Failed to fetch product page https://uk.representclo.com/products/247-trail-short-graphene: 429 Client Error: Too Many Requests for url: https://uk.representclo.com/products/247-trail-short-graphene
2026-09-19 08:33:03,733 [ERROR] Failed to fetch product page https://uk.representclo.com/products/247-trail-short-graphite-grey: 429 Client Error: Too Many Requests for url: https://uk.representclo.com/products/247-trail-short-graphite-grey
2026-09-19 08:33:04,303 [ERROR] Failed to fetch product page https://uk.representclo.com/products/247-trail-short-jet-black: 429 Client Error: Too Many Requests for url: https://uk.representclo.com/products/247-trail-short-jet-black
2026-09-19 08:33:04,875 [ERROR] Failed to fetch product page https://uk.representclo.com/products/247-trail-sock-black: 429 Client Error: Too Many Requests for url: https://uk.representclo.com/products/247-trail-sock-black
2026-09-19 08:33:05,446 [ERROR] Failed to fetch product page https://uk.representclo.com/products/247-trail-t-shirt-black: 429 Client Error: Too Many Requests for url: https://uk.representclo.com/products/247-trail-t-shirt-black
2026-09-19 08:33:06,022 [ERROR] Failed to fetch product page https://uk.representclo.com/products/247-trail-t-shirt-chocolate: 429 Client Error: Too Many Requests for url: https://uk.representclo.com/products/247-trail-t-shirt-chocolate
2026-09-19 08:33:06,590 [ERROR] Failed to fetch product page https://uk.representclo.com/products/247-trail-t-shirt-steel: 429 Client Error: Too Many Requests for url: https://uk.representclo.com/products/247-trail-t-shirt-steel
2026-09-19 08:33:07,168 [ERROR] Failed to fetch product page https://uk.representclo.com/products/247-trail-tank-black: 429 Client Error: Too Many Requests for url: https://uk.representclo.com/products/247-trail-tank-black
2026-09-19 08:33:07,741 [ERROR] Failed to fetch product page https://uk.representclo.com/products/247-trail-tank-chocolate: 429 Client Error: Too Many Requests for url: https://uk.representclo.com/products/247-trail-tank-chocolate
2026-09-19 08:33:08,345 [ERROR] Failed to fetch product page https://uk.representclo.com/products/247-trail-tank-steel: 429 Client Error: Too Many Requests for url: https://uk.representclo.com/products/247-trail-tank-steel
2026-09-19 08:33:08,914 [ERROR] Failed to fetch product page https://uk.representclo.com/products/247-ultra-bucket-hat-jet-black: 429 Client Error: Too Many Requests for url: https://uk.representclo.com/products/247-ultra-bucket-hat-jet-black
2026-09-19 08:33:09,484 [ERROR] Failed to fetch product page https://uk.representclo.com/products/247-ultra-midlayer-jet-black: 429 Client Error: Too Many Requests for url: https://uk.representclo.com/products/247-ultra-midlayer-jet-black
2026-09-19 08:33:10,051 [ERROR] Failed to fetch product page https://uk.representclo.com/products/247-ultra-short-black-fade-out: 429 Client Error: Too Many Requests for url: https://uk.representclo.com/products/247-ultra-short-black-fade-out
2026-09-19 08:33:10,619 [ERROR] Failed to fetch product page https://uk.representclo.com/products/247-ultra-singlet-black-fade-out: 429 Client Error: Too Many Requests for url: https://uk.representclo.com/products/247-ultra-singlet-black-fade-out
2026-09-19 08:33:11,193 [ERROR] Failed to fetch product page https://uk.representclo.com/products/247-ultra-singlet-glacier-fade-out: 429 Client Error: Too Many Requests for url: https://uk.representclo.com/products/247-ultra-singlet-glacier-fade-out
2026-09-19 08:33:11,762 [ERROR] Failed to fetch product page https://uk.representclo.com/products/247-uprising-long-sleeve-seamless-t-shirt-chocolate: 429 Client Error: Too Many Requests for url: https://uk.representclo.com/products/247-uprising-long-sleeve-seamless-t-shirt-chocolate
2026-09-19 08:33:12,329 [ERROR] Failed to fetch product page https://uk.representclo.com/products/247-uprising-long-sleeve-seamless-t-shirt-steel: 429 Client Error: Too Many Requests for url: https://uk.representclo.com/products/247-uprising-long-sleeve-seamless-t-shirt-steel
2026-09-19 08:33:12,903 [ERROR] Failed to fetch product page https://uk.representclo.com/products/247-uprising-oversized-hoodie-black: 429 Client Error: Too Many Requests for url: https://uk.representclo.com/products/247-uprising-oversized-hoodie-black
2026-09-19 08:33:13,481 [ERROR] Failed to fetch product page https://uk.representclo.com/products/247-uprising-oversized-hoodie-chocolate: 429 Client Error: Too Many Requests for url: https://uk.representclo.com/products/247-uprising-oversized-hoodie-chocolate
2026-09-19 08:33:14,059 [ERROR] Failed to fetch product page https://uk.representclo.com/products/247-uprising-zip-hoodie-black: 429 Client Error: Too Many Requests for url: https://uk.representclo.com/products/247-uprising-zip-hoodie-black
2026-09-19 08:33:14,627 [ERROR] Failed to fetch product page https://uk.representclo.com/products/247-waffle-beanie-jet-black: 429 Client Error: Too Many Requests for url: https://uk.representclo.com/products/247-waffle-beanie-jet-black
2026-09-19 08:33:15,195 [ERROR] Failed to fetch product page https://uk.representclo.com/products/247-x-47-taped-cap-jet-black: 429 Client Error: Too Many Requests for url: https://uk.representclo.com/products/247-x-47-taped-cap-jet-black
2026-09-19 08:33:15,764 [ERROR] Failed to fetch product page https://uk.representclo.com/products/247-x-avenged-sevenfold-city-of-evil-tank-aged-black: 429 Client Error: Too Many Requests for url: https://uk.representclo.com/products/247-x-avenged-sevenfold-city-of-evil-tank-aged-black
2026-09-19 08:33:16,333 [ERROR] Failed to fetch product page https://uk.representclo.com/products/247-x-avenged-sevenfold-death-bat-singlet-washed-grey: 429 Client Error: Too Many Requests for url: https://uk.representclo.com/products/247-x-avenged-sevenfold-death-bat-singlet-washed-grey
2026-09-19 08:33:16,902 [ERROR] Failed to fetch product page https://uk.representclo.com/products/247-x-avenged-sevenfold-death-bat-t-shirt-dirty-white: 429 Client Error: Too Many Requests for url: https://uk.representclo.com/products/247-x-avenged-sevenfold-death-bat-t-shirt-dirty-white
2026-09-19 08:33:17,473 [ERROR] Failed to fetch product page https://uk.representclo.com/products/247-x-avenged-sevenfold-nightmare-long-sleeve-t-shirt-aged-black: 429 Client Error: Too Many Requests for url: https://uk.representclo.com/products/247-x-avenged-sevenfold-nightmare-long-sleeve-t-shirt-aged-black
2026-09-19 08:33:18,041 [ERROR] Failed to fetch product page https://uk.representclo.com/products/247-x-avenged-sevenfold-nightmare-t-shirt-aged-black: 429 Client Error: Too Many Requests for url: https://uk.representclo.com/products/247-x-avenged-sevenfold-nightmare-t-shirt-aged-black
2026-09-19 08:33:18,620 [ERROR] Failed to fetch product page https://uk.representclo.com/products/247-x-puma-ultra-nitro-7-football-boot-sugared-almond: 429 Client Error: Too Many Requests for url: https://uk.representclo.com/products/247-x-puma-ultra-nitro-7-football-boot-sugared-almond
2026-09-19 08:33:19,191 [ERROR] Failed to fetch product page https://uk.representclo.com/products/alpha-wrap-jet-black: 429 Client Error: Too Many Requests for url: https://uk.representclo.com/products/alpha-wrap-jet-black
2026-09-19 08:33:19,767 [ERROR] Failed to fetch product page https://uk.representclo.com/products/alpha-wrap-vintage-white: 429 Client Error: Too Many Requests for url: https://uk.representclo.com/products/alpha-wrap-vintage-white
2026-09-19 08:33:20,376 [ERROR] Failed to fetch product page https://uk.representclo.com/products/american-football-jersey-chalk: 429 Client Error: Too Many Requests for url: https://uk.representclo.com/products/american-football-jersey-chalk
2026-09-19 08:33:20,945 [ERROR] Failed to fetch product page https://uk.representclo.com/products/angel-border-t-shirt-stained-black: 429 Client Error: Too Many Requests for url: https://uk.representclo.com/products/angel-border-t-shirt-stained-black
2026-09-19 08:33:21,522 [ERROR] Failed to fetch product page https://uk.representclo.com/products/angel-border-t-shirt-washed-ecru: 429 Client Error: Too Many Requests for url: https://uk.representclo.com/products/angel-border-t-shirt-washed-ecru
2026-09-19 08:33:22,089 [ERROR] Failed to fetch product page https://uk.representclo.com/products/apex-black-vintage-white-bf: 429 Client Error: Too Many Requests for url: https://uk.representclo.com/products/apex-black-vintage-white-bf
2026-09-19 08:33:22,661 [ERROR] Failed to fetch product page https://uk.representclo.com/products/apex-flat-white-bf: 429 Client Error: Too Many Requests for url: https://uk.representclo.com/products/apex-flat-white-bf
2026-09-19 08:33:23,240 [ERROR] Failed to fetch product page https://uk.representclo.com/products/arch-knitted-gloves-jet-black: 429 Client Error: Too Many Requests for url: https://uk.representclo.com/products/arch-knitted-gloves-jet-black
2026-09-19 08:33:23,808 [ERROR] Failed to fetch product page https://uk.representclo.com/products/aura-sunglasses-beige: 429 Client Error: Too Many Requests for url: https://uk.representclo.com/products/aura-sunglasses-beige
2026-09-19 08:33:24,379 [ERROR] Failed to fetch product page https://uk.representclo.com/products/aura-sunglasses-jet-black: 429 Client Error: Too Many Requests for url: https://uk.representclo.com/products/aura-sunglasses-jet-black
2026-09-19 08:33:24,946 [ERROR] Failed to fetch product page https://uk.representclo.com/products/beaded-represent-bracelet-silver: 429 Client Error: Too Many Requests for url: https://uk.representclo.com/products/beaded-represent-bracelet-silver
2026-09-19 08:33:25,517 [ERROR] Failed to fetch product page https://uk.representclo.com/products/belt-black-leather: 429 Client Error: Too Many Requests for url: https://uk.representclo.com/products/belt-black-leather
2026-09-19 08:33:26,095 [ERROR] Failed to fetch product page https://uk.representclo.com/products/british-cowboys-hoodie-dusty-brown: 429 Client Error: Too Many Requests for url: https://uk.representclo.com/products/british-cowboys-hoodie-dusty-brown
2026-09-19 08:33:26,673 [ERROR] Failed to fetch product page https://uk.representclo.com/products/british-cowboys-hoodie-stained-black: 429 Client Error: Too Many Requests for url: https://uk.representclo.com/products/british-cowboys-hoodie-stained-black
2026-09-19 08:33:27,239 [ERROR] Failed to fetch product page https://uk.representclo.com/products/british-cowboys-t-shirt-dusty-brown: 429 Client Error: Too Many Requests for url: https://uk.representclo.com/products/british-cowboys-t-shirt-dusty-brown
2026-09-19 08:33:27,814 [ERROR] Failed to fetch product page https://uk.representclo.com/products/british-cowboys-t-shirt-stained-black: 429 Client Error: Too Many Requests for url: https://uk.representclo.com/products/british-cowboys-t-shirt-stained-black
2026-09-19 08:33:28,381 [ERROR] Failed to fetch product page https://uk.representclo.com/products/british-cowboys-t-shirt-washed-ecru: 429 Client Error: Too Many Requests for url: https://uk.representclo.com/products/british-cowboys-t-shirt-washed-ecru
2026-09-19 08:33:28,964 [ERROR] Failed to fetch product page https://uk.representclo.com/products/busy-doing-nothing-t-shirt-flat-white: 429 Client Error: Too Many Requests for url: https://uk.representclo.com/products/busy-doing-nothing-t-shirt-flat-white
2026-09-19 08:33:29,530 [ERROR] Failed to fetch product page https://uk.representclo.com/products/calfornia-striped-t-shirt-jet-black-grey-marl: 429 Client Error: Too Many Requests for url: https://uk.representclo.com/products/calfornia-striped-t-shirt-jet-black-grey-marl
2026-09-19 08:33:30,105 [ERROR] Failed to fetch product page https://uk.representclo.com/products/california-striped-henley-sweater-jet-black-grey-marl: 429 Client Error: Too Many Requests for url: https://uk.representclo.com/products/california-striped-henley-sweater-jet-black-grey-marl
2026-09-19 08:33:30,677 [ERROR] Failed to fetch product page https://uk.representclo.com/products/california-striped-knitted-polo-jet-black: 429 Client Error: Too Many Requests for url: https://uk.representclo.com/products/california-striped-knitted-polo-jet-black
2026-09-19 08:33:31,248 [ERROR] Failed to fetch product page https://uk.representclo.com/products/california-sunglasses-tortoise: 429 Client Error: Too Many Requests for url: https://uk.representclo.com/products/california-sunglasses-tortoise
2026-09-19 08:33:31,818 [ERROR] Failed to fetch product page https://uk.representclo.com/products/canvas-alpha-wrap-black: 429 Client Error: Too Many Requests for url: https://uk.representclo.com/products/canvas-alpha-wrap-black
2026-09-19 08:33:32,395 [ERROR] Failed to fetch product page https://uk.representclo.com/products/canvas-alpha-wrap-vintage-white: 429 Client Error: Too Many Requests for url: https://uk.representclo.com/products/canvas-alpha-wrap-vintage-white
2026-09-19 08:33:32,962 [ERROR] Failed to fetch product page https://uk.representclo.com/products/canvas-holdall-antique-white: 429 Client Error: Too Many Requests for url: https://uk.representclo.com/products/canvas-holdall-antique-white
2026-09-19 08:33:33,562 [ERROR] Failed to fetch product page https://uk.representclo.com/products/canvas-tote-bag-antique-white: 429 Client Error: Too Many Requests for url: https://uk.representclo.com/products/canvas-tote-bag-antique-white
2026-09-19 08:33:34,127 [ERROR] Failed to fetch product page https://uk.representclo.com/products/cargo-pant-riot-camo: 429 Client Error: Too Many Requests for url: https://uk.representclo.com/products/cargo-pant-riot-camo
2026-09-19 08:33:34,697 [ERROR] Failed to fetch product page https://uk.representclo.com/products/cargo-pant-vintage-brown: 429 Client Error: Too Many Requests for url: https://uk.representclo.com/products/cargo-pant-vintage-brown
2026-09-19 08:33:35,273 [ERROR] Failed to fetch product page https://uk.representclo.com/products/chrome-flight-hoodie-stained-black: 429 Client Error: Too Many Requests for url: https://uk.representclo.com/products/chrome-flight-hoodie-stained-black
2026-09-19 08:33:35,844 [ERROR] Failed to fetch product page https://uk.representclo.com/products/classic-parts-t-shirt-aged-black: 429 Client Error: Too Many Requests for url: https://uk.representclo.com/products/classic-parts-t-shirt-aged-black
2026-09-19 08:33:36,417 [ERROR] Failed to fetch product page https://uk.representclo.com/products/classic-parts-t-shirt-flat-white: 429 Client Error: Too Many Requests for url: https://uk.representclo.com/products/classic-parts-t-shirt-flat-white
2026-09-19 08:33:36,984 [ERROR] Failed to fetch product page https://uk.representclo.com/products/cowhide-belt-loop-flat-white-jet-black: 429 Client Error: Too Many Requests for url: https://uk.representclo.com/products/cowhide-belt-loop-flat-white-jet-black
2026-09-19 08:33:37,551 [ERROR] Failed to fetch product page https://uk.representclo.com/products/cowhide-card-holder-flat-white-jet-black: 429 Client Error: Too Many Requests for url: https://uk.representclo.com/products/cowhide-card-holder-flat-white-jet-black
2026-09-19 08:33:38,124 [ERROR] Failed to fetch product page https://uk.representclo.com/products/cowhide-print-cap-flat-white-jet-black: 429 Client Error: Too Many Requests for url: https://uk.representclo.com/products/cowhide-print-cap-flat-white-jet-black
2026-09-19 08:33:38,694 [ERROR] Failed to fetch product page https://uk.representclo.com/products/cowhide-rodeo-belt-flat-white-jet-black: 429 Client Error: Too Many Requests for url: https://uk.representclo.com/products/cowhide-rodeo-belt-flat-white-jet-black
2026-09-19 08:33:39,287 [ERROR] Failed to fetch product page https://uk.representclo.com/products/cowhide-watch-strap-flat-white-jet-black: 429 Client Error: Too Many Requests for url: https://uk.representclo.com/products/cowhide-watch-strap-flat-white-jet-black
2026-09-19 08:33:39,854 [ERROR] Failed to fetch product page https://uk.representclo.com/products/crest-t-shirt-vintage-black: 429 Client Error: Too Many Requests for url: https://uk.representclo.com/products/crest-t-shirt-vintage-black
2026-09-19 08:33:40,423 [ERROR] Failed to fetch product page https://uk.representclo.com/products/cruz-short-jet-black: 429 Client Error: Too Many Requests for url: https://uk.representclo.com/products/cruz-short-jet-black
2026-09-19 08:33:41,046 [ERROR] Failed to fetch product page https://uk.representclo.com/products/dallas-cowboys-x-represent-hoodie-cream-marl: 429 Client Error: Too Many Requests for url: https://uk.representclo.com/products/dallas-cowboys-x-represent-hoodie-cream-marl
2026-09-19 08:33:41,620 [ERROR] Failed to fetch product page https://uk.representclo.com/products/dallas-cowboys-x-represent-t-shirt-washed-ecru: 429 Client Error: Too Many Requests for url: https://uk.representclo.com/products/dallas-cowboys-x-represent-t-shirt-washed-ecru
2026-09-19 08:33:42,192 [ERROR] Failed to fetch product page https://uk.representclo.com/products/dallas-cowboys-x-represent-x-47-cap-antique-white: 429 Client Error: Too Many Requests for url: https://uk.representclo.com/products/dallas-cowboys-x-represent-x-47-cap-antique-white
2026-09-19 08:33:42,761 [ERROR] Failed to fetch product page https://uk.representclo.com/products/decade-of-speed-t-shirt-cream: 429 Client Error: Too Many Requests for url: https://uk.representclo.com/products/decade-of-speed-t-shirt-cream
2026-09-19 08:33:43,326 [ERROR] Failed to fetch product page https://uk.representclo.com/products/destructive-appetite-t-shirt-vintage-grey: 429 Client Error: Too Many Requests for url: https://uk.representclo.com/products/destructive-appetite-t-shirt-vintage-grey
2026-09-19 08:33:43,895 [ERROR] Failed to fetch product page https://uk.representclo.com/products/distress-knit-sweater-taupe: 429 Client Error: Too Many Requests for url: https://uk.representclo.com/products/distress-knit-sweater-taupe
2026-09-19 08:33:44,463 [ERROR] Failed to fetch product page https://uk.representclo.com/products/distress-knit-sweater-washed-pink: 429 Client Error: Too Many Requests for url: https://uk.representclo.com/products/distress-knit-sweater-washed-pink
2026-09-19 08:33:45,041 [ERROR] Failed to fetch product page https://uk.representclo.com/products/doberman-bracelet-silver: 429 Client Error: Too Many Requests for url: https://uk.representclo.com/products/doberman-bracelet-silver
2026-09-19 08:33:45,608 [ERROR] Failed to fetch product page https://uk.representclo.com/products/doberman-initial-key-chain-silver: 429 Client Error: Too Many Requests for url: https://uk.representclo.com/products/doberman-initial-key-chain-silver
2026-09-19 08:33:46,177 [ERROR] Failed to fetch product page https://uk.representclo.com/products/doberman-necklace-silver: 429 Client Error: Too Many Requests for url: https://uk.representclo.com/products/doberman-necklace-silver
2026-09-19 08:33:46,747 [ERROR] Failed to fetch product page https://uk.representclo.com/products/doberman-pendant-necklace-silver: 429 Client Error: Too Many Requests for url: https://uk.representclo.com/products/doberman-pendant-necklace-silver
2026-09-19 08:33:47,317 [ERROR] Failed to fetch product page https://uk.representclo.com/products/doberman-trouser-chain-silver: 429 Client Error: Too Many Requests for url: https://uk.representclo.com/products/doberman-trouser-chain-silver
2026-09-19 08:33:47,937 [ERROR] Failed to fetch product page https://uk.representclo.com/products/double-distilled-t-shirt-off-black: 429 Client Error: Too Many Requests for url: https://uk.representclo.com/products/double-distilled-t-shirt-off-black
2026-09-19 08:33:48,507 [ERROR] Failed to fetch product page https://uk.representclo.com/products/dream-on-tour-t-shirt-sun-fade-grey: 429 Client Error: Too Many Requests for url: https://uk.representclo.com/products/dream-on-tour-t-shirt-sun-fade-grey
2026-09-19 08:33:49,075 [ERROR] Failed to fetch product page https://uk.representclo.com/products/dream-on-tour-t-shirt-washed-ecru: 429 Client Error: Too Many Requests for url: https://uk.representclo.com/products/dream-on-tour-t-shirt-washed-ecru
2026-09-19 08:33:49,644 [ERROR] Failed to fetch product page https://uk.representclo.com/products/dual-layer-script-hoodie-jet-black: 429 Client Error: Too Many Requests for url: https://uk.representclo.com/products/dual-layer-script-hoodie-jet-black
2026-09-19 08:33:50,215 [ERROR] Failed to fetch product page https://uk.representclo.com/products/dual-layer-script-t-shirt-candy: 429 Client Error: Too Many Requests for url: https://uk.representclo.com/products/dual-layer-script-t-shirt-candy
2026-09-19 08:33:50,796 [ERROR] Failed to fetch product page https://uk.representclo.com/products/dual-layer-script-t-shirt-jet-black: 429 Client Error: Too Many Requests for url: https://uk.representclo.com/products/dual-layer-script-t-shirt-jet-black
2026-09-19 08:33:51,363 [ERROR] Failed to fetch product page https://uk.representclo.com/products/eagle-long-sleeve-t-shirt-black: 429 Client Error: Too Many Requests for url: https://uk.representclo.com/products/eagle-long-sleeve-t-shirt-black
2026-09-19 08:33:51,936 [ERROR] Failed to fetch product page https://uk.representclo.com/products/eagle-t-shirt-sand: 429 Client Error: Too Many Requests for url: https://uk.representclo.com/products/eagle-t-shirt-sand
2026-09-19 08:33:52,507 [ERROR] Failed to fetch product page https://uk.representclo.com/products/elegance-in-motion-t-shirt-jet-black: 429 Client Error: Too Many Requests for url: https://uk.representclo.com/products/elegance-in-motion-t-shirt-jet-black
2026-09-19 08:33:53,077 [ERROR] Failed to fetch product page https://uk.representclo.com/products/embellished-represent-t-shirt-stained-black: 429 Client Error: Too Many Requests for url: https://uk.representclo.com/products/embellished-represent-t-shirt-stained-black
2026-09-19 08:33:53,645 [ERROR] Failed to fetch product page https://uk.representclo.com/products/embellished-represent-t-shirt-vintage-khaki: 429 Client Error: Too Many Requests for url: https://uk.representclo.com/products/embellished-represent-t-shirt-vintage-khaki
2026-09-19 08:33:54,226 [ERROR] Failed to fetch product page https://uk.representclo.com/products/enemy-hoodie-washed-black: 429 Client Error: Too Many Requests for url: https://uk.representclo.com/products/enemy-hoodie-washed-black
2026-09-19 08:33:54,801 [ERROR] Failed to fetch product page https://uk.representclo.com/products/enemy-t-shirt-flat-white: 429 Client Error: Too Many Requests for url: https://uk.representclo.com/products/enemy-t-shirt-flat-white
2026-09-19 08:33:55,370 [ERROR] Failed to fetch product page https://uk.representclo.com/products/enemy-t-shirt-washed-black: 429 Client Error: Too Many Requests for url: https://uk.representclo.com/products/enemy-t-shirt-washed-black
2026-09-19 08:33:55,945 [ERROR] Failed to fetch product page https://uk.representclo.com/products/england-beanie-jet-black: 429 Client Error: Too Many Requests for url: https://uk.representclo.com/products/england-beanie-jet-black
2026-09-19 08:33:56,514 [ERROR] Failed to fetch product page https://uk.representclo.com/products/england-hoodie-jet-black: 429 Client Error: Too Many Requests for url: https://uk.representclo.com/products/england-hoodie-jet-black
2026-09-19 08:33:57,081 [ERROR] Failed to fetch product page https://uk.representclo.com/products/england-hoodie-washed-brown: 429 Client Error: Too Many Requests for url: https://uk.representclo.com/products/england-hoodie-washed-brown
2026-09-19 08:33:57,649 [ERROR] Failed to fetch product page https://uk.representclo.com/products/england-legacy-hoodie-vintage-black: 429 Client Error: Too Many Requests for url: https://uk.representclo.com/products/england-legacy-hoodie-vintage-black
2026-09-19 08:33:58,217 [ERROR] Failed to fetch product page https://uk.representclo.com/products/england-long-sleeve-t-shirt-washed-brown: 429 Client Error: Too Many Requests for url: https://uk.representclo.com/products/england-long-sleeve-t-shirt-washed-brown
2026-09-19 08:33:58,793 [ERROR] Failed to fetch product page https://uk.representclo.com/products/england-long-sleeve-t-shirt-washed-white-real-tree-camo: 429 Client Error: Too Many Requests for url: https://uk.representclo.com/products/england-long-sleeve-t-shirt-washed-white-real-tree-camo
2026-09-19 08:33:59,363 [ERROR] Failed to fetch product page https://uk.representclo.com/products/england-t-shirt-flat-white: 429 Client Error: Too Many Requests for url: https://uk.representclo.com/products/england-t-shirt-flat-white
2026-09-19 08:33:59,929 [ERROR] Failed to fetch product page https://uk.representclo.com/products/england-t-shirt-jet-black: 429 Client Error: Too Many Requests for url: https://uk.representclo.com/products/england-t-shirt-jet-black
2026-09-19 08:34:00,537 [ERROR] Failed to fetch product page https://uk.representclo.com/products/england-t-shirt-washed-brown: 429 Client Error: Too Many Requests for url: https://uk.representclo.com/products/england-t-shirt-washed-brown
2026-09-19 08:34:01,106 [ERROR] Failed to fetch product page https://uk.representclo.com/products/fleece-oversized-hoodie-black: 429 Client Error: Too Many Requests for url: https://uk.representclo.com/products/fleece-oversized-hoodie-black
2026-09-19 08:34:01,677 [ERROR] Failed to fetch product page https://uk.representclo.com/products/fw25-represent-owners-club-hoodie-faded-black: 429 Client Error: Too Many Requests for url: https://uk.representclo.com/products/fw25-represent-owners-club-hoodie-faded-black
2026-09-19 08:34:02,261 [ERROR] Failed to fetch product page https://uk.representclo.com/products/fw25-represent-owners-club-hoodie-smoked-rose: 429 Client Error: Too Many Requests for url: https://uk.representclo.com/products/fw25-represent-owners-club-hoodie-smoked-rose
2026-09-19 08:34:02,831 [ERROR] Failed to fetch product page https://uk.representclo.com/products/fw25-represent-owners-club-hoodie-sprayed-ice-grey-marl: 429 Client Error: Too Many Requests for url: https://uk.representclo.com/products/fw25-represent-owners-club-hoodie-sprayed-ice-grey-marl
2026-09-19 08:34:03,426 [ERROR] Failed to fetch product page https://uk.representclo.com/products/fw25-represent-owners-club-socks-buttercream: 429 Client Error: Too Many Requests for url: https://uk.representclo.com/products/fw25-represent-owners-club-socks-buttercream
2026-09-19 08:34:04,007 [ERROR] Failed to fetch product page https://uk.representclo.com/products/fw25-represent-owners-club-socks-faded-black: 429 Client Error: Too Many Requests for url: https://uk.representclo.com/products/fw25-represent-owners-club-socks-faded-black
2026-09-19 08:34:04,579 [ERROR] Failed to fetch product page https://uk.representclo.com/products/fw25-represent-owners-club-socks-grey-marl: 429 Client Error: Too Many Requests for url: https://uk.representclo.com/products/fw25-represent-owners-club-socks-grey-marl
2026-09-19 08:34:05,156 [ERROR] Failed to fetch product page https://uk.representclo.com/products/fw25-represent-owners-club-socks-optic-white: 429 Client Error: Too Many Requests for url: https://uk.representclo.com/products/fw25-represent-owners-club-socks-optic-white
2026-09-19 08:34:05,774 [ERROR] Failed to fetch product page https://uk.representclo.com/products/fw25-represent-owners-club-socks-smoked-rose: 429 Client Error: Too Many Requests for url: https://uk.representclo.com/products/fw25-represent-owners-club-socks-smoked-rose
2026-09-19 08:34:06,348 [ERROR] Failed to fetch product page https://uk.representclo.com/products/fw25-represent-owners-club-t-shirt-buttercream: 429 Client Error: Too Many Requests for url: https://uk.representclo.com/products/fw25-represent-owners-club-t-shirt-buttercream
2026-09-19 08:34:06,918 [ERROR] Failed to fetch product page https://uk.representclo.com/products/fw25-represent-owners-club-t-shirt-faded-black: 429 Client Error: Too Many Requests for url: https://uk.representclo.com/products/fw25-represent-owners-club-t-shirt-faded-black
2026-09-19 08:34:07,486 [ERROR] Failed to fetch product page https://uk.representclo.com/products/fw25-represent-owners-club-t-shirt-flat-white: 429 Client Error: Too Many Requests for url: https://uk.representclo.com/products/fw25-represent-owners-club-t-shirt-flat-white
2026-09-19 08:34:08,052 [ERROR] Failed to fetch product page https://uk.representclo.com/products/fw25-represent-owners-club-tote-bag-buttercream: 429 Client Error: Too Many Requests for url: https://uk.representclo.com/products/fw25-represent-owners-club-tote-bag-buttercream
2026-09-19 08:34:08,639 [ERROR] Failed to fetch product page https://uk.representclo.com/products/gh-knitted-long-sleeve-top-espresso: 429 Client Error: Too Many Requests for url: https://uk.representclo.com/products/gh-knitted-long-sleeve-top-espresso
2026-09-19 08:34:09,208 [ERROR] Failed to fetch product page https://uk.representclo.com/products/gh-knitted-long-sleeve-top-jet-black: 429 Client Error: Too Many Requests for url: https://uk.representclo.com/products/gh-knitted-long-sleeve-top-jet-black
2026-09-19 08:34:09,779 [ERROR] Failed to fetch product page https://uk.representclo.com/products/gh-shrunken-zip-hoodie-jet-black: 429 Client Error: Too Many Requests for url: https://uk.representclo.com/products/gh-shrunken-zip-hoodie-jet-black
2026-09-19 08:34:10,364 [ERROR] Failed to fetch product page https://uk.representclo.com/products/gh-t-shirt-flat-white: 429 Client Error: Too Many Requests for url: https://uk.representclo.com/products/gh-t-shirt-flat-white
2026-09-19 08:34:10,962 [ERROR] Failed to fetch product page https://uk.representclo.com/products/gh-t-shirt-jet-black: 429 Client Error: Too Many Requests for url: https://uk.representclo.com/products/gh-t-shirt-jet-black
2026-09-19 08:34:11,537 [ERROR] Failed to fetch product page https://uk.representclo.com/products/gh-t-shirt-vintage-grey: 429 Client Error: Too Many Requests for url: https://uk.representclo.com/products/gh-t-shirt-vintage-grey
2026-09-19 08:34:12,104 [ERROR] Failed to fetch product page https://uk.representclo.com/products/gift-card: 429 Client Error: Too Many Requests for url: https://uk.representclo.com/products/gift-card
2026-09-19 08:34:12,674 [ERROR] Failed to fetch product page https://uk.representclo.com/products/golden-tour-t-shirt-sun-fade-grey: 429 Client Error: Too Many Requests for url: https://uk.representclo.com/products/golden-tour-t-shirt-sun-fade-grey
2026-09-19 08:34:13,242 [ERROR] Failed to fetch product page https://uk.representclo.com/products/grand-vintage-hand-drawn-t-shirt-aged-white: 429 Client Error: Too Many Requests for url: https://uk.representclo.com/products/grand-vintage-hand-drawn-t-shirt-aged-white
2026-09-19 08:34:13,821 [ERROR] Failed to fetch product page https://uk.representclo.com/products/grand-vintage-hand-drawn-t-shirt-jet-black: 429 Client Error: Too Many Requests for url: https://uk.representclo.com/products/grand-vintage-hand-drawn-t-shirt-jet-black
2026-09-19 08:34:14,386 [ERROR] Failed to fetch product page https://uk.representclo.com/products/hand-drawn-horses-t-shirt-aged-black: 429 Client Error: Too Many Requests for url: https://uk.representclo.com/products/hand-drawn-horses-t-shirt-aged-black
2026-09-19 08:34:14,958 [ERROR] Failed to fetch product page https://uk.representclo.com/products/hand-drawn-horses-t-shirt-flat-white: 429 Client Error: Too Many Requests for url: https://uk.representclo.com/products/hand-drawn-horses-t-shirt-flat-white
2026-09-19 08:34:15,524 [ERROR] Failed to fetch product page https://uk.representclo.com/products/hand-drawn-thoroughbred-hoodie-aged-black: 429 Client Error: Too Many Requests for url: https://uk.representclo.com/products/hand-drawn-thoroughbred-hoodie-aged-black
2026-09-19 08:34:16,092 [ERROR] Failed to fetch product page https://uk.representclo.com/products/hand-drawn-thoroughbred-t-shirt-aged-black: 429 Client Error: Too Many Requests for url: https://uk.representclo.com/products/hand-drawn-thoroughbred-t-shirt-aged-black
2026-09-19 08:34:16,664 [ERROR] Failed to fetch product page https://uk.representclo.com/products/hand-drawn-thoroughbred-t-shirt-flat-white: 429 Client Error: Too Many Requests for url: https://uk.representclo.com/products/hand-drawn-thoroughbred-t-shirt-flat-white
2026-09-19 08:34:17,233 [ERROR] Failed to fetch product page https://uk.representclo.com/products/heaton-denim-jet-black: 429 Client Error: Too Many Requests for url: https://uk.representclo.com/products/heaton-denim-jet-black
2026-09-19 08:34:17,804 [ERROR] Failed to fetch product page https://uk.representclo.com/products/heaton-denim-light-vintage-blue: 429 Client Error: Too Many Requests for url: https://uk.representclo.com/products/heaton-denim-light-vintage-blue
2026-09-19 08:34:18,377 [ERROR] Failed to fetch product page https://uk.representclo.com/products/heaton-jean-authentic-blue: 429 Client Error: Too Many Requests for url: https://uk.representclo.com/products/heaton-jean-authentic-blue
2026-09-19 08:34:18,944 [ERROR] Failed to fetch product page https://uk.representclo.com/products/heaton-jean-diffused-black: 429 Client Error: Too Many Requests for url: https://uk.representclo.com/products/heaton-jean-diffused-black
2026-09-19 08:34:19,522 [ERROR] Failed to fetch product page https://uk.representclo.com/products/heaton-jean-light-vintage-blue: 429 Client Error: Too Many Requests for url: https://uk.representclo.com/products/heaton-jean-light-vintage-blue
2026-09-19 08:34:20,088 [ERROR] Failed to fetch product page https://uk.representclo.com/products/heavier-than-the-heavens-long-sleeve-t-shirt-washed-black: 429 Client Error: Too Many Requests for url: https://uk.representclo.com/products/heavier-than-the-heavens-long-sleeve-t-shirt-washed-black
2026-09-19 08:34:20,653 [ERROR] Failed to fetch product page https://uk.representclo.com/products/heavier-than-the-heavens-t-shirt-antique-white: 429 Client Error: Too Many Requests for url: https://uk.representclo.com/products/heavier-than-the-heavens-t-shirt-antique-white
2026-09-19 08:34:21,225 [ERROR] Failed to fetch product page https://uk.representclo.com/products/heavyweight-henley-sweater-vintage-black: 429 Client Error: Too Many Requests for url: https://uk.representclo.com/products/heavyweight-henley-sweater-vintage-black
2026-09-19 08:34:21,796 [ERROR] Failed to fetch product page https://uk.representclo.com/products/heavyweight-henley-sweater-vintage-falcon: 429 Client Error: Too Many Requests for url: https://uk.representclo.com/products/heavyweight-henley-sweater-vintage-falcon
2026-09-19 08:34:22,370 [ERROR] Failed to fetch product page https://uk.representclo.com/products/heavyweight-hoodie-jet-black: 429 Client Error: Too Many Requests for url: https://uk.representclo.com/products/heavyweight-hoodie-jet-black
2026-09-19 08:34:22,943 [ERROR] Failed to fetch product page https://uk.representclo.com/products/heavyweight-sweater-ash-grey: 429 Client Error: Too Many Requests for url: https://uk.representclo.com/products/heavyweight-sweater-ash-grey
2026-09-19 08:34:23,513 [ERROR] Failed to fetch product page https://uk.representclo.com/products/heavyweight-sweater-ash-grey-fw26: 429 Client Error: Too Many Requests for url: https://uk.representclo.com/products/heavyweight-sweater-ash-grey-fw26
2026-09-19 08:34:24,086 [ERROR] Failed to fetch product page https://uk.representclo.com/products/heavyweight-sweatpant-jet-black-fw26: 429 Client Error: Too Many Requests for url: https://uk.representclo.com/products/heavyweight-sweatpant-jet-black-fw26
2026-09-19 08:34:24,657 [ERROR] Failed to fetch product page https://uk.representclo.com/products/hermes-t-shirt-flat-white: 429 Client Error: Too Many Requests for url: https://uk.representclo.com/products/hermes-t-shirt-flat-white
2026-09-19 08:34:25,234 [ERROR] Failed to fetch product page https://uk.representclo.com/products/htn-canvas-bag-tan: 429 Client Error: Too Many Requests for url: https://uk.representclo.com/products/htn-canvas-bag-tan
2026-09-19 08:34:25,802 [ERROR] Failed to fetch product page https://uk.representclo.com/products/htn-leather-bag-black: 429 Client Error: Too Many Requests for url: https://uk.representclo.com/products/htn-leather-bag-black
2026-09-19 08:34:26,377 [ERROR] Failed to fetch product page https://uk.representclo.com/products/htn-low-black: 429 Client Error: Too Many Requests for url: https://uk.representclo.com/products/htn-low-black
2026-09-19 08:34:26,945 [ERROR] Failed to fetch product page https://uk.representclo.com/products/htn-low-distressed-vintage-white: 429 Client Error: Too Many Requests for url: https://uk.representclo.com/products/htn-low-distressed-vintage-white
2026-09-19 08:34:27,522 [ERROR] Failed to fetch product page https://uk.representclo.com/products/htn-low-flat-white: 429 Client Error: Too Many Requests for url: https://uk.representclo.com/products/htn-low-flat-white
2026-09-19 08:34:28,094 [ERROR] Failed to fetch product page https://uk.representclo.com/products/htn-low-pony-hair-black: 429 Client Error: Too Many Requests for url: https://uk.representclo.com/products/htn-low-pony-hair-black
2026-09-19 08:34:28,664 [ERROR] Failed to fetch product page https://uk.representclo.com/products/htn-low-pony-hair-brown: 429 Client Error: Too Many Requests for url: https://uk.representclo.com/products/htn-low-pony-hair-brown
2026-09-19 08:34:29,234 [ERROR] Failed to fetch product page https://uk.representclo.com/products/htn-low-tumbled-leather-black: 429 Client Error: Too Many Requests for url: https://uk.representclo.com/products/htn-low-tumbled-leather-black
2026-09-19 08:34:29,805 [ERROR] Failed to fetch product page https://uk.representclo.com/products/hudson-tote-dark-brown: 429 Client Error: Too Many Requests for url: https://uk.representclo.com/products/hudson-tote-dark-brown
2026-09-19 08:34:30,378 [ERROR] Failed to fetch product page https://uk.representclo.com/products/icarus-t-shirt-jet-black: 429 Client Error: Too Many Requests for url: https://uk.representclo.com/products/icarus-t-shirt-jet-black
2026-09-19 08:34:30,976 [ERROR] Failed to fetch product page https://uk.representclo.com/products/icarus-t-shirt-sky-blue: 429 Client Error: Too Many Requests for url: https://uk.representclo.com/products/icarus-t-shirt-sky-blue
2026-09-19 08:34:31,545 [ERROR] Failed to fetch product page https://uk.representclo.com/products/icarus-t-shirt-taupe: 429 Client Error: Too Many Requests for url: https://uk.representclo.com/products/icarus-t-shirt-taupe
2026-09-19 08:34:32,118 [ERROR] Failed to fetch product page https://uk.representclo.com/products/initial-belt-cardholder-black: 429 Client Error: Too Many Requests for url: https://uk.representclo.com/products/initial-belt-cardholder-black
2026-09-19 08:34:32,693 [ERROR] Failed to fetch product page https://uk.representclo.com/products/initial-boxy-hoodie-black: 429 Client Error: Too Many Requests for url: https://uk.representclo.com/products/initial-boxy-hoodie-black
2026-09-19 08:34:33,264 [ERROR] Failed to fetch product page https://uk.representclo.com/products/initial-boxy-hoodie-coffee: 429 Client Error: Too Many Requests for url: https://uk.representclo.com/products/initial-boxy-hoodie-coffee
2026-09-19 08:34:33,833 [ERROR] Failed to fetch product page https://uk.representclo.com/products/initial-boxy-hoodie-ice-grey-marl: 429 Client Error: Too Many Requests for url: https://uk.representclo.com/products/initial-boxy-hoodie-ice-grey-marl
2026-09-19 08:34:34,400 [ERROR] Failed to fetch product page https://uk.representclo.com/products/initial-boxy-hoodie-mist: 429 Client Error: Too Many Requests for url: https://uk.representclo.com/products/initial-boxy-hoodie-mist
2026-09-19 08:34:34,967 [ERROR] Failed to fetch product page https://uk.representclo.com/products/initial-boxy-hoodie-vintage-grey-v2: 429 Client Error: Too Many Requests for url: https://uk.representclo.com/products/initial-boxy-hoodie-vintage-grey-v2
2026-09-19 08:34:35,537 [ERROR] Failed to fetch product page https://uk.representclo.com/products/initial-boxy-quarter-zip-ice-grey-marl-v2: 429 Client Error: Too Many Requests for url: https://uk.representclo.com/products/initial-boxy-quarter-zip-ice-grey-marl-v2
2026-09-19 08:34:36,106 [ERROR] Failed to fetch product page https://uk.representclo.com/products/initial-boxy-quarter-zip-jet-black-v2: 429 Client Error: Too Many Requests for url: https://uk.representclo.com/products/initial-boxy-quarter-zip-jet-black-v2
2026-09-19 08:34:36,681 [ERROR] Failed to fetch product page https://uk.representclo.com/products/initial-boxy-sweater-jet-black-v2: 429 Client Error: Too Many Requests for url: https://uk.representclo.com/products/initial-boxy-sweater-jet-black-v2
2026-09-19 08:34:37,259 [ERROR] Failed to fetch product page https://uk.representclo.com/products/initial-boxy-t-shirt-army-green: 429 Client Error: Too Many Requests for url: https://uk.representclo.com/products/initial-boxy-t-shirt-army-green
2026-09-19 08:34:37,842 [ERROR] Failed to fetch product page https://uk.representclo.com/products/initial-boxy-t-shirt-black: 429 Client Error: Too Many Requests for url: https://uk.representclo.com/products/initial-boxy-t-shirt-black
2026-09-19 08:34:38,411 [ERROR] Failed to fetch product page https://uk.representclo.com/products/initial-boxy-t-shirt-canary-yellow: 429 Client Error: Too Many Requests for url: https://uk.representclo.com/products/initial-boxy-t-shirt-canary-yellow
2026-09-19 08:34:38,979 [ERROR] Failed to fetch product page https://uk.representclo.com/products/initial-boxy-t-shirt-coffee: 429 Client Error: Too Many Requests for url: https://uk.representclo.com/products/initial-boxy-t-shirt-coffee
2026-09-19 08:34:39,545 [ERROR] Failed to fetch product page https://uk.representclo.com/products/initial-boxy-t-shirt-dune: 429 Client Error: Too Many Requests for url: https://uk.representclo.com/products/initial-boxy-t-shirt-dune
2026-09-19 08:34:40,121 [ERROR] Failed to fetch product page https://uk.representclo.com/products/initial-boxy-t-shirt-flat-white: 429 Client Error: Too Many Requests for url: https://uk.representclo.com/products/initial-boxy-t-shirt-flat-white
2026-09-19 08:34:40,688 [ERROR] Failed to fetch product page https://uk.representclo.com/products/initial-boxy-t-shirt-ice-grey-marl: 429 Client Error: Too Many Requests for url: https://uk.representclo.com/products/initial-boxy-t-shirt-ice-grey-marl
2026-09-19 08:34:41,258 [ERROR] Failed to fetch product page https://uk.representclo.com/products/initial-boxy-t-shirt-vintage-grey: 429 Client Error: Too Many Requests for url: https://uk.representclo.com/products/initial-boxy-t-shirt-vintage-grey
2026-09-19 08:34:41,829 [ERROR] Failed to fetch product page https://uk.representclo.com/products/initial-boxy-tank-flat-white: 429 Client Error: Too Many Requests for url: https://uk.representclo.com/products/initial-boxy-tank-flat-white
2026-09-19 08:34:42,399 [ERROR] Failed to fetch product page https://uk.representclo.com/products/initial-boxy-tank-flat-white-ss26: 429 Client Error: Too Many Requests for url: https://uk.representclo.com/products/initial-boxy-tank-flat-white-ss26
2026-09-19 08:34:42,976 [ERROR] Failed to fetch product page https://uk.representclo.com/products/initial-boxy-tank-ice-grey-marl: 429 Client Error: Too Many Requests for url: https://uk.representclo.com/products/initial-boxy-tank-ice-grey-marl
2026-09-19 08:34:43,543 [ERROR] Failed to fetch product page https://uk.representclo.com/products/initial-boxy-tank-mist: 429 Client Error: Too Many Requests for url: https://uk.representclo.com/products/initial-boxy-tank-mist
2026-09-19 08:34:44,110 [ERROR] Failed to fetch product page https://uk.representclo.com/products/initial-boxy-zip-through-hoodie-coffee: 429 Client Error: Too Many Requests for url: https://uk.representclo.com/products/initial-boxy-zip-through-hoodie-coffee
2026-09-19 08:34:44,683 [ERROR] Failed to fetch product page https://uk.representclo.com/products/initial-boxy-zip-through-hoodie-jet-black-v2: 429 Client Error: Too Many Requests for url: https://uk.representclo.com/products/initial-boxy-zip-through-hoodie-jet-black-v2
2026-09-19 08:34:45,253 [ERROR] Failed to fetch product page https://uk.representclo.com/products/initial-bucket-hat-jet-black: 429 Client Error: Too Many Requests for url: https://uk.representclo.com/products/initial-bucket-hat-jet-black
2026-09-19 08:34:45,820 [ERROR] Failed to fetch product page https://uk.representclo.com/products/initial-cap-midnight-navy: 429 Client Error: Too Many Requests for url: https://uk.representclo.com/products/initial-cap-midnight-navy
2026-09-19 08:34:46,390 [ERROR] Failed to fetch product page https://uk.representclo.com/products/initial-cap-mist: 429 Client Error: Too Many Requests for url: https://uk.representclo.com/products/initial-cap-mist
2026-09-19 08:34:46,962 [ERROR] Failed to fetch product page https://uk.representclo.com/products/initial-chain-ring-silver: 429 Client Error: Too Many Requests for url: https://uk.representclo.com/products/initial-chain-ring-silver
2026-09-19 08:34:47,539 [ERROR] Failed to fetch product page https://uk.representclo.com/products/initial-crossbody-bag-jet-black: 429 Client Error: Too Many Requests for url: https://uk.representclo.com/products/initial-crossbody-bag-jet-black
2026-09-19 08:34:48,119 [ERROR] Failed to fetch product page https://uk.representclo.com/products/initial-henley-waffle-long-sleeve-t-shirt-flat-white: 429 Client Error: Too Many Requests for url: https://uk.representclo.com/products/initial-henley-waffle-long-sleeve-t-shirt-flat-white
2026-09-19 08:34:48,693 [ERROR] Failed to fetch product page https://uk.representclo.com/products/initial-henley-waffle-long-sleeve-t-shirt-ice-grey-marl: 429 Client Error: Too Many Requests for url: https://uk.representclo.com/products/initial-henley-waffle-long-sleeve-t-shirt-ice-grey-marl
2026-09-19 08:34:49,262 [ERROR] Failed to fetch product page https://uk.representclo.com/products/initial-henley-waffle-long-sleeve-t-shirt-jet-black: 429 Client Error: Too Many Requests for url: https://uk.representclo.com/products/initial-henley-waffle-long-sleeve-t-shirt-jet-black
2026-09-19 08:34:49,830 [ERROR] Failed to fetch product page https://uk.representclo.com/products/initial-henley-waffle-long-sleeve-t-shirt-midnight-navy: 429 Client Error: Too Many Requests for url: https://uk.representclo.com/products/initial-henley-waffle-long-sleeve-t-shirt-midnight-navy
2026-09-19 08:34:50,400 [ERROR] Failed to fetch product page https://uk.representclo.com/products/initial-long-sleeve-open-cuff-t-shirt-dune: 429 Client Error: Too Many Requests for url: https://uk.representclo.com/products/initial-long-sleeve-open-cuff-t-shirt-dune
2026-09-19 08:34:50,968 [ERROR] Failed to fetch product page https://uk.representclo.com/products/initial-long-sleeve-t-shirt-black: 429 Client Error: Too Many Requests for url: https://uk.representclo.com/products/initial-long-sleeve-t-shirt-black
2026-09-19 08:34:51,535 [ERROR] Failed to fetch product page https://uk.representclo.com/products/initial-long-sleeve-t-shirt-flat-white: 429 Client Error: Too Many Requests for url: https://uk.representclo.com/products/initial-long-sleeve-t-shirt-flat-white
2026-09-19 08:34:52,104 [ERROR] Failed to fetch product page https://uk.representclo.com/products/initial-long-sleeve-t-shirt-ice-grey-marl: 429 Client Error: Too Many Requests for url: https://uk.representclo.com/products/initial-long-sleeve-t-shirt-ice-grey-marl
2026-09-19 08:34:52,673 [ERROR] Failed to fetch product page https://uk.representclo.com/products/initial-mule-black-ss24: 429 Client Error: Too Many Requests for url: https://uk.representclo.com/products/initial-mule-black-ss24
2026-09-19 08:34:53,242 [ERROR] Failed to fetch product page https://uk.representclo.com/products/initial-mule-taupe: 429 Client Error: Too Many Requests for url: https://uk.representclo.com/products/initial-mule-taupe
2026-09-19 08:34:53,815 [ERROR] Failed to fetch product page https://uk.representclo.com/products/initial-nylon-sling-bag-black: 429 Client Error: Too Many Requests for url: https://uk.representclo.com/products/initial-nylon-sling-bag-black
2026-09-19 08:34:54,384 [ERROR] Failed to fetch product page https://uk.representclo.com/products/initial-overdye-realtree-boxy-t-shirt-overdyed-black: 429 Client Error: Too Many Requests for url: https://uk.representclo.com/products/initial-overdye-realtree-boxy-t-shirt-overdyed-black
2026-09-19 08:34:54,954 [ERROR] Failed to fetch product page https://uk.representclo.com/products/initial-overdye-realtree-boxy-zip-through-hoodie-overdyed-black: 429 Client Error: Too Many Requests for url: https://uk.representclo.com/products/initial-overdye-realtree-boxy-zip-through-hoodie-overdyed-black
2026-09-19 08:34:55,527 [ERROR] Failed to fetch product page https://uk.representclo.com/products/initial-overdye-realtree-long-sleeve-t-shirt-overdyed-black: 429 Client Error: Too Many Requests for url: https://uk.representclo.com/products/initial-overdye-realtree-long-sleeve-t-shirt-overdyed-black
2026-09-19 08:34:56,097 [ERROR] Failed to fetch product page https://uk.representclo.com/products/initial-overdye-realtree-oversized-hoodie-overdyed-black: 429 Client Error: Too Many Requests for url: https://uk.representclo.com/products/initial-overdye-realtree-oversized-hoodie-overdyed-black
2026-09-19 08:34:56,689 [ERROR] Failed to fetch product page https://uk.representclo.com/products/initial-overdye-realtree-oversized-t-shirt-overdyed-black: 429 Client Error: Too Many Requests for url: https://uk.representclo.com/products/initial-overdye-realtree-oversized-t-shirt-overdyed-black
2026-09-19 08:34:57,261 [ERROR] Failed to fetch product page https://uk.representclo.com/products/initial-oversized-hoodie-black: 429 Client Error: Too Many Requests for url: https://uk.representclo.com/products/initial-oversized-hoodie-black
2026-09-19 08:34:57,831 [ERROR] Failed to fetch product page https://uk.representclo.com/products/initial-oversized-hoodie-canary-yellow: 429 Client Error: Too Many Requests for url: https://uk.representclo.com/products/initial-oversized-hoodie-canary-yellow
2026-09-19 08:34:58,403 [ERROR] Failed to fetch product page https://uk.representclo.com/products/initial-oversized-hoodie-ice-grey-marl: 429 Client Error: Too Many Requests for url: https://uk.representclo.com/products/initial-oversized-hoodie-ice-grey-marl
2026-09-19 08:34:58,970 [ERROR] Failed to fetch product page https://uk.representclo.com/products/initial-oversized-hoodie-midnight-navy: 429 Client Error: Too Many Requests for url: https://uk.representclo.com/products/initial-oversized-hoodie-midnight-navy
2026-09-19 08:34:59,551 [ERROR] Failed to fetch product page https://uk.representclo.com/products/initial-oversized-t-shirt-army-green: 429 Client Error: Too Many Requests for url: https://uk.representclo.com/products/initial-oversized-t-shirt-army-green
2026-09-19 08:35:00,117 [ERROR] Failed to fetch product page https://uk.representclo.com/products/initial-oversized-t-shirt-black: 429 Client Error: Too Many Requests for url: https://uk.representclo.com/products/initial-oversized-t-shirt-black
2026-09-19 08:35:00,729 [ERROR] Failed to fetch product page https://uk.representclo.com/products/initial-oversized-t-shirt-coffee: 429 Client Error: Too Many Requests for url: https://uk.representclo.com/products/initial-oversized-t-shirt-coffee
2026-09-19 08:35:01,297 [ERROR] Failed to fetch product page https://uk.representclo.com/products/initial-oversized-t-shirt-dune: 429 Client Error: Too Many Requests for url: https://uk.representclo.com/products/initial-oversized-t-shirt-dune
2026-09-19 08:35:01,871 [ERROR] Failed to fetch product page https://uk.representclo.com/products/initial-oversized-t-shirt-flat-white: 429 Client Error: Too Many Requests for url: https://uk.representclo.com/products/initial-oversized-t-shirt-flat-white
2026-09-19 08:35:02,442 [ERROR] Failed to fetch product page https://uk.representclo.com/products/initial-oversized-t-shirt-ice-grey-marl: 429 Client Error: Too Many Requests for url: https://uk.representclo.com/products/initial-oversized-t-shirt-ice-grey-marl
2026-09-19 08:35:03,009 [ERROR] Failed to fetch product page https://uk.representclo.com/products/initial-oversized-t-shirt-midnight-navy: 429 Client Error: Too Many Requests for url: https://uk.representclo.com/products/initial-oversized-t-shirt-midnight-navy
2026-09-19 08:35:03,581 [ERROR] Failed to fetch product page https://uk.representclo.com/products/initial-oversized-t-shirt-mist: 429 Client Error: Too Many Requests for url: https://uk.representclo.com/products/initial-oversized-t-shirt-mist
2026-09-19 08:35:04,149 [ERROR] Failed to fetch product page https://uk.representclo.com/products/initial-oversized-zip-hoodie-black: 429 Client Error: Too Many Requests for url: https://uk.representclo.com/products/initial-oversized-zip-hoodie-black
2026-09-19 08:35:04,715 [ERROR] Failed to fetch product page https://uk.representclo.com/products/initial-rib-vest-black: 429 Client Error: Too Many Requests for url: https://uk.representclo.com/products/initial-rib-vest-black
2026-09-19 08:35:05,332 [ERROR] Failed to fetch product page https://uk.representclo.com/products/initial-rib-vest-flat-white: 429 Client Error: Too Many Requests for url: https://uk.representclo.com/products/initial-rib-vest-flat-white
2026-09-19 08:35:05,901 [ERROR] Failed to fetch product page https://uk.representclo.com/products/initial-rib-vest-ice-grey-marl: 429 Client Error: Too Many Requests for url: https://uk.representclo.com/products/initial-rib-vest-ice-grey-marl
2026-09-19 08:35:06,471 [ERROR] Failed to fetch product page https://uk.representclo.com/products/initial-sheer-rib-long-sleeve-t-shirt-flat-white: 429 Client Error: Too Many Requests for url: https://uk.representclo.com/products/initial-sheer-rib-long-sleeve-t-shirt-flat-white
2026-09-19 08:35:07,040 [ERROR] Failed to fetch product page https://uk.representclo.com/products/initial-sheer-rib-long-sleeve-t-shirt-jet-black: 429 Client Error: Too Many Requests for url: https://uk.representclo.com/products/initial-sheer-rib-long-sleeve-t-shirt-jet-black
2026-09-19 08:35:07,611 [ERROR] Failed to fetch product page https://uk.representclo.com/products/initial-sneaker-leather-flat-white: 429 Client Error: Too Many Requests for url: https://uk.representclo.com/products/initial-sneaker-leather-flat-white
2026-09-19 08:35:08,184 [ERROR] Failed to fetch product page https://uk.representclo.com/products/initial-sneaker-suede-dark-taupe: 429 Client Error: Too Many Requests for url: https://uk.representclo.com/products/initial-sneaker-suede-dark-taupe
2026-09-19 08:35:08,752 [ERROR] Failed to fetch product page https://uk.representclo.com/products/initial-socks-black: 429 Client Error: Too Many Requests for url: https://uk.representclo.com/products/initial-socks-black
2026-09-19 08:35:09,321 [ERROR] Failed to fetch product page https://uk.representclo.com/products/initial-star-t-shirt-flat-white: 429 Client Error: Too Many Requests for url: https://uk.representclo.com/products/initial-star-t-shirt-flat-white
2026-09-19 08:35:09,890 [ERROR] Failed to fetch product page https://uk.representclo.com/products/initial-stripe-cap-antique-white: 429 Client Error: Too Many Requests for url: https://uk.representclo.com/products/initial-stripe-cap-antique-white
2026-09-19 08:35:10,458 [ERROR] Failed to fetch product page https://uk.representclo.com/products/initial-stripe-cap-jet-black: 429 Client Error: Too Many Requests for url: https://uk.representclo.com/products/initial-stripe-cap-jet-black
2026-09-19 08:35:11,030 [ERROR] Failed to fetch product page https://uk.representclo.com/products/initial-sweatpant-black: 429 Client Error: Too Many Requests for url: https://uk.representclo.com/products/initial-sweatpant-black
2026-09-19 08:35:11,601 [ERROR] Failed to fetch product page https://uk.representclo.com/products/initial-sweatpant-ice-grey-marl: 429 Client Error: Too Many Requests for url: https://uk.representclo.com/products/initial-sweatpant-ice-grey-marl
2026-09-19 08:35:12,168 [ERROR] Failed to fetch product page https://uk.representclo.com/products/initial-sweatpant-midnight-navy: 429 Client Error: Too Many Requests for url: https://uk.representclo.com/products/initial-sweatpant-midnight-navy
2026-09-19 08:35:12,741 [ERROR] Failed to fetch product page https://uk.representclo.com/products/initial-sweatpants-coffee: 429 Client Error: Too Many Requests for url: https://uk.representclo.com/products/initial-sweatpants-coffee
2026-09-19 08:35:13,346 [ERROR] Failed to fetch product page https://uk.representclo.com/products/initial-sweatshorts-ice-grey-marl-v2: 429 Client Error: Too Many Requests for url: https://uk.representclo.com/products/initial-sweatshorts-ice-grey-marl-v2
2026-09-19 08:35:13,914 [ERROR] Failed to fetch product page https://uk.representclo.com/products/initial-sweatshorts-jet-black-v2: 429 Client Error: Too Many Requests for url: https://uk.representclo.com/products/initial-sweatshorts-jet-black-v2
2026-09-19 08:35:14,483 [ERROR] Failed to fetch product page https://uk.representclo.com/products/initial-t-shirt-dune: 429 Client Error: Too Many Requests for url: https://uk.representclo.com/products/initial-t-shirt-dune
2026-09-19 08:35:15,058 [ERROR] Failed to fetch product page https://uk.representclo.com/products/initial-t-shirt-flat-white: 429 Client Error: Too Many Requests for url: https://uk.representclo.com/products/initial-t-shirt-flat-white
2026-09-19 08:35:15,625 [ERROR] Failed to fetch product page https://uk.representclo.com/products/initial-t-shirt-ice-grey-marl: 429 Client Error: Too Many Requests for url: https://uk.representclo.com/products/initial-t-shirt-ice-grey-marl
2026-09-19 08:35:16,194 [ERROR] Failed to fetch product page https://uk.representclo.com/products/initial-t-shirt-vintage-grey: 429 Client Error: Too Many Requests for url: https://uk.representclo.com/products/initial-t-shirt-vintage-grey
2026-09-19 08:35:16,761 [ERROR] Failed to fetch product page https://uk.representclo.com/products/initial-tape-pant-jet-black: 429 Client Error: Too Many Requests for url: https://uk.representclo.com/products/initial-tape-pant-jet-black
2026-09-19 08:35:17,333 [ERROR] Failed to fetch product page https://uk.representclo.com/products/initial-waffle-shorts-jet-black: 429 Client Error: Too Many Requests for url: https://uk.representclo.com/products/initial-waffle-shorts-jet-black
2026-09-19 08:35:17,901 [ERROR] Failed to fetch product page https://uk.representclo.com/products/initial-wide-leg-cuffed-sweatpant-jet-black: 429 Client Error: Too Many Requests for url: https://uk.representclo.com/products/initial-wide-leg-cuffed-sweatpant-jet-black
2026-09-19 08:35:18,467 [ERROR] Failed to fetch product page https://uk.representclo.com/products/initial-wide-leg-sweatpants-ice-grey-marl-v2: 429 Client Error: Too Many Requests for url: https://uk.representclo.com/products/initial-wide-leg-sweatpants-ice-grey-marl-v2
2026-09-19 08:35:19,104 [ERROR] Failed to fetch product page https://uk.representclo.com/products/initial-wide-leg-sweatpants-jet-black-v2: 429 Client Error: Too Many Requests for url: https://uk.representclo.com/products/initial-wide-leg-sweatpants-jet-black-v2
2026-09-19 08:35:19,671 [ERROR] Failed to fetch product page https://uk.representclo.com/products/initial-wide-leg-sweatpants-vintage-grey-v2: 429 Client Error: Too Many Requests for url: https://uk.representclo.com/products/initial-wide-leg-sweatpants-vintage-grey-v2
2026-09-19 08:35:20,237 [ERROR] Failed to fetch product page https://uk.representclo.com/products/intial-chain-bracelet-silver: 429 Client Error: Too Many Requests for url: https://uk.representclo.com/products/intial-chain-bracelet-silver
2026-09-19 08:35:20,813 [ERROR] Failed to fetch product page https://uk.representclo.com/products/intial-sneaker-nubuck-beige: 429 Client Error: Too Many Requests for url: https://uk.representclo.com/products/intial-sneaker-nubuck-beige
2026-09-19 08:35:21,384 [ERROR] Failed to fetch product page https://uk.representclo.com/products/leather-tote-bag-cowhide: 429 Client Error: Too Many Requests for url: https://uk.representclo.com/products/leather-tote-bag-cowhide
2026-09-19 08:35:21,953 [ERROR] Failed to fetch product page https://uk.representclo.com/products/leather-tote-bag-textured-black: 429 Client Error: Too Many Requests for url: https://uk.representclo.com/products/leather-tote-bag-textured-black
2026-09-19 08:35:22,524 [ERROR] Failed to fetch product page https://uk.representclo.com/products/legacy-cherubs-hoodie-jet-black: 429 Client Error: Too Many Requests for url: https://uk.representclo.com/products/legacy-cherubs-hoodie-jet-black
2026-09-19 08:35:23,094 [ERROR] Failed to fetch product page https://uk.representclo.com/products/legacy-crest-cap-antique-white: 429 Client Error: Too Many Requests for url: https://uk.representclo.com/products/legacy-crest-cap-antique-white
2026-09-19 08:35:23,665 [ERROR] Failed to fetch product page https://uk.representclo.com/products/legacy-crest-cap-black: 429 Client Error: Too Many Requests for url: https://uk.representclo.com/products/legacy-crest-cap-black
2026-09-19 08:35:24,234 [ERROR] Failed to fetch product page https://uk.representclo.com/products/legacy-crest-long-sleeve-t-shirt-stained-black: 429 Client Error: Too Many Requests for url: https://uk.representclo.com/products/legacy-crest-long-sleeve-t-shirt-stained-black
2026-09-19 08:35:24,842 [ERROR] Failed to fetch product page https://uk.representclo.com/products/legacy-crest-t-shirt-stained-black: 429 Client Error: Too Many Requests for url: https://uk.representclo.com/products/legacy-crest-t-shirt-stained-black
2026-09-19 08:35:25,437 [ERROR] Failed to fetch product page https://uk.representclo.com/products/loaded-with-love-hoodie-stained-black: 429 Client Error: Too Many Requests for url: https://uk.representclo.com/products/loaded-with-love-hoodie-stained-black
2026-09-19 08:35:26,003 [ERROR] Failed to fetch product page https://uk.representclo.com/products/loaded-with-love-hoodie-withered-rose: 429 Client Error: Too Many Requests for url: https://uk.representclo.com/products/loaded-with-love-hoodie-withered-rose
2026-09-19 08:35:26,578 [ERROR] Failed to fetch product page https://uk.representclo.com/products/loaded-with-love-t-shirt-buttercream: 429 Client Error: Too Many Requests for url: https://uk.representclo.com/products/loaded-with-love-t-shirt-buttercream
2026-09-19 08:35:27,147 [ERROR] Failed to fetch product page https://uk.representclo.com/products/loaded-with-love-t-shirt-stained-black: 429 Client Error: Too Many Requests for url: https://uk.representclo.com/products/loaded-with-love-t-shirt-stained-black
2026-09-19 08:35:27,723 [ERROR] Failed to fetch product page https://uk.representclo.com/products/logo-quilted-shirt-black: 429 Client Error: Too Many Requests for url: https://uk.representclo.com/products/logo-quilted-shirt-black
2026-09-19 08:35:28,293 [ERROR] Failed to fetch product page https://uk.representclo.com/products/london-store-hoodie-jet-black: 429 Client Error: Too Many Requests for url: https://uk.representclo.com/products/london-store-hoodie-jet-black
2026-09-19 08:35:28,870 [ERROR] Failed to fetch product page https://uk.representclo.com/products/london-store-t-shirt-flat-white: 429 Client Error: Too Many Requests for url: https://uk.representclo.com/products/london-store-t-shirt-flat-white
2026-09-19 08:35:29,484 [ERROR] Failed to fetch product page https://uk.representclo.com/products/london-store-t-shirt-jet-black: 429 Client Error: Too Many Requests for url: https://uk.representclo.com/products/london-store-t-shirt-jet-black
2026-09-19 08:35:30,051 [ERROR] Failed to fetch product page https://uk.representclo.com/products/long-sleeve-slub-knit-t-shirt-flat-white: 429 Client Error: Too Many Requests for url: https://uk.representclo.com/products/long-sleeve-slub-knit-t-shirt-flat-white
2026-09-19 08:35:30,624 [ERROR] Failed to fetch product page https://uk.representclo.com/products/los-angeles-dodgers-x-represent-47-cap-dust-blue: 429 Client Error: Too Many Requests for url: https://uk.representclo.com/products/los-angeles-dodgers-x-represent-47-cap-dust-blue
2026-09-19 08:35:31,189 [ERROR] Failed to fetch product page https://uk.representclo.com/products/los-angeles-dodgers-x-represent-sweater-sprayed-mist: 429 Client Error: Too Many Requests for url: https://uk.representclo.com/products/los-angeles-dodgers-x-represent-sweater-sprayed-mist
2026-09-19 08:35:31,758 [ERROR] Failed to fetch product page https://uk.representclo.com/products/los-angeles-dodgers-x-represent-t-shirt-stained-black: 429 Client Error: Too Many Requests for url: https://uk.representclo.com/products/los-angeles-dodgers-x-represent-t-shirt-stained-black
2026-09-19 08:35:32,333 [ERROR] Failed to fetch product page https://uk.representclo.com/products/los-angeles-rams-x-represent-hoodie-stained-black: 429 Client Error: Too Many Requests for url: https://uk.representclo.com/products/los-angeles-rams-x-represent-hoodie-stained-black
2026-09-19 08:35:32,906 [ERROR] Failed to fetch product page https://uk.representclo.com/products/los-angeles-rams-x-represent-t-shirt-stained-black: 429 Client Error: Too Many Requests for url: https://uk.representclo.com/products/los-angeles-rams-x-represent-t-shirt-stained-black
2026-09-19 08:35:33,479 [ERROR] Failed to fetch product page https://uk.representclo.com/products/los-angeles-rams-x-represent-x-47-cap-washed-aged-black: 429 Client Error: Too Many Requests for url: https://uk.representclo.com/products/los-angeles-rams-x-represent-x-47-cap-washed-aged-black
2026-09-19 08:35:34,059 [ERROR] Failed to fetch product page https://uk.representclo.com/products/los-angeles-x-represent-47-cap-vintage-green: 429 Client Error: Too Many Requests for url: https://uk.representclo.com/products/los-angeles-x-represent-47-cap-vintage-green
2026-09-19 08:35:34,629 [ERROR] Failed to fetch product page https://uk.representclo.com/products/low-pro-leather-jet-black: 429 Client Error: Too Many Requests for url: https://uk.representclo.com/products/low-pro-leather-jet-black
2026-09-19 08:35:35,197 [ERROR] Failed to fetch product page https://uk.representclo.com/products/lowercase-logo-long-sleeve-t-shirt-flat-white: 429 Client Error: Too Many Requests for url: https://uk.representclo.com/products/lowercase-logo-long-sleeve-t-shirt-flat-white
2026-09-19 08:35:35,766 [ERROR] Failed to fetch product page https://uk.representclo.com/products/lowercase-logo-t-shirt-flat-white: 429 Client Error: Too Many Requests for url: https://uk.representclo.com/products/lowercase-logo-t-shirt-flat-white
2026-09-19 08:35:36,348 [ERROR] Failed to fetch product page https://uk.representclo.com/products/manchester-store-hoodie-black: 429 Client Error: Too Many Requests for url: https://uk.representclo.com/products/manchester-store-hoodie-black
2026-09-19 08:35:36,922 [ERROR] Failed to fetch product page https://uk.representclo.com/products/manchester-store-hoodie-flat-white: 429 Client Error: Too Many Requests for url: https://uk.representclo.com/products/manchester-store-hoodie-flat-white
2026-09-19 08:35:37,489 [ERROR] Failed to fetch product page https://uk.representclo.com/products/manchester-store-t-shirt-black: 429 Client Error: Too Many Requests for url: https://uk.representclo.com/products/manchester-store-t-shirt-black
2026-09-19 08:35:38,061 [ERROR] Failed to fetch product page https://uk.representclo.com/products/manchester-store-t-shirt-flat-white: 429 Client Error: Too Many Requests for url: https://uk.representclo.com/products/manchester-store-t-shirt-flat-white
2026-09-19 08:35:38,638 [ERROR] Failed to fetch product page https://uk.representclo.com/products/marker-logo-t-shirt-sunfade: 429 Client Error: Too Many Requests for url: https://uk.representclo.com/products/marker-logo-t-shirt-sunfade
2026-09-19 08:35:39,206 [ERROR] Failed to fetch product page https://uk.representclo.com/products/mesh-pegasus-long-sleeve-t-shirt-flat-white: 429 Client Error: Too Many Requests for url: https://uk.representclo.com/products/mesh-pegasus-long-sleeve-t-shirt-flat-white
2026-09-19 08:35:39,778 [ERROR] Failed to fetch product page https://uk.representclo.com/products/mesh-pegasus-long-sleeve-t-shirt-jet-black: 429 Client Error: Too Many Requests for url: https://uk.representclo.com/products/mesh-pegasus-long-sleeve-t-shirt-jet-black
2026-09-19 08:35:40,352 [ERROR] Failed to fetch product page https://uk.representclo.com/products/mh-shrunken-zip-hoodie-vintage-navy: 429 Client Error: Too Many Requests for url: https://uk.representclo.com/products/mh-shrunken-zip-hoodie-vintage-navy
2026-09-19 08:35:40,928 [ERROR] Failed to fetch product page https://uk.representclo.com/products/mh-t-shirt-flat-white: 429 Client Error: Too Many Requests for url: https://uk.representclo.com/products/mh-t-shirt-flat-white
2026-09-19 08:35:41,495 [ERROR] Failed to fetch product page https://uk.representclo.com/products/mh-t-shirt-jet-black: 429 Client Error: Too Many Requests for url: https://uk.representclo.com/products/mh-t-shirt-jet-black
2026-09-19 08:35:42,062 [ERROR] Failed to fetch product page https://uk.representclo.com/products/mh-t-shirt-v2-ash-white: 429 Client Error: Too Many Requests for url: https://uk.representclo.com/products/mh-t-shirt-v2-ash-white
2026-09-19 08:35:42,630 [ERROR] Failed to fetch product page https://uk.representclo.com/products/micro-owners-club-cap-jet-black: 429 Client Error: Too Many Requests for url: https://uk.representclo.com/products/micro-owners-club-cap-jet-black
2026-09-19 08:35:43,196 [ERROR] Failed to fetch product page https://uk.representclo.com/products/micro-owners-club-card-holder-jet-black: 429 Client Error: Too Many Requests for url: https://uk.representclo.com/products/micro-owners-club-card-holder-jet-black
2026-09-19 08:35:43,762 [ERROR] Failed to fetch product page https://uk.representclo.com/products/micro-owners-club-hoodie-cream-marl-v2: 429 Client Error: Too Many Requests for url: https://uk.representclo.com/products/micro-owners-club-hoodie-cream-marl-v2
2026-09-19 08:35:44,329 [ERROR] Failed to fetch product page https://uk.representclo.com/products/micro-owners-club-hoodie-jet-black-v2: 429 Client Error: Too Many Requests for url: https://uk.representclo.com/products/micro-owners-club-hoodie-jet-black-v2
2026-09-19 08:35:44,901 [ERROR] Failed to fetch product page https://uk.representclo.com/products/micro-owners-club-hoodie-pink: 429 Client Error: Too Many Requests for url: https://uk.representclo.com/products/micro-owners-club-hoodie-pink
2026-09-19 08:35:45,473 [ERROR] Failed to fetch product page https://uk.representclo.com/products/micro-owners-club-nylon-cap-jet-black: 429 Client Error: Too Many Requests for url: https://uk.representclo.com/products/micro-owners-club-nylon-cap-jet-black
2026-09-19 08:35:46,046 [ERROR] Failed to fetch product page https://uk.representclo.com/products/micro-owners-club-shorts-black: 429 Client Error: Too Many Requests for url: https://uk.representclo.com/products/micro-owners-club-shorts-black
2026-09-19 08:35:46,621 [ERROR] Failed to fetch product page https://uk.representclo.com/products/micro-owners-club-sweatpant-cream-marl-v2: 429 Client Error: Too Many Requests for url: https://uk.representclo.com/products/micro-owners-club-sweatpant-cream-marl-v2
2026-09-19 08:35:47,267 [ERROR] Failed to fetch product page https://uk.representclo.com/products/micro-owners-club-sweatpant-jet-black-v2: 429 Client Error: Too Many Requests for url: https://uk.representclo.com/products/micro-owners-club-sweatpant-jet-black-v2
2026-09-19 08:35:47,837 [ERROR] Failed to fetch product page https://uk.representclo.com/products/micro-owners-club-swim-shorts-black: 429 Client Error: Too Many Requests for url: https://uk.representclo.com/products/micro-owners-club-swim-shorts-black
2026-09-19 08:35:48,408 [ERROR] Failed to fetch product page https://uk.representclo.com/products/micro-owners-club-t-shirt-cream-marl: 429 Client Error: Too Many Requests for url: https://uk.representclo.com/products/micro-owners-club-t-shirt-cream-marl
2026-09-19 08:35:48,978 [ERROR] Failed to fetch product page https://uk.representclo.com/products/micro-owners-club-t-shirt-flat-white: 429 Client Error: Too Many Requests for url: https://uk.representclo.com/products/micro-owners-club-t-shirt-flat-white
2026-09-19 08:35:49,548 [ERROR] Failed to fetch product page https://uk.representclo.com/products/micro-owners-club-t-shirt-jet-black: 429 Client Error: Too Many Requests for url: https://uk.representclo.com/products/micro-owners-club-t-shirt-jet-black
2026-09-19 08:35:50,177 [ERROR] Failed to fetch product page https://uk.representclo.com/products/micro-owners-club-t-shirt-pink: 429 Client Error: Too Many Requests for url: https://uk.representclo.com/products/micro-owners-club-t-shirt-pink
2026-09-19 08:35:50,747 [ERROR] Failed to fetch product page https://uk.representclo.com/products/new-york-yankees-x-represent-47-cap-graphite: 429 Client Error: Too Many Requests for url: https://uk.representclo.com/products/new-york-yankees-x-represent-47-cap-graphite
2026-09-19 08:35:51,317 [ERROR] Failed to fetch product page https://uk.representclo.com/products/new-york-yankees-x-represent-47-cap-midnight-navy: 429 Client Error: Too Many Requests for url: https://uk.representclo.com/products/new-york-yankees-x-represent-47-cap-midnight-navy
2026-09-19 08:35:51,892 [ERROR] Failed to fetch product page https://uk.representclo.com/products/new-york-yankees-x-represent-nylon-pullover-faded-black: 429 Client Error: Too Many Requests for url: https://uk.representclo.com/products/new-york-yankees-x-represent-nylon-pullover-faded-black
2026-09-19 08:35:52,463 [ERROR] Failed to fetch product page https://uk.representclo.com/products/new-york-yankees-x-represent-t-shirt-flat-white: 429 Client Error: Too Many Requests for url: https://uk.representclo.com/products/new-york-yankees-x-represent-t-shirt-flat-white
2026-09-19 08:35:53,042 [ERROR] Failed to fetch product page https://uk.representclo.com/products/nfl-shield-x-represent-hoodie-stained-black: 429 Client Error: Too Many Requests for url: https://uk.representclo.com/products/nfl-shield-x-represent-hoodie-stained-black
2026-09-19 08:35:53,616 [ERROR] Failed to fetch product page https://uk.representclo.com/products/nfl-shield-x-represent-x-47-cap-jet-black: 429 Client Error: Too Many Requests for url: https://uk.representclo.com/products/nfl-shield-x-represent-x-47-cap-jet-black
2026-09-19 08:35:54,186 [ERROR] Failed to fetch product page https://uk.representclo.com/products/nothing-faster-applique-patch-x-47-cap-jet-black: 429 Client Error: Too Many Requests for url: https://uk.representclo.com/products/nothing-faster-applique-patch-x-47-cap-jet-black
2026-09-19 08:35:54,753 [ERROR] Failed to fetch product page https://uk.representclo.com/products/nothing-faster-hoodie-indigo: 429 Client Error: Too Many Requests for url: https://uk.representclo.com/products/nothing-faster-hoodie-indigo
2026-09-19 08:35:55,328 [ERROR] Failed to fetch product page https://uk.representclo.com/products/nothing-faster-swim-short-jet-black: 429 Client Error: Too Many Requests for url: https://uk.representclo.com/products/nothing-faster-swim-short-jet-black
2026-09-19 08:35:55,904 [ERROR] Failed to fetch product page https://uk.representclo.com/products/nothing-faster-t-shirt-flat-white: 429 Client Error: Too Many Requests for url: https://uk.representclo.com/products/nothing-faster-t-shirt-flat-white
2026-09-19 08:35:56,481 [ERROR] Failed to fetch product page https://uk.representclo.com/products/nothing-faster-t-shirt-indigo: 429 Client Error: Too Many Requests for url: https://uk.representclo.com/products/nothing-faster-t-shirt-indigo
2026-09-19 08:35:57,049 [ERROR] Failed to fetch product page https://uk.representclo.com/products/nothing-faster-t-shirt-stained-black: 429 Client Error: Too Many Requests for url: https://uk.representclo.com/products/nothing-faster-t-shirt-stained-black
2026-09-19 08:35:57,618 [ERROR] Failed to fetch product page https://uk.representclo.com/products/nylon-backpack-black: 429 Client Error: Too Many Requests for url: https://uk.representclo.com/products/nylon-backpack-black
2026-09-19 08:35:58,187 [ERROR] Failed to fetch product page https://uk.representclo.com/products/nylon-cargo-pant-black: 429 Client Error: Too Many Requests for url: https://uk.representclo.com/products/nylon-cargo-pant-black
2026-09-19 08:35:58,764 [ERROR] Failed to fetch product page https://uk.representclo.com/products/nylon-cargo-short-black: 429 Client Error: Too Many Requests for url: https://uk.representclo.com/products/nylon-cargo-short-black
2026-09-19 08:35:59,341 [ERROR] Failed to fetch product page https://uk.representclo.com/products/nylon-messenger-bag-black: 429 Client Error: Too Many Requests for url: https://uk.representclo.com/products/nylon-messenger-bag-black
2026-09-19 08:35:59,909 [ERROR] Failed to fetch product page https://uk.representclo.com/products/ombre-knit-scarf-light-grey: 429 Client Error: Too Many Requests for url: https://uk.representclo.com/products/ombre-knit-scarf-light-grey
2026-09-19 08:36:00,479 [ERROR] Failed to fetch product page https://uk.representclo.com/products/out-of-the-shadows-hoodie-stained-black: 429 Client Error: Too Many Requests for url: https://uk.representclo.com/products/out-of-the-shadows-hoodie-stained-black
2026-09-19 08:36:01,048 [ERROR] Failed to fetch product page https://uk.representclo.com/products/out-of-the-shadows-t-shirt-flat-white: 429 Client Error: Too Many Requests for url: https://uk.representclo.com/products/out-of-the-shadows-t-shirt-flat-white
2026-09-19 08:36:01,616 [ERROR] Failed to fetch product page https://uk.representclo.com/products/outlander-parka-olive-night: 429 Client Error: Too Many Requests for url: https://uk.representclo.com/products/outlander-parka-olive-night
2026-09-19 08:36:02,199 [ERROR] Failed to fetch product page https://uk.representclo.com/products/oversized-nylon-carry-bag-black: 429 Client Error: Too Many Requests for url: https://uk.representclo.com/products/oversized-nylon-carry-bag-black
2026-09-19 08:36:02,769 [ERROR] Failed to fetch product page https://uk.representclo.com/products/owners-club-cafe-hat-antique-white: 429 Client Error: Too Many Requests for url: https://uk.representclo.com/products/owners-club-cafe-hat-antique-white
2026-09-19 08:36:03,338 [ERROR] Failed to fetch product page https://uk.representclo.com/products/owners-club-cafe-hat-black-coffee: 429 Client Error: Too Many Requests for url: https://uk.representclo.com/products/owners-club-cafe-hat-black-coffee
2026-09-19 08:36:03,905 [ERROR] Failed to fetch product page https://uk.representclo.com/products/owners-club-cafe-hoodie-black-coffee: 429 Client Error: Too Many Requests for url: https://uk.representclo.com/products/owners-club-cafe-hoodie-black-coffee
2026-09-19 08:36:04,479 [ERROR] Failed to fetch product page https://uk.representclo.com/products/owners-club-cafe-t-shirt-antique-white: 429 Client Error: Too Many Requests for url: https://uk.representclo.com/products/owners-club-cafe-t-shirt-antique-white
2026-09-19 08:36:05,087 [ERROR] Failed to fetch product page https://uk.representclo.com/products/owners-club-cafe-t-shirt-black-coffee: 429 Client Error: Too Many Requests for url: https://uk.representclo.com/products/owners-club-cafe-t-shirt-black-coffee
2026-09-19 08:36:05,659 [ERROR] Failed to fetch product page https://uk.representclo.com/products/owners-club-hoodie-washed-black: 429 Client Error: Too Many Requests for url: https://uk.representclo.com/products/owners-club-hoodie-washed-black
2026-09-19 08:36:06,228 [ERROR] Failed to fetch product page https://uk.representclo.com/products/owners-club-script-hoodie-truffle: 429 Client Error: Too Many Requests for url: https://uk.representclo.com/products/owners-club-script-hoodie-truffle
2026-09-19 08:36:06,794 [ERROR] Failed to fetch product page https://uk.representclo.com/products/owners-club-script-mesh-shorts-truffle: 429 Client Error: Too Many Requests for url: https://uk.representclo.com/products/owners-club-script-mesh-shorts-truffle
2026-09-19 08:36:07,362 [ERROR] Failed to fetch product page https://uk.representclo.com/products/padded-sling-bag-black: 429 Client Error: Too Many Requests for url: https://uk.representclo.com/products/padded-sling-bag-black
2026-09-19 08:36:07,935 [ERROR] Failed to fetch product page https://uk.representclo.com/products/pegasus-zip-through-hoodie-indigo: 429 Client Error: Too Many Requests for url: https://uk.representclo.com/products/pegasus-zip-through-hoodie-indigo
2026-09-19 08:36:08,511 [ERROR] Failed to fetch product page https://uk.representclo.com/products/philadelphia-eagles-x-represent-hoodie-vintage-grey: 429 Client Error: Too Many Requests for url: https://uk.representclo.com/products/philadelphia-eagles-x-represent-hoodie-vintage-grey
2026-09-19 08:36:09,079 [ERROR] Failed to fetch product page https://uk.representclo.com/products/philadelphia-eagles-x-represent-t-shirt-vintage-grey: 429 Client Error: Too Many Requests for url: https://uk.representclo.com/products/philadelphia-eagles-x-represent-t-shirt-vintage-grey
2026-09-19 08:36:09,648 [ERROR] Failed to fetch product page https://uk.representclo.com/products/philadelphia-eagles-x-represent-x-47-cap-antique-grey: 429 Client Error: Too Many Requests for url: https://uk.representclo.com/products/philadelphia-eagles-x-represent-x-47-cap-antique-grey
2026-09-19 08:36:10,220 [ERROR] Failed to fetch product page https://uk.representclo.com/products/pin-badges-multi: 429 Client Error: Too Many Requests for url: https://uk.representclo.com/products/pin-badges-multi
2026-09-19 08:36:10,824 [ERROR] Failed to fetch product page https://uk.representclo.com/products/printed-bandana-flat-white: 429 Client Error: Too Many Requests for url: https://uk.representclo.com/products/printed-bandana-flat-white
2026-09-19 08:36:11,395 [ERROR] Failed to fetch product page https://uk.representclo.com/products/printed-long-sleeve-t-shirt-flat-white: 429 Client Error: Too Many Requests for url: https://uk.representclo.com/products/printed-long-sleeve-t-shirt-flat-white
2026-09-19 08:36:11,963 [ERROR] Failed to fetch product page https://uk.representclo.com/products/private-members-key-fob-silver: 429 Client Error: Too Many Requests for url: https://uk.representclo.com/products/private-members-key-fob-silver
2026-09-19 08:36:12,549 [ERROR] Failed to fetch product page https://uk.representclo.com/products/private-members-t-shirt-flat-white: 429 Client Error: Too Many Requests for url: https://uk.representclo.com/products/private-members-t-shirt-flat-white
2026-09-19 08:36:13,118 [ERROR] Failed to fetch product page https://uk.representclo.com/products/private-members-t-shirt-stained-black: 429 Client Error: Too Many Requests for url: https://uk.representclo.com/products/private-members-t-shirt-stained-black
2026-09-19 08:36:13,686 [ERROR] Failed to fetch product page https://uk.representclo.com/products/private-members-x-47-cap-washed-navy: 429 Client Error: Too Many Requests for url: https://uk.representclo.com/products/private-members-x-47-cap-washed-navy
2026-09-19 08:36:14,254 [ERROR] Failed to fetch product page https://uk.representclo.com/products/pure-breed-t-shirt-vintage-black: 429 Client Error: Too Many Requests for url: https://uk.representclo.com/products/pure-breed-t-shirt-vintage-black
2026-09-19 08:36:14,824 [ERROR] Failed to fetch product page https://uk.representclo.com/products/r-pendant-necklace-silver: 429 Client Error: Too Many Requests for url: https://uk.representclo.com/products/r-pendant-necklace-silver
2026-09-19 08:36:15,393 [ERROR] Failed to fetch product page https://uk.representclo.com/products/r2-carpenter-panel-denim-rinse-blue: 429 Client Error: Too Many Requests for url: https://uk.representclo.com/products/r2-carpenter-panel-denim-rinse-blue
2026-09-19 08:36:15,964 [ERROR] Failed to fetch product page https://uk.representclo.com/products/r3-baggy-jean-moss-blue: 429 Client Error: Too Many Requests for url: https://uk.representclo.com/products/r3-baggy-jean-moss-blue
2026-09-19 08:36:16,590 [ERROR] Failed to fetch product page https://uk.representclo.com/products/raceway-cap-antique-white-barley: 429 Client Error: Too Many Requests for url: https://uk.representclo.com/products/raceway-cap-antique-white-barley
2026-09-19 08:36:17,159 [ERROR] Failed to fetch product page https://uk.representclo.com/products/raceway-hoodie-matcha: 429 Client Error: Too Many Requests for url: https://uk.representclo.com/products/raceway-hoodie-matcha
2026-09-19 08:36:17,728 [ERROR] Failed to fetch product page https://uk.representclo.com/products/raffia-tote-bag-jet-black: 429 Client Error: Too Many Requests for url: https://uk.representclo.com/products/raffia-tote-bag-jet-black
2026-09-19 08:36:18,298 [ERROR] Failed to fetch product page https://uk.representclo.com/products/rally-suede-grey: 429 Client Error: Too Many Requests for url: https://uk.representclo.com/products/rally-suede-grey
2026-09-19 08:36:18,874 [ERROR] Failed to fetch product page https://uk.representclo.com/products/rally-suede-tan: 429 Client Error: Too Many Requests for url: https://uk.representclo.com/products/rally-suede-tan
2026-09-19 08:36:19,443 [ERROR] Failed to fetch product page https://uk.representclo.com/products/rep-applique-hoodie-cream-marl: 429 Client Error: Too Many Requests for url: https://uk.representclo.com/products/rep-applique-hoodie-cream-marl
2026-09-19 08:36:20,010 [ERROR] Failed to fetch product page https://uk.representclo.com/products/rep-applique-hoodie-off-black: 429 Client Error: Too Many Requests for url: https://uk.representclo.com/products/rep-applique-hoodie-off-black
2026-09-19 08:36:20,578 [ERROR] Failed to fetch product page https://uk.representclo.com/products/rep-applique-hoodie-vintage-black: 429 Client Error: Too Many Requests for url: https://uk.representclo.com/products/rep-applique-hoodie-vintage-black
2026-09-19 08:36:21,144 [ERROR] Failed to fetch product page https://uk.representclo.com/products/rep-applique-t-shirt-flat-white: 429 Client Error: Too Many Requests for url: https://uk.representclo.com/products/rep-applique-t-shirt-flat-white
2026-09-19 08:36:21,710 [ERROR] Failed to fetch product page https://uk.representclo.com/products/rep-applique-t-shirt-vintage-black: 429 Client Error: Too Many Requests for url: https://uk.representclo.com/products/rep-applique-t-shirt-vintage-black
2026-09-19 08:36:22,301 [ERROR] Failed to fetch product page https://uk.representclo.com/products/rep-cap-distressed-leather-dark-brown: 429 Client Error: Too Many Requests for url: https://uk.representclo.com/products/rep-cap-distressed-leather-dark-brown
2026-09-19 08:36:22,879 [ERROR] Failed to fetch product page https://uk.representclo.com/products/rep-cap-flat-white-black: 429 Client Error: Too Many Requests for url: https://uk.representclo.com/products/rep-cap-flat-white-black
2026-09-19 08:36:23,450 [ERROR] Failed to fetch product page https://uk.representclo.com/products/rep-cap-jet-black: 429 Client Error: Too Many Requests for url: https://uk.representclo.com/products/rep-cap-jet-black
2026-09-19 08:36:24,021 [ERROR] Failed to fetch product page https://uk.representclo.com/products/rep-cap-leather-flat-white: 429 Client Error: Too Many Requests for url: https://uk.representclo.com/products/rep-cap-leather-flat-white
2026-09-19 08:36:24,591 [ERROR] Failed to fetch product page https://uk.representclo.com/products/rep-cap-vintage-white: 429 Client Error: Too Many Requests for url: https://uk.representclo.com/products/rep-cap-vintage-white
2026-09-19 08:36:25,163 [ERROR] Failed to fetch product page https://uk.representclo.com/products/represent-angel-border-hoodie-stained-black: 429 Client Error: Too Many Requests for url: https://uk.representclo.com/products/represent-angel-border-hoodie-stained-black
2026-09-19 08:36:25,737 [ERROR] Failed to fetch product page https://uk.representclo.com/products/represent-banner-hoodie-stained-black: 429 Client Error: Too Many Requests for url: https://uk.representclo.com/products/represent-banner-hoodie-stained-black
2026-09-19 08:36:26,310 [ERROR] Failed to fetch product page https://uk.representclo.com/products/represent-california-sunglasses-off-white: 429 Client Error: Too Many Requests for url: https://uk.representclo.com/products/represent-california-sunglasses-off-white
2026-09-19 08:36:26,892 [ERROR] Failed to fetch product page https://uk.representclo.com/products/represent-cap-black: 429 Client Error: Too Many Requests for url: https://uk.representclo.com/products/represent-cap-black
2026-09-19 08:36:27,462 [ERROR] Failed to fetch product page https://uk.representclo.com/products/represent-cap-washed-taupe: 429 Client Error: Too Many Requests for url: https://uk.representclo.com/products/represent-cap-washed-taupe
2026-09-19 08:36:28,033 [ERROR] Failed to fetch product page https://uk.representclo.com/products/represent-crest-cap-jet-black: 429 Client Error: Too Many Requests for url: https://uk.representclo.com/products/represent-crest-cap-jet-black
2026-09-19 08:36:28,645 [ERROR] Failed to fetch product page https://uk.representclo.com/products/represent-embellished-hoodie-stained-black: 429 Client Error: Too Many Requests for url: https://uk.representclo.com/products/represent-embellished-hoodie-stained-black
2026-09-19 08:36:29,218 [ERROR] Failed to fetch product page https://uk.representclo.com/products/represent-england-bag-washed-black: 429 Client Error: Too Many Requests for url: https://uk.representclo.com/products/represent-england-bag-washed-black
2026-09-19 08:36:29,799 [ERROR] Failed to fetch product page https://uk.representclo.com/products/represent-england-football-flat-white: 429 Client Error: Too Many Requests for url: https://uk.representclo.com/products/represent-england-football-flat-white
2026-09-19 08:36:30,378 [ERROR] Failed to fetch product page https://uk.representclo.com/products/represent-england-stickers-multi: 429 Client Error: Too Many Requests for url: https://uk.representclo.com/products/represent-england-stickers-multi
2026-09-19 08:36:30,956 [ERROR] Failed to fetch product page https://uk.representclo.com/products/represent-legacy-cap-dark-brown: 429 Client Error: Too Many Requests for url: https://uk.representclo.com/products/represent-legacy-cap-dark-brown
2026-09-19 08:36:31,524 [ERROR] Failed to fetch product page https://uk.representclo.com/products/represent-legacy-crest-hoodie-nero: 429 Client Error: Too Many Requests for url: https://uk.representclo.com/products/represent-legacy-crest-hoodie-nero
2026-09-19 08:36:32,103 [ERROR] Failed to fetch product page https://uk.representclo.com/products/represent-legacy-crest-hoodie-stained-black: 429 Client Error: Too Many Requests for url: https://uk.representclo.com/products/represent-legacy-crest-hoodie-stained-black
2026-09-19 08:36:32,683 [ERROR] Failed to fetch product page https://uk.representclo.com/products/represent-logo-socks-antique-white: 429 Client Error: Too Many Requests for url: https://uk.representclo.com/products/represent-logo-socks-antique-white
2026-09-19 08:36:33,284 [ERROR] Failed to fetch product page https://uk.representclo.com/products/represent-logo-socks-jet-black: 429 Client Error: Too Many Requests for url: https://uk.representclo.com/products/represent-logo-socks-jet-black
2026-09-19 08:36:33,854 [ERROR] Failed to fetch product page https://uk.representclo.com/products/represent-owners-club-cap-black: 429 Client Error: Too Many Requests for url: https://uk.representclo.com/products/represent-owners-club-cap-black
2026-09-19 08:36:34,429 [ERROR] Failed to fetch product page https://uk.representclo.com/products/represent-owners-club-cap-cobalt: 429 Client Error: Too Many Requests for url: https://uk.representclo.com/products/represent-owners-club-cap-cobalt
2026-09-19 08:36:35,005 [ERROR] Failed to fetch product page https://uk.representclo.com/products/represent-owners-club-cap-powder-blue: 429 Client Error: Too Many Requests for url: https://uk.representclo.com/products/represent-owners-club-cap-powder-blue
2026-09-19 08:36:35,598 [ERROR] Failed to fetch product page https://uk.representclo.com/products/represent-owners-club-flocked-hoodie-black: 429 Client Error: Too Many Requests for url: https://uk.representclo.com/products/represent-owners-club-flocked-hoodie-black
2026-09-19 08:36:36,165 [ERROR] Failed to fetch product page https://uk.representclo.com/products/represent-owners-club-flocked-t-shirt-black: 429 Client Error: Too Many Requests for url: https://uk.representclo.com/products/represent-owners-club-flocked-t-shirt-black
2026-09-19 08:36:36,738 [ERROR] Failed to fetch product page https://uk.representclo.com/products/represent-owners-club-flocking-cap-black: 429 Client Error: Too Many Requests for url: https://uk.representclo.com/products/represent-owners-club-flocking-cap-black
2026-09-19 08:36:37,322 [ERROR] Failed to fetch product page https://uk.representclo.com/products/represent-owners-club-hoodie-ash-grey: 429 Client Error: Too Many Requests for url: https://uk.representclo.com/products/represent-owners-club-hoodie-ash-grey
2026-09-19 08:36:37,893 [ERROR] Failed to fetch product page https://uk.representclo.com/products/represent-owners-club-hoodie-black: 429 Client Error: Too Many Requests for url: https://uk.representclo.com/products/represent-owners-club-hoodie-black
2026-09-19 08:36:38,465 [ERROR] Failed to fetch product page https://uk.representclo.com/products/represent-owners-club-hoodie-black-matte: 429 Client Error: Too Many Requests for url: https://uk.representclo.com/products/represent-owners-club-hoodie-black-matte
2026-09-19 08:36:39,048 [ERROR] Failed to fetch product page https://uk.representclo.com/products/represent-owners-club-hoodie-bubblegum-pink: 429 Client Error: Too Many Requests for url: https://uk.representclo.com/products/represent-owners-club-hoodie-bubblegum-pink
2026-09-19 08:36:39,616 [ERROR] Failed to fetch product page https://uk.representclo.com/products/represent-owners-club-hoodie-buttercream: 429 Client Error: Too Many Requests for url: https://uk.representclo.com/products/represent-owners-club-hoodie-buttercream
2026-09-19 08:36:40,181 [ERROR] Failed to fetch product page https://uk.representclo.com/products/represent-owners-club-hoodie-cobalt: 429 Client Error: Too Many Requests for url: https://uk.representclo.com/products/represent-owners-club-hoodie-cobalt
2026-09-19 08:36:40,759 [ERROR] Failed to fetch product page https://uk.representclo.com/products/represent-owners-club-hoodie-flat-white: 429 Client Error: Too Many Requests for url: https://uk.representclo.com/products/represent-owners-club-hoodie-flat-white
2026-09-19 08:36:41,328 [ERROR] Failed to fetch product page https://uk.representclo.com/products/represent-owners-club-hoodie-jet-black: 429 Client Error: Too Many Requests for url: https://uk.representclo.com/products/represent-owners-club-hoodie-jet-black
2026-09-19 08:36:41,897 [ERROR] Failed to fetch product page https://uk.representclo.com/products/represent-owners-club-hoodie-mushroom: 429 Client Error: Too Many Requests for url: https://uk.representclo.com/products/represent-owners-club-hoodie-mushroom
2026-09-19 08:36:42,465 [ERROR] Failed to fetch product page https://uk.representclo.com/products/represent-owners-club-hoodie-olive-bf: 429 Client Error: Too Many Requests for url: https://uk.representclo.com/products/represent-owners-club-hoodie-olive-bf
2026-09-19 08:36:43,045 [ERROR] Failed to fetch product page https://uk.representclo.com/products/represent-owners-club-hoodie-pastel-lilac-bf: 429 Client Error: Too Many Requests for url: https://uk.representclo.com/products/represent-owners-club-hoodie-pastel-lilac-bf
2026-09-19 08:36:43,615 [ERROR] Failed to fetch product page https://uk.representclo.com/products/represent-owners-club-hoodie-powder-blue: 429 Client Error: Too Many Requests for url: https://uk.representclo.com/products/represent-owners-club-hoodie-powder-blue
2026-09-19 08:36:44,183 [ERROR] Failed to fetch product page https://uk.representclo.com/products/represent-owners-club-hoodie-racing-green: 429 Client Error: Too Many Requests for url: https://uk.representclo.com/products/represent-owners-club-hoodie-racing-green
2026-09-19 08:36:44,757 [ERROR] Failed to fetch product page https://uk.representclo.com/products/represent-owners-club-hoodie-sky-blue: 429 Client Error: Too Many Requests for url: https://uk.representclo.com/products/represent-owners-club-hoodie-sky-blue
2026-09-19 08:36:45,328 [ERROR] Failed to fetch product page https://uk.representclo.com/products/represent-owners-club-hoodie-storm: 429 Client Error: Too Many Requests for url: https://uk.representclo.com/products/represent-owners-club-hoodie-storm
2026-09-19 08:36:45,911 [ERROR] Failed to fetch product page https://uk.representclo.com/products/represent-owners-club-hoodie-vista-blue: 429 Client Error: Too Many Requests for url: https://uk.representclo.com/products/represent-owners-club-hoodie-vista-blue
2026-09-19 08:36:46,484 [ERROR] Failed to fetch product page https://uk.representclo.com/products/represent-owners-club-hoodie-washed-aloe: 429 Client Error: Too Many Requests for url: https://uk.representclo.com/products/represent-owners-club-hoodie-washed-aloe
2026-09-19 08:36:47,078 [ERROR] Failed to fetch product page https://uk.representclo.com/products/represent-owners-club-long-sleeve-t-shirt-chalk: 429 Client Error: Too Many Requests for url: https://uk.representclo.com/products/represent-owners-club-long-sleeve-t-shirt-chalk
2026-09-19 08:36:47,643 [ERROR] Failed to fetch product page https://uk.representclo.com/products/represent-owners-club-mesh-short-jet-black: 429 Client Error: Too Many Requests for url: https://uk.representclo.com/products/represent-owners-club-mesh-short-jet-black
2026-09-19 08:36:48,210 [ERROR] Failed to fetch product page https://uk.representclo.com/products/represent-owners-club-mesh-shorts-black: 429 Client Error: Too Many Requests for url: https://uk.representclo.com/products/represent-owners-club-mesh-shorts-black
2026-09-19 08:36:48,787 [ERROR] Failed to fetch product page https://uk.representclo.com/products/represent-owners-club-script-cap-black: 429 Client Error: Too Many Requests for url: https://uk.representclo.com/products/represent-owners-club-script-cap-black
2026-09-19 08:36:49,357 [ERROR] Failed to fetch product page https://uk.representclo.com/products/represent-owners-club-script-t-shirt-truffle: 429 Client Error: Too Many Requests for url: https://uk.representclo.com/products/represent-owners-club-script-t-shirt-truffle
2026-09-19 08:36:49,927 [ERROR] Failed to fetch product page https://uk.representclo.com/products/represent-owners-club-shorts-black: 429 Client Error: Too Many Requests for url: https://uk.representclo.com/products/represent-owners-club-shorts-black
2026-09-19 08:36:50,497 [ERROR] Failed to fetch product page https://uk.representclo.com/products/represent-owners-club-shorts-washed-black: 429 Client Error: Too Many Requests for url: https://uk.representclo.com/products/represent-owners-club-shorts-washed-black
2026-09-19 08:36:51,072 [ERROR] Failed to fetch product page https://uk.representclo.com/products/represent-owners-club-socks-flat-white-black-bf: 429 Client Error: Too Many Requests for url: https://uk.representclo.com/products/represent-owners-club-socks-flat-white-black-bf
2026-09-19 08:36:51,645 [ERROR] Failed to fetch product page https://uk.representclo.com/products/represent-owners-club-socks-flat-white-cobalt: 429 Client Error: Too Many Requests for url: https://uk.representclo.com/products/represent-owners-club-socks-flat-white-cobalt
2026-09-19 08:36:52,219 [ERROR] Failed to fetch product page https://uk.representclo.com/products/represent-owners-club-stamp-hoodie-flat-white: 429 Client Error: Too Many Requests for url: https://uk.representclo.com/products/represent-owners-club-stamp-hoodie-flat-white
2026-09-19 08:36:52,788 [ERROR] Failed to fetch product page https://uk.representclo.com/products/represent-owners-club-sweatpant-ash-grey: 429 Client Error: Too Many Requests for url: https://uk.representclo.com/products/represent-owners-club-sweatpant-ash-grey
2026-09-19 08:36:53,358 [ERROR] Failed to fetch product page https://uk.representclo.com/products/represent-owners-club-sweatpant-black: 429 Client Error: Too Many Requests for url: https://uk.representclo.com/products/represent-owners-club-sweatpant-black
2026-09-19 08:36:53,931 [ERROR] Failed to fetch product page https://uk.representclo.com/products/represent-owners-club-sweatpant-jet-black: 429 Client Error: Too Many Requests for url: https://uk.representclo.com/products/represent-owners-club-sweatpant-jet-black
2026-09-19 08:36:54,500 [ERROR] Failed to fetch product page https://uk.representclo.com/products/represent-owners-club-sweatpant-washed-black: 429 Client Error: Too Many Requests for url: https://uk.representclo.com/products/represent-owners-club-sweatpant-washed-black
2026-09-19 08:36:55,067 [ERROR] Failed to fetch product page https://uk.representclo.com/products/represent-owners-club-t-shirt-aged-black: 429 Client Error: Too Many Requests for url: https://uk.representclo.com/products/represent-owners-club-t-shirt-aged-black
2026-09-19 08:36:55,634 [ERROR] Failed to fetch product page https://uk.representclo.com/products/represent-owners-club-t-shirt-ash-grey: 429 Client Error: Too Many Requests for url: https://uk.representclo.com/products/represent-owners-club-t-shirt-ash-grey
2026-09-19 08:36:56,204 [ERROR] Failed to fetch product page https://uk.representclo.com/products/represent-owners-club-t-shirt-black: 429 Client Error: Too Many Requests for url: https://uk.representclo.com/products/represent-owners-club-t-shirt-black
2026-09-19 08:36:56,775 [ERROR] Failed to fetch product page https://uk.representclo.com/products/represent-owners-club-t-shirt-black-matte: 429 Client Error: Too Many Requests for url: https://uk.representclo.com/products/represent-owners-club-t-shirt-black-matte
2026-09-19 08:36:57,346 [ERROR] Failed to fetch product page https://uk.representclo.com/products/represent-owners-club-t-shirt-brown-bf: 429 Client Error: Too Many Requests for url: https://uk.representclo.com/products/represent-owners-club-t-shirt-brown-bf
2026-09-19 08:36:57,929 [ERROR] Failed to fetch product page https://uk.representclo.com/products/represent-owners-club-t-shirt-bubblegum-pink-bf: 429 Client Error: Too Many Requests for url: https://uk.representclo.com/products/represent-owners-club-t-shirt-bubblegum-pink-bf
2026-09-19 08:36:58,501 [ERROR] Failed to fetch product page https://uk.representclo.com/products/represent-owners-club-t-shirt-buttercream: 429 Client Error: Too Many Requests for url: https://uk.representclo.com/products/represent-owners-club-t-shirt-buttercream
2026-09-19 08:36:59,075 [ERROR] Failed to fetch product page https://uk.representclo.com/products/represent-owners-club-t-shirt-chalk: 429 Client Error: Too Many Requests for url: https://uk.representclo.com/products/represent-owners-club-t-shirt-chalk
2026-09-19 08:36:59,656 [ERROR] Failed to fetch product page https://uk.representclo.com/products/represent-owners-club-t-shirt-cobalt: 429 Client Error: Too Many Requests for url: https://uk.representclo.com/products/represent-owners-club-t-shirt-cobalt
2026-09-19 08:37:00,226 [ERROR] Failed to fetch product page https://uk.representclo.com/products/represent-owners-club-t-shirt-flat-white: 429 Client Error: Too Many Requests for url: https://uk.representclo.com/products/represent-owners-club-t-shirt-flat-white
2026-09-19 08:37:00,797 [ERROR] Failed to fetch product page https://uk.representclo.com/products/represent-owners-club-t-shirt-jet-black: 429 Client Error: Too Many Requests for url: https://uk.representclo.com/products/represent-owners-club-t-shirt-jet-black
2026-09-19 08:37:01,371 [ERROR] Failed to fetch product page https://uk.representclo.com/products/represent-owners-club-t-shirt-mushroom: 429 Client Error: Too Many Requests for url: https://uk.representclo.com/products/represent-owners-club-t-shirt-mushroom
2026-09-19 08:37:01,995 [ERROR] Failed to fetch product page https://uk.representclo.com/products/represent-owners-club-t-shirt-pastel-lilac-bf: 429 Client Error: Too Many Requests for url: https://uk.representclo.com/products/represent-owners-club-t-shirt-pastel-lilac-bf
2026-09-19 08:37:02,565 [ERROR] Failed to fetch product page https://uk.representclo.com/products/represent-owners-club-t-shirt-racing-green: 429 Client Error: Too Many Requests for url: https://uk.representclo.com/products/represent-owners-club-t-shirt-racing-green
2026-09-19 08:37:03,135 [ERROR] Failed to fetch product page https://uk.representclo.com/products/represent-owners-club-t-shirt-sienna: 429 Client Error: Too Many Requests for url: https://uk.representclo.com/products/represent-owners-club-t-shirt-sienna
2026-09-19 08:37:03,707 [ERROR] Failed to fetch product page https://uk.representclo.com/products/represent-owners-club-t-shirt-sky-blue: 429 Client Error: Too Many Requests for url: https://uk.representclo.com/products/represent-owners-club-t-shirt-sky-blue
2026-09-19 08:37:04,276 [ERROR] Failed to fetch product page https://uk.representclo.com/products/represent-owners-club-t-shirt-storm: 429 Client Error: Too Many Requests for url: https://uk.representclo.com/products/represent-owners-club-t-shirt-storm
2026-09-19 08:37:04,842 [ERROR] Failed to fetch product page https://uk.representclo.com/products/represent-owners-club-t-shirt-washed-aloe: 429 Client Error: Too Many Requests for url: https://uk.representclo.com/products/represent-owners-club-t-shirt-washed-aloe
2026-09-19 08:37:05,420 [ERROR] Failed to fetch product page https://uk.representclo.com/products/represent-owners-club-tank-chalk: 429 Client Error: Too Many Requests for url: https://uk.representclo.com/products/represent-owners-club-tank-chalk
2026-09-19 08:37:05,990 [ERROR] Failed to fetch product page https://uk.representclo.com/products/represent-owners-club-tote-bag-sienna: 429 Client Error: Too Many Requests for url: https://uk.representclo.com/products/represent-owners-club-tote-bag-sienna
2026-09-19 08:37:06,557 [ERROR] Failed to fetch product page https://uk.representclo.com/products/represent-owners-club-washed-cap-sienna: 429 Client Error: Too Many Requests for url: https://uk.representclo.com/products/represent-owners-club-washed-cap-sienna
2026-09-19 08:37:07,143 [ERROR] Failed to fetch product page https://uk.representclo.com/products/represent-owners-club-washed-cap-sky-blue: 429 Client Error: Too Many Requests for url: https://uk.representclo.com/products/represent-owners-club-washed-cap-sky-blue
2026-09-19 08:37:07,722 [ERROR] Failed to fetch product page https://uk.representclo.com/products/represent-owners-club-zip-hoodie-ash-grey: 429 Client Error: Too Many Requests for url: https://uk.representclo.com/products/represent-owners-club-zip-hoodie-ash-grey
2026-09-19 08:37:08,292 [ERROR] Failed to fetch product page https://uk.representclo.com/products/represent-owners-club-zip-hoodie-black: 429 Client Error: Too Many Requests for url: https://uk.representclo.com/products/represent-owners-club-zip-hoodie-black
2026-09-19 08:37:08,862 [ERROR] Failed to fetch product page https://uk.representclo.com/products/represent-owners-club-zip-hoodie-washed-black: 429 Client Error: Too Many Requests for url: https://uk.representclo.com/products/represent-owners-club-zip-hoodie-washed-black
2026-09-19 08:37:09,441 [ERROR] Failed to fetch product page https://uk.representclo.com/products/represent-ringer-t-shirt-stained-black: 429 Client Error: Too Many Requests for url: https://uk.representclo.com/products/represent-ringer-t-shirt-stained-black
2026-09-19 08:37:10,008 [ERROR] Failed to fetch product page https://uk.representclo.com/products/represent-showcasing-cap-black: 429 Client Error: Too Many Requests for url: https://uk.representclo.com/products/represent-showcasing-cap-black
2026-09-19 08:37:10,579 [ERROR] Failed to fetch product page https://uk.representclo.com/products/represent-showcasing-hoodie-stained-black: 429 Client Error: Too Many Requests for url: https://uk.representclo.com/products/represent-showcasing-hoodie-stained-black
2026-09-19 08:37:11,162 [ERROR] Failed to fetch product page https://uk.representclo.com/products/represent-slim-aviator-gold-black: 429 Client Error: Too Many Requests for url: https://uk.representclo.com/products/represent-slim-aviator-gold-black
2026-09-19 08:37:11,736 [ERROR] Failed to fetch product page https://uk.representclo.com/products/represent-swim-short-jet-black: 429 Client Error: Too Many Requests for url: https://uk.representclo.com/products/represent-swim-short-jet-black
2026-09-19 08:37:12,308 [ERROR] Failed to fetch product page https://uk.representclo.com/products/represent-x-47-england-cap-aged-black: 429 Client Error: Too Many Requests for url: https://uk.representclo.com/products/represent-x-47-england-cap-aged-black
2026-09-19 08:37:12,875 [ERROR] Failed to fetch product page https://uk.representclo.com/products/represent-x-47-england-cap-dark-brown: 429 Client Error: Too Many Requests for url: https://uk.representclo.com/products/represent-x-47-england-cap-dark-brown
2026-09-19 08:37:13,449 [ERROR] Failed to fetch product page https://uk.representclo.com/products/represent-x-47-england-old-english-cap-aged-black: 429 Client Error: Too Many Requests for url: https://uk.representclo.com/products/represent-x-47-england-old-english-cap-aged-black
2026-09-19 08:37:14,020 [ERROR] Failed to fetch product page https://uk.representclo.com/products/represent-x-47-england-old-english-cap-jet-black: 429 Client Error: Too Many Requests for url: https://uk.representclo.com/products/represent-x-47-england-old-english-cap-jet-black
2026-09-19 08:37:14,592 [ERROR] Failed to fetch product page https://uk.representclo.com/products/represent-x-47-england-old-english-cap-washed-navy: 429 Client Error: Too Many Requests for url: https://uk.representclo.com/products/represent-x-47-england-old-english-cap-washed-navy
2026-09-19 08:37:15,158 [ERROR] Failed to fetch product page https://uk.representclo.com/products/represent-x-47-initial-cap-charcoal: 429 Client Error: Too Many Requests for url: https://uk.representclo.com/products/represent-x-47-initial-cap-charcoal
2026-09-19 08:37:15,730 [ERROR] Failed to fetch product page https://uk.representclo.com/products/represent-x-47-initial-cap-jet-black: 429 Client Error: Too Many Requests for url: https://uk.representclo.com/products/represent-x-47-initial-cap-jet-black
2026-09-19 08:37:16,301 [ERROR] Failed to fetch product page https://uk.representclo.com/products/represent-x-47-mlb-brooklyn-cap-washed-red: 429 Client Error: Too Many Requests for url: https://uk.representclo.com/products/represent-x-47-mlb-brooklyn-cap-washed-red
2026-09-19 08:37:16,873 [ERROR] Failed to fetch product page https://uk.representclo.com/products/represent-x-47-mlb-la-cap-vintage-blue: 429 Client Error: Too Many Requests for url: https://uk.representclo.com/products/represent-x-47-mlb-la-cap-vintage-blue
2026-09-19 08:37:17,449 [ERROR] Failed to fetch product page https://uk.representclo.com/products/represent-x-47-mlb-mini-la-cap-vintage-blue: 429 Client Error: Too Many Requests for url: https://uk.representclo.com/products/represent-x-47-mlb-mini-la-cap-vintage-blue
2026-09-19 08:37:18,015 [ERROR] Failed to fetch product page https://uk.representclo.com/products/represent-x-47-mlb-mini-ny-cap-washed-navy: 429 Client Error: Too Many Requests for url: https://uk.representclo.com/products/represent-x-47-mlb-mini-ny-cap-washed-navy
2026-09-19 08:37:18,583 [ERROR] Failed to fetch product page https://uk.representclo.com/products/represent-x-47-mlb-mini-ny-plain-cap-washed-black: 429 Client Error: Too Many Requests for url: https://uk.representclo.com/products/represent-x-47-mlb-mini-ny-plain-cap-washed-black
2026-09-19 08:37:19,154 [ERROR] Failed to fetch product page https://uk.representclo.com/products/represent-x-47-mlb-ny-cap-washed-black: 429 Client Error: Too Many Requests for url: https://uk.representclo.com/products/represent-x-47-mlb-ny-cap-washed-black
2026-09-19 08:37:19,775 [ERROR] Failed to fetch product page https://uk.representclo.com/products/represent-x-47-mlb-ny-cap-washed-brown: 429 Client Error: Too Many Requests for url: https://uk.representclo.com/products/represent-x-47-mlb-ny-cap-washed-brown
2026-09-19 08:37:20,342 [ERROR] Failed to fetch product page https://uk.representclo.com/products/represent-x-47-nothing-tougher-cap-navy: 429 Client Error: Too Many Requests for url: https://uk.representclo.com/products/represent-x-47-nothing-tougher-cap-navy
2026-09-19 08:37:20,920 [ERROR] Failed to fetch product page https://uk.representclo.com/products/represent-x-47-owners-club-cap-buttercream: 429 Client Error: Too Many Requests for url: https://uk.representclo.com/products/represent-x-47-owners-club-cap-buttercream
2026-09-19 08:37:21,501 [ERROR] Failed to fetch product page https://uk.representclo.com/products/represent-x-47-owners-club-cap-faded-black: 429 Client Error: Too Many Requests for url: https://uk.representclo.com/products/represent-x-47-owners-club-cap-faded-black
2026-09-19 08:37:22,081 [ERROR] Failed to fetch product page https://uk.representclo.com/products/represent-x-47-resent-cap-washed-black: 429 Client Error: Too Many Requests for url: https://uk.representclo.com/products/represent-x-47-resent-cap-washed-black
2026-09-19 08:37:22,654 [ERROR] Failed to fetch product page https://uk.representclo.com/products/represent-x-beach-boys-americas-band-t-shirt-flat-white: 429 Client Error: Too Many Requests for url: https://uk.representclo.com/products/represent-x-beach-boys-americas-band-t-shirt-flat-white
2026-09-19 08:37:23,221 [ERROR] Failed to fetch product page https://uk.representclo.com/products/represent-x-beach-boys-endless-summer-t-shirt-stained-black: 429 Client Error: Too Many Requests for url: https://uk.representclo.com/products/represent-x-beach-boys-endless-summer-t-shirt-stained-black
2026-09-19 08:37:23,788 [ERROR] Failed to fetch product page https://uk.representclo.com/products/represent-x-beach-boys-endless-summer-x-47-cap-washed-black: 429 Client Error: Too Many Requests for url: https://uk.representclo.com/products/represent-x-beach-boys-endless-summer-x-47-cap-washed-black
2026-09-19 08:37:24,356 [ERROR] Failed to fetch product page https://uk.representclo.com/products/represent-x-beach-boys-pet-sounds-t-shirt-flat-white: 429 Client Error: Too Many Requests for url: https://uk.representclo.com/products/represent-x-beach-boys-pet-sounds-t-shirt-flat-white
2026-09-19 08:37:24,924 [ERROR] Failed to fetch product page https://uk.representclo.com/products/represent-x-beach-boys-pet-sounds-t-shirt-sunfade-grey: 429 Client Error: Too Many Requests for url: https://uk.representclo.com/products/represent-x-beach-boys-pet-sounds-t-shirt-sunfade-grey
2026-09-19 08:37:25,535 [ERROR] Failed to fetch product page https://uk.representclo.com/products/represent-x-beach-boys-script-t-shirt-blue-tie-dye: 429 Client Error: Too Many Requests for url: https://uk.representclo.com/products/represent-x-beach-boys-script-t-shirt-blue-tie-dye
2026-09-19 08:37:26,100 [ERROR] Failed to fetch product page https://uk.representclo.com/products/represent-x-beach-boys-tour-cap-washed-black: 429 Client Error: Too Many Requests for url: https://uk.representclo.com/products/represent-x-beach-boys-tour-cap-washed-black
2026-09-19 08:37:26,671 [ERROR] Failed to fetch product page https://uk.representclo.com/products/represent-x-beach-boys-tour-t-shirt-washed-ecru: 429 Client Error: Too Many Requests for url: https://uk.representclo.com/products/represent-x-beach-boys-tour-t-shirt-washed-ecru
2026-09-19 08:37:27,238 [ERROR] Failed to fetch product page https://uk.representclo.com/products/represent-x-beach-boys-tour-x-47-cap-bright-blue: 429 Client Error: Too Many Requests for url: https://uk.representclo.com/products/represent-x-beach-boys-tour-x-47-cap-bright-blue
2026-09-19 08:37:27,805 [ERROR] Failed to fetch product page https://uk.representclo.com/products/represent-x-belstaff-born-to-bike-hoodie-aged-black: 429 Client Error: Too Many Requests for url: https://uk.representclo.com/products/represent-x-belstaff-born-to-bike-hoodie-aged-black
2026-09-19 08:37:28,375 [ERROR] Failed to fetch product page https://uk.representclo.com/products/represent-x-belstaff-born-to-bike-t-shirt-aged-black: 429 Client Error: Too Many Requests for url: https://uk.representclo.com/products/represent-x-belstaff-born-to-bike-t-shirt-aged-black
2026-09-19 08:37:28,943 [ERROR] Failed to fetch product page https://uk.representclo.com/products/represent-x-belstaff-born-to-bike-t-shirt-flat-white: 429 Client Error: Too Many Requests for url: https://uk.representclo.com/products/represent-x-belstaff-born-to-bike-t-shirt-flat-white
2026-09-19 08:37:29,514 [ERROR] Failed to fetch product page https://uk.representclo.com/products/represent-x-belstaff-long-sleeve-racing-t-shirt-dark-grey: 429 Client Error: Too Many Requests for url: https://uk.representclo.com/products/represent-x-belstaff-long-sleeve-racing-t-shirt-dark-grey
2026-09-19 08:37:30,082 [ERROR] Failed to fetch product page https://uk.representclo.com/products/represent-x-belstaff-panelled-cap-charcoal: 429 Client Error: Too Many Requests for url: https://uk.representclo.com/products/represent-x-belstaff-panelled-cap-charcoal
2026-09-19 08:37:30,654 [ERROR] Failed to fetch product page https://uk.representclo.com/products/represent-x-belstaff-racing-hoodie-dark-grey: 429 Client Error: Too Many Requests for url: https://uk.representclo.com/products/represent-x-belstaff-racing-hoodie-dark-grey
2026-09-19 08:37:31,264 [ERROR] Failed to fetch product page https://uk.representclo.com/products/represent-x-guns-n-roses-cross-t-shirt-stained-black: 429 Client Error: Too Many Requests for url: https://uk.representclo.com/products/represent-x-guns-n-roses-cross-t-shirt-stained-black
2026-09-19 08:37:31,831 [ERROR] Failed to fetch product page https://uk.representclo.com/products/represent-x-guns-n-roses-cross-zip-through-hoodie-stained-black: 429 Client Error: Too Many Requests for url: https://uk.representclo.com/products/represent-x-guns-n-roses-cross-zip-through-hoodie-stained-black
2026-09-19 08:37:32,403 [ERROR] Failed to fetch product page https://uk.representclo.com/products/represent-x-guns-n-roses-lock-up-t-shirt-vintage-black: 429 Client Error: Too Many Requests for url: https://uk.representclo.com/products/represent-x-guns-n-roses-lock-up-t-shirt-vintage-black
2026-09-19 08:37:32,974 [ERROR] Failed to fetch product page https://uk.representclo.com/products/represent-x-guns-n-roses-pasadena-t-shirt-washed-ecru: 429 Client Error: Too Many Requests for url: https://uk.representclo.com/products/represent-x-guns-n-roses-pasadena-t-shirt-washed-ecru
2026-09-19 08:37:33,548 [ERROR] Failed to fetch product page https://uk.representclo.com/products/represent-x-guns-n-roses-revolver-t-shirt-flat-white: 429 Client Error: Too Many Requests for url: https://uk.representclo.com/products/represent-x-guns-n-roses-revolver-t-shirt-flat-white
2026-09-19 08:37:34,120 [ERROR] Failed to fetch product page https://uk.representclo.com/products/represent-x-iron-maiden-a-real-live-one-t-shirt-stained-brown: 429 Client Error: Too Many Requests for url: https://uk.representclo.com/products/represent-x-iron-maiden-a-real-live-one-t-shirt-stained-brown
2026-09-19 08:37:34,692 [ERROR] Failed to fetch product page https://uk.representclo.com/products/represent-x-iron-maiden-anniversary-t-shirt-stained-black: 429 Client Error: Too Many Requests for url: https://uk.representclo.com/products/represent-x-iron-maiden-anniversary-t-shirt-stained-black
2026-09-19 08:37:35,260 [ERROR] Failed to fetch product page https://uk.representclo.com/products/represent-x-iron-maiden-anniversary-t-shirt-washed-ecru: 429 Client Error: Too Many Requests for url: https://uk.representclo.com/products/represent-x-iron-maiden-anniversary-t-shirt-washed-ecru
2026-09-19 08:37:35,831 [ERROR] Failed to fetch product page https://uk.representclo.com/products/represent-x-iron-maiden-british-metal-t-shirt-stained-brown: 429 Client Error: Too Many Requests for url: https://uk.representclo.com/products/represent-x-iron-maiden-british-metal-t-shirt-stained-brown
2026-09-19 08:37:36,400 [ERROR] Failed to fetch product page https://uk.representclo.com/products/represent-x-iron-maiden-holy-smoke-t-shirt-sunfade-grey: 429 Client Error: Too Many Requests for url: https://uk.representclo.com/products/represent-x-iron-maiden-holy-smoke-t-shirt-sunfade-grey
2026-09-19 08:37:36,969 [ERROR] Failed to fetch product page https://uk.representclo.com/products/represent-x-iron-maiden-infinite-dreams-t-shirt-aged-black: 429 Client Error: Too Many Requests for url: https://uk.representclo.com/products/represent-x-iron-maiden-infinite-dreams-t-shirt-aged-black
2026-09-19 08:37:37,537 [ERROR] Failed to fetch product page https://uk.representclo.com/products/represent-x-iron-maiden-number-of-beast-t-shirt-sunfade-grey: 429 Client Error: Too Many Requests for url: https://uk.representclo.com/products/represent-x-iron-maiden-number-of-beast-t-shirt-sunfade-grey
2026-09-19 08:37:38,126 [ERROR] Failed to fetch product page https://uk.representclo.com/products/represent-x-iron-maiden-steed-hoodie-stained-black: 429 Client Error: Too Many Requests for url: https://uk.representclo.com/products/represent-x-iron-maiden-steed-hoodie-stained-black
2026-09-19 08:37:38,696 [ERROR] Failed to fetch product page https://uk.representclo.com/products/represent-x-iron-maiden-steed-t-shirt-flat-white: 429 Client Error: Too Many Requests for url: https://uk.representclo.com/products/represent-x-iron-maiden-steed-t-shirt-flat-white
2026-09-19 08:37:39,267 [ERROR] Failed to fetch product page https://uk.representclo.com/products/represent-x-iron-maiden-steed-t-shirt-stained-black: 429 Client Error: Too Many Requests for url: https://uk.representclo.com/products/represent-x-iron-maiden-steed-t-shirt-stained-black
2026-09-19 08:37:39,835 [ERROR] Failed to fetch product page https://uk.representclo.com/products/represent-x-mels-diner-realtree-x-47-cap-real-tree: 429 Client Error: Too Many Requests for url: https://uk.representclo.com/products/represent-x-mels-diner-realtree-x-47-cap-real-tree
2026-09-19 08:37:40,416 [ERROR] Failed to fetch product page https://uk.representclo.com/products/represent-x-mels-diner-t-shirt-flat-white: 429 Client Error: Too Many Requests for url: https://uk.representclo.com/products/represent-x-mels-diner-t-shirt-flat-white
2026-09-19 08:37:41,007 [ERROR] Failed to fetch product page https://uk.representclo.com/products/represent-x-mels-diner-t-shirt-jet-black: 429 Client Error: Too Many Requests for url: https://uk.representclo.com/products/represent-x-mels-diner-t-shirt-jet-black
2026-09-19 08:37:41,574 [ERROR] Failed to fetch product page https://uk.representclo.com/products/represent-x-mels-diner-x-47-cap-brown: 429 Client Error: Too Many Requests for url: https://uk.representclo.com/products/represent-x-mels-diner-x-47-cap-brown
2026-09-19 08:37:42,145 [ERROR] Failed to fetch product page https://uk.representclo.com/products/represent-x-metallica-local-crew-vest-flat-white: 429 Client Error: Too Many Requests for url: https://uk.representclo.com/products/represent-x-metallica-local-crew-vest-flat-white
2026-09-19 08:37:42,726 [ERROR] Failed to fetch product page https://uk.representclo.com/products/represent-x-metallica-local-crew-vest-jet-black: 429 Client Error: Too Many Requests for url: https://uk.representclo.com/products/represent-x-metallica-local-crew-vest-jet-black
2026-09-19 08:37:43,294 [ERROR] Failed to fetch product page https://uk.representclo.com/products/represent-x-oasis-maine-road-hoodie-washed-black: 429 Client Error: Too Many Requests for url: https://uk.representclo.com/products/represent-x-oasis-maine-road-hoodie-washed-black
2026-09-19 08:37:43,923 [ERROR] Failed to fetch product page https://uk.representclo.com/products/represent-x-oasis-owners-club-hoodie-stained-black: 429 Client Error: Too Many Requests for url: https://uk.representclo.com/products/represent-x-oasis-owners-club-hoodie-stained-black
2026-09-19 08:37:44,498 [ERROR] Failed to fetch product page https://uk.representclo.com/products/represent-x-oasis-owners-club-t-shirt-flat-white: 429 Client Error: Too Many Requests for url: https://uk.representclo.com/products/represent-x-oasis-owners-club-t-shirt-flat-white
2026-09-19 08:37:45,069 [ERROR] Failed to fetch product page https://uk.representclo.com/products/represent-x-oasis-owners-club-t-shirt-stained-black: 429 Client Error: Too Many Requests for url: https://uk.representclo.com/products/represent-x-oasis-owners-club-t-shirt-stained-black
2026-09-19 08:37:45,639 [ERROR] Failed to fetch product page https://uk.representclo.com/products/represent-x-puma-baseball-cap-puma-black: 429 Client Error: Too Many Requests for url: https://uk.representclo.com/products/represent-x-puma-baseball-cap-puma-black
2026-09-19 08:37:46,212 [ERROR] Failed to fetch product page https://uk.representclo.com/products/represent-x-puma-graphic-hoodie-night-pine: 429 Client Error: Too Many Requests for url: https://uk.representclo.com/products/represent-x-puma-graphic-hoodie-night-pine
2026-09-19 08:37:46,784 [ERROR] Failed to fetch product page https://uk.representclo.com/products/represent-x-puma-sling-bag-puma-black: 429 Client Error: Too Many Requests for url: https://uk.representclo.com/products/represent-x-puma-sling-bag-puma-black
2026-09-19 08:37:47,352 [ERROR] Failed to fetch product page https://uk.representclo.com/products/represent-x-the-viper-room-dice-hoodie-vintage-grey: 429 Client Error: Too Many Requests for url: https://uk.representclo.com/products/represent-x-the-viper-room-dice-hoodie-vintage-grey
2026-09-19 08:37:47,920 [ERROR] Failed to fetch product page https://uk.representclo.com/products/represent-x-the-viper-room-dice-t-shirt-flat-white: 429 Client Error: Too Many Requests for url: https://uk.representclo.com/products/represent-x-the-viper-room-dice-t-shirt-flat-white
2026-09-19 08:37:48,503 [ERROR] Failed to fetch product page https://uk.representclo.com/products/represent-x-the-viper-room-dice-t-shirt-vintage-grey: 429 Client Error: Too Many Requests for url: https://uk.representclo.com/products/represent-x-the-viper-room-dice-t-shirt-vintage-grey
2026-09-19 08:37:49,071 [ERROR] Failed to fetch product page https://uk.representclo.com/products/represent-x-the-viper-room-glow-t-shirt-vintage-black: 429 Client Error: Too Many Requests for url: https://uk.representclo.com/products/represent-x-the-viper-room-glow-t-shirt-vintage-black
2026-09-19 08:37:49,652 [ERROR] Failed to fetch product page https://uk.representclo.com/products/represent-x-viper-room-x-47-cap-washed-black: 429 Client Error: Too Many Requests for url: https://uk.representclo.com/products/represent-x-viper-room-x-47-cap-washed-black
2026-09-19 08:37:50,221 [ERROR] Failed to fetch product page https://uk.representclo.com/products/reptor-low-black-vintage-white: 429 Client Error: Too Many Requests for url: https://uk.representclo.com/products/reptor-low-black-vintage-white
2026-09-19 08:37:50,787 [ERROR] Failed to fetch product page https://uk.representclo.com/products/resent-hoodie-ash: 429 Client Error: Too Many Requests for url: https://uk.representclo.com/products/resent-hoodie-ash
2026-09-19 08:37:51,365 [ERROR] Failed to fetch product page https://uk.representclo.com/products/resent-plaid-shirt-dark-green: 429 Client Error: Too Many Requests for url: https://uk.representclo.com/products/resent-plaid-shirt-dark-green
2026-09-19 08:37:51,933 [ERROR] Failed to fetch product page https://uk.representclo.com/products/resent-t-shirt-ash: 429 Client Error: Too Many Requests for url: https://uk.representclo.com/products/resent-t-shirt-ash
2026-09-19 08:37:52,505 [ERROR] Failed to fetch product page https://uk.representclo.com/products/retro-football-long-sleeve-t-shirt-shell: 429 Client Error: Too Many Requests for url: https://uk.representclo.com/products/retro-football-long-sleeve-t-shirt-shell
2026-09-19 08:37:53,077 [ERROR] Failed to fetch product page https://uk.representclo.com/products/revere-manor-t-shirt-aged-white: 429 Client Error: Too Many Requests for url: https://uk.representclo.com/products/revere-manor-t-shirt-aged-white
2026-09-19 08:37:53,645 [ERROR] Failed to fetch product page https://uk.representclo.com/products/revere-manor-t-shirt-stained-black: 429 Client Error: Too Many Requests for url: https://uk.representclo.com/products/revere-manor-t-shirt-stained-black
2026-09-19 08:37:54,218 [ERROR] Failed to fetch product page https://uk.representclo.com/products/reverse-resent-t-shirt-flat-white: 429 Client Error: Too Many Requests for url: https://uk.representclo.com/products/reverse-resent-t-shirt-flat-white
2026-09-19 08:37:54,794 [ERROR] Failed to fetch product page https://uk.representclo.com/products/reversible-living-legacy-tour-long-sleeve-t-shirt-sun-fade-grey: 429 Client Error: Too Many Requests for url: https://uk.representclo.com/products/reversible-living-legacy-tour-long-sleeve-t-shirt-sun-fade-grey
2026-09-19 08:37:55,367 [ERROR] Failed to fetch product page https://uk.representclo.com/products/reversible-living-legacy-tour-t-shirt-flat-white: 429 Client Error: Too Many Requests for url: https://uk.representclo.com/products/reversible-living-legacy-tour-t-shirt-flat-white
2026-09-19 08:37:55,937 [ERROR] Failed to fetch product page https://uk.representclo.com/products/reversible-living-legacy-tour-t-shirt-nero: 429 Client Error: Too Many Requests for url: https://uk.representclo.com/products/reversible-living-legacy-tour-t-shirt-nero
2026-09-19 08:37:56,510 [ERROR] Failed to fetch product page https://uk.representclo.com/products/riot-puffer-black: 429 Client Error: Too Many Requests for url: https://uk.representclo.com/products/riot-puffer-black
2026-09-19 08:37:57,116 [ERROR] Failed to fetch product page https://uk.representclo.com/products/riot-puffer-khaki: 429 Client Error: Too Many Requests for url: https://uk.representclo.com/products/riot-puffer-khaki
2026-09-19 08:37:57,690 [ERROR] Failed to fetch product page https://uk.representclo.com/products/rodeo-belt-jet-black: 429 Client Error: Too Many Requests for url: https://uk.representclo.com/products/rodeo-belt-jet-black
2026-09-19 08:37:58,271 [ERROR] Failed to fetch product page https://uk.representclo.com/products/romance-hoodie-vintage-black: 429 Client Error: Too Many Requests for url: https://uk.representclo.com/products/romance-hoodie-vintage-black
2026-09-19 08:37:58,839 [ERROR] Failed to fetch product page https://uk.representclo.com/products/romance-t-shirt-vintage-black: 429 Client Error: Too Many Requests for url: https://uk.representclo.com/products/romance-t-shirt-vintage-black
2026-09-19 08:37:59,409 [ERROR] Failed to fetch product page https://uk.representclo.com/products/santa-monica-x-47-cap-light-blue: 429 Client Error: Too Many Requests for url: https://uk.representclo.com/products/santa-monica-x-47-cap-light-blue
2026-09-19 08:37:59,993 [ERROR] Failed to fetch product page https://uk.representclo.com/products/serif-logo-t-shirt-flat-white: 429 Client Error: Too Many Requests for url: https://uk.representclo.com/products/serif-logo-t-shirt-flat-white
2026-09-19 08:38:00,563 [ERROR] Failed to fetch product page https://uk.representclo.com/products/shadow-247-x-research-studio-eyewear-sunglasses-jet-black: 429 Client Error: Too Many Requests for url: https://uk.representclo.com/products/shadow-247-x-research-studio-eyewear-sunglasses-jet-black
2026-09-19 08:38:01,138 [ERROR] Failed to fetch product page https://uk.representclo.com/products/shark-jaws-t-shirt-flat-white: 429 Client Error: Too Many Requests for url: https://uk.representclo.com/products/shark-jaws-t-shirt-flat-white
2026-09-19 08:38:01,706 [ERROR] Failed to fetch product page https://uk.representclo.com/products/shark-jaws-t-shirt-off-black: 429 Client Error: Too Many Requests for url: https://uk.representclo.com/products/shark-jaws-t-shirt-off-black
2026-09-19 08:38:02,273 [ERROR] Failed to fetch product page https://uk.representclo.com/products/shark-jaws-t-shirt-vintage-grey: 429 Client Error: Too Many Requests for url: https://uk.representclo.com/products/shark-jaws-t-shirt-vintage-grey
2026-09-19 08:38:02,847 [ERROR] Failed to fetch product page https://uk.representclo.com/products/slub-knit-sock-dark-taupe: 429 Client Error: Too Many Requests for url: https://uk.representclo.com/products/slub-knit-sock-dark-taupe
2026-09-19 08:38:03,418 [ERROR] Failed to fetch product page https://uk.representclo.com/products/slub-knit-sock-grey: 429 Client Error: Too Many Requests for url: https://uk.representclo.com/products/slub-knit-sock-grey
2026-09-19 08:38:03,989 [ERROR] Failed to fetch product page https://uk.representclo.com/products/slub-script-t-shirt-ice-blue: 429 Client Error: Too Many Requests for url: https://uk.representclo.com/products/slub-script-t-shirt-ice-blue
2026-09-19 08:38:04,564 [ERROR] Failed to fetch product page https://uk.representclo.com/products/spike-jersey-flat-white: 429 Client Error: Too Many Requests for url: https://uk.representclo.com/products/spike-jersey-flat-white
2026-09-19 08:38:05,134 [ERROR] Failed to fetch product page https://uk.representclo.com/products/spirits-of-summer-t-shirt-sunrise: 429 Client Error: Too Many Requests for url: https://uk.representclo.com/products/spirits-of-summer-t-shirt-sunrise
2026-09-19 08:38:05,710 [ERROR] Failed to fetch product page https://uk.representclo.com/products/star-jersey-jet-black: 429 Client Error: Too Many Requests for url: https://uk.representclo.com/products/star-jersey-jet-black
2026-09-19 08:38:06,281 [ERROR] Failed to fetch product page https://uk.representclo.com/products/star-long-sleeve-jersey-jet-black: 429 Client Error: Too Many Requests for url: https://uk.representclo.com/products/star-long-sleeve-jersey-jet-black
2026-09-19 08:38:06,848 [ERROR] Failed to fetch product page https://uk.representclo.com/products/star-shorts-jet-black: 429 Client Error: Too Many Requests for url: https://uk.representclo.com/products/star-shorts-jet-black
2026-09-19 08:38:07,414 [ERROR] Failed to fetch product page https://uk.representclo.com/products/stepped-hem-hoodie-oat: 429 Client Error: Too Many Requests for url: https://uk.representclo.com/products/stepped-hem-hoodie-oat
2026-09-19 08:38:07,980 [ERROR] Failed to fetch product page https://uk.representclo.com/products/stepped-hem-hoodie-stained-black: 429 Client Error: Too Many Requests for url: https://uk.representclo.com/products/stepped-hem-hoodie-stained-black
2026-09-19 08:38:08,553 [ERROR] Failed to fetch product page https://uk.representclo.com/products/storm-runner-silver-black: 429 Client Error: Too Many Requests for url: https://uk.representclo.com/products/storm-runner-silver-black
2026-09-19 08:38:09,120 [ERROR] Failed to fetch product page https://uk.representclo.com/products/storm-torn-cream: 429 Client Error: Too Many Requests for url: https://uk.representclo.com/products/storm-torn-cream
2026-09-19 08:38:09,693 [ERROR] Failed to fetch product page https://uk.representclo.com/products/storm-torn-flat-white-silver: 429 Client Error: Too Many Requests for url: https://uk.representclo.com/products/storm-torn-flat-white-silver
2026-09-19 08:38:10,269 [ERROR] Failed to fetch product page https://uk.representclo.com/products/storms-in-heaven-hoodie-black: 429 Client Error: Too Many Requests for url: https://uk.representclo.com/products/storms-in-heaven-hoodie-black
2026-09-19 08:38:10,835 [ERROR] Failed to fetch product page https://uk.representclo.com/products/storms-in-heaven-t-shirt-black: 429 Client Error: Too Many Requests for url: https://uk.representclo.com/products/storms-in-heaven-t-shirt-black
2026-09-19 08:38:11,405 [ERROR] Failed to fetch product page https://uk.representclo.com/products/storms-in-heaven-t-shirt-flat-white: 429 Client Error: Too Many Requests for url: https://uk.representclo.com/products/storms-in-heaven-t-shirt-flat-white
2026-09-19 08:38:11,993 [ERROR] Failed to fetch product page https://uk.representclo.com/products/studio-sneaker-black-vintage-white: 429 Client Error: Too Many Requests for url: https://uk.representclo.com/products/studio-sneaker-black-vintage-white
2026-09-19 08:38:12,610 [ERROR] Failed to fetch product page https://uk.representclo.com/products/studio-sneaker-mesh-vintage-white: 429 Client Error: Too Many Requests for url: https://uk.representclo.com/products/studio-sneaker-mesh-vintage-white
2026-09-19 08:38:13,177 [ERROR] Failed to fetch product page https://uk.representclo.com/products/studio-sneaker-white-grey: 429 Client Error: Too Many Requests for url: https://uk.representclo.com/products/studio-sneaker-white-grey
2026-09-19 08:38:13,745 [ERROR] Failed to fetch product page https://uk.representclo.com/products/suede-leather-tote-bag-brown: 429 Client Error: Too Many Requests for url: https://uk.representclo.com/products/suede-leather-tote-bag-brown
2026-09-19 08:38:14,313 [ERROR] Failed to fetch product page https://uk.representclo.com/products/suede-watch-strap-jet-black: 429 Client Error: Too Many Requests for url: https://uk.representclo.com/products/suede-watch-strap-jet-black
2026-09-19 08:38:14,881 [ERROR] Failed to fetch product page https://uk.representclo.com/products/sunglasses-crossbody-bag-jet-black: 429 Client Error: Too Many Requests for url: https://uk.representclo.com/products/sunglasses-crossbody-bag-jet-black
2026-09-19 08:38:15,448 [ERROR] Failed to fetch product page https://uk.representclo.com/products/team-247-2-in-1-shorts-black: 429 Client Error: Too Many Requests for url: https://uk.representclo.com/products/team-247-2-in-1-shorts-black
2026-09-19 08:38:16,016 [ERROR] Failed to fetch product page https://uk.representclo.com/products/team-247-aero-short-black: 429 Client Error: Too Many Requests for url: https://uk.representclo.com/products/team-247-aero-short-black
2026-09-19 08:38:16,584 [ERROR] Failed to fetch product page https://uk.representclo.com/products/team-247-arm-warmers-black: 429 Client Error: Too Many Requests for url: https://uk.representclo.com/products/team-247-arm-warmers-black
2026-09-19 08:38:17,152 [ERROR] Failed to fetch product page https://uk.representclo.com/products/team-247-chest-rig-black: 429 Client Error: Too Many Requests for url: https://uk.representclo.com/products/team-247-chest-rig-black
2026-09-19 08:38:17,719 [ERROR] Failed to fetch product page https://uk.representclo.com/products/team-247-chest-rig-terrain: 429 Client Error: Too Many Requests for url: https://uk.representclo.com/products/team-247-chest-rig-terrain
2026-09-19 08:38:18,301 [ERROR] Failed to fetch product page https://uk.representclo.com/products/team-247-fused-short-graphene: 429 Client Error: Too Many Requests for url: https://uk.representclo.com/products/team-247-fused-short-graphene
2026-09-19 08:38:18,869 [ERROR] Failed to fetch product page https://uk.representclo.com/products/team-247-fused-shorts-black: 429 Client Error: Too Many Requests for url: https://uk.representclo.com/products/team-247-fused-shorts-black
2026-09-19 08:38:19,448 [ERROR] Failed to fetch product page https://uk.representclo.com/products/team-247-half-tight-black: 429 Client Error: Too Many Requests for url: https://uk.representclo.com/products/team-247-half-tight-black
2026-09-19 08:38:20,021 [ERROR] Failed to fetch product page https://uk.representclo.com/products/team-247-headband-black: 429 Client Error: Too Many Requests for url: https://uk.representclo.com/products/team-247-headband-black
2026-09-19 08:38:20,586 [ERROR] Failed to fetch product page https://uk.representclo.com/products/team-247-jersey-short-graphene: 429 Client Error: Too Many Requests for url: https://uk.representclo.com/products/team-247-jersey-short-graphene
2026-09-19 08:38:21,154 [ERROR] Failed to fetch product page https://uk.representclo.com/products/team-247-jersey-short-jet-black: 429 Client Error: Too Many Requests for url: https://uk.representclo.com/products/team-247-jersey-short-jet-black
2026-09-19 08:38:21,725 [ERROR] Failed to fetch product page https://uk.representclo.com/products/team-247-oversized-hoodie-ash-grey: 429 Client Error: Too Many Requests for url: https://uk.representclo.com/products/team-247-oversized-hoodie-ash-grey
2026-09-19 08:38:22,295 [ERROR] Failed to fetch product page https://uk.representclo.com/products/team-247-oversized-hoodie-cream-ss26: 429 Client Error: Too Many Requests for url: https://uk.representclo.com/products/team-247-oversized-hoodie-cream-ss26
2026-09-19 08:38:22,865 [ERROR] Failed to fetch product page https://uk.representclo.com/products/team-247-oversized-hoodie-graphene: 429 Client Error: Too Many Requests for url: https://uk.representclo.com/products/team-247-oversized-hoodie-graphene
2026-09-19 08:38:23,439 [ERROR] Failed to fetch product page https://uk.representclo.com/products/team-247-oversized-hoodie-jet-black: 429 Client Error: Too Many Requests for url: https://uk.representclo.com/products/team-247-oversized-hoodie-jet-black
2026-09-19 08:38:24,033 [ERROR] Failed to fetch product page https://uk.representclo.com/products/team-247-oversized-hoodie-racing-red: 429 Client Error: Too Many Requests for url: https://uk.representclo.com/products/team-247-oversized-hoodie-racing-red
2026-09-19 08:38:24,606 [ERROR] Failed to fetch product page https://uk.representclo.com/products/team-247-oversized-t-shirt-ash-grey-black: 429 Client Error: Too Many Requests for url: https://uk.representclo.com/products/team-247-oversized-t-shirt-ash-grey-black
2026-09-19 08:38:25,182 [ERROR] Failed to fetch product page https://uk.representclo.com/products/team-247-oversized-t-shirt-clay: 429 Client Error: Too Many Requests for url: https://uk.representclo.com/products/team-247-oversized-t-shirt-clay
2026-09-19 08:38:25,756 [ERROR] Failed to fetch product page https://uk.representclo.com/products/team-247-oversized-t-shirt-cream-ss26: 429 Client Error: Too Many Requests for url: https://uk.representclo.com/products/team-247-oversized-t-shirt-cream-ss26
2026-09-19 08:38:26,329 [ERROR] Failed to fetch product page https://uk.representclo.com/products/team-247-oversized-t-shirt-flat-white: 429 Client Error: Too Many Requests for url: https://uk.representclo.com/products/team-247-oversized-t-shirt-flat-white
2026-09-19 08:38:26,910 [ERROR] Failed to fetch product page https://uk.representclo.com/products/team-247-oversized-t-shirt-glacier: 429 Client Error: Too Many Requests for url: https://uk.representclo.com/products/team-247-oversized-t-shirt-glacier
2026-09-19 08:38:27,487 [ERROR] Failed to fetch product page https://uk.representclo.com/products/team-247-oversized-t-shirt-graphene: 429 Client Error: Too Many Requests for url: https://uk.representclo.com/products/team-247-oversized-t-shirt-graphene
2026-09-19 08:38:28,059 [ERROR] Failed to fetch product page https://uk.representclo.com/products/team-247-oversized-t-shirt-jet-black: 429 Client Error: Too Many Requests for url: https://uk.representclo.com/products/team-247-oversized-t-shirt-jet-black
2026-09-19 08:38:28,629 [ERROR] Failed to fetch product page https://uk.representclo.com/products/team-247-oversized-tank-ash-grey: 429 Client Error: Too Many Requests for url: https://uk.representclo.com/products/team-247-oversized-tank-ash-grey
2026-09-19 08:38:29,195 [ERROR] Failed to fetch product page https://uk.representclo.com/products/team-247-oversized-tank-clay: 429 Client Error: Too Many Requests for url: https://uk.representclo.com/products/team-247-oversized-tank-clay
2026-09-19 08:38:29,766 [ERROR] Failed to fetch product page https://uk.representclo.com/products/team-247-oversized-tank-cream-ss26: 429 Client Error: Too Many Requests for url: https://uk.representclo.com/products/team-247-oversized-tank-cream-ss26
2026-09-19 08:38:30,374 [ERROR] Failed to fetch product page https://uk.representclo.com/products/team-247-oversized-tank-fern: 429 Client Error: Too Many Requests for url: https://uk.representclo.com/products/team-247-oversized-tank-fern
2026-09-19 08:38:30,941 [ERROR] Failed to fetch product page https://uk.representclo.com/products/team-247-oversized-tank-flat-white: 429 Client Error: Too Many Requests for url: https://uk.representclo.com/products/team-247-oversized-tank-flat-white
2026-09-19 08:38:31,508 [ERROR] Failed to fetch product page https://uk.representclo.com/products/team-247-oversized-tank-glacier: 429 Client Error: Too Many Requests for url: https://uk.representclo.com/products/team-247-oversized-tank-glacier
2026-09-19 08:38:32,080 [ERROR] Failed to fetch product page https://uk.representclo.com/products/team-247-oversized-tank-jet-black: 429 Client Error: Too Many Requests for url: https://uk.representclo.com/products/team-247-oversized-tank-jet-black
2026-09-19 08:38:32,656 [ERROR] Failed to fetch product page https://uk.representclo.com/products/team-247-race-shorts-jet-black: 429 Client Error: Too Many Requests for url: https://uk.representclo.com/products/team-247-race-shorts-jet-black
2026-09-19 08:38:33,230 [ERROR] Failed to fetch product page https://uk.representclo.com/products/team-247-star-tank-flat-white: 429 Client Error: Too Many Requests for url: https://uk.representclo.com/products/team-247-star-tank-flat-white
2026-09-19 08:38:33,804 [ERROR] Failed to fetch product page https://uk.representclo.com/products/team-247-star-tank-racing-red: 429 Client Error: Too Many Requests for url: https://uk.representclo.com/products/team-247-star-tank-racing-red
2026-09-19 08:38:34,378 [ERROR] Failed to fetch product page https://uk.representclo.com/products/team-247-sweatpant-black: 429 Client Error: Too Many Requests for url: https://uk.representclo.com/products/team-247-sweatpant-black
2026-09-19 08:38:34,947 [ERROR] Failed to fetch product page https://uk.representclo.com/products/team-247-track-jacket-jet-black: 429 Client Error: Too Many Requests for url: https://uk.representclo.com/products/team-247-track-jacket-jet-black
2026-09-19 08:38:35,550 [ERROR] Failed to fetch product page https://uk.representclo.com/products/team-247-training-pant-black: 429 Client Error: Too Many Requests for url: https://uk.representclo.com/products/team-247-training-pant-black
2026-09-19 08:38:36,121 [ERROR] Failed to fetch product page https://uk.representclo.com/products/team-247-x-47-trucker-cap-fern: 429 Client Error: Too Many Requests for url: https://uk.representclo.com/products/team-247-x-47-trucker-cap-fern
2026-09-19 08:38:36,698 [ERROR] Failed to fetch product page https://uk.representclo.com/products/team-247-x-47-trucker-cap-graphene: 429 Client Error: Too Many Requests for url: https://uk.representclo.com/products/team-247-x-47-trucker-cap-graphene
2026-09-19 08:38:37,263 [ERROR] Failed to fetch product page https://uk.representclo.com/products/team-247-x-47-trucker-cap-jet-black: 429 Client Error: Too Many Requests for url: https://uk.representclo.com/products/team-247-x-47-trucker-cap-jet-black
2026-09-19 08:38:37,838 [ERROR] Failed to fetch product page https://uk.representclo.com/products/textured-borg-hoodie-jet-black: 429 Client Error: Too Many Requests for url: https://uk.representclo.com/products/textured-borg-hoodie-jet-black
2026-09-19 08:38:38,409 [ERROR] Failed to fetch product page https://uk.representclo.com/products/the-american-dream-tour-hoodie-sun-fade-grey: 429 Client Error: Too Many Requests for url: https://uk.representclo.com/products/the-american-dream-tour-hoodie-sun-fade-grey
2026-09-19 08:38:38,977 [ERROR] Failed to fetch product page https://uk.representclo.com/products/the-work-jacket-black: 429 Client Error: Too Many Requests for url: https://uk.representclo.com/products/the-work-jacket-black
2026-09-19 08:38:39,548 [ERROR] Failed to fetch product page https://uk.representclo.com/products/thoroughbred-hoodie-vintage-black: 429 Client Error: Too Many Requests for url: https://uk.representclo.com/products/thoroughbred-hoodie-vintage-black
2026-09-19 08:38:40,128 [ERROR] Failed to fetch product page https://uk.representclo.com/products/thoroughbred-jersey-english-rose: 429 Client Error: Too Many Requests for url: https://uk.representclo.com/products/thoroughbred-jersey-english-rose
2026-09-19 08:38:40,694 [ERROR] Failed to fetch product page https://uk.representclo.com/products/thoroughbred-jersey-washed-black: 429 Client Error: Too Many Requests for url: https://uk.representclo.com/products/thoroughbred-jersey-washed-black
2026-09-19 08:38:41,269 [ERROR] Failed to fetch product page https://uk.representclo.com/products/thoroughbred-t-shirt-vintage-black: 429 Client Error: Too Many Requests for url: https://uk.representclo.com/products/thoroughbred-t-shirt-vintage-black
2026-09-19 08:38:41,845 [ERROR] Failed to fetch product page https://uk.representclo.com/products/thoroughbred-t-shirt-vintage-white: 429 Client Error: Too Many Requests for url: https://uk.representclo.com/products/thoroughbred-t-shirt-vintage-white
2026-09-19 08:38:42,409 [ERROR] Failed to fetch product page https://uk.representclo.com/products/three-dogs-jersey-jet-black: 429 Client Error: Too Many Requests for url: https://uk.representclo.com/products/three-dogs-jersey-jet-black
2026-09-19 08:38:42,983 [ERROR] Failed to fetch product page https://uk.representclo.com/products/three-dogs-jersey-mid-brown: 429 Client Error: Too Many Requests for url: https://uk.representclo.com/products/three-dogs-jersey-mid-brown
2026-09-19 08:38:43,552 [ERROR] Failed to fetch product page https://uk.representclo.com/products/track-star-pant-jet-black: 429 Client Error: Too Many Requests for url: https://uk.representclo.com/products/track-star-pant-jet-black
2026-09-19 08:38:44,120 [ERROR] Failed to fetch product page https://uk.representclo.com/products/trucker-jacket-authentic-blue: 429 Client Error: Too Many Requests for url: https://uk.representclo.com/products/trucker-jacket-authentic-blue
2026-09-19 08:38:44,689 [ERROR] Failed to fetch product page https://uk.representclo.com/products/vandal-sweater-tobacco: 429 Client Error: Too Many Requests for url: https://uk.representclo.com/products/vandal-sweater-tobacco
2026-09-19 08:38:45,261 [ERROR] Failed to fetch product page https://uk.representclo.com/products/virtus-off-black: 429 Client Error: Too Many Requests for url: https://uk.representclo.com/products/virtus-off-black
2026-09-19 08:38:45,830 [ERROR] Failed to fetch product page https://uk.representclo.com/products/virtus-vintage-white: 429 Client Error: Too Many Requests for url: https://uk.representclo.com/products/virtus-vintage-white
2026-09-19 08:38:46,397 [ERROR] Failed to fetch product page https://uk.representclo.com/products/waffle-beanie-vintage-black: 429 Client Error: Too Many Requests for url: https://uk.representclo.com/products/waffle-beanie-vintage-black
2026-09-19 08:38:46,966 [ERROR] Failed to fetch product page https://uk.representclo.com/products/waffle-beanie-vintage-falcon: 429 Client Error: Too Many Requests for url: https://uk.representclo.com/products/waffle-beanie-vintage-falcon
2026-09-19 08:38:47,539 [ERROR] Failed to fetch product page https://uk.representclo.com/products/waffle-shorts-black: 429 Client Error: Too Many Requests for url: https://uk.representclo.com/products/waffle-shorts-black
2026-09-19 08:38:48,108 [ERROR] Failed to fetch product page https://uk.representclo.com/products/waffle-t-shirt-flat-white: 429 Client Error: Too Many Requests for url: https://uk.representclo.com/products/waffle-t-shirt-flat-white
2026-09-19 08:38:48,676 [ERROR] Failed to fetch product page https://uk.representclo.com/products/waffle-t-shirt-jet-black-1: 429 Client Error: Too Many Requests for url: https://uk.representclo.com/products/waffle-t-shirt-jet-black-1
2026-09-19 08:38:49,254 [ERROR] Failed to fetch product page https://uk.representclo.com/products/washed-mesh-shorts-washed-black: 429 Client Error: Too Many Requests for url: https://uk.representclo.com/products/washed-mesh-shorts-washed-black
2026-09-19 08:38:49,819 [ERROR] Failed to fetch product page https://uk.representclo.com/products/weekend-bag-black: 429 Client Error: Too Many Requests for url: https://uk.representclo.com/products/weekend-bag-black
2026-09-19 08:38:50,387 [ERROR] Failed to fetch product page https://uk.representclo.com/products/western-initial-t-shirt-flat-white: 429 Client Error: Too Many Requests for url: https://uk.representclo.com/products/western-initial-t-shirt-flat-white
2026-09-19 08:38:50,973 [ERROR] Failed to fetch product page https://uk.representclo.com/products/western-initial-t-shirt-mountain-blue: 429 Client Error: Too Many Requests for url: https://uk.representclo.com/products/western-initial-t-shirt-mountain-blue
2026-09-19 08:38:51,540 [ERROR] Failed to fetch product page https://uk.representclo.com/products/westside-t-shirt-flat-white: 429 Client Error: Too Many Requests for url: https://uk.representclo.com/products/westside-t-shirt-flat-white
2026-09-19 08:38:52,115 [ERROR] Failed to fetch product page https://uk.representclo.com/products/westside-t-shirt-stained-black: 429 Client Error: Too Many Requests for url: https://uk.representclo.com/products/westside-t-shirt-stained-black
2026-09-19 08:38:52,682 [ERROR] Failed to fetch product page https://uk.representclo.com/products/world-championship-hoodie-stained-black: 429 Client Error: Too Many Requests for url: https://uk.representclo.com/products/world-championship-hoodie-stained-black
2026-09-19 08:38:53,253 [ERROR] Failed to fetch product page https://uk.representclo.com/products/world-championship-t-shirt-stained-black: 429 Client Error: Too Many Requests for url: https://uk.representclo.com/products/world-championship-t-shirt-stained-black
2026-09-19 08:38:53,822 [ERROR] Failed to fetch product page https://uk.representclo.com/products/your-times-up-hoodie-vintage-grey-vintage-black: 429 Client Error: Too Many Requests for url: https://uk.representclo.com/products/your-times-up-hoodie-vintage-grey-vintage-black
2026-09-19 08:38:54,346 [INFO] Saved 0 rows to outputs/Чудокаталог - 19.09.2026.csv
2026-09-19 08:38:54,352 [INFO] Excel report saved to outputs/Чудокаталог - 19.09.2026.xlsx
2026-09-19 08:38:54,352 [INFO] Done. Saved 0 rows to outputs/Чудокаталог - 19.09.2026.csv and outputs/Чудокаталог - 19.09.2026.xlsx
