2026-08-26 04:36:20,419 [INFO] Catalog: 'Чудокаталог' — Date: 26.08.2026
2026-08-26 04:36:20,419 [INFO] Output file: outputs/Чудокаталог - 26.08.2026.xlsx
2026-08-26 04:36:20,419 [INFO] URL source: TARGET.txt
2026-08-26 04:36:20,419 [INFO] Collection URL(s) to scrape: ['https://uk.representclo.com/collections/all']
2026-08-26 04:36:20,420 [INFO] Collecting product URLs...
2026-08-26 04:36:22,698 [INFO] Page 1: found 63 new product URLs (total 63)
2026-08-26 04:36:26,167 [INFO] Page 2: found 59 new product URLs (total 122)
2026-08-26 04:36:29,333 [INFO] Page 3: found 60 new product URLs (total 182)
2026-08-26 04:36:32,363 [INFO] Page 4: found 60 new product URLs (total 242)
2026-08-26 04:36:35,475 [INFO] Page 5: found 58 new product URLs (total 300)
2026-08-26 04:36:37,948 [INFO] Page 6: found 60 new product URLs (total 360)
2026-08-26 04:36:41,491 [INFO] Page 7: found 59 new product URLs (total 419)
2026-08-26 04:36:44,592 [INFO] Page 8: found 60 new product URLs (total 479)
2026-08-26 04:36:47,897 [INFO] Page 9: found 60 new product URLs (total 539)
2026-08-26 04:36:50,984 [INFO] Page 10: found 60 new product URLs (total 599)
2026-08-26 04:36:54,087 [INFO] Page 11: found 60 new product URLs (total 659)
2026-08-26 04:36:57,944 [INFO] Page 12: found 60 new product URLs (total 719)
2026-08-26 04:37:02,107 [INFO] Page 13: found 60 new product URLs (total 779)
2026-08-26 04:37:05,796 [WARNING] Failed to fetch collection page https://uk.representclo.com/collections/all?page=14: 500 Server Error: Internal Server Error for url: https://uk.representclo.com/collections/all?page=14
2026-08-26 04:37:05,797 [INFO] Found 779 unique product URLs
2026-08-26 04:37:05,914 [ERROR] Failed to fetch product page https://uk.representclo.com/products/247-aero-shorts-graphene: 429 Client Error: Too Many Requests for url: https://uk.representclo.com/products/247-aero-shorts-graphene
2026-08-26 04:37:08,422 [ERROR] Failed to fetch product page https://uk.representclo.com/products/247-aero-shorts-rust: 429 Client Error: Too Many Requests for url: https://uk.representclo.com/products/247-aero-shorts-rust
2026-08-26 04:37:09,020 [ERROR] Failed to fetch product page https://uk.representclo.com/products/247-aero-shorts-teal: 429 Client Error: Too Many Requests for url: https://uk.representclo.com/products/247-aero-shorts-teal
2026-08-26 04:37:09,620 [ERROR] Failed to fetch product page https://uk.representclo.com/products/247-apple-watch-strap-black-reflective: 429 Client Error: Too Many Requests for url: https://uk.representclo.com/products/247-apple-watch-strap-black-reflective
2026-08-26 04:37:10,249 [ERROR] Failed to fetch product page https://uk.representclo.com/products/247-arc-1-runner-black: 429 Client Error: Too Many Requests for url: https://uk.representclo.com/products/247-arc-1-runner-black
2026-08-26 04:37:10,859 [ERROR] Failed to fetch product page https://uk.representclo.com/products/247-arc-1-runner-black-purple-fade: 429 Client Error: Too Many Requests for url: https://uk.representclo.com/products/247-arc-1-runner-black-purple-fade
2026-08-26 04:37:11,454 [ERROR] Failed to fetch product page https://uk.representclo.com/products/247-arc-1-runner-cream: 429 Client Error: Too Many Requests for url: https://uk.representclo.com/products/247-arc-1-runner-cream
2026-08-26 04:37:12,046 [ERROR] Failed to fetch product page https://uk.representclo.com/products/247-arc-1-runner-flat-white: 429 Client Error: Too Many Requests for url: https://uk.representclo.com/products/247-arc-1-runner-flat-white
2026-08-26 04:37:12,643 [ERROR] Failed to fetch product page https://uk.representclo.com/products/247-arc-1-runner-flat-white-purple-fade: 429 Client Error: Too Many Requests for url: https://uk.representclo.com/products/247-arc-1-runner-flat-white-purple-fade
2026-08-26 04:37:13,243 [ERROR] Failed to fetch product page https://uk.representclo.com/products/247-arc-1-runner-winter-chocolate: 429 Client Error: Too Many Requests for url: https://uk.representclo.com/products/247-arc-1-runner-winter-chocolate
2026-08-26 04:37:15,715 [ERROR] Failed to fetch product page https://uk.representclo.com/products/247-arc-1-runner-yellow: 429 Client Error: Too Many Requests for url: https://uk.representclo.com/products/247-arc-1-runner-yellow
2026-08-26 04:37:16,392 [ERROR] Failed to fetch product page https://uk.representclo.com/products/247-arc-2-trainer-black: 429 Client Error: Too Many Requests for url: https://uk.representclo.com/products/247-arc-2-trainer-black
2026-08-26 04:37:16,993 [ERROR] Failed to fetch product page https://uk.representclo.com/products/247-arc-2-trainer-cream: 429 Client Error: Too Many Requests for url: https://uk.representclo.com/products/247-arc-2-trainer-cream
2026-08-26 04:37:17,584 [ERROR] Failed to fetch product page https://uk.representclo.com/products/247-arc-2-trainer-flat-white: 429 Client Error: Too Many Requests for url: https://uk.representclo.com/products/247-arc-2-trainer-flat-white
2026-08-26 04:37:18,185 [ERROR] Failed to fetch product page https://uk.representclo.com/products/247-arc-2-trainer-yellow: 429 Client Error: Too Many Requests for url: https://uk.representclo.com/products/247-arc-2-trainer-yellow
2026-08-26 04:37:18,785 [ERROR] Failed to fetch product page https://uk.representclo.com/products/247-arc-3-recovery-black: 429 Client Error: Too Many Requests for url: https://uk.representclo.com/products/247-arc-3-recovery-black
2026-08-26 04:37:19,384 [ERROR] Failed to fetch product page https://uk.representclo.com/products/247-arc-3-recovery-falcon: 429 Client Error: Too Many Requests for url: https://uk.representclo.com/products/247-arc-3-recovery-falcon
2026-08-26 04:37:19,976 [ERROR] Failed to fetch product page https://uk.representclo.com/products/247-arc-4-elite-race-black: 429 Client Error: Too Many Requests for url: https://uk.representclo.com/products/247-arc-4-elite-race-black
2026-08-26 04:37:20,586 [ERROR] Failed to fetch product page https://uk.representclo.com/products/247-arc-4-elite-race-cinder: 429 Client Error: Too Many Requests for url: https://uk.representclo.com/products/247-arc-4-elite-race-cinder
2026-08-26 04:37:21,179 [ERROR] Failed to fetch product page https://uk.representclo.com/products/247-arc-4-elite-race-flat-white-jet-black: 429 Client Error: Too Many Requests for url: https://uk.representclo.com/products/247-arc-4-elite-race-flat-white-jet-black
2026-08-26 04:37:21,772 [ERROR] Failed to fetch product page https://uk.representclo.com/products/247-arc-4-race-sock-flat-white: 429 Client Error: Too Many Requests for url: https://uk.representclo.com/products/247-arc-4-race-sock-flat-white
2026-08-26 04:37:24,647 [ERROR] Failed to fetch product page https://uk.representclo.com/products/247-arena-sunglasses-bronze: 429 Client Error: Too Many Requests for url: https://uk.representclo.com/products/247-arena-sunglasses-bronze
2026-08-26 04:37:25,246 [ERROR] Failed to fetch product page https://uk.representclo.com/products/247-arena-sunglasses-papyrus: 429 Client Error: Too Many Requests for url: https://uk.representclo.com/products/247-arena-sunglasses-papyrus
2026-08-26 04:37:25,839 [ERROR] Failed to fetch product page https://uk.representclo.com/products/247-arena-sunglasses-pebble: 429 Client Error: Too Many Requests for url: https://uk.representclo.com/products/247-arena-sunglasses-pebble
2026-08-26 04:37:27,447 [ERROR] Failed to fetch product page https://uk.representclo.com/products/247-balaclava-black: 429 Client Error: Too Many Requests for url: https://uk.representclo.com/products/247-balaclava-black
2026-08-26 04:37:28,045 [ERROR] Failed to fetch product page https://uk.representclo.com/products/247-bandana-black-fade-out: 429 Client Error: Too Many Requests for url: https://uk.representclo.com/products/247-bandana-black-fade-out
2026-08-26 04:37:28,641 [ERROR] Failed to fetch product page https://uk.representclo.com/products/247-bandana-glacier-fade-out: 429 Client Error: Too Many Requests for url: https://uk.representclo.com/products/247-bandana-glacier-fade-out
2026-08-26 04:37:29,238 [ERROR] Failed to fetch product page https://uk.representclo.com/products/247-berlin-bag-black: 429 Client Error: Too Many Requests for url: https://uk.representclo.com/products/247-berlin-bag-black
2026-08-26 04:37:29,829 [ERROR] Failed to fetch product page https://uk.representclo.com/products/247-berlin-hoodie-black-purple: 429 Client Error: Too Many Requests for url: https://uk.representclo.com/products/247-berlin-hoodie-black-purple
2026-08-26 04:37:32,219 [ERROR] Failed to fetch product page https://uk.representclo.com/products/247-berlin-t-shirt-purple: 429 Client Error: Too Many Requests for url: https://uk.representclo.com/products/247-berlin-t-shirt-purple
2026-08-26 04:37:32,820 [ERROR] Failed to fetch product page https://uk.representclo.com/products/247-bottle-xl-clear: 429 Client Error: Too Many Requests for url: https://uk.representclo.com/products/247-bottle-xl-clear
2026-08-26 04:37:33,414 [ERROR] Failed to fetch product page https://uk.representclo.com/products/247-bottle-xl-smoke: 429 Client Error: Too Many Requests for url: https://uk.representclo.com/products/247-bottle-xl-smoke
2026-08-26 04:37:34,051 [ERROR] Failed to fetch product page https://uk.representclo.com/products/247-cargo-half-tight-graphite-grey: 429 Client Error: Too Many Requests for url: https://uk.representclo.com/products/247-cargo-half-tight-graphite-grey
2026-08-26 04:37:34,654 [ERROR] Failed to fetch product page https://uk.representclo.com/products/247-cargo-half-tight-jet-black: 429 Client Error: Too Many Requests for url: https://uk.representclo.com/products/247-cargo-half-tight-jet-black
2026-08-26 04:37:35,274 [ERROR] Failed to fetch product page https://uk.representclo.com/products/247-chest-rig-realtree: 429 Client Error: Too Many Requests for url: https://uk.representclo.com/products/247-chest-rig-realtree
2026-08-26 04:37:35,881 [ERROR] Failed to fetch product page https://uk.representclo.com/products/247-compound-legging-short-black: 429 Client Error: Too Many Requests for url: https://uk.representclo.com/products/247-compound-legging-short-black
2026-08-26 04:37:36,515 [ERROR] Failed to fetch product page https://uk.representclo.com/products/247-compound-long-sleeve-t-shirt-black: 429 Client Error: Too Many Requests for url: https://uk.representclo.com/products/247-compound-long-sleeve-t-shirt-black
2026-08-26 04:37:37,108 [ERROR] Failed to fetch product page https://uk.representclo.com/products/247-compound-t-shirt-black: 429 Client Error: Too Many Requests for url: https://uk.representclo.com/products/247-compound-t-shirt-black
2026-08-26 04:37:39,480 [ERROR] Failed to fetch product page https://uk.representclo.com/products/247-contour-bucket-hat-rust: 429 Client Error: Too Many Requests for url: https://uk.representclo.com/products/247-contour-bucket-hat-rust
2026-08-26 04:37:40,080 [ERROR] Failed to fetch product page https://uk.representclo.com/products/247-contour-run-t-shirt-pebble: 429 Client Error: Too Many Requests for url: https://uk.representclo.com/products/247-contour-run-t-shirt-pebble
2026-08-26 04:37:40,674 [ERROR] Failed to fetch product page https://uk.representclo.com/products/247-contour-run-t-shirt-titanium: 429 Client Error: Too Many Requests for url: https://uk.representclo.com/products/247-contour-run-t-shirt-titanium
2026-08-26 04:37:41,265 [ERROR] Failed to fetch product page https://uk.representclo.com/products/247-contour-run-tank-pebble: 429 Client Error: Too Many Requests for url: https://uk.representclo.com/products/247-contour-run-tank-pebble
2026-08-26 04:37:41,861 [ERROR] Failed to fetch product page https://uk.representclo.com/products/247-crossbody-bag-black: 429 Client Error: Too Many Requests for url: https://uk.representclo.com/products/247-crossbody-bag-black
2026-08-26 04:37:42,460 [ERROR] Failed to fetch product page https://uk.representclo.com/products/247-dna-barrel-leg-sweatpant-jet-black: 429 Client Error: Too Many Requests for url: https://uk.representclo.com/products/247-dna-barrel-leg-sweatpant-jet-black
2026-08-26 04:37:43,068 [ERROR] Failed to fetch product page https://uk.representclo.com/products/247-dna-graphic-hoodie-jet-black: 429 Client Error: Too Many Requests for url: https://uk.representclo.com/products/247-dna-graphic-hoodie-jet-black
2026-08-26 04:37:43,661 [ERROR] Failed to fetch product page https://uk.representclo.com/products/247-dna-graphic-t-shirt-flat-white: 429 Client Error: Too Many Requests for url: https://uk.representclo.com/products/247-dna-graphic-t-shirt-flat-white
2026-08-26 04:37:44,255 [ERROR] Failed to fetch product page https://uk.representclo.com/products/247-dna-graphic-t-shirt-flat-white-26: 429 Client Error: Too Many Requests for url: https://uk.representclo.com/products/247-dna-graphic-t-shirt-flat-white-26
2026-08-26 04:37:44,852 [ERROR] Failed to fetch product page https://uk.representclo.com/products/247-dna-graphic-t-shirt-graphene-26: 429 Client Error: Too Many Requests for url: https://uk.representclo.com/products/247-dna-graphic-t-shirt-graphene-26
2026-08-26 04:37:45,451 [ERROR] Failed to fetch product page https://uk.representclo.com/products/247-dna-graphic-t-shirt-jet-black: 429 Client Error: Too Many Requests for url: https://uk.representclo.com/products/247-dna-graphic-t-shirt-jet-black
2026-08-26 04:37:47,849 [ERROR] Failed to fetch product page https://uk.representclo.com/products/247-dna-hoodie-fern: 429 Client Error: Too Many Requests for url: https://uk.representclo.com/products/247-dna-hoodie-fern
2026-08-26 04:37:48,455 [ERROR] Failed to fetch product page https://uk.representclo.com/products/247-dna-hoodie-graphene: 429 Client Error: Too Many Requests for url: https://uk.representclo.com/products/247-dna-hoodie-graphene
2026-08-26 04:37:49,052 [ERROR] Failed to fetch product page https://uk.representclo.com/products/247-dna-hoodie-jet-black: 429 Client Error: Too Many Requests for url: https://uk.representclo.com/products/247-dna-hoodie-jet-black
2026-08-26 04:37:49,647 [ERROR] Failed to fetch product page https://uk.representclo.com/products/247-dna-hoodie-jet-black-26: 429 Client Error: Too Many Requests for url: https://uk.representclo.com/products/247-dna-hoodie-jet-black-26
2026-08-26 04:37:50,250 [ERROR] Failed to fetch product page https://uk.representclo.com/products/247-dna-mesh-short-graphene: 429 Client Error: Too Many Requests for url: https://uk.representclo.com/products/247-dna-mesh-short-graphene
2026-08-26 04:37:50,844 [ERROR] Failed to fetch product page https://uk.representclo.com/products/247-dna-mesh-short-jet-black: 429 Client Error: Too Many Requests for url: https://uk.representclo.com/products/247-dna-mesh-short-jet-black
2026-08-26 04:37:51,444 [ERROR] Failed to fetch product page https://uk.representclo.com/products/247-dna-mesh-t-shirt-flat-white: 429 Client Error: Too Many Requests for url: https://uk.representclo.com/products/247-dna-mesh-t-shirt-flat-white
2026-08-26 04:37:52,042 [ERROR] Failed to fetch product page https://uk.representclo.com/products/247-dna-mesh-t-shirt-graphene: 429 Client Error: Too Many Requests for url: https://uk.representclo.com/products/247-dna-mesh-t-shirt-graphene
2026-08-26 04:37:52,760 [ERROR] Failed to fetch product page https://uk.representclo.com/products/247-dna-mesh-t-shirt-jet-black: 429 Client Error: Too Many Requests for url: https://uk.representclo.com/products/247-dna-mesh-t-shirt-jet-black
2026-08-26 04:37:53,367 [ERROR] Failed to fetch product page https://uk.representclo.com/products/247-dna-mesh-vest-graphene: 429 Client Error: Too Many Requests for url: https://uk.representclo.com/products/247-dna-mesh-vest-graphene
2026-08-26 04:37:53,961 [ERROR] Failed to fetch product page https://uk.representclo.com/products/247-dna-mesh-vest-jet-black: 429 Client Error: Too Many Requests for url: https://uk.representclo.com/products/247-dna-mesh-vest-jet-black
2026-08-26 04:37:54,553 [ERROR] Failed to fetch product page https://uk.representclo.com/products/247-dna-oversized-t-shirt-graphene: 429 Client Error: Too Many Requests for url: https://uk.representclo.com/products/247-dna-oversized-t-shirt-graphene
2026-08-26 04:37:55,159 [ERROR] Failed to fetch product page https://uk.representclo.com/products/247-dna-oversized-t-shirt-jet-black-26: 429 Client Error: Too Many Requests for url: https://uk.representclo.com/products/247-dna-oversized-t-shirt-jet-black-26
2026-08-26 04:37:55,752 [ERROR] Failed to fetch product page https://uk.representclo.com/products/247-dna-oversized-tank-jet-black-26: 429 Client Error: Too Many Requests for url: https://uk.representclo.com/products/247-dna-oversized-tank-jet-black-26
2026-08-26 04:37:56,353 [ERROR] Failed to fetch product page https://uk.representclo.com/products/247-dna-seamless-shorts-black: 429 Client Error: Too Many Requests for url: https://uk.representclo.com/products/247-dna-seamless-shorts-black
2026-08-26 04:37:56,955 [ERROR] Failed to fetch product page https://uk.representclo.com/products/247-dna-seamless-t-shirt-black: 429 Client Error: Too Many Requests for url: https://uk.representclo.com/products/247-dna-seamless-t-shirt-black
2026-08-26 04:37:57,565 [ERROR] Failed to fetch product page https://uk.representclo.com/products/247-dna-seamless-t-shirt-titanium: 429 Client Error: Too Many Requests for url: https://uk.representclo.com/products/247-dna-seamless-t-shirt-titanium
2026-08-26 04:37:58,190 [ERROR] Failed to fetch product page https://uk.representclo.com/products/247-dna-tank-graphene: 429 Client Error: Too Many Requests for url: https://uk.representclo.com/products/247-dna-tank-graphene
2026-08-26 04:37:58,790 [ERROR] Failed to fetch product page https://uk.representclo.com/products/247-dna-towel-jet-black: 429 Client Error: Too Many Requests for url: https://uk.representclo.com/products/247-dna-towel-jet-black
2026-08-26 04:37:59,393 [ERROR] Failed to fetch product page https://uk.representclo.com/products/247-duffle-gym-bag-jet-black: 429 Client Error: Too Many Requests for url: https://uk.representclo.com/products/247-duffle-gym-bag-jet-black
2026-08-26 04:37:59,989 [ERROR] Failed to fetch product page https://uk.representclo.com/products/247-fallen-angel-graphic-hoodie-vintage-black: 429 Client Error: Too Many Requests for url: https://uk.representclo.com/products/247-fallen-angel-graphic-hoodie-vintage-black
2026-08-26 04:38:00,583 [ERROR] Failed to fetch product page https://uk.representclo.com/products/247-fallen-angel-graphic-t-shirt-fern: 429 Client Error: Too Many Requests for url: https://uk.representclo.com/products/247-fallen-angel-graphic-t-shirt-fern
2026-08-26 04:38:01,189 [ERROR] Failed to fetch product page https://uk.representclo.com/products/247-fallen-angel-graphic-t-shirt-vintage-black: 429 Client Error: Too Many Requests for url: https://uk.representclo.com/products/247-fallen-angel-graphic-t-shirt-vintage-black
2026-08-26 04:38:01,780 [ERROR] Failed to fetch product page https://uk.representclo.com/products/247-form-sweatpant-graphene: 429 Client Error: Too Many Requests for url: https://uk.representclo.com/products/247-form-sweatpant-graphene
2026-08-26 04:38:02,380 [ERROR] Failed to fetch product page https://uk.representclo.com/products/247-form-zip-hood-graphene: 429 Client Error: Too Many Requests for url: https://uk.representclo.com/products/247-form-zip-hood-graphene
2026-08-26 04:38:02,972 [ERROR] Failed to fetch product page https://uk.representclo.com/products/247-form-zip-hoodie-jet-black: 429 Client Error: Too Many Requests for url: https://uk.representclo.com/products/247-form-zip-hoodie-jet-black
2026-08-26 04:38:03,563 [ERROR] Failed to fetch product page https://uk.representclo.com/products/247-fused-shorts-black: 429 Client Error: Too Many Requests for url: https://uk.representclo.com/products/247-fused-shorts-black
2026-08-26 04:38:04,177 [ERROR] Failed to fetch product page https://uk.representclo.com/products/247-fw25-boxers-black: 429 Client Error: Too Many Requests for url: https://uk.representclo.com/products/247-fw25-boxers-black
2026-08-26 04:38:04,770 [ERROR] Failed to fetch product page https://uk.representclo.com/products/247-fw25-gloves-black: 429 Client Error: Too Many Requests for url: https://uk.representclo.com/products/247-fw25-gloves-black
2026-08-26 04:38:05,400 [ERROR] Failed to fetch product page https://uk.representclo.com/products/247-ghost-2-in-1-short-jet-black: 429 Client Error: Too Many Requests for url: https://uk.representclo.com/products/247-ghost-2-in-1-short-jet-black
2026-08-26 04:38:06,000 [ERROR] Failed to fetch product page https://uk.representclo.com/products/247-ghost-half-tight-jet-black: 429 Client Error: Too Many Requests for url: https://uk.representclo.com/products/247-ghost-half-tight-jet-black
2026-08-26 04:38:06,596 [ERROR] Failed to fetch product page https://uk.representclo.com/products/247-ghost-short-247-ombre: 429 Client Error: Too Many Requests for url: https://uk.representclo.com/products/247-ghost-short-247-ombre
2026-08-26 04:38:07,197 [ERROR] Failed to fetch product page https://uk.representclo.com/products/247-ghost-short-jet-black: 429 Client Error: Too Many Requests for url: https://uk.representclo.com/products/247-ghost-short-jet-black
2026-08-26 04:38:07,792 [ERROR] Failed to fetch product page https://uk.representclo.com/products/247-ghost-singlet-247-ombre: 429 Client Error: Too Many Requests for url: https://uk.representclo.com/products/247-ghost-singlet-247-ombre
2026-08-26 04:38:08,394 [ERROR] Failed to fetch product page https://uk.representclo.com/products/247-gym-towel-black: 429 Client Error: Too Many Requests for url: https://uk.representclo.com/products/247-gym-towel-black
2026-08-26 04:38:09,000 [ERROR] Failed to fetch product page https://uk.representclo.com/products/247-hybrid-2-in-1-short-flat-white: 429 Client Error: Too Many Requests for url: https://uk.representclo.com/products/247-hybrid-2-in-1-short-flat-white
2026-08-26 04:38:09,594 [ERROR] Failed to fetch product page https://uk.representclo.com/products/247-hybrid-2-in-1-short-racing-red: 429 Client Error: Too Many Requests for url: https://uk.representclo.com/products/247-hybrid-2-in-1-short-racing-red
2026-08-26 04:38:10,199 [ERROR] Failed to fetch product page https://uk.representclo.com/products/247-hybrid-running-shell-jet-black: 429 Client Error: Too Many Requests for url: https://uk.representclo.com/products/247-hybrid-running-shell-jet-black
2026-08-26 04:38:10,794 [ERROR] Failed to fetch product page https://uk.representclo.com/products/247-hybrid-t-shirt-black-fade-out: 429 Client Error: Too Many Requests for url: https://uk.representclo.com/products/247-hybrid-t-shirt-black-fade-out
2026-08-26 04:38:11,390 [ERROR] Failed to fetch product page https://uk.representclo.com/products/247-hybrid-t-shirt-glacier-fade-out: 429 Client Error: Too Many Requests for url: https://uk.representclo.com/products/247-hybrid-t-shirt-glacier-fade-out
2026-08-26 04:38:11,983 [ERROR] Failed to fetch product page https://uk.representclo.com/products/247-hybrid-t-shirt-red-fade-out: 429 Client Error: Too Many Requests for url: https://uk.representclo.com/products/247-hybrid-t-shirt-red-fade-out
2026-08-26 04:38:12,583 [ERROR] Failed to fetch product page https://uk.representclo.com/products/247-hybrid-tank-glacier-fade-out: 429 Client Error: Too Many Requests for url: https://uk.representclo.com/products/247-hybrid-tank-glacier-fade-out
2026-08-26 04:38:13,214 [ERROR] Failed to fetch product page https://uk.representclo.com/products/247-hydration-belt-black: 429 Client Error: Too Many Requests for url: https://uk.representclo.com/products/247-hydration-belt-black
2026-08-26 04:38:13,812 [ERROR] Failed to fetch product page https://uk.representclo.com/products/247-hydration-phone-case-black: 429 Client Error: Too Many Requests for url: https://uk.representclo.com/products/247-hydration-phone-case-black
2026-08-26 04:38:14,404 [ERROR] Failed to fetch product page https://uk.representclo.com/products/247-logo-socks-black: 429 Client Error: Too Many Requests for url: https://uk.representclo.com/products/247-logo-socks-black
2026-08-26 04:38:15,011 [ERROR] Failed to fetch product page https://uk.representclo.com/products/247-logo-socks-white: 429 Client Error: Too Many Requests for url: https://uk.representclo.com/products/247-logo-socks-white
2026-08-26 04:38:15,605 [ERROR] Failed to fetch product page https://uk.representclo.com/products/247-logo-wrist-bands-black: 429 Client Error: Too Many Requests for url: https://uk.representclo.com/products/247-logo-wrist-bands-black
2026-08-26 04:38:16,206 [ERROR] Failed to fetch product page https://uk.representclo.com/products/247-london-26-half-tight-vintage-grey: 429 Client Error: Too Many Requests for url: https://uk.representclo.com/products/247-london-26-half-tight-vintage-grey
2026-08-26 04:38:16,806 [ERROR] Failed to fetch product page https://uk.representclo.com/products/247-london-26-short-vintage-grey: 429 Client Error: Too Many Requests for url: https://uk.representclo.com/products/247-london-26-short-vintage-grey
2026-08-26 04:38:17,412 [ERROR] Failed to fetch product page https://uk.representclo.com/products/247-london-26-singlet-vintage-grey: 429 Client Error: Too Many Requests for url: https://uk.representclo.com/products/247-london-26-singlet-vintage-grey
2026-08-26 04:38:18,008 [ERROR] Failed to fetch product page https://uk.representclo.com/products/247-london-26-t-shirt-vintage-grey: 429 Client Error: Too Many Requests for url: https://uk.representclo.com/products/247-london-26-t-shirt-vintage-grey
2026-08-26 04:38:18,609 [ERROR] Failed to fetch product page https://uk.representclo.com/products/247-london-bag-black: 429 Client Error: Too Many Requests for url: https://uk.representclo.com/products/247-london-bag-black
2026-08-26 04:38:19,202 [ERROR] Failed to fetch product page https://uk.representclo.com/products/247-los-angeles-26-shirt-khaki: 429 Client Error: Too Many Requests for url: https://uk.representclo.com/products/247-los-angeles-26-shirt-khaki
2026-08-26 04:38:19,797 [ERROR] Failed to fetch product page https://uk.representclo.com/products/247-los-angeles-26-singlet-aged-khaki: 429 Client Error: Too Many Requests for url: https://uk.representclo.com/products/247-los-angeles-26-singlet-aged-khaki
2026-08-26 04:38:20,487 [ERROR] Failed to fetch product page https://uk.representclo.com/products/247-los-angeles-bag-black: 429 Client Error: Too Many Requests for url: https://uk.representclo.com/products/247-los-angeles-bag-black
2026-08-26 04:38:21,096 [ERROR] Failed to fetch product page https://uk.representclo.com/products/247-manchester-bag-black: 429 Client Error: Too Many Requests for url: https://uk.representclo.com/products/247-manchester-bag-black
2026-08-26 04:38:21,698 [ERROR] Failed to fetch product page https://uk.representclo.com/products/247-mission-series-t-shirt-2026-jet-black: 429 Client Error: Too Many Requests for url: https://uk.representclo.com/products/247-mission-series-t-shirt-2026-jet-black
2026-08-26 04:38:22,313 [ERROR] Failed to fetch product page https://uk.representclo.com/products/247-motion-oversized-tank-rust: 429 Client Error: Too Many Requests for url: https://uk.representclo.com/products/247-motion-oversized-tank-rust
2026-08-26 04:38:22,912 [ERROR] Failed to fetch product page https://uk.representclo.com/products/247-new-york-bag-black: 429 Client Error: Too Many Requests for url: https://uk.representclo.com/products/247-new-york-bag-black
2026-08-26 04:38:23,508 [ERROR] Failed to fetch product page https://uk.representclo.com/products/247-new-york-t-shirt-pink: 429 Client Error: Too Many Requests for url: https://uk.representclo.com/products/247-new-york-t-shirt-pink
2026-08-26 04:38:24,114 [ERROR] Failed to fetch product page https://uk.representclo.com/products/247-noble-long-sleeve-t-shirt-graphene: 429 Client Error: Too Many Requests for url: https://uk.representclo.com/products/247-noble-long-sleeve-t-shirt-graphene
2026-08-26 04:38:24,711 [ERROR] Failed to fetch product page https://uk.representclo.com/products/247-noble-t-shirt-graphene: 429 Client Error: Too Many Requests for url: https://uk.representclo.com/products/247-noble-t-shirt-graphene
2026-08-26 04:38:25,310 [ERROR] Failed to fetch product page https://uk.representclo.com/products/247-noble-t-shirt-jet-black: 429 Client Error: Too Many Requests for url: https://uk.representclo.com/products/247-noble-t-shirt-jet-black
2026-08-26 04:38:25,920 [ERROR] Failed to fetch product page https://uk.representclo.com/products/247-numbers-beanie-grey-marl: 429 Client Error: Too Many Requests for url: https://uk.representclo.com/products/247-numbers-beanie-grey-marl
2026-08-26 04:38:26,528 [ERROR] Failed to fetch product page https://uk.representclo.com/products/247-numbers-beanie-jet-black: 429 Client Error: Too Many Requests for url: https://uk.representclo.com/products/247-numbers-beanie-jet-black
2026-08-26 04:38:27,120 [ERROR] Failed to fetch product page https://uk.representclo.com/products/247-numbers-cap-graphene: 429 Client Error: Too Many Requests for url: https://uk.representclo.com/products/247-numbers-cap-graphene
2026-08-26 04:38:29,381 [ERROR] Failed to fetch product page https://uk.representclo.com/products/247-numbers-cap-jet-black: 429 Client Error: Too Many Requests for url: https://uk.representclo.com/products/247-numbers-cap-jet-black
2026-08-26 04:38:29,980 [ERROR] Failed to fetch product page https://uk.representclo.com/products/247-numbers-cap-teal: 429 Client Error: Too Many Requests for url: https://uk.representclo.com/products/247-numbers-cap-teal
2026-08-26 04:38:30,576 [ERROR] Failed to fetch product page https://uk.representclo.com/products/247-numbers-cargo-half-tight-graphene: 429 Client Error: Too Many Requests for url: https://uk.representclo.com/products/247-numbers-cargo-half-tight-graphene
2026-08-26 04:38:31,173 [ERROR] Failed to fetch product page https://uk.representclo.com/products/247-numbers-gaiter-grey-marl: 429 Client Error: Too Many Requests for url: https://uk.representclo.com/products/247-numbers-gaiter-grey-marl
2026-08-26 04:38:31,778 [ERROR] Failed to fetch product page https://uk.representclo.com/products/247-numbers-gaiter-jet-black: 429 Client Error: Too Many Requests for url: https://uk.representclo.com/products/247-numbers-gaiter-jet-black
2026-08-26 04:38:32,373 [ERROR] Failed to fetch product page https://uk.representclo.com/products/247-numbers-glove-jet-black: 429 Client Error: Too Many Requests for url: https://uk.representclo.com/products/247-numbers-glove-jet-black
2026-08-26 04:38:32,966 [ERROR] Failed to fetch product page https://uk.representclo.com/products/247-numbers-race-sock-graphene: 429 Client Error: Too Many Requests for url: https://uk.representclo.com/products/247-numbers-race-sock-graphene
2026-08-26 04:38:33,572 [ERROR] Failed to fetch product page https://uk.representclo.com/products/247-numbers-socks-flat-white: 429 Client Error: Too Many Requests for url: https://uk.representclo.com/products/247-numbers-socks-flat-white
2026-08-26 04:38:34,170 [ERROR] Failed to fetch product page https://uk.representclo.com/products/247-numbers-socks-jet-black: 429 Client Error: Too Many Requests for url: https://uk.representclo.com/products/247-numbers-socks-jet-black
2026-08-26 04:38:34,769 [ERROR] Failed to fetch product page https://uk.representclo.com/products/247-numbers-t-shirt-flat-white: 429 Client Error: Too Many Requests for url: https://uk.representclo.com/products/247-numbers-t-shirt-flat-white
2026-08-26 04:38:35,370 [ERROR] Failed to fetch product page https://uk.representclo.com/products/247-numbers-t-shirt-graphene: 429 Client Error: Too Many Requests for url: https://uk.representclo.com/products/247-numbers-t-shirt-graphene
2026-08-26 04:38:35,972 [ERROR] Failed to fetch product page https://uk.representclo.com/products/247-numbers-t-shirt-jet-black-v2: 429 Client Error: Too Many Requests for url: https://uk.representclo.com/products/247-numbers-t-shirt-jet-black-v2
2026-08-26 04:38:36,574 [ERROR] Failed to fetch product page https://uk.representclo.com/products/247-numbers-vest-flat-white: 429 Client Error: Too Many Requests for url: https://uk.representclo.com/products/247-numbers-vest-flat-white
2026-08-26 04:38:37,176 [ERROR] Failed to fetch product page https://uk.representclo.com/products/247-numbers-vest-graphene: 429 Client Error: Too Many Requests for url: https://uk.representclo.com/products/247-numbers-vest-graphene
2026-08-26 04:38:37,771 [ERROR] Failed to fetch product page https://uk.representclo.com/products/247-numbers-vest-graphite-grey: 429 Client Error: Too Many Requests for url: https://uk.representclo.com/products/247-numbers-vest-graphite-grey
2026-08-26 04:38:38,366 [ERROR] Failed to fetch product page https://uk.representclo.com/products/247-numbers-vest-jet-black-v2: 429 Client Error: Too Many Requests for url: https://uk.representclo.com/products/247-numbers-vest-jet-black-v2
2026-08-26 04:38:38,964 [ERROR] Failed to fetch product page https://uk.representclo.com/products/247-numbers-vest-teal: 429 Client Error: Too Many Requests for url: https://uk.representclo.com/products/247-numbers-vest-teal
2026-08-26 04:38:39,566 [ERROR] Failed to fetch product page https://uk.representclo.com/products/247-on-a-mission-long-sleeve-t-shirt-jet-black: 429 Client Error: Too Many Requests for url: https://uk.representclo.com/products/247-on-a-mission-long-sleeve-t-shirt-jet-black
2026-08-26 04:38:40,172 [ERROR] Failed to fetch product page https://uk.representclo.com/products/247-on-a-mission-t-shirt-jet-black: 429 Client Error: Too Many Requests for url: https://uk.representclo.com/products/247-on-a-mission-t-shirt-jet-black
2026-08-26 04:38:40,771 [ERROR] Failed to fetch product page https://uk.representclo.com/products/247-oversized-hoodie-jet-black: 429 Client Error: Too Many Requests for url: https://uk.representclo.com/products/247-oversized-hoodie-jet-black
2026-08-26 04:38:41,365 [ERROR] Failed to fetch product page https://uk.representclo.com/products/247-oversized-t-shirt-flat-white-1: 429 Client Error: Too Many Requests for url: https://uk.representclo.com/products/247-oversized-t-shirt-flat-white-1
2026-08-26 04:38:43,632 [ERROR] Failed to fetch product page https://uk.representclo.com/products/247-oversized-tank-flat-white-1: 429 Client Error: Too Many Requests for url: https://uk.representclo.com/products/247-oversized-tank-flat-white-1
2026-08-26 04:38:44,231 [ERROR] Failed to fetch product page https://uk.representclo.com/products/247-oversized-tank-jet-black-1: 429 Client Error: Too Many Requests for url: https://uk.representclo.com/products/247-oversized-tank-jet-black-1
2026-08-26 04:38:44,825 [ERROR] Failed to fetch product page https://uk.representclo.com/products/247-pant-black: 429 Client Error: Too Many Requests for url: https://uk.representclo.com/products/247-pant-black
2026-08-26 04:38:45,444 [ERROR] Failed to fetch product page https://uk.representclo.com/products/247-pant-graphene: 429 Client Error: Too Many Requests for url: https://uk.representclo.com/products/247-pant-graphene
2026-08-26 04:38:46,047 [ERROR] Failed to fetch product page https://uk.representclo.com/products/247-power-dry-t-shirt-ash-grey: 429 Client Error: Too Many Requests for url: https://uk.representclo.com/products/247-power-dry-t-shirt-ash-grey
2026-08-26 04:38:46,639 [ERROR] Failed to fetch product page https://uk.representclo.com/products/247-power-dry-t-shirt-jet-black: 429 Client Error: Too Many Requests for url: https://uk.representclo.com/products/247-power-dry-t-shirt-jet-black
2026-08-26 04:38:47,232 [ERROR] Failed to fetch product page https://uk.representclo.com/products/247-power-shield-padded-gilet-jet-black: 429 Client Error: Too Many Requests for url: https://uk.representclo.com/products/247-power-shield-padded-gilet-jet-black
2026-08-26 04:38:47,829 [ERROR] Failed to fetch product page https://uk.representclo.com/products/247-power-shield-windbreaker-jet-black: 429 Client Error: Too Many Requests for url: https://uk.representclo.com/products/247-power-shield-windbreaker-jet-black
2026-08-26 04:38:48,436 [ERROR] Failed to fetch product page https://uk.representclo.com/products/247-protein-shaker-black: 429 Client Error: Too Many Requests for url: https://uk.representclo.com/products/247-protein-shaker-black
2026-08-26 04:38:49,037 [ERROR] Failed to fetch product page https://uk.representclo.com/products/247-race-half-tight-washed-grey: 429 Client Error: Too Many Requests for url: https://uk.representclo.com/products/247-race-half-tight-washed-grey
2026-08-26 04:38:49,633 [ERROR] Failed to fetch product page https://uk.representclo.com/products/247-race-pins-antique-silver: 429 Client Error: Too Many Requests for url: https://uk.representclo.com/products/247-race-pins-antique-silver
2026-08-26 04:38:50,234 [ERROR] Failed to fetch product page https://uk.representclo.com/products/247-race-short-washed-grey: 429 Client Error: Too Many Requests for url: https://uk.representclo.com/products/247-race-short-washed-grey
2026-08-26 04:38:50,834 [ERROR] Failed to fetch product page https://uk.representclo.com/products/247-race-sock-2-pack-white: 429 Client Error: Too Many Requests for url: https://uk.representclo.com/products/247-race-sock-2-pack-white
2026-08-26 04:38:51,429 [ERROR] Failed to fetch product page https://uk.representclo.com/products/247-reflex-run-cap-jet-black: 429 Client Error: Too Many Requests for url: https://uk.representclo.com/products/247-reflex-run-cap-jet-black
2026-08-26 04:38:52,024 [ERROR] Failed to fetch product page https://uk.representclo.com/products/247-reflex-run-socks-flat-white: 429 Client Error: Too Many Requests for url: https://uk.representclo.com/products/247-reflex-run-socks-flat-white
2026-08-26 04:38:52,625 [ERROR] Failed to fetch product page https://uk.representclo.com/products/247-reflex-run-socks-jet-black: 429 Client Error: Too Many Requests for url: https://uk.representclo.com/products/247-reflex-run-socks-jet-black
2026-08-26 04:38:53,225 [ERROR] Failed to fetch product page https://uk.representclo.com/products/247-ribbed-half-tight-jet-black-v2: 429 Client Error: Too Many Requests for url: https://uk.representclo.com/products/247-ribbed-half-tight-jet-black-v2
2026-08-26 04:38:53,830 [ERROR] Failed to fetch product page https://uk.representclo.com/products/247-ripstop-cap-black-reflective: 429 Client Error: Too Many Requests for url: https://uk.representclo.com/products/247-ripstop-cap-black-reflective
2026-08-26 04:38:54,422 [ERROR] Failed to fetch product page https://uk.representclo.com/products/247-running-belt-jet-black: 429 Client Error: Too Many Requests for url: https://uk.representclo.com/products/247-running-belt-jet-black
2026-08-26 04:38:55,019 [ERROR] Failed to fetch product page https://uk.representclo.com/products/247-short-graphene: 429 Client Error: Too Many Requests for url: https://uk.representclo.com/products/247-short-graphene
2026-08-26 04:38:55,611 [ERROR] Failed to fetch product page https://uk.representclo.com/products/247-shorts-black: 429 Client Error: Too Many Requests for url: https://uk.representclo.com/products/247-shorts-black
2026-08-26 04:38:56,208 [ERROR] Failed to fetch product page https://uk.representclo.com/products/247-singlet-cinder: 429 Client Error: Too Many Requests for url: https://uk.representclo.com/products/247-singlet-cinder
2026-08-26 04:38:56,806 [ERROR] Failed to fetch product page https://uk.representclo.com/products/247-ski-gloves-black: 429 Client Error: Too Many Requests for url: https://uk.representclo.com/products/247-ski-gloves-black
2026-08-26 04:38:57,411 [ERROR] Failed to fetch product page https://uk.representclo.com/products/247-skull-cap-jet-black: 429 Client Error: Too Many Requests for url: https://uk.representclo.com/products/247-skull-cap-jet-black
2026-08-26 04:38:58,004 [ERROR] Failed to fetch product page https://uk.representclo.com/products/247-sling-bag-black: 429 Client Error: Too Many Requests for url: https://uk.representclo.com/products/247-sling-bag-black
2026-08-26 04:38:58,611 [ERROR] Failed to fetch product page https://uk.representclo.com/products/247-ss26-cargo-half-tight-jet-black: 429 Client Error: Too Many Requests for url: https://uk.representclo.com/products/247-ss26-cargo-half-tight-jet-black
2026-08-26 04:38:59,206 [ERROR] Failed to fetch product page https://uk.representclo.com/products/247-stratum-sunglasses-flat-white: 429 Client Error: Too Many Requests for url: https://uk.representclo.com/products/247-stratum-sunglasses-flat-white
2026-08-26 04:38:59,809 [ERROR] Failed to fetch product page https://uk.representclo.com/products/247-stratum-sunglasses-jet-black: 429 Client Error: Too Many Requests for url: https://uk.representclo.com/products/247-stratum-sunglasses-jet-black
2026-08-26 04:39:00,419 [ERROR] Failed to fetch product page https://uk.representclo.com/products/247-sydney-cap-washed-grey: 429 Client Error: Too Many Requests for url: https://uk.representclo.com/products/247-sydney-cap-washed-grey
2026-08-26 04:39:01,017 [ERROR] Failed to fetch product page https://uk.representclo.com/products/247-sydney-hoodie-washed-grey: 429 Client Error: Too Many Requests for url: https://uk.representclo.com/products/247-sydney-hoodie-washed-grey
2026-08-26 04:39:01,616 [ERROR] Failed to fetch product page https://uk.representclo.com/products/247-sydney-singlet-washed-grey: 429 Client Error: Too Many Requests for url: https://uk.representclo.com/products/247-sydney-singlet-washed-grey
2026-08-26 04:39:02,223 [ERROR] Failed to fetch product page https://uk.representclo.com/products/247-sydney-t-shirt-washed-grey: 429 Client Error: Too Many Requests for url: https://uk.representclo.com/products/247-sydney-t-shirt-washed-grey
2026-08-26 04:39:02,822 [ERROR] Failed to fetch product page https://uk.representclo.com/products/247-sydney-tank-washed-grey: 429 Client Error: Too Many Requests for url: https://uk.representclo.com/products/247-sydney-tank-washed-grey
2026-08-26 04:39:03,416 [ERROR] Failed to fetch product page https://uk.representclo.com/products/247-team-straight-leg-track-pant-jet-black: 429 Client Error: Too Many Requests for url: https://uk.representclo.com/products/247-team-straight-leg-track-pant-jet-black
2026-08-26 04:39:04,015 [ERROR] Failed to fetch product page https://uk.representclo.com/products/247-torch-boxy-long-sleeve-t-shirt-bleach-wash: 429 Client Error: Too Many Requests for url: https://uk.representclo.com/products/247-torch-boxy-long-sleeve-t-shirt-bleach-wash
2026-08-26 04:39:04,610 [ERROR] Failed to fetch product page https://uk.representclo.com/products/247-torch-boxy-long-sleeve-t-shirt-washed-black: 429 Client Error: Too Many Requests for url: https://uk.representclo.com/products/247-torch-boxy-long-sleeve-t-shirt-washed-black
2026-08-26 04:39:05,206 [ERROR] Failed to fetch product page https://uk.representclo.com/products/247-torch-boxy-t-shirt-bleach-wash: 429 Client Error: Too Many Requests for url: https://uk.representclo.com/products/247-torch-boxy-t-shirt-bleach-wash
2026-08-26 04:39:05,800 [ERROR] Failed to fetch product page https://uk.representclo.com/products/247-torch-boxy-t-shirt-washed-black: 429 Client Error: Too Many Requests for url: https://uk.representclo.com/products/247-torch-boxy-t-shirt-washed-black
2026-08-26 04:39:06,401 [ERROR] Failed to fetch product page https://uk.representclo.com/products/247-torch-boxy-tank-bleach-wash: 429 Client Error: Too Many Requests for url: https://uk.representclo.com/products/247-torch-boxy-tank-bleach-wash
2026-08-26 04:39:06,994 [ERROR] Failed to fetch product page https://uk.representclo.com/products/247-tote-bag-black: 429 Client Error: Too Many Requests for url: https://uk.representclo.com/products/247-tote-bag-black
2026-08-26 04:39:07,607 [ERROR] Failed to fetch product page https://uk.representclo.com/products/247-trail-long-sleeve-t-shirt-black: 429 Client Error: Too Many Requests for url: https://uk.representclo.com/products/247-trail-long-sleeve-t-shirt-black
2026-08-26 04:39:08,211 [ERROR] Failed to fetch product page https://uk.representclo.com/products/247-trail-long-sleeve-t-shirt-chocolate: 429 Client Error: Too Many Requests for url: https://uk.representclo.com/products/247-trail-long-sleeve-t-shirt-chocolate
2026-08-26 04:39:08,816 [ERROR] Failed to fetch product page https://uk.representclo.com/products/247-trail-long-sleeve-t-shirt-steel: 429 Client Error: Too Many Requests for url: https://uk.representclo.com/products/247-trail-long-sleeve-t-shirt-steel
2026-08-26 04:39:09,421 [ERROR] Failed to fetch product page https://uk.representclo.com/products/247-trail-short-graphene: 429 Client Error: Too Many Requests for url: https://uk.representclo.com/products/247-trail-short-graphene
2026-08-26 04:39:10,017 [ERROR] Failed to fetch product page https://uk.representclo.com/products/247-trail-short-graphite-grey: 429 Client Error: Too Many Requests for url: https://uk.representclo.com/products/247-trail-short-graphite-grey
2026-08-26 04:39:10,612 [ERROR] Failed to fetch product page https://uk.representclo.com/products/247-trail-short-jet-black: 429 Client Error: Too Many Requests for url: https://uk.representclo.com/products/247-trail-short-jet-black
2026-08-26 04:39:11,209 [ERROR] Failed to fetch product page https://uk.representclo.com/products/247-trail-sock-black: 429 Client Error: Too Many Requests for url: https://uk.representclo.com/products/247-trail-sock-black
2026-08-26 04:39:11,800 [ERROR] Failed to fetch product page https://uk.representclo.com/products/247-trail-t-shirt-black: 429 Client Error: Too Many Requests for url: https://uk.representclo.com/products/247-trail-t-shirt-black
2026-08-26 04:39:12,404 [ERROR] Failed to fetch product page https://uk.representclo.com/products/247-trail-t-shirt-chocolate: 429 Client Error: Too Many Requests for url: https://uk.representclo.com/products/247-trail-t-shirt-chocolate
2026-08-26 04:39:12,997 [ERROR] Failed to fetch product page https://uk.representclo.com/products/247-trail-t-shirt-steel: 429 Client Error: Too Many Requests for url: https://uk.representclo.com/products/247-trail-t-shirt-steel
2026-08-26 04:39:13,591 [ERROR] Failed to fetch product page https://uk.representclo.com/products/247-trail-tank-black: 429 Client Error: Too Many Requests for url: https://uk.representclo.com/products/247-trail-tank-black
2026-08-26 04:39:14,205 [ERROR] Failed to fetch product page https://uk.representclo.com/products/247-trail-tank-chocolate: 429 Client Error: Too Many Requests for url: https://uk.representclo.com/products/247-trail-tank-chocolate
2026-08-26 04:39:14,799 [ERROR] Failed to fetch product page https://uk.representclo.com/products/247-trail-tank-steel: 429 Client Error: Too Many Requests for url: https://uk.representclo.com/products/247-trail-tank-steel
2026-08-26 04:39:15,609 [ERROR] Failed to fetch product page https://uk.representclo.com/products/247-training-short-dusk: 429 Client Error: Too Many Requests for url: https://uk.representclo.com/products/247-training-short-dusk
2026-08-26 04:39:16,212 [ERROR] Failed to fetch product page https://uk.representclo.com/products/247-trek-shorts-chocolate: 429 Client Error: Too Many Requests for url: https://uk.representclo.com/products/247-trek-shorts-chocolate
2026-08-26 04:39:16,818 [ERROR] Failed to fetch product page https://uk.representclo.com/products/247-trek-shorts-electric-blue: 429 Client Error: Too Many Requests for url: https://uk.representclo.com/products/247-trek-shorts-electric-blue
2026-08-26 04:39:17,415 [ERROR] Failed to fetch product page https://uk.representclo.com/products/247-trek-shorts-steel: 429 Client Error: Too Many Requests for url: https://uk.representclo.com/products/247-trek-shorts-steel
2026-08-26 04:39:18,006 [ERROR] Failed to fetch product page https://uk.representclo.com/products/247-ultra-midlayer-jet-black: 429 Client Error: Too Many Requests for url: https://uk.representclo.com/products/247-ultra-midlayer-jet-black
2026-08-26 04:39:18,607 [ERROR] Failed to fetch product page https://uk.representclo.com/products/247-ultra-short-black-fade-out: 429 Client Error: Too Many Requests for url: https://uk.representclo.com/products/247-ultra-short-black-fade-out
2026-08-26 04:39:19,199 [ERROR] Failed to fetch product page https://uk.representclo.com/products/247-ultra-short-glacier-fade-out: 429 Client Error: Too Many Requests for url: https://uk.representclo.com/products/247-ultra-short-glacier-fade-out
2026-08-26 04:39:19,792 [ERROR] Failed to fetch product page https://uk.representclo.com/products/247-ultra-singlet-black-fade-out: 429 Client Error: Too Many Requests for url: https://uk.representclo.com/products/247-ultra-singlet-black-fade-out
2026-08-26 04:39:20,389 [ERROR] Failed to fetch product page https://uk.representclo.com/products/247-ultra-singlet-glacier-fade-out: 429 Client Error: Too Many Requests for url: https://uk.representclo.com/products/247-ultra-singlet-glacier-fade-out
2026-08-26 04:39:20,979 [ERROR] Failed to fetch product page https://uk.representclo.com/products/247-uprising-long-sleeve-seamless-t-shirt-chocolate: 429 Client Error: Too Many Requests for url: https://uk.representclo.com/products/247-uprising-long-sleeve-seamless-t-shirt-chocolate
2026-08-26 04:39:21,570 [ERROR] Failed to fetch product page https://uk.representclo.com/products/247-uprising-long-sleeve-seamless-t-shirt-steel: 429 Client Error: Too Many Requests for url: https://uk.representclo.com/products/247-uprising-long-sleeve-seamless-t-shirt-steel
2026-08-26 04:39:22,169 [ERROR] Failed to fetch product page https://uk.representclo.com/products/247-uprising-zip-hoodie-black: 429 Client Error: Too Many Requests for url: https://uk.representclo.com/products/247-uprising-zip-hoodie-black
2026-08-26 04:39:22,768 [ERROR] Failed to fetch product page https://uk.representclo.com/products/247-waffle-beanie-jet-black: 429 Client Error: Too Many Requests for url: https://uk.representclo.com/products/247-waffle-beanie-jet-black
2026-08-26 04:39:23,360 [ERROR] Failed to fetch product page https://uk.representclo.com/products/247-x-47-taped-cap-jet-black: 429 Client Error: Too Many Requests for url: https://uk.representclo.com/products/247-x-47-taped-cap-jet-black
2026-08-26 04:39:23,974 [ERROR] Failed to fetch product page https://uk.representclo.com/products/247-x-avenged-sevenfold-city-of-evil-tank-aged-black: 429 Client Error: Too Many Requests for url: https://uk.representclo.com/products/247-x-avenged-sevenfold-city-of-evil-tank-aged-black
2026-08-26 04:39:24,609 [ERROR] Failed to fetch product page https://uk.representclo.com/products/247-x-avenged-sevenfold-death-bat-singlet-washed-grey: 429 Client Error: Too Many Requests for url: https://uk.representclo.com/products/247-x-avenged-sevenfold-death-bat-singlet-washed-grey
2026-08-26 04:39:25,208 [ERROR] Failed to fetch product page https://uk.representclo.com/products/247-x-avenged-sevenfold-death-bat-t-shirt-dirty-white: 429 Client Error: Too Many Requests for url: https://uk.representclo.com/products/247-x-avenged-sevenfold-death-bat-t-shirt-dirty-white
2026-08-26 04:39:25,815 [ERROR] Failed to fetch product page https://uk.representclo.com/products/247-x-avenged-sevenfold-nightmare-long-sleeve-t-shirt-aged-black: 429 Client Error: Too Many Requests for url: https://uk.representclo.com/products/247-x-avenged-sevenfold-nightmare-long-sleeve-t-shirt-aged-black
2026-08-26 04:39:26,410 [ERROR] Failed to fetch product page https://uk.representclo.com/products/247-x-avenged-sevenfold-nightmare-t-shirt-aged-black: 429 Client Error: Too Many Requests for url: https://uk.representclo.com/products/247-x-avenged-sevenfold-nightmare-t-shirt-aged-black
2026-08-26 04:39:27,004 [ERROR] Failed to fetch product page https://uk.representclo.com/products/a-decade-of-dedication-extended-edition: 429 Client Error: Too Many Requests for url: https://uk.representclo.com/products/a-decade-of-dedication-extended-edition
2026-08-26 04:39:27,611 [ERROR] Failed to fetch product page https://uk.representclo.com/products/alpha-2-0-black: 429 Client Error: Too Many Requests for url: https://uk.representclo.com/products/alpha-2-0-black
2026-08-26 04:39:28,210 [ERROR] Failed to fetch product page https://uk.representclo.com/products/alpha-wrap-jet-black: 429 Client Error: Too Many Requests for url: https://uk.representclo.com/products/alpha-wrap-jet-black
2026-08-26 04:39:28,805 [ERROR] Failed to fetch product page https://uk.representclo.com/products/alpha-wrap-vintage-white: 429 Client Error: Too Many Requests for url: https://uk.representclo.com/products/alpha-wrap-vintage-white
2026-08-26 04:39:29,410 [ERROR] Failed to fetch product page https://uk.representclo.com/products/american-football-jersey-chalk: 429 Client Error: Too Many Requests for url: https://uk.representclo.com/products/american-football-jersey-chalk
2026-08-26 04:39:30,001 [ERROR] Failed to fetch product page https://uk.representclo.com/products/angel-border-t-shirt-stained-black: 429 Client Error: Too Many Requests for url: https://uk.representclo.com/products/angel-border-t-shirt-stained-black
2026-08-26 04:39:30,592 [ERROR] Failed to fetch product page https://uk.representclo.com/products/angel-border-t-shirt-washed-ecru: 429 Client Error: Too Many Requests for url: https://uk.representclo.com/products/angel-border-t-shirt-washed-ecru
2026-08-26 04:39:31,213 [ERROR] Failed to fetch product page https://uk.representclo.com/products/apex-black-vintage-white-bf: 429 Client Error: Too Many Requests for url: https://uk.representclo.com/products/apex-black-vintage-white-bf
2026-08-26 04:39:31,814 [ERROR] Failed to fetch product page https://uk.representclo.com/products/apex-flat-white-bf: 429 Client Error: Too Many Requests for url: https://uk.representclo.com/products/apex-flat-white-bf
2026-08-26 04:39:32,407 [ERROR] Failed to fetch product page https://uk.representclo.com/products/arch-knitted-gloves-jet-black: 429 Client Error: Too Many Requests for url: https://uk.representclo.com/products/arch-knitted-gloves-jet-black
2026-08-26 04:39:33,009 [ERROR] Failed to fetch product page https://uk.representclo.com/products/archangel-t-shirt-stained-black: 429 Client Error: Too Many Requests for url: https://uk.representclo.com/products/archangel-t-shirt-stained-black
2026-08-26 04:39:33,611 [ERROR] Failed to fetch product page https://uk.representclo.com/products/aura-sunglasses-beige: 429 Client Error: Too Many Requests for url: https://uk.representclo.com/products/aura-sunglasses-beige
2026-08-26 04:39:34,205 [ERROR] Failed to fetch product page https://uk.representclo.com/products/aura-sunglasses-jet-black: 429 Client Error: Too Many Requests for url: https://uk.representclo.com/products/aura-sunglasses-jet-black
2026-08-26 04:39:34,801 [ERROR] Failed to fetch product page https://uk.representclo.com/products/baggy-cotton-cargo-short-black: 429 Client Error: Too Many Requests for url: https://uk.representclo.com/products/baggy-cotton-cargo-short-black
2026-08-26 04:39:35,534 [ERROR] Failed to fetch product page https://uk.representclo.com/products/beaded-represent-bracelet-silver: 429 Client Error: Too Many Requests for url: https://uk.representclo.com/products/beaded-represent-bracelet-silver
2026-08-26 04:39:36,186 [ERROR] Failed to fetch product page https://uk.representclo.com/products/belt-black-leather: 429 Client Error: Too Many Requests for url: https://uk.representclo.com/products/belt-black-leather
2026-08-26 04:39:36,788 [ERROR] Failed to fetch product page https://uk.representclo.com/products/british-cowboys-hoodie-dusty-brown: 429 Client Error: Too Many Requests for url: https://uk.representclo.com/products/british-cowboys-hoodie-dusty-brown
2026-08-26 04:39:37,380 [ERROR] Failed to fetch product page https://uk.representclo.com/products/british-cowboys-hoodie-stained-black: 429 Client Error: Too Many Requests for url: https://uk.representclo.com/products/british-cowboys-hoodie-stained-black
2026-08-26 04:39:37,972 [ERROR] Failed to fetch product page https://uk.representclo.com/products/british-cowboys-t-shirt-dusty-brown: 429 Client Error: Too Many Requests for url: https://uk.representclo.com/products/british-cowboys-t-shirt-dusty-brown
2026-08-26 04:39:38,564 [ERROR] Failed to fetch product page https://uk.representclo.com/products/british-cowboys-t-shirt-stained-black: 429 Client Error: Too Many Requests for url: https://uk.representclo.com/products/british-cowboys-t-shirt-stained-black
2026-08-26 04:39:39,169 [ERROR] Failed to fetch product page https://uk.representclo.com/products/british-cowboys-t-shirt-washed-ecru: 429 Client Error: Too Many Requests for url: https://uk.representclo.com/products/british-cowboys-t-shirt-washed-ecru
2026-08-26 04:39:39,762 [ERROR] Failed to fetch product page https://uk.representclo.com/products/busy-doing-nothing-denim-short-dusty-blue: 429 Client Error: Too Many Requests for url: https://uk.representclo.com/products/busy-doing-nothing-denim-short-dusty-blue
2026-08-26 04:39:40,355 [ERROR] Failed to fetch product page https://uk.representclo.com/products/busy-doing-nothing-t-shirt-flat-white: 429 Client Error: Too Many Requests for url: https://uk.representclo.com/products/busy-doing-nothing-t-shirt-flat-white
2026-08-26 04:39:40,966 [ERROR] Failed to fetch product page https://uk.representclo.com/products/calfornia-striped-t-shirt-jet-black-grey-marl: 429 Client Error: Too Many Requests for url: https://uk.representclo.com/products/calfornia-striped-t-shirt-jet-black-grey-marl
2026-08-26 04:39:41,569 [ERROR] Failed to fetch product page https://uk.representclo.com/products/california-striped-henley-sweater-jet-black-grey-marl: 429 Client Error: Too Many Requests for url: https://uk.representclo.com/products/california-striped-henley-sweater-jet-black-grey-marl
2026-08-26 04:39:42,169 [ERROR] Failed to fetch product page https://uk.representclo.com/products/california-striped-knitted-polo-jet-black: 429 Client Error: Too Many Requests for url: https://uk.representclo.com/products/california-striped-knitted-polo-jet-black
2026-08-26 04:39:42,769 [ERROR] Failed to fetch product page https://uk.representclo.com/products/california-sunglasses-tortoise: 429 Client Error: Too Many Requests for url: https://uk.representclo.com/products/california-sunglasses-tortoise
2026-08-26 04:39:43,372 [ERROR] Failed to fetch product page https://uk.representclo.com/products/camo-cargo-short-camo: 429 Client Error: Too Many Requests for url: https://uk.representclo.com/products/camo-cargo-short-camo
2026-08-26 04:39:43,972 [ERROR] Failed to fetch product page https://uk.representclo.com/products/canvas-alpha-wrap-black: 429 Client Error: Too Many Requests for url: https://uk.representclo.com/products/canvas-alpha-wrap-black
2026-08-26 04:39:44,564 [ERROR] Failed to fetch product page https://uk.representclo.com/products/canvas-alpha-wrap-vintage-white: 429 Client Error: Too Many Requests for url: https://uk.representclo.com/products/canvas-alpha-wrap-vintage-white
2026-08-26 04:39:45,167 [ERROR] Failed to fetch product page https://uk.representclo.com/products/canvas-holdall-antique-white: 429 Client Error: Too Many Requests for url: https://uk.representclo.com/products/canvas-holdall-antique-white
2026-08-26 04:39:45,763 [ERROR] Failed to fetch product page https://uk.representclo.com/products/canvas-tote-bag-antique-white: 429 Client Error: Too Many Requests for url: https://uk.representclo.com/products/canvas-tote-bag-antique-white
2026-08-26 04:39:46,357 [ERROR] Failed to fetch product page https://uk.representclo.com/products/carpenter-short-beige: 429 Client Error: Too Many Requests for url: https://uk.representclo.com/products/carpenter-short-beige
2026-08-26 04:39:46,953 [ERROR] Failed to fetch product page https://uk.representclo.com/products/chrome-flight-hoodie-stained-black: 429 Client Error: Too Many Requests for url: https://uk.representclo.com/products/chrome-flight-hoodie-stained-black
2026-08-26 04:39:47,547 [ERROR] Failed to fetch product page https://uk.representclo.com/products/chrome-flight-t-shirt-stained-black: 429 Client Error: Too Many Requests for url: https://uk.representclo.com/products/chrome-flight-t-shirt-stained-black
2026-08-26 04:39:48,138 [ERROR] Failed to fetch product page https://uk.representclo.com/products/classic-parts-t-shirt-aged-black: 429 Client Error: Too Many Requests for url: https://uk.representclo.com/products/classic-parts-t-shirt-aged-black
2026-08-26 04:39:48,746 [ERROR] Failed to fetch product page https://uk.representclo.com/products/classic-parts-t-shirt-flat-white: 429 Client Error: Too Many Requests for url: https://uk.representclo.com/products/classic-parts-t-shirt-flat-white
2026-08-26 04:39:49,348 [ERROR] Failed to fetch product page https://uk.representclo.com/products/cotton-tailored-short-jet-black: 429 Client Error: Too Many Requests for url: https://uk.representclo.com/products/cotton-tailored-short-jet-black
2026-08-26 04:39:49,953 [ERROR] Failed to fetch product page https://uk.representclo.com/products/cowhide-belt-loop-flat-white-jet-black: 429 Client Error: Too Many Requests for url: https://uk.representclo.com/products/cowhide-belt-loop-flat-white-jet-black
2026-08-26 04:39:50,562 [ERROR] Failed to fetch product page https://uk.representclo.com/products/cowhide-card-holder-flat-white-jet-black: 429 Client Error: Too Many Requests for url: https://uk.representclo.com/products/cowhide-card-holder-flat-white-jet-black
2026-08-26 04:39:51,154 [ERROR] Failed to fetch product page https://uk.representclo.com/products/cowhide-print-cap-flat-white-jet-black: 429 Client Error: Too Many Requests for url: https://uk.representclo.com/products/cowhide-print-cap-flat-white-jet-black
2026-08-26 04:39:51,747 [ERROR] Failed to fetch product page https://uk.representclo.com/products/cowhide-rodeo-belt-flat-white-jet-black: 429 Client Error: Too Many Requests for url: https://uk.representclo.com/products/cowhide-rodeo-belt-flat-white-jet-black
2026-08-26 04:39:52,342 [ERROR] Failed to fetch product page https://uk.representclo.com/products/cowhide-watch-strap-flat-white-jet-black: 429 Client Error: Too Many Requests for url: https://uk.representclo.com/products/cowhide-watch-strap-flat-white-jet-black
2026-08-26 04:39:52,941 [ERROR] Failed to fetch product page https://uk.representclo.com/products/crest-t-shirt-vintage-black: 429 Client Error: Too Many Requests for url: https://uk.representclo.com/products/crest-t-shirt-vintage-black
2026-08-26 04:39:53,534 [ERROR] Failed to fetch product page https://uk.representclo.com/products/cruz-short-beige: 429 Client Error: Too Many Requests for url: https://uk.representclo.com/products/cruz-short-beige
2026-08-26 04:39:54,136 [ERROR] Failed to fetch product page https://uk.representclo.com/products/cruz-short-jet-black: 429 Client Error: Too Many Requests for url: https://uk.representclo.com/products/cruz-short-jet-black
2026-08-26 04:39:54,739 [ERROR] Failed to fetch product page https://uk.representclo.com/products/dallas-cowboys-x-represent-hoodie-cream-marl: 429 Client Error: Too Many Requests for url: https://uk.representclo.com/products/dallas-cowboys-x-represent-hoodie-cream-marl
2026-08-26 04:39:55,332 [ERROR] Failed to fetch product page https://uk.representclo.com/products/dallas-cowboys-x-represent-t-shirt-washed-ecru: 429 Client Error: Too Many Requests for url: https://uk.representclo.com/products/dallas-cowboys-x-represent-t-shirt-washed-ecru
2026-08-26 04:39:55,948 [ERROR] Failed to fetch product page https://uk.representclo.com/products/dallas-cowboys-x-represent-x-47-cap-antique-white: 429 Client Error: Too Many Requests for url: https://uk.representclo.com/products/dallas-cowboys-x-represent-x-47-cap-antique-white
2026-08-26 04:39:56,545 [ERROR] Failed to fetch product page https://uk.representclo.com/products/decade-of-speed-t-shirt-cream: 429 Client Error: Too Many Requests for url: https://uk.representclo.com/products/decade-of-speed-t-shirt-cream
2026-08-26 04:39:57,147 [ERROR] Failed to fetch product page https://uk.representclo.com/products/destructive-appetite-t-shirt-vintage-grey: 429 Client Error: Too Many Requests for url: https://uk.representclo.com/products/destructive-appetite-t-shirt-vintage-grey
2026-08-26 04:39:57,751 [ERROR] Failed to fetch product page https://uk.representclo.com/products/doberman-bracelet-silver: 429 Client Error: Too Many Requests for url: https://uk.representclo.com/products/doberman-bracelet-silver
2026-08-26 04:39:58,350 [ERROR] Failed to fetch product page https://uk.representclo.com/products/doberman-initial-key-chain-silver: 429 Client Error: Too Many Requests for url: https://uk.representclo.com/products/doberman-initial-key-chain-silver
2026-08-26 04:39:58,943 [ERROR] Failed to fetch product page https://uk.representclo.com/products/doberman-necklace-silver: 429 Client Error: Too Many Requests for url: https://uk.representclo.com/products/doberman-necklace-silver
2026-08-26 04:39:59,537 [ERROR] Failed to fetch product page https://uk.representclo.com/products/doberman-pendant-necklace-silver: 429 Client Error: Too Many Requests for url: https://uk.representclo.com/products/doberman-pendant-necklace-silver
2026-08-26 04:40:00,148 [ERROR] Failed to fetch product page https://uk.representclo.com/products/doberman-trouser-chain-silver: 429 Client Error: Too Many Requests for url: https://uk.representclo.com/products/doberman-trouser-chain-silver
2026-08-26 04:40:00,753 [ERROR] Failed to fetch product page https://uk.representclo.com/products/double-distilled-t-shirt-flat-white: 429 Client Error: Too Many Requests for url: https://uk.representclo.com/products/double-distilled-t-shirt-flat-white
2026-08-26 04:40:01,347 [ERROR] Failed to fetch product page https://uk.representclo.com/products/double-distilled-t-shirt-off-black: 429 Client Error: Too Many Requests for url: https://uk.representclo.com/products/double-distilled-t-shirt-off-black
2026-08-26 04:40:01,993 [ERROR] Failed to fetch product page https://uk.representclo.com/products/dream-on-tour-t-shirt-sun-fade-grey: 429 Client Error: Too Many Requests for url: https://uk.representclo.com/products/dream-on-tour-t-shirt-sun-fade-grey
2026-08-26 04:40:02,588 [ERROR] Failed to fetch product page https://uk.representclo.com/products/dream-on-tour-t-shirt-washed-ecru: 429 Client Error: Too Many Requests for url: https://uk.representclo.com/products/dream-on-tour-t-shirt-washed-ecru
2026-08-26 04:40:03,190 [ERROR] Failed to fetch product page https://uk.representclo.com/products/dual-layer-script-hoodie-jet-black: 429 Client Error: Too Many Requests for url: https://uk.representclo.com/products/dual-layer-script-hoodie-jet-black
2026-08-26 04:40:03,781 [ERROR] Failed to fetch product page https://uk.representclo.com/products/dual-layer-script-t-shirt-candy: 429 Client Error: Too Many Requests for url: https://uk.representclo.com/products/dual-layer-script-t-shirt-candy
2026-08-26 04:40:04,377 [ERROR] Failed to fetch product page https://uk.representclo.com/products/dual-layer-script-t-shirt-jet-black: 429 Client Error: Too Many Requests for url: https://uk.representclo.com/products/dual-layer-script-t-shirt-jet-black
2026-08-26 04:40:04,986 [ERROR] Failed to fetch product page https://uk.representclo.com/products/elegance-in-motion-t-shirt-flat-white: 429 Client Error: Too Many Requests for url: https://uk.representclo.com/products/elegance-in-motion-t-shirt-flat-white
2026-08-26 04:40:05,579 [ERROR] Failed to fetch product page https://uk.representclo.com/products/embellished-represent-t-shirt-stained-black: 429 Client Error: Too Many Requests for url: https://uk.representclo.com/products/embellished-represent-t-shirt-stained-black
2026-08-26 04:40:06,181 [ERROR] Failed to fetch product page https://uk.representclo.com/products/embellished-represent-t-shirt-vintage-khaki: 429 Client Error: Too Many Requests for url: https://uk.representclo.com/products/embellished-represent-t-shirt-vintage-khaki
2026-08-26 04:40:06,785 [ERROR] Failed to fetch product page https://uk.representclo.com/products/embroidered-initial-tailored-short-black: 429 Client Error: Too Many Requests for url: https://uk.representclo.com/products/embroidered-initial-tailored-short-black
2026-08-26 04:40:07,389 [ERROR] Failed to fetch product page https://uk.representclo.com/products/england-beanie-jet-black: 429 Client Error: Too Many Requests for url: https://uk.representclo.com/products/england-beanie-jet-black
2026-08-26 04:40:08,195 [ERROR] Failed to fetch product page https://uk.representclo.com/products/england-hoodie-jet-black: 429 Client Error: Too Many Requests for url: https://uk.representclo.com/products/england-hoodie-jet-black
2026-08-26 04:40:08,788 [ERROR] Failed to fetch product page https://uk.representclo.com/products/england-hoodie-washed-brown: 429 Client Error: Too Many Requests for url: https://uk.representclo.com/products/england-hoodie-washed-brown
2026-08-26 04:40:09,396 [ERROR] Failed to fetch product page https://uk.representclo.com/products/england-legacy-hoodie-vintage-black: 429 Client Error: Too Many Requests for url: https://uk.representclo.com/products/england-legacy-hoodie-vintage-black
2026-08-26 04:40:09,997 [ERROR] Failed to fetch product page https://uk.representclo.com/products/england-long-sleeve-t-shirt-washed-brown: 429 Client Error: Too Many Requests for url: https://uk.representclo.com/products/england-long-sleeve-t-shirt-washed-brown
2026-08-26 04:40:10,595 [ERROR] Failed to fetch product page https://uk.representclo.com/products/england-long-sleeve-t-shirt-washed-white-real-tree-camo: 429 Client Error: Too Many Requests for url: https://uk.representclo.com/products/england-long-sleeve-t-shirt-washed-white-real-tree-camo
2026-08-26 04:40:11,198 [ERROR] Failed to fetch product page https://uk.representclo.com/products/england-t-shirt-flat-white: 429 Client Error: Too Many Requests for url: https://uk.representclo.com/products/england-t-shirt-flat-white
2026-08-26 04:40:11,793 [ERROR] Failed to fetch product page https://uk.representclo.com/products/england-t-shirt-jet-black: 429 Client Error: Too Many Requests for url: https://uk.representclo.com/products/england-t-shirt-jet-black
2026-08-26 04:40:12,385 [ERROR] Failed to fetch product page https://uk.representclo.com/products/england-t-shirt-washed-brown: 429 Client Error: Too Many Requests for url: https://uk.representclo.com/products/england-t-shirt-washed-brown
2026-08-26 04:40:12,977 [ERROR] Failed to fetch product page https://uk.representclo.com/products/fleece-oversized-hoodie-black: 429 Client Error: Too Many Requests for url: https://uk.representclo.com/products/fleece-oversized-hoodie-black
2026-08-26 04:40:13,725 [ERROR] Failed to fetch product page https://uk.representclo.com/products/fw25-represent-owners-club-hoodie-faded-black: 429 Client Error: Too Many Requests for url: https://uk.representclo.com/products/fw25-represent-owners-club-hoodie-faded-black
2026-08-26 04:40:14,318 [ERROR] Failed to fetch product page https://uk.representclo.com/products/fw25-represent-owners-club-hoodie-smoked-rose: 429 Client Error: Too Many Requests for url: https://uk.representclo.com/products/fw25-represent-owners-club-hoodie-smoked-rose
2026-08-26 04:40:14,920 [ERROR] Failed to fetch product page https://uk.representclo.com/products/fw25-represent-owners-club-hoodie-sprayed-ice-grey-marl: 429 Client Error: Too Many Requests for url: https://uk.representclo.com/products/fw25-represent-owners-club-hoodie-sprayed-ice-grey-marl
2026-08-26 04:40:15,516 [ERROR] Failed to fetch product page https://uk.representclo.com/products/fw25-represent-owners-club-shorts-faded-black: 429 Client Error: Too Many Requests for url: https://uk.representclo.com/products/fw25-represent-owners-club-shorts-faded-black
2026-08-26 04:40:16,124 [ERROR] Failed to fetch product page https://uk.representclo.com/products/fw25-represent-owners-club-shorts-sprayed-ice-grey-marl: 429 Client Error: Too Many Requests for url: https://uk.representclo.com/products/fw25-represent-owners-club-shorts-sprayed-ice-grey-marl
2026-08-26 04:40:16,719 [ERROR] Failed to fetch product page https://uk.representclo.com/products/fw25-represent-owners-club-socks-buttercream: 429 Client Error: Too Many Requests for url: https://uk.representclo.com/products/fw25-represent-owners-club-socks-buttercream
2026-08-26 04:40:17,326 [ERROR] Failed to fetch product page https://uk.representclo.com/products/fw25-represent-owners-club-socks-faded-black: 429 Client Error: Too Many Requests for url: https://uk.representclo.com/products/fw25-represent-owners-club-socks-faded-black
2026-08-26 04:40:17,918 [ERROR] Failed to fetch product page https://uk.representclo.com/products/fw25-represent-owners-club-socks-grey-marl: 429 Client Error: Too Many Requests for url: https://uk.representclo.com/products/fw25-represent-owners-club-socks-grey-marl
2026-08-26 04:40:18,926 [ERROR] Failed to fetch product page https://uk.representclo.com/products/fw25-represent-owners-club-socks-optic-white: 429 Client Error: Too Many Requests for url: https://uk.representclo.com/products/fw25-represent-owners-club-socks-optic-white
2026-08-26 04:40:19,531 [ERROR] Failed to fetch product page https://uk.representclo.com/products/fw25-represent-owners-club-socks-smoked-rose: 429 Client Error: Too Many Requests for url: https://uk.representclo.com/products/fw25-represent-owners-club-socks-smoked-rose
2026-08-26 04:40:20,125 [ERROR] Failed to fetch product page https://uk.representclo.com/products/fw25-represent-owners-club-t-shirt-buttercream: 429 Client Error: Too Many Requests for url: https://uk.representclo.com/products/fw25-represent-owners-club-t-shirt-buttercream
2026-08-26 04:40:20,717 [ERROR] Failed to fetch product page https://uk.representclo.com/products/fw25-represent-owners-club-t-shirt-faded-black: 429 Client Error: Too Many Requests for url: https://uk.representclo.com/products/fw25-represent-owners-club-t-shirt-faded-black
2026-08-26 04:40:21,314 [ERROR] Failed to fetch product page https://uk.representclo.com/products/fw25-represent-owners-club-t-shirt-flat-white: 429 Client Error: Too Many Requests for url: https://uk.representclo.com/products/fw25-represent-owners-club-t-shirt-flat-white
2026-08-26 04:40:21,909 [ERROR] Failed to fetch product page https://uk.representclo.com/products/fw25-represent-owners-club-tote-bag-buttercream: 429 Client Error: Too Many Requests for url: https://uk.representclo.com/products/fw25-represent-owners-club-tote-bag-buttercream
2026-08-26 04:40:22,506 [ERROR] Failed to fetch product page https://uk.representclo.com/products/gh-knitted-long-sleeve-top-espresso: 429 Client Error: Too Many Requests for url: https://uk.representclo.com/products/gh-knitted-long-sleeve-top-espresso
2026-08-26 04:40:23,097 [ERROR] Failed to fetch product page https://uk.representclo.com/products/gh-knitted-long-sleeve-top-jet-black: 429 Client Error: Too Many Requests for url: https://uk.representclo.com/products/gh-knitted-long-sleeve-top-jet-black
2026-08-26 04:40:23,697 [ERROR] Failed to fetch product page https://uk.representclo.com/products/gh-shrunken-zip-hoodie-jet-black: 429 Client Error: Too Many Requests for url: https://uk.representclo.com/products/gh-shrunken-zip-hoodie-jet-black
2026-08-26 04:40:24,302 [ERROR] Failed to fetch product page https://uk.representclo.com/products/gh-t-shirt-flat-white: 429 Client Error: Too Many Requests for url: https://uk.representclo.com/products/gh-t-shirt-flat-white
2026-08-26 04:40:24,894 [ERROR] Failed to fetch product page https://uk.representclo.com/products/gh-t-shirt-jet-black: 429 Client Error: Too Many Requests for url: https://uk.representclo.com/products/gh-t-shirt-jet-black
2026-08-26 04:40:25,493 [ERROR] Failed to fetch product page https://uk.representclo.com/products/gh-t-shirt-vintage-grey: 429 Client Error: Too Many Requests for url: https://uk.representclo.com/products/gh-t-shirt-vintage-grey
2026-08-26 04:40:26,092 [ERROR] Failed to fetch product page https://uk.representclo.com/products/gift-card: 429 Client Error: Too Many Requests for url: https://uk.representclo.com/products/gift-card
2026-08-26 04:40:26,689 [ERROR] Failed to fetch product page https://uk.representclo.com/products/golden-tour-t-shirt-sun-fade-grey: 429 Client Error: Too Many Requests for url: https://uk.representclo.com/products/golden-tour-t-shirt-sun-fade-grey
2026-08-26 04:40:27,301 [ERROR] Failed to fetch product page https://uk.representclo.com/products/gran-cru-classe-cap-jet-black: 429 Client Error: Too Many Requests for url: https://uk.representclo.com/products/gran-cru-classe-cap-jet-black
2026-08-26 04:40:27,901 [ERROR] Failed to fetch product page https://uk.representclo.com/products/grand-vintage-hand-drawn-t-shirt-jet-black: 429 Client Error: Too Many Requests for url: https://uk.representclo.com/products/grand-vintage-hand-drawn-t-shirt-jet-black
2026-08-26 04:40:28,507 [ERROR] Failed to fetch product page https://uk.representclo.com/products/hampton-sunglasses-tortoise: 429 Client Error: Too Many Requests for url: https://uk.representclo.com/products/hampton-sunglasses-tortoise
2026-08-26 04:40:29,104 [ERROR] Failed to fetch product page https://uk.representclo.com/products/hand-drawn-horses-t-shirt-aged-black: 429 Client Error: Too Many Requests for url: https://uk.representclo.com/products/hand-drawn-horses-t-shirt-aged-black
2026-08-26 04:40:29,696 [ERROR] Failed to fetch product page https://uk.representclo.com/products/hand-drawn-horses-t-shirt-flat-white: 429 Client Error: Too Many Requests for url: https://uk.representclo.com/products/hand-drawn-horses-t-shirt-flat-white
2026-08-26 04:40:30,288 [ERROR] Failed to fetch product page https://uk.representclo.com/products/hand-drawn-thoroughbred-hoodie-aged-black: 429 Client Error: Too Many Requests for url: https://uk.representclo.com/products/hand-drawn-thoroughbred-hoodie-aged-black
2026-08-26 04:40:30,887 [ERROR] Failed to fetch product page https://uk.representclo.com/products/hand-drawn-thoroughbred-t-shirt-aged-black: 429 Client Error: Too Many Requests for url: https://uk.representclo.com/products/hand-drawn-thoroughbred-t-shirt-aged-black
2026-08-26 04:40:31,481 [ERROR] Failed to fetch product page https://uk.representclo.com/products/hand-drawn-thoroughbred-t-shirt-flat-white: 429 Client Error: Too Many Requests for url: https://uk.representclo.com/products/hand-drawn-thoroughbred-t-shirt-flat-white
2026-08-26 04:40:32,074 [ERROR] Failed to fetch product page https://uk.representclo.com/products/heaton-denim-light-vintage-blue: 429 Client Error: Too Many Requests for url: https://uk.representclo.com/products/heaton-denim-light-vintage-blue
2026-08-26 04:40:32,691 [ERROR] Failed to fetch product page https://uk.representclo.com/products/hermes-t-shirt-flat-white: 429 Client Error: Too Many Requests for url: https://uk.representclo.com/products/hermes-t-shirt-flat-white
2026-08-26 04:40:33,285 [ERROR] Failed to fetch product page https://uk.representclo.com/products/htn-canvas-bag-tan: 429 Client Error: Too Many Requests for url: https://uk.representclo.com/products/htn-canvas-bag-tan
2026-08-26 04:40:33,898 [ERROR] Failed to fetch product page https://uk.representclo.com/products/htn-leather-bag-black: 429 Client Error: Too Many Requests for url: https://uk.representclo.com/products/htn-leather-bag-black
2026-08-26 04:40:34,498 [ERROR] Failed to fetch product page https://uk.representclo.com/products/htn-low-black: 429 Client Error: Too Many Requests for url: https://uk.representclo.com/products/htn-low-black
2026-08-26 04:40:35,098 [ERROR] Failed to fetch product page https://uk.representclo.com/products/htn-low-distressed-light-grey: 429 Client Error: Too Many Requests for url: https://uk.representclo.com/products/htn-low-distressed-light-grey
2026-08-26 04:40:35,698 [ERROR] Failed to fetch product page https://uk.representclo.com/products/htn-low-distressed-off-black: 429 Client Error: Too Many Requests for url: https://uk.representclo.com/products/htn-low-distressed-off-black
2026-08-26 04:40:36,292 [ERROR] Failed to fetch product page https://uk.representclo.com/products/htn-low-distressed-vintage-white: 429 Client Error: Too Many Requests for url: https://uk.representclo.com/products/htn-low-distressed-vintage-white
2026-08-26 04:40:36,884 [ERROR] Failed to fetch product page https://uk.representclo.com/products/htn-low-flat-white: 429 Client Error: Too Many Requests for url: https://uk.representclo.com/products/htn-low-flat-white
2026-08-26 04:40:37,480 [ERROR] Failed to fetch product page https://uk.representclo.com/products/htn-low-pony-hair-black: 429 Client Error: Too Many Requests for url: https://uk.representclo.com/products/htn-low-pony-hair-black
2026-08-26 04:40:38,080 [ERROR] Failed to fetch product page https://uk.representclo.com/products/htn-low-pony-hair-brown: 429 Client Error: Too Many Requests for url: https://uk.representclo.com/products/htn-low-pony-hair-brown
2026-08-26 04:40:38,674 [ERROR] Failed to fetch product page https://uk.representclo.com/products/htn-low-tumbled-leather-black: 429 Client Error: Too Many Requests for url: https://uk.representclo.com/products/htn-low-tumbled-leather-black
2026-08-26 04:40:39,271 [ERROR] Failed to fetch product page https://uk.representclo.com/products/htn-x-high-black: 429 Client Error: Too Many Requests for url: https://uk.representclo.com/products/htn-x-high-black
2026-08-26 04:40:39,877 [ERROR] Failed to fetch product page https://uk.representclo.com/products/icarus-t-shirt-jet-black: 429 Client Error: Too Many Requests for url: https://uk.representclo.com/products/icarus-t-shirt-jet-black
2026-08-26 04:40:40,475 [ERROR] Failed to fetch product page https://uk.representclo.com/products/icarus-t-shirt-sky-blue: 429 Client Error: Too Many Requests for url: https://uk.representclo.com/products/icarus-t-shirt-sky-blue
2026-08-26 04:40:41,066 [ERROR] Failed to fetch product page https://uk.representclo.com/products/icarus-t-shirt-taupe: 429 Client Error: Too Many Requests for url: https://uk.representclo.com/products/icarus-t-shirt-taupe
2026-08-26 04:40:41,657 [ERROR] Failed to fetch product page https://uk.representclo.com/products/initial-belt-cardholder-black: 429 Client Error: Too Many Requests for url: https://uk.representclo.com/products/initial-belt-cardholder-black
2026-08-26 04:40:42,256 [ERROR] Failed to fetch product page https://uk.representclo.com/products/initial-boxy-hoodie-black: 429 Client Error: Too Many Requests for url: https://uk.representclo.com/products/initial-boxy-hoodie-black
2026-08-26 04:40:42,850 [ERROR] Failed to fetch product page https://uk.representclo.com/products/initial-boxy-hoodie-coffee: 429 Client Error: Too Many Requests for url: https://uk.representclo.com/products/initial-boxy-hoodie-coffee
2026-08-26 04:40:43,448 [ERROR] Failed to fetch product page https://uk.representclo.com/products/initial-boxy-hoodie-ice-grey-marl: 429 Client Error: Too Many Requests for url: https://uk.representclo.com/products/initial-boxy-hoodie-ice-grey-marl
2026-08-26 04:40:44,042 [ERROR] Failed to fetch product page https://uk.representclo.com/products/initial-boxy-hoodie-mist: 429 Client Error: Too Many Requests for url: https://uk.representclo.com/products/initial-boxy-hoodie-mist
2026-08-26 04:40:44,645 [ERROR] Failed to fetch product page https://uk.representclo.com/products/initial-boxy-hoodie-vintage-grey-v2: 429 Client Error: Too Many Requests for url: https://uk.representclo.com/products/initial-boxy-hoodie-vintage-grey-v2
2026-08-26 04:40:45,248 [ERROR] Failed to fetch product page https://uk.representclo.com/products/initial-boxy-quarter-zip-ice-grey-marl-v2: 429 Client Error: Too Many Requests for url: https://uk.representclo.com/products/initial-boxy-quarter-zip-ice-grey-marl-v2
2026-08-26 04:40:45,842 [ERROR] Failed to fetch product page https://uk.representclo.com/products/initial-boxy-quarter-zip-jet-black-v2: 429 Client Error: Too Many Requests for url: https://uk.representclo.com/products/initial-boxy-quarter-zip-jet-black-v2
2026-08-26 04:40:46,509 [ERROR] Failed to fetch product page https://uk.representclo.com/products/initial-boxy-sweater-jet-black-v2: 429 Client Error: Too Many Requests for url: https://uk.representclo.com/products/initial-boxy-sweater-jet-black-v2
2026-08-26 04:40:47,109 [ERROR] Failed to fetch product page https://uk.representclo.com/products/initial-boxy-t-shirt-army-green: 429 Client Error: Too Many Requests for url: https://uk.representclo.com/products/initial-boxy-t-shirt-army-green
2026-08-26 04:40:47,704 [ERROR] Failed to fetch product page https://uk.representclo.com/products/initial-boxy-t-shirt-black: 429 Client Error: Too Many Requests for url: https://uk.representclo.com/products/initial-boxy-t-shirt-black
2026-08-26 04:40:48,304 [ERROR] Failed to fetch product page https://uk.representclo.com/products/initial-boxy-t-shirt-canary-yellow: 429 Client Error: Too Many Requests for url: https://uk.representclo.com/products/initial-boxy-t-shirt-canary-yellow
2026-08-26 04:40:48,897 [ERROR] Failed to fetch product page https://uk.representclo.com/products/initial-boxy-t-shirt-coffee: 429 Client Error: Too Many Requests for url: https://uk.representclo.com/products/initial-boxy-t-shirt-coffee
2026-08-26 04:40:49,493 [ERROR] Failed to fetch product page https://uk.representclo.com/products/initial-boxy-t-shirt-dune: 429 Client Error: Too Many Requests for url: https://uk.representclo.com/products/initial-boxy-t-shirt-dune
2026-08-26 04:40:50,084 [ERROR] Failed to fetch product page https://uk.representclo.com/products/initial-boxy-t-shirt-flat-white: 429 Client Error: Too Many Requests for url: https://uk.representclo.com/products/initial-boxy-t-shirt-flat-white
2026-08-26 04:40:50,688 [ERROR] Failed to fetch product page https://uk.representclo.com/products/initial-boxy-t-shirt-ice-grey-marl: 429 Client Error: Too Many Requests for url: https://uk.representclo.com/products/initial-boxy-t-shirt-ice-grey-marl
2026-08-26 04:40:51,288 [ERROR] Failed to fetch product page https://uk.representclo.com/products/initial-boxy-t-shirt-vintage-grey: 429 Client Error: Too Many Requests for url: https://uk.representclo.com/products/initial-boxy-t-shirt-vintage-grey
2026-08-26 04:40:51,882 [ERROR] Failed to fetch product page https://uk.representclo.com/products/initial-boxy-tank-flat-white: 429 Client Error: Too Many Requests for url: https://uk.representclo.com/products/initial-boxy-tank-flat-white
2026-08-26 04:40:52,483 [ERROR] Failed to fetch product page https://uk.representclo.com/products/initial-boxy-tank-flat-white-ss26: 429 Client Error: Too Many Requests for url: https://uk.representclo.com/products/initial-boxy-tank-flat-white-ss26
2026-08-26 04:40:53,078 [ERROR] Failed to fetch product page https://uk.representclo.com/products/initial-boxy-tank-ice-grey-marl: 429 Client Error: Too Many Requests for url: https://uk.representclo.com/products/initial-boxy-tank-ice-grey-marl
2026-08-26 04:40:53,673 [ERROR] Failed to fetch product page https://uk.representclo.com/products/initial-boxy-tank-mist: 429 Client Error: Too Many Requests for url: https://uk.representclo.com/products/initial-boxy-tank-mist
2026-08-26 04:40:54,283 [ERROR] Failed to fetch product page https://uk.representclo.com/products/initial-boxy-zip-through-hoodie-coffee: 429 Client Error: Too Many Requests for url: https://uk.representclo.com/products/initial-boxy-zip-through-hoodie-coffee
2026-08-26 04:40:54,892 [ERROR] Failed to fetch product page https://uk.representclo.com/products/initial-boxy-zip-through-hoodie-ice-grey-marl: 429 Client Error: Too Many Requests for url: https://uk.representclo.com/products/initial-boxy-zip-through-hoodie-ice-grey-marl
2026-08-26 04:40:55,497 [ERROR] Failed to fetch product page https://uk.representclo.com/products/initial-boxy-zip-through-hoodie-jet-black-v2: 429 Client Error: Too Many Requests for url: https://uk.representclo.com/products/initial-boxy-zip-through-hoodie-jet-black-v2
2026-08-26 04:40:56,217 [ERROR] Failed to fetch product page https://uk.representclo.com/products/initial-bucket-hat-champagne: 429 Client Error: Too Many Requests for url: https://uk.representclo.com/products/initial-bucket-hat-champagne
2026-08-26 04:40:56,810 [ERROR] Failed to fetch product page https://uk.representclo.com/products/initial-bucket-hat-jet-black: 429 Client Error: Too Many Requests for url: https://uk.representclo.com/products/initial-bucket-hat-jet-black
2026-08-26 04:40:57,404 [ERROR] Failed to fetch product page https://uk.representclo.com/products/initial-cap-midnight-navy: 429 Client Error: Too Many Requests for url: https://uk.representclo.com/products/initial-cap-midnight-navy
2026-08-26 04:40:58,005 [ERROR] Failed to fetch product page https://uk.representclo.com/products/initial-cap-mist: 429 Client Error: Too Many Requests for url: https://uk.representclo.com/products/initial-cap-mist
2026-08-26 04:40:58,609 [ERROR] Failed to fetch product page https://uk.representclo.com/products/initial-chain-ring-silver: 429 Client Error: Too Many Requests for url: https://uk.representclo.com/products/initial-chain-ring-silver
2026-08-26 04:40:59,203 [ERROR] Failed to fetch product page https://uk.representclo.com/products/initial-crossbody-bag-jet-black: 429 Client Error: Too Many Requests for url: https://uk.representclo.com/products/initial-crossbody-bag-jet-black
2026-08-26 04:40:59,809 [ERROR] Failed to fetch product page https://uk.representclo.com/products/initial-henley-waffle-long-sleeve-t-shirt-flat-white: 429 Client Error: Too Many Requests for url: https://uk.representclo.com/products/initial-henley-waffle-long-sleeve-t-shirt-flat-white
2026-08-26 04:41:00,416 [ERROR] Failed to fetch product page https://uk.representclo.com/products/initial-henley-waffle-long-sleeve-t-shirt-ice-grey-marl: 429 Client Error: Too Many Requests for url: https://uk.representclo.com/products/initial-henley-waffle-long-sleeve-t-shirt-ice-grey-marl
2026-08-26 04:41:01,009 [ERROR] Failed to fetch product page https://uk.representclo.com/products/initial-henley-waffle-long-sleeve-t-shirt-jet-black: 429 Client Error: Too Many Requests for url: https://uk.representclo.com/products/initial-henley-waffle-long-sleeve-t-shirt-jet-black
2026-08-26 04:41:01,603 [ERROR] Failed to fetch product page https://uk.representclo.com/products/initial-henley-waffle-long-sleeve-t-shirt-midnight-navy: 429 Client Error: Too Many Requests for url: https://uk.representclo.com/products/initial-henley-waffle-long-sleeve-t-shirt-midnight-navy
2026-08-26 04:41:02,206 [ERROR] Failed to fetch product page https://uk.representclo.com/products/initial-long-sleeve-open-cuff-t-shirt-dune: 429 Client Error: Too Many Requests for url: https://uk.representclo.com/products/initial-long-sleeve-open-cuff-t-shirt-dune
2026-08-26 04:41:02,798 [ERROR] Failed to fetch product page https://uk.representclo.com/products/initial-long-sleeve-t-shirt-black: 429 Client Error: Too Many Requests for url: https://uk.representclo.com/products/initial-long-sleeve-t-shirt-black
2026-08-26 04:41:03,389 [ERROR] Failed to fetch product page https://uk.representclo.com/products/initial-long-sleeve-t-shirt-flat-white: 429 Client Error: Too Many Requests for url: https://uk.representclo.com/products/initial-long-sleeve-t-shirt-flat-white
2026-08-26 04:41:04,002 [ERROR] Failed to fetch product page https://uk.representclo.com/products/initial-long-sleeve-t-shirt-ice-grey-marl: 429 Client Error: Too Many Requests for url: https://uk.representclo.com/products/initial-long-sleeve-t-shirt-ice-grey-marl
2026-08-26 04:41:04,608 [ERROR] Failed to fetch product page https://uk.representclo.com/products/initial-mule-black-ss24: 429 Client Error: Too Many Requests for url: https://uk.representclo.com/products/initial-mule-black-ss24
2026-08-26 04:41:05,204 [ERROR] Failed to fetch product page https://uk.representclo.com/products/initial-mule-taupe: 429 Client Error: Too Many Requests for url: https://uk.representclo.com/products/initial-mule-taupe
2026-08-26 04:41:05,812 [ERROR] Failed to fetch product page https://uk.representclo.com/products/initial-nylon-sling-bag-black: 429 Client Error: Too Many Requests for url: https://uk.representclo.com/products/initial-nylon-sling-bag-black
2026-08-26 04:41:06,417 [ERROR] Failed to fetch product page https://uk.representclo.com/products/initial-overdye-realtree-boxy-t-shirt-overdyed-black: 429 Client Error: Too Many Requests for url: https://uk.representclo.com/products/initial-overdye-realtree-boxy-t-shirt-overdyed-black
2026-08-26 04:41:07,011 [ERROR] Failed to fetch product page https://uk.representclo.com/products/initial-overdye-realtree-boxy-zip-through-hoodie-overdyed-black: 429 Client Error: Too Many Requests for url: https://uk.representclo.com/products/initial-overdye-realtree-boxy-zip-through-hoodie-overdyed-black
2026-08-26 04:41:07,611 [ERROR] Failed to fetch product page https://uk.representclo.com/products/initial-overdye-realtree-long-sleeve-t-shirt-overdyed-black: 429 Client Error: Too Many Requests for url: https://uk.representclo.com/products/initial-overdye-realtree-long-sleeve-t-shirt-overdyed-black
2026-08-26 04:41:08,205 [ERROR] Failed to fetch product page https://uk.representclo.com/products/initial-overdye-realtree-oversized-hoodie-overdyed-black: 429 Client Error: Too Many Requests for url: https://uk.representclo.com/products/initial-overdye-realtree-oversized-hoodie-overdyed-black
2026-08-26 04:41:08,796 [ERROR] Failed to fetch product page https://uk.representclo.com/products/initial-overdye-realtree-oversized-t-shirt-overdyed-black: 429 Client Error: Too Many Requests for url: https://uk.representclo.com/products/initial-overdye-realtree-oversized-t-shirt-overdyed-black
2026-08-26 04:41:09,397 [ERROR] Failed to fetch product page https://uk.representclo.com/products/initial-oversized-hoodie-black: 429 Client Error: Too Many Requests for url: https://uk.representclo.com/products/initial-oversized-hoodie-black
2026-08-26 04:41:09,993 [ERROR] Failed to fetch product page https://uk.representclo.com/products/initial-oversized-hoodie-canary-yellow: 429 Client Error: Too Many Requests for url: https://uk.representclo.com/products/initial-oversized-hoodie-canary-yellow
2026-08-26 04:41:10,589 [ERROR] Failed to fetch product page https://uk.representclo.com/products/initial-oversized-hoodie-ice-grey-marl: 429 Client Error: Too Many Requests for url: https://uk.representclo.com/products/initial-oversized-hoodie-ice-grey-marl
2026-08-26 04:41:11,185 [ERROR] Failed to fetch product page https://uk.representclo.com/products/initial-oversized-hoodie-midnight-navy: 429 Client Error: Too Many Requests for url: https://uk.representclo.com/products/initial-oversized-hoodie-midnight-navy
2026-08-26 04:41:11,784 [ERROR] Failed to fetch product page https://uk.representclo.com/products/initial-oversized-t-shirt-army-green: 429 Client Error: Too Many Requests for url: https://uk.representclo.com/products/initial-oversized-t-shirt-army-green
2026-08-26 04:41:12,384 [ERROR] Failed to fetch product page https://uk.representclo.com/products/initial-oversized-t-shirt-black: 429 Client Error: Too Many Requests for url: https://uk.representclo.com/products/initial-oversized-t-shirt-black
2026-08-26 04:41:12,979 [ERROR] Failed to fetch product page https://uk.representclo.com/products/initial-oversized-t-shirt-coffee: 429 Client Error: Too Many Requests for url: https://uk.representclo.com/products/initial-oversized-t-shirt-coffee
2026-08-26 04:41:13,571 [ERROR] Failed to fetch product page https://uk.representclo.com/products/initial-oversized-t-shirt-dune: 429 Client Error: Too Many Requests for url: https://uk.representclo.com/products/initial-oversized-t-shirt-dune
2026-08-26 04:41:14,164 [ERROR] Failed to fetch product page https://uk.representclo.com/products/initial-oversized-t-shirt-flat-white: 429 Client Error: Too Many Requests for url: https://uk.representclo.com/products/initial-oversized-t-shirt-flat-white
2026-08-26 04:41:14,755 [ERROR] Failed to fetch product page https://uk.representclo.com/products/initial-oversized-t-shirt-ice-grey-marl: 429 Client Error: Too Many Requests for url: https://uk.representclo.com/products/initial-oversized-t-shirt-ice-grey-marl
2026-08-26 04:41:15,355 [ERROR] Failed to fetch product page https://uk.representclo.com/products/initial-oversized-t-shirt-midnight-navy: 429 Client Error: Too Many Requests for url: https://uk.representclo.com/products/initial-oversized-t-shirt-midnight-navy
2026-08-26 04:41:15,946 [ERROR] Failed to fetch product page https://uk.representclo.com/products/initial-oversized-t-shirt-mist: 429 Client Error: Too Many Requests for url: https://uk.representclo.com/products/initial-oversized-t-shirt-mist
2026-08-26 04:41:16,563 [ERROR] Failed to fetch product page https://uk.representclo.com/products/initial-oversized-zip-hoodie-black: 429 Client Error: Too Many Requests for url: https://uk.representclo.com/products/initial-oversized-zip-hoodie-black
2026-08-26 04:41:17,156 [ERROR] Failed to fetch product page https://uk.representclo.com/products/initial-rib-vest-black: 429 Client Error: Too Many Requests for url: https://uk.representclo.com/products/initial-rib-vest-black
2026-08-26 04:41:17,747 [ERROR] Failed to fetch product page https://uk.representclo.com/products/initial-rib-vest-flat-white: 429 Client Error: Too Many Requests for url: https://uk.representclo.com/products/initial-rib-vest-flat-white
2026-08-26 04:41:18,352 [ERROR] Failed to fetch product page https://uk.representclo.com/products/initial-rib-vest-ice-grey-marl: 429 Client Error: Too Many Requests for url: https://uk.representclo.com/products/initial-rib-vest-ice-grey-marl
2026-08-26 04:41:18,954 [ERROR] Failed to fetch product page https://uk.representclo.com/products/initial-sheer-rib-long-sleeve-t-shirt-flat-white: 429 Client Error: Too Many Requests for url: https://uk.representclo.com/products/initial-sheer-rib-long-sleeve-t-shirt-flat-white
2026-08-26 04:41:19,600 [ERROR] Failed to fetch product page https://uk.representclo.com/products/initial-sheer-rib-long-sleeve-t-shirt-jet-black: 429 Client Error: Too Many Requests for url: https://uk.representclo.com/products/initial-sheer-rib-long-sleeve-t-shirt-jet-black
2026-08-26 04:41:20,204 [ERROR] Failed to fetch product page https://uk.representclo.com/products/initial-sneaker-leather-flat-white: 429 Client Error: Too Many Requests for url: https://uk.representclo.com/products/initial-sneaker-leather-flat-white
2026-08-26 04:41:20,848 [ERROR] Failed to fetch product page https://uk.representclo.com/products/initial-sneaker-suede-dark-taupe: 429 Client Error: Too Many Requests for url: https://uk.representclo.com/products/initial-sneaker-suede-dark-taupe
2026-08-26 04:41:21,441 [ERROR] Failed to fetch product page https://uk.representclo.com/products/initial-socks-black: 429 Client Error: Too Many Requests for url: https://uk.representclo.com/products/initial-socks-black
2026-08-26 04:41:22,198 [ERROR] Failed to fetch product page https://uk.representclo.com/products/initial-star-t-shirt-flat-white: 429 Client Error: Too Many Requests for url: https://uk.representclo.com/products/initial-star-t-shirt-flat-white
2026-08-26 04:41:22,798 [ERROR] Failed to fetch product page https://uk.representclo.com/products/initial-stripe-cap-antique-white: 429 Client Error: Too Many Requests for url: https://uk.representclo.com/products/initial-stripe-cap-antique-white
2026-08-26 04:41:23,393 [ERROR] Failed to fetch product page https://uk.representclo.com/products/initial-stripe-cap-jet-black: 429 Client Error: Too Many Requests for url: https://uk.representclo.com/products/initial-stripe-cap-jet-black
2026-08-26 04:41:23,993 [ERROR] Failed to fetch product page https://uk.representclo.com/products/initial-sweatpant-black: 429 Client Error: Too Many Requests for url: https://uk.representclo.com/products/initial-sweatpant-black
2026-08-26 04:41:24,585 [ERROR] Failed to fetch product page https://uk.representclo.com/products/initial-sweatpant-ice-grey-marl: 429 Client Error: Too Many Requests for url: https://uk.representclo.com/products/initial-sweatpant-ice-grey-marl
2026-08-26 04:41:25,178 [ERROR] Failed to fetch product page https://uk.representclo.com/products/initial-sweatpant-midnight-navy: 429 Client Error: Too Many Requests for url: https://uk.representclo.com/products/initial-sweatpant-midnight-navy
2026-08-26 04:41:25,772 [ERROR] Failed to fetch product page https://uk.representclo.com/products/initial-sweatshorts-ice-grey-marl-v2: 429 Client Error: Too Many Requests for url: https://uk.representclo.com/products/initial-sweatshorts-ice-grey-marl-v2
2026-08-26 04:41:26,376 [ERROR] Failed to fetch product page https://uk.representclo.com/products/initial-sweatshorts-jet-black-v2: 429 Client Error: Too Many Requests for url: https://uk.representclo.com/products/initial-sweatshorts-jet-black-v2
2026-08-26 04:41:27,030 [ERROR] Failed to fetch product page https://uk.representclo.com/products/initial-t-shirt-dune: 429 Client Error: Too Many Requests for url: https://uk.representclo.com/products/initial-t-shirt-dune
2026-08-26 04:41:27,620 [ERROR] Failed to fetch product page https://uk.representclo.com/products/initial-t-shirt-flat-white: 429 Client Error: Too Many Requests for url: https://uk.representclo.com/products/initial-t-shirt-flat-white
2026-08-26 04:41:28,217 [ERROR] Failed to fetch product page https://uk.representclo.com/products/initial-t-shirt-ice-grey-marl: 429 Client Error: Too Many Requests for url: https://uk.representclo.com/products/initial-t-shirt-ice-grey-marl
2026-08-26 04:41:28,820 [ERROR] Failed to fetch product page https://uk.representclo.com/products/initial-t-shirt-vintage-grey: 429 Client Error: Too Many Requests for url: https://uk.representclo.com/products/initial-t-shirt-vintage-grey
2026-08-26 04:41:29,420 [ERROR] Failed to fetch product page https://uk.representclo.com/products/initial-tape-pant-jet-black: 429 Client Error: Too Many Requests for url: https://uk.representclo.com/products/initial-tape-pant-jet-black
2026-08-26 04:41:30,013 [ERROR] Failed to fetch product page https://uk.representclo.com/products/initial-trouser-chain-silver: 429 Client Error: Too Many Requests for url: https://uk.representclo.com/products/initial-trouser-chain-silver
2026-08-26 04:41:30,611 [ERROR] Failed to fetch product page https://uk.representclo.com/products/initial-waffle-shorts-jet-black: 429 Client Error: Too Many Requests for url: https://uk.representclo.com/products/initial-waffle-shorts-jet-black
2026-08-26 04:41:31,215 [ERROR] Failed to fetch product page https://uk.representclo.com/products/initial-waffle-shorts-midnight-navy: 429 Client Error: Too Many Requests for url: https://uk.representclo.com/products/initial-waffle-shorts-midnight-navy
2026-08-26 04:41:31,833 [ERROR] Failed to fetch product page https://uk.representclo.com/products/initial-wide-leg-cuffed-sweatpant-jet-black: 429 Client Error: Too Many Requests for url: https://uk.representclo.com/products/initial-wide-leg-cuffed-sweatpant-jet-black
2026-08-26 04:41:32,425 [ERROR] Failed to fetch product page https://uk.representclo.com/products/intial-chain-bracelet-silver: 429 Client Error: Too Many Requests for url: https://uk.representclo.com/products/intial-chain-bracelet-silver
2026-08-26 04:41:33,017 [ERROR] Failed to fetch product page https://uk.representclo.com/products/intial-chain-necklace-silver: 429 Client Error: Too Many Requests for url: https://uk.representclo.com/products/intial-chain-necklace-silver
2026-08-26 04:41:33,627 [ERROR] Failed to fetch product page https://uk.representclo.com/products/intial-sneaker-nubuck-beige: 429 Client Error: Too Many Requests for url: https://uk.representclo.com/products/intial-sneaker-nubuck-beige
2026-08-26 04:41:34,219 [ERROR] Failed to fetch product page https://uk.representclo.com/products/knitted-panel-short-black: 429 Client Error: Too Many Requests for url: https://uk.representclo.com/products/knitted-panel-short-black
2026-08-26 04:41:34,811 [ERROR] Failed to fetch product page https://uk.representclo.com/products/leather-tote-bag-cowhide: 429 Client Error: Too Many Requests for url: https://uk.representclo.com/products/leather-tote-bag-cowhide
2026-08-26 04:41:35,410 [ERROR] Failed to fetch product page https://uk.representclo.com/products/leather-tote-bag-textured-black: 429 Client Error: Too Many Requests for url: https://uk.representclo.com/products/leather-tote-bag-textured-black
2026-08-26 04:41:36,003 [ERROR] Failed to fetch product page https://uk.representclo.com/products/legacy-cherubs-hoodie-jet-black: 429 Client Error: Too Many Requests for url: https://uk.representclo.com/products/legacy-cherubs-hoodie-jet-black
2026-08-26 04:41:36,610 [ERROR] Failed to fetch product page https://uk.representclo.com/products/legacy-crest-cap-antique-white: 429 Client Error: Too Many Requests for url: https://uk.representclo.com/products/legacy-crest-cap-antique-white
2026-08-26 04:41:37,211 [ERROR] Failed to fetch product page https://uk.representclo.com/products/legacy-crest-cap-black: 429 Client Error: Too Many Requests for url: https://uk.representclo.com/products/legacy-crest-cap-black
2026-08-26 04:41:37,803 [ERROR] Failed to fetch product page https://uk.representclo.com/products/legacy-crest-long-sleeve-t-shirt-stained-black: 429 Client Error: Too Many Requests for url: https://uk.representclo.com/products/legacy-crest-long-sleeve-t-shirt-stained-black
2026-08-26 04:41:38,405 [ERROR] Failed to fetch product page https://uk.representclo.com/products/legacy-crest-t-shirt-stained-black: 429 Client Error: Too Many Requests for url: https://uk.representclo.com/products/legacy-crest-t-shirt-stained-black
2026-08-26 04:41:38,996 [ERROR] Failed to fetch product page https://uk.representclo.com/products/loaded-with-love-hoodie-stained-black: 429 Client Error: Too Many Requests for url: https://uk.representclo.com/products/loaded-with-love-hoodie-stained-black
2026-08-26 04:41:39,599 [ERROR] Failed to fetch product page https://uk.representclo.com/products/loaded-with-love-hoodie-withered-rose: 429 Client Error: Too Many Requests for url: https://uk.representclo.com/products/loaded-with-love-hoodie-withered-rose
2026-08-26 04:41:40,203 [ERROR] Failed to fetch product page https://uk.representclo.com/products/loaded-with-love-t-shirt-buttercream: 429 Client Error: Too Many Requests for url: https://uk.representclo.com/products/loaded-with-love-t-shirt-buttercream
2026-08-26 04:41:40,802 [ERROR] Failed to fetch product page https://uk.representclo.com/products/loaded-with-love-t-shirt-stained-black: 429 Client Error: Too Many Requests for url: https://uk.representclo.com/products/loaded-with-love-t-shirt-stained-black
2026-08-26 04:41:41,395 [ERROR] Failed to fetch product page https://uk.representclo.com/products/london-store-hoodie-jet-black: 429 Client Error: Too Many Requests for url: https://uk.representclo.com/products/london-store-hoodie-jet-black
2026-08-26 04:41:41,991 [ERROR] Failed to fetch product page https://uk.representclo.com/products/london-store-t-shirt-flat-white: 429 Client Error: Too Many Requests for url: https://uk.representclo.com/products/london-store-t-shirt-flat-white
2026-08-26 04:41:42,587 [ERROR] Failed to fetch product page https://uk.representclo.com/products/london-store-t-shirt-jet-black: 429 Client Error: Too Many Requests for url: https://uk.representclo.com/products/london-store-t-shirt-jet-black
2026-08-26 04:41:43,179 [ERROR] Failed to fetch product page https://uk.representclo.com/products/long-sleeve-slub-knit-t-shirt-flat-white: 429 Client Error: Too Many Requests for url: https://uk.representclo.com/products/long-sleeve-slub-knit-t-shirt-flat-white
2026-08-26 04:41:43,778 [ERROR] Failed to fetch product page https://uk.representclo.com/products/los-angeles-dodgers-x-represent-47-cap-dust-blue: 429 Client Error: Too Many Requests for url: https://uk.representclo.com/products/los-angeles-dodgers-x-represent-47-cap-dust-blue
2026-08-26 04:41:44,369 [ERROR] Failed to fetch product page https://uk.representclo.com/products/los-angeles-dodgers-x-represent-sweater-sprayed-mist: 429 Client Error: Too Many Requests for url: https://uk.representclo.com/products/los-angeles-dodgers-x-represent-sweater-sprayed-mist
2026-08-26 04:41:44,972 [ERROR] Failed to fetch product page https://uk.representclo.com/products/los-angeles-dodgers-x-represent-t-shirt-stained-black: 429 Client Error: Too Many Requests for url: https://uk.representclo.com/products/los-angeles-dodgers-x-represent-t-shirt-stained-black
2026-08-26 04:41:45,595 [ERROR] Failed to fetch product page https://uk.representclo.com/products/los-angeles-rams-x-represent-hoodie-stained-black: 429 Client Error: Too Many Requests for url: https://uk.representclo.com/products/los-angeles-rams-x-represent-hoodie-stained-black
2026-08-26 04:41:46,193 [ERROR] Failed to fetch product page https://uk.representclo.com/products/los-angeles-rams-x-represent-t-shirt-stained-black: 429 Client Error: Too Many Requests for url: https://uk.representclo.com/products/los-angeles-rams-x-represent-t-shirt-stained-black
2026-08-26 04:41:46,787 [ERROR] Failed to fetch product page https://uk.representclo.com/products/los-angeles-rams-x-represent-x-47-cap-washed-aged-black: 429 Client Error: Too Many Requests for url: https://uk.representclo.com/products/los-angeles-rams-x-represent-x-47-cap-washed-aged-black
2026-08-26 04:41:47,408 [ERROR] Failed to fetch product page https://uk.representclo.com/products/los-angeles-x-represent-47-cap-vintage-green: 429 Client Error: Too Many Requests for url: https://uk.representclo.com/products/los-angeles-x-represent-47-cap-vintage-green
2026-08-26 04:41:48,000 [ERROR] Failed to fetch product page https://uk.representclo.com/products/low-pro-leather-cream: 429 Client Error: Too Many Requests for url: https://uk.representclo.com/products/low-pro-leather-cream
2026-08-26 04:41:48,605 [ERROR] Failed to fetch product page https://uk.representclo.com/products/lowercase-logo-long-sleeve-t-shirt-flat-white: 429 Client Error: Too Many Requests for url: https://uk.representclo.com/products/lowercase-logo-long-sleeve-t-shirt-flat-white
2026-08-26 04:41:49,197 [ERROR] Failed to fetch product page https://uk.representclo.com/products/lowercase-logo-t-shirt-flat-white: 429 Client Error: Too Many Requests for url: https://uk.representclo.com/products/lowercase-logo-t-shirt-flat-white
2026-08-26 04:41:49,787 [ERROR] Failed to fetch product page https://uk.representclo.com/products/manchester-store-hoodie-black: 429 Client Error: Too Many Requests for url: https://uk.representclo.com/products/manchester-store-hoodie-black
2026-08-26 04:41:50,391 [ERROR] Failed to fetch product page https://uk.representclo.com/products/manchester-store-hoodie-flat-white: 429 Client Error: Too Many Requests for url: https://uk.representclo.com/products/manchester-store-hoodie-flat-white
2026-08-26 04:41:50,992 [ERROR] Failed to fetch product page https://uk.representclo.com/products/manchester-store-t-shirt-black: 429 Client Error: Too Many Requests for url: https://uk.representclo.com/products/manchester-store-t-shirt-black
2026-08-26 04:41:51,587 [ERROR] Failed to fetch product page https://uk.representclo.com/products/manchester-store-t-shirt-flat-white: 429 Client Error: Too Many Requests for url: https://uk.representclo.com/products/manchester-store-t-shirt-flat-white
2026-08-26 04:41:52,182 [ERROR] Failed to fetch product page https://uk.representclo.com/products/melrose-sunglasses-silver: 429 Client Error: Too Many Requests for url: https://uk.representclo.com/products/melrose-sunglasses-silver
2026-08-26 04:41:52,776 [ERROR] Failed to fetch product page https://uk.representclo.com/products/mesh-pegasus-long-sleeve-t-shirt-flat-white: 429 Client Error: Too Many Requests for url: https://uk.representclo.com/products/mesh-pegasus-long-sleeve-t-shirt-flat-white
2026-08-26 04:41:53,382 [ERROR] Failed to fetch product page https://uk.representclo.com/products/mesh-pegasus-long-sleeve-t-shirt-jet-black: 429 Client Error: Too Many Requests for url: https://uk.representclo.com/products/mesh-pegasus-long-sleeve-t-shirt-jet-black
2026-08-26 04:41:53,983 [ERROR] Failed to fetch product page https://uk.representclo.com/products/mh-shrunken-zip-hoodie-vintage-navy: 429 Client Error: Too Many Requests for url: https://uk.representclo.com/products/mh-shrunken-zip-hoodie-vintage-navy
2026-08-26 04:41:54,574 [ERROR] Failed to fetch product page https://uk.representclo.com/products/mh-t-shirt-flat-white: 429 Client Error: Too Many Requests for url: https://uk.representclo.com/products/mh-t-shirt-flat-white
2026-08-26 04:41:55,174 [ERROR] Failed to fetch product page https://uk.representclo.com/products/mh-t-shirt-jet-black: 429 Client Error: Too Many Requests for url: https://uk.representclo.com/products/mh-t-shirt-jet-black
2026-08-26 04:41:55,773 [ERROR] Failed to fetch product page https://uk.representclo.com/products/mh-t-shirt-v2-ash-white: 429 Client Error: Too Many Requests for url: https://uk.representclo.com/products/mh-t-shirt-v2-ash-white
2026-08-26 04:41:56,374 [ERROR] Failed to fetch product page https://uk.representclo.com/products/michael-zip-boot-leather-black: 429 Client Error: Too Many Requests for url: https://uk.representclo.com/products/michael-zip-boot-leather-black
2026-08-26 04:41:56,967 [ERROR] Failed to fetch product page https://uk.representclo.com/products/micro-owners-club-cap-jet-black: 429 Client Error: Too Many Requests for url: https://uk.representclo.com/products/micro-owners-club-cap-jet-black
2026-08-26 04:41:57,573 [ERROR] Failed to fetch product page https://uk.representclo.com/products/micro-owners-club-card-holder-jet-black: 429 Client Error: Too Many Requests for url: https://uk.representclo.com/products/micro-owners-club-card-holder-jet-black
2026-08-26 04:41:58,165 [ERROR] Failed to fetch product page https://uk.representclo.com/products/micro-owners-club-hoodie-cream-marl-v2: 429 Client Error: Too Many Requests for url: https://uk.representclo.com/products/micro-owners-club-hoodie-cream-marl-v2
2026-08-26 04:41:58,764 [ERROR] Failed to fetch product page https://uk.representclo.com/products/micro-owners-club-hoodie-jet-black-v2: 429 Client Error: Too Many Requests for url: https://uk.representclo.com/products/micro-owners-club-hoodie-jet-black-v2
2026-08-26 04:41:59,355 [ERROR] Failed to fetch product page https://uk.representclo.com/products/micro-owners-club-hoodie-pink: 429 Client Error: Too Many Requests for url: https://uk.representclo.com/products/micro-owners-club-hoodie-pink
2026-08-26 04:41:59,952 [ERROR] Failed to fetch product page https://uk.representclo.com/products/micro-owners-club-nylon-cap-jet-black: 429 Client Error: Too Many Requests for url: https://uk.representclo.com/products/micro-owners-club-nylon-cap-jet-black
2026-08-26 04:42:00,565 [ERROR] Failed to fetch product page https://uk.representclo.com/products/micro-owners-club-shorts-black: 429 Client Error: Too Many Requests for url: https://uk.representclo.com/products/micro-owners-club-shorts-black
2026-08-26 04:42:01,171 [ERROR] Failed to fetch product page https://uk.representclo.com/products/micro-owners-club-shorts-cream-marl: 429 Client Error: Too Many Requests for url: https://uk.representclo.com/products/micro-owners-club-shorts-cream-marl
2026-08-26 04:42:01,765 [ERROR] Failed to fetch product page https://uk.representclo.com/products/micro-owners-club-sweatpant-cream-marl-v2: 429 Client Error: Too Many Requests for url: https://uk.representclo.com/products/micro-owners-club-sweatpant-cream-marl-v2
2026-08-26 04:42:02,373 [ERROR] Failed to fetch product page https://uk.representclo.com/products/micro-owners-club-sweatpant-jet-black-v2: 429 Client Error: Too Many Requests for url: https://uk.representclo.com/products/micro-owners-club-sweatpant-jet-black-v2
2026-08-26 04:42:02,974 [ERROR] Failed to fetch product page https://uk.representclo.com/products/micro-owners-club-swim-shorts-black: 429 Client Error: Too Many Requests for url: https://uk.representclo.com/products/micro-owners-club-swim-shorts-black
2026-08-26 04:42:03,572 [ERROR] Failed to fetch product page https://uk.representclo.com/products/micro-owners-club-t-shirt-cream-marl: 429 Client Error: Too Many Requests for url: https://uk.representclo.com/products/micro-owners-club-t-shirt-cream-marl
2026-08-26 04:42:04,165 [ERROR] Failed to fetch product page https://uk.representclo.com/products/micro-owners-club-t-shirt-flat-white: 429 Client Error: Too Many Requests for url: https://uk.representclo.com/products/micro-owners-club-t-shirt-flat-white
2026-08-26 04:42:04,768 [ERROR] Failed to fetch product page https://uk.representclo.com/products/micro-owners-club-t-shirt-jet-black: 429 Client Error: Too Many Requests for url: https://uk.representclo.com/products/micro-owners-club-t-shirt-jet-black
2026-08-26 04:42:05,366 [ERROR] Failed to fetch product page https://uk.representclo.com/products/micro-owners-club-t-shirt-pink: 429 Client Error: Too Many Requests for url: https://uk.representclo.com/products/micro-owners-club-t-shirt-pink
2026-08-26 04:42:05,965 [ERROR] Failed to fetch product page https://uk.representclo.com/products/new-york-yankees-x-represent-47-cap-graphite: 429 Client Error: Too Many Requests for url: https://uk.representclo.com/products/new-york-yankees-x-represent-47-cap-graphite
2026-08-26 04:42:06,561 [ERROR] Failed to fetch product page https://uk.representclo.com/products/new-york-yankees-x-represent-47-cap-midnight-navy: 429 Client Error: Too Many Requests for url: https://uk.representclo.com/products/new-york-yankees-x-represent-47-cap-midnight-navy
2026-08-26 04:42:07,174 [ERROR] Failed to fetch product page https://uk.representclo.com/products/new-york-yankees-x-represent-nylon-pullover-faded-black: 429 Client Error: Too Many Requests for url: https://uk.representclo.com/products/new-york-yankees-x-represent-nylon-pullover-faded-black
2026-08-26 04:42:07,766 [ERROR] Failed to fetch product page https://uk.representclo.com/products/new-york-yankees-x-represent-t-shirt-flat-white: 429 Client Error: Too Many Requests for url: https://uk.representclo.com/products/new-york-yankees-x-represent-t-shirt-flat-white
2026-08-26 04:42:08,360 [ERROR] Failed to fetch product page https://uk.representclo.com/products/nfl-shield-x-represent-hoodie-stained-black: 429 Client Error: Too Many Requests for url: https://uk.representclo.com/products/nfl-shield-x-represent-hoodie-stained-black
2026-08-26 04:42:08,954 [ERROR] Failed to fetch product page https://uk.representclo.com/products/nfl-shield-x-represent-x-47-cap-jet-black: 429 Client Error: Too Many Requests for url: https://uk.representclo.com/products/nfl-shield-x-represent-x-47-cap-jet-black
2026-08-26 04:42:09,549 [ERROR] Failed to fetch product page https://uk.representclo.com/products/nothing-faster-applique-patch-x-47-cap-jet-black: 429 Client Error: Too Many Requests for url: https://uk.representclo.com/products/nothing-faster-applique-patch-x-47-cap-jet-black
2026-08-26 04:42:10,143 [ERROR] Failed to fetch product page https://uk.representclo.com/products/nothing-faster-hoodie-indigo: 429 Client Error: Too Many Requests for url: https://uk.representclo.com/products/nothing-faster-hoodie-indigo
2026-08-26 04:42:10,747 [ERROR] Failed to fetch product page https://uk.representclo.com/products/nothing-faster-swim-short-jet-black: 429 Client Error: Too Many Requests for url: https://uk.representclo.com/products/nothing-faster-swim-short-jet-black
2026-08-26 04:42:11,358 [ERROR] Failed to fetch product page https://uk.representclo.com/products/nothing-faster-t-shirt-flat-white: 429 Client Error: Too Many Requests for url: https://uk.representclo.com/products/nothing-faster-t-shirt-flat-white
2026-08-26 04:42:11,958 [ERROR] Failed to fetch product page https://uk.representclo.com/products/nothing-faster-t-shirt-indigo: 429 Client Error: Too Many Requests for url: https://uk.representclo.com/products/nothing-faster-t-shirt-indigo
2026-08-26 04:42:12,561 [ERROR] Failed to fetch product page https://uk.representclo.com/products/nothing-faster-t-shirt-stained-black: 429 Client Error: Too Many Requests for url: https://uk.representclo.com/products/nothing-faster-t-shirt-stained-black
2026-08-26 04:42:13,163 [ERROR] Failed to fetch product page https://uk.representclo.com/products/nylon-backpack-black: 429 Client Error: Too Many Requests for url: https://uk.representclo.com/products/nylon-backpack-black
2026-08-26 04:42:13,760 [ERROR] Failed to fetch product page https://uk.representclo.com/products/nylon-messenger-bag-black: 429 Client Error: Too Many Requests for url: https://uk.representclo.com/products/nylon-messenger-bag-black
2026-08-26 04:42:14,356 [ERROR] Failed to fetch product page https://uk.representclo.com/products/ombre-knit-scarf-light-grey: 429 Client Error: Too Many Requests for url: https://uk.representclo.com/products/ombre-knit-scarf-light-grey
2026-08-26 04:42:14,985 [ERROR] Failed to fetch product page https://uk.representclo.com/products/out-of-the-shadows-hoodie-stained-black: 429 Client Error: Too Many Requests for url: https://uk.representclo.com/products/out-of-the-shadows-hoodie-stained-black
2026-08-26 04:42:15,576 [ERROR] Failed to fetch product page https://uk.representclo.com/products/out-of-the-shadows-t-shirt-flat-white: 429 Client Error: Too Many Requests for url: https://uk.representclo.com/products/out-of-the-shadows-t-shirt-flat-white
2026-08-26 04:42:16,170 [ERROR] Failed to fetch product page https://uk.representclo.com/products/oversized-nylon-carry-bag-black: 429 Client Error: Too Many Requests for url: https://uk.representclo.com/products/oversized-nylon-carry-bag-black
2026-08-26 04:42:16,765 [ERROR] Failed to fetch product page https://uk.representclo.com/products/owners-club-cafe-hat-antique-white: 429 Client Error: Too Many Requests for url: https://uk.representclo.com/products/owners-club-cafe-hat-antique-white
2026-08-26 04:42:17,356 [ERROR] Failed to fetch product page https://uk.representclo.com/products/owners-club-cafe-hat-black-coffee: 429 Client Error: Too Many Requests for url: https://uk.representclo.com/products/owners-club-cafe-hat-black-coffee
2026-08-26 04:42:17,948 [ERROR] Failed to fetch product page https://uk.representclo.com/products/owners-club-cafe-hoodie-black-coffee: 429 Client Error: Too Many Requests for url: https://uk.representclo.com/products/owners-club-cafe-hoodie-black-coffee
2026-08-26 04:42:18,554 [ERROR] Failed to fetch product page https://uk.representclo.com/products/owners-club-cafe-t-shirt-antique-white: 429 Client Error: Too Many Requests for url: https://uk.representclo.com/products/owners-club-cafe-t-shirt-antique-white
2026-08-26 04:42:19,148 [ERROR] Failed to fetch product page https://uk.representclo.com/products/owners-club-cafe-t-shirt-black-coffee: 429 Client Error: Too Many Requests for url: https://uk.representclo.com/products/owners-club-cafe-t-shirt-black-coffee
2026-08-26 04:42:19,759 [ERROR] Failed to fetch product page https://uk.representclo.com/products/padded-sling-bag-black: 429 Client Error: Too Many Requests for url: https://uk.representclo.com/products/padded-sling-bag-black
2026-08-26 04:42:20,350 [ERROR] Failed to fetch product page https://uk.representclo.com/products/padded-sling-bag-dark-brown: 429 Client Error: Too Many Requests for url: https://uk.representclo.com/products/padded-sling-bag-dark-brown
2026-08-26 04:42:20,951 [ERROR] Failed to fetch product page https://uk.representclo.com/products/pegasus-zip-through-hoodie-indigo: 429 Client Error: Too Many Requests for url: https://uk.representclo.com/products/pegasus-zip-through-hoodie-indigo
2026-08-26 04:42:21,545 [ERROR] Failed to fetch product page https://uk.representclo.com/products/philadelphia-eagles-x-represent-t-shirt-vintage-grey: 429 Client Error: Too Many Requests for url: https://uk.representclo.com/products/philadelphia-eagles-x-represent-t-shirt-vintage-grey
2026-08-26 04:42:22,141 [ERROR] Failed to fetch product page https://uk.representclo.com/products/philadelphia-eagles-x-represent-x-47-cap-antique-grey: 429 Client Error: Too Many Requests for url: https://uk.representclo.com/products/philadelphia-eagles-x-represent-x-47-cap-antique-grey
2026-08-26 04:42:22,742 [ERROR] Failed to fetch product page https://uk.representclo.com/products/pin-badges-multi: 429 Client Error: Too Many Requests for url: https://uk.representclo.com/products/pin-badges-multi
2026-08-26 04:42:23,333 [ERROR] Failed to fetch product page https://uk.representclo.com/products/piped-track-short-jet-black: 429 Client Error: Too Many Requests for url: https://uk.representclo.com/products/piped-track-short-jet-black
2026-08-26 04:42:23,926 [ERROR] Failed to fetch product page https://uk.representclo.com/products/pool-side-swim-short-flat-white: 429 Client Error: Too Many Requests for url: https://uk.representclo.com/products/pool-side-swim-short-flat-white
2026-08-26 04:42:24,533 [ERROR] Failed to fetch product page https://uk.representclo.com/products/printed-bandana-flat-white: 429 Client Error: Too Many Requests for url: https://uk.representclo.com/products/printed-bandana-flat-white
2026-08-26 04:42:25,138 [ERROR] Failed to fetch product page https://uk.representclo.com/products/printed-long-sleeve-t-shirt-flat-white: 429 Client Error: Too Many Requests for url: https://uk.representclo.com/products/printed-long-sleeve-t-shirt-flat-white
2026-08-26 04:42:25,737 [ERROR] Failed to fetch product page https://uk.representclo.com/products/private-members-key-fob-silver: 429 Client Error: Too Many Requests for url: https://uk.representclo.com/products/private-members-key-fob-silver
2026-08-26 04:42:26,330 [ERROR] Failed to fetch product page https://uk.representclo.com/products/private-members-t-shirt-flat-white: 429 Client Error: Too Many Requests for url: https://uk.representclo.com/products/private-members-t-shirt-flat-white
2026-08-26 04:42:26,937 [ERROR] Failed to fetch product page https://uk.representclo.com/products/private-members-t-shirt-stained-black: 429 Client Error: Too Many Requests for url: https://uk.representclo.com/products/private-members-t-shirt-stained-black
2026-08-26 04:42:27,544 [ERROR] Failed to fetch product page https://uk.representclo.com/products/private-members-x-47-cap-washed-navy: 429 Client Error: Too Many Requests for url: https://uk.representclo.com/products/private-members-x-47-cap-washed-navy
2026-08-26 04:42:28,144 [ERROR] Failed to fetch product page https://uk.representclo.com/products/pure-breed-t-shirt-vintage-black: 429 Client Error: Too Many Requests for url: https://uk.representclo.com/products/pure-breed-t-shirt-vintage-black
2026-08-26 04:42:28,738 [ERROR] Failed to fetch product page https://uk.representclo.com/products/r-pendant-necklace-silver: 429 Client Error: Too Many Requests for url: https://uk.representclo.com/products/r-pendant-necklace-silver
2026-08-26 04:42:29,334 [ERROR] Failed to fetch product page https://uk.representclo.com/products/raceway-cap-antique-white-barley: 429 Client Error: Too Many Requests for url: https://uk.representclo.com/products/raceway-cap-antique-white-barley
2026-08-26 04:42:29,926 [ERROR] Failed to fetch product page https://uk.representclo.com/products/raffia-tote-bag-jet-black: 429 Client Error: Too Many Requests for url: https://uk.representclo.com/products/raffia-tote-bag-jet-black
2026-08-26 04:42:30,523 [ERROR] Failed to fetch product page https://uk.representclo.com/products/rep-applique-hoodie-cream-marl: 429 Client Error: Too Many Requests for url: https://uk.representclo.com/products/rep-applique-hoodie-cream-marl
2026-08-26 04:42:31,123 [ERROR] Failed to fetch product page https://uk.representclo.com/products/rep-applique-hoodie-off-black: 429 Client Error: Too Many Requests for url: https://uk.representclo.com/products/rep-applique-hoodie-off-black
2026-08-26 04:42:31,716 [ERROR] Failed to fetch product page https://uk.representclo.com/products/rep-applique-t-shirt-flat-white: 429 Client Error: Too Many Requests for url: https://uk.representclo.com/products/rep-applique-t-shirt-flat-white
2026-08-26 04:42:32,310 [ERROR] Failed to fetch product page https://uk.representclo.com/products/rep-applique-t-shirt-vintage-black: 429 Client Error: Too Many Requests for url: https://uk.representclo.com/products/rep-applique-t-shirt-vintage-black
2026-08-26 04:42:32,902 [ERROR] Failed to fetch product page https://uk.representclo.com/products/rep-cap-flat-white-black: 429 Client Error: Too Many Requests for url: https://uk.representclo.com/products/rep-cap-flat-white-black
2026-08-26 04:42:33,502 [ERROR] Failed to fetch product page https://uk.representclo.com/products/rep-cap-jet-black: 429 Client Error: Too Many Requests for url: https://uk.representclo.com/products/rep-cap-jet-black
2026-08-26 04:42:34,119 [ERROR] Failed to fetch product page https://uk.representclo.com/products/rep-cap-vintage-white: 429 Client Error: Too Many Requests for url: https://uk.representclo.com/products/rep-cap-vintage-white
2026-08-26 04:42:34,720 [ERROR] Failed to fetch product page https://uk.representclo.com/products/represent-angel-border-hoodie-stained-black: 429 Client Error: Too Many Requests for url: https://uk.representclo.com/products/represent-angel-border-hoodie-stained-black
2026-08-26 04:42:35,316 [ERROR] Failed to fetch product page https://uk.representclo.com/products/represent-banner-hoodie-stained-black: 429 Client Error: Too Many Requests for url: https://uk.representclo.com/products/represent-banner-hoodie-stained-black
2026-08-26 04:42:35,924 [ERROR] Failed to fetch product page https://uk.representclo.com/products/represent-california-sunglasses-off-white: 429 Client Error: Too Many Requests for url: https://uk.representclo.com/products/represent-california-sunglasses-off-white
2026-08-26 04:42:36,522 [ERROR] Failed to fetch product page https://uk.representclo.com/products/represent-cap-washed-taupe: 429 Client Error: Too Many Requests for url: https://uk.representclo.com/products/represent-cap-washed-taupe
2026-08-26 04:42:37,117 [ERROR] Failed to fetch product page https://uk.representclo.com/products/represent-crest-cap-jet-black: 429 Client Error: Too Many Requests for url: https://uk.representclo.com/products/represent-crest-cap-jet-black
2026-08-26 04:42:37,710 [ERROR] Failed to fetch product page https://uk.representclo.com/products/represent-embellished-hoodie-stained-black: 429 Client Error: Too Many Requests for url: https://uk.representclo.com/products/represent-embellished-hoodie-stained-black
2026-08-26 04:42:38,302 [ERROR] Failed to fetch product page https://uk.representclo.com/products/represent-england-bag-washed-black: 429 Client Error: Too Many Requests for url: https://uk.representclo.com/products/represent-england-bag-washed-black
2026-08-26 04:42:38,900 [ERROR] Failed to fetch product page https://uk.representclo.com/products/represent-england-football-flat-white: 429 Client Error: Too Many Requests for url: https://uk.representclo.com/products/represent-england-football-flat-white
2026-08-26 04:42:39,500 [ERROR] Failed to fetch product page https://uk.representclo.com/products/represent-england-stickers-multi: 429 Client Error: Too Many Requests for url: https://uk.representclo.com/products/represent-england-stickers-multi
2026-08-26 04:42:40,093 [ERROR] Failed to fetch product page https://uk.representclo.com/products/represent-legacy-cap-dark-brown: 429 Client Error: Too Many Requests for url: https://uk.representclo.com/products/represent-legacy-cap-dark-brown
2026-08-26 04:42:40,701 [ERROR] Failed to fetch product page https://uk.representclo.com/products/represent-legacy-crest-hoodie-stained-black: 429 Client Error: Too Many Requests for url: https://uk.representclo.com/products/represent-legacy-crest-hoodie-stained-black
2026-08-26 04:42:41,310 [ERROR] Failed to fetch product page https://uk.representclo.com/products/represent-logo-socks-antique-white: 429 Client Error: Too Many Requests for url: https://uk.representclo.com/products/represent-logo-socks-antique-white
2026-08-26 04:42:41,905 [ERROR] Failed to fetch product page https://uk.representclo.com/products/represent-logo-socks-jet-black: 429 Client Error: Too Many Requests for url: https://uk.representclo.com/products/represent-logo-socks-jet-black
2026-08-26 04:42:44,108 [ERROR] Failed to fetch product page https://uk.representclo.com/products/represent-owners-club-cap-black: 429 Client Error: Too Many Requests for url: https://uk.representclo.com/products/represent-owners-club-cap-black
2026-08-26 04:42:44,709 [ERROR] Failed to fetch product page https://uk.representclo.com/products/represent-owners-club-cap-cobalt: 429 Client Error: Too Many Requests for url: https://uk.representclo.com/products/represent-owners-club-cap-cobalt
2026-08-26 04:42:45,311 [ERROR] Failed to fetch product page https://uk.representclo.com/products/represent-owners-club-flocked-hoodie-black: 429 Client Error: Too Many Requests for url: https://uk.representclo.com/products/represent-owners-club-flocked-hoodie-black
2026-08-26 04:42:45,903 [ERROR] Failed to fetch product page https://uk.representclo.com/products/represent-owners-club-flocked-t-shirt-black: 429 Client Error: Too Many Requests for url: https://uk.representclo.com/products/represent-owners-club-flocked-t-shirt-black
2026-08-26 04:42:46,495 [ERROR] Failed to fetch product page https://uk.representclo.com/products/represent-owners-club-flocking-cap-black: 429 Client Error: Too Many Requests for url: https://uk.representclo.com/products/represent-owners-club-flocking-cap-black
2026-08-26 04:42:47,088 [ERROR] Failed to fetch product page https://uk.representclo.com/products/represent-owners-club-hoodie-ash-grey: 429 Client Error: Too Many Requests for url: https://uk.representclo.com/products/represent-owners-club-hoodie-ash-grey
2026-08-26 04:42:47,686 [ERROR] Failed to fetch product page https://uk.representclo.com/products/represent-owners-club-hoodie-black: 429 Client Error: Too Many Requests for url: https://uk.representclo.com/products/represent-owners-club-hoodie-black
2026-08-26 04:42:48,279 [ERROR] Failed to fetch product page https://uk.representclo.com/products/represent-owners-club-hoodie-black-matte: 429 Client Error: Too Many Requests for url: https://uk.representclo.com/products/represent-owners-club-hoodie-black-matte
2026-08-26 04:42:48,878 [ERROR] Failed to fetch product page https://uk.representclo.com/products/represent-owners-club-hoodie-bubblegum-pink: 429 Client Error: Too Many Requests for url: https://uk.representclo.com/products/represent-owners-club-hoodie-bubblegum-pink
2026-08-26 04:42:49,472 [ERROR] Failed to fetch product page https://uk.representclo.com/products/represent-owners-club-hoodie-buttercream: 429 Client Error: Too Many Requests for url: https://uk.representclo.com/products/represent-owners-club-hoodie-buttercream
2026-08-26 04:42:50,066 [ERROR] Failed to fetch product page https://uk.representclo.com/products/represent-owners-club-hoodie-cobalt: 429 Client Error: Too Many Requests for url: https://uk.representclo.com/products/represent-owners-club-hoodie-cobalt
2026-08-26 04:42:52,911 [ERROR] Failed to fetch product page https://uk.representclo.com/products/represent-owners-club-hoodie-jet-black: 429 Client Error: Too Many Requests for url: https://uk.representclo.com/products/represent-owners-club-hoodie-jet-black
2026-08-26 04:42:53,504 [ERROR] Failed to fetch product page https://uk.representclo.com/products/represent-owners-club-hoodie-mushroom: 429 Client Error: Too Many Requests for url: https://uk.representclo.com/products/represent-owners-club-hoodie-mushroom
2026-08-26 04:42:54,094 [ERROR] Failed to fetch product page https://uk.representclo.com/products/represent-owners-club-hoodie-olive-bf: 429 Client Error: Too Many Requests for url: https://uk.representclo.com/products/represent-owners-club-hoodie-olive-bf
2026-08-26 04:42:54,690 [ERROR] Failed to fetch product page https://uk.representclo.com/products/represent-owners-club-hoodie-pastel-lilac-bf: 429 Client Error: Too Many Requests for url: https://uk.representclo.com/products/represent-owners-club-hoodie-pastel-lilac-bf
2026-08-26 04:42:55,283 [ERROR] Failed to fetch product page https://uk.representclo.com/products/represent-owners-club-hoodie-powder-blue: 429 Client Error: Too Many Requests for url: https://uk.representclo.com/products/represent-owners-club-hoodie-powder-blue
2026-08-26 04:42:55,886 [ERROR] Failed to fetch product page https://uk.representclo.com/products/represent-owners-club-hoodie-racing-green: 429 Client Error: Too Many Requests for url: https://uk.representclo.com/products/represent-owners-club-hoodie-racing-green
2026-08-26 04:42:56,482 [ERROR] Failed to fetch product page https://uk.representclo.com/products/represent-owners-club-hoodie-sky-blue: 429 Client Error: Too Many Requests for url: https://uk.representclo.com/products/represent-owners-club-hoodie-sky-blue
2026-08-26 04:42:57,082 [ERROR] Failed to fetch product page https://uk.representclo.com/products/represent-owners-club-hoodie-storm: 429 Client Error: Too Many Requests for url: https://uk.representclo.com/products/represent-owners-club-hoodie-storm
2026-08-26 04:42:57,682 [ERROR] Failed to fetch product page https://uk.representclo.com/products/represent-owners-club-hoodie-vista-blue: 429 Client Error: Too Many Requests for url: https://uk.representclo.com/products/represent-owners-club-hoodie-vista-blue
2026-08-26 04:43:00,142 [ERROR] Failed to fetch product page https://uk.representclo.com/products/represent-owners-club-mesh-short-jet-black: 429 Client Error: Too Many Requests for url: https://uk.representclo.com/products/represent-owners-club-mesh-short-jet-black
2026-08-26 04:43:00,745 [ERROR] Failed to fetch product page https://uk.representclo.com/products/represent-owners-club-mesh-short-sienna: 429 Client Error: Too Many Requests for url: https://uk.representclo.com/products/represent-owners-club-mesh-short-sienna
2026-08-26 04:43:01,338 [ERROR] Failed to fetch product page https://uk.representclo.com/products/represent-owners-club-mesh-short-sky-blue: 429 Client Error: Too Many Requests for url: https://uk.representclo.com/products/represent-owners-club-mesh-short-sky-blue
2026-08-26 04:43:01,932 [ERROR] Failed to fetch product page https://uk.representclo.com/products/represent-owners-club-mesh-shorts-black: 429 Client Error: Too Many Requests for url: https://uk.representclo.com/products/represent-owners-club-mesh-shorts-black
2026-08-26 04:43:02,532 [ERROR] Failed to fetch product page https://uk.representclo.com/products/represent-owners-club-mesh-shorts-cobalt: 429 Client Error: Too Many Requests for url: https://uk.representclo.com/products/represent-owners-club-mesh-shorts-cobalt
2026-08-26 04:43:03,124 [ERROR] Failed to fetch product page https://uk.representclo.com/products/represent-owners-club-mesh-shorts-flat-white: 429 Client Error: Too Many Requests for url: https://uk.representclo.com/products/represent-owners-club-mesh-shorts-flat-white
2026-08-26 04:43:03,725 [ERROR] Failed to fetch product page https://uk.representclo.com/products/represent-owners-club-mesh-shorts-racing-green: 429 Client Error: Too Many Requests for url: https://uk.representclo.com/products/represent-owners-club-mesh-shorts-racing-green
2026-08-26 04:43:04,332 [ERROR] Failed to fetch product page https://uk.representclo.com/products/represent-owners-club-script-cap-black: 429 Client Error: Too Many Requests for url: https://uk.representclo.com/products/represent-owners-club-script-cap-black
2026-08-26 04:43:04,931 [ERROR] Failed to fetch product page https://uk.representclo.com/products/represent-owners-club-shorts-ash-grey: 429 Client Error: Too Many Requests for url: https://uk.representclo.com/products/represent-owners-club-shorts-ash-grey
2026-08-26 04:43:05,533 [ERROR] Failed to fetch product page https://uk.representclo.com/products/represent-owners-club-shorts-black: 429 Client Error: Too Many Requests for url: https://uk.representclo.com/products/represent-owners-club-shorts-black
2026-08-26 04:43:06,132 [ERROR] Failed to fetch product page https://uk.representclo.com/products/represent-owners-club-shorts-flat-white: 429 Client Error: Too Many Requests for url: https://uk.representclo.com/products/represent-owners-club-shorts-flat-white
2026-08-26 04:43:08,402 [ERROR] Failed to fetch product page https://uk.representclo.com/products/represent-owners-club-socks-flat-white-cobalt: 429 Client Error: Too Many Requests for url: https://uk.representclo.com/products/represent-owners-club-socks-flat-white-cobalt
2026-08-26 04:43:08,995 [ERROR] Failed to fetch product page https://uk.representclo.com/products/represent-owners-club-stamp-hoodie-flat-white: 429 Client Error: Too Many Requests for url: https://uk.representclo.com/products/represent-owners-club-stamp-hoodie-flat-white
2026-08-26 04:43:09,588 [ERROR] Failed to fetch product page https://uk.representclo.com/products/represent-owners-club-stamp-sweater-ash-grey: 429 Client Error: Too Many Requests for url: https://uk.representclo.com/products/represent-owners-club-stamp-sweater-ash-grey
2026-08-26 04:43:10,191 [ERROR] Failed to fetch product page https://uk.representclo.com/products/represent-owners-club-sweater-ash-grey: 429 Client Error: Too Many Requests for url: https://uk.representclo.com/products/represent-owners-club-sweater-ash-grey
2026-08-26 04:43:10,785 [ERROR] Failed to fetch product page https://uk.representclo.com/products/represent-owners-club-sweater-black: 429 Client Error: Too Many Requests for url: https://uk.representclo.com/products/represent-owners-club-sweater-black
2026-08-26 04:43:11,390 [ERROR] Failed to fetch product page https://uk.representclo.com/products/represent-owners-club-sweatpant-ash-grey: 429 Client Error: Too Many Requests for url: https://uk.representclo.com/products/represent-owners-club-sweatpant-ash-grey
2026-08-26 04:43:11,984 [ERROR] Failed to fetch product page https://uk.representclo.com/products/represent-owners-club-sweatpant-black: 429 Client Error: Too Many Requests for url: https://uk.representclo.com/products/represent-owners-club-sweatpant-black
2026-08-26 04:43:12,615 [ERROR] Failed to fetch product page https://uk.representclo.com/products/represent-owners-club-sweatpant-jet-black: 429 Client Error: Too Many Requests for url: https://uk.representclo.com/products/represent-owners-club-sweatpant-jet-black
2026-08-26 04:43:13,214 [ERROR] Failed to fetch product page https://uk.representclo.com/products/represent-owners-club-t-shirt-aged-black: 429 Client Error: Too Many Requests for url: https://uk.representclo.com/products/represent-owners-club-t-shirt-aged-black
2026-08-26 04:43:15,582 [ERROR] Failed to fetch product page https://uk.representclo.com/products/represent-owners-club-t-shirt-black: 429 Client Error: Too Many Requests for url: https://uk.representclo.com/products/represent-owners-club-t-shirt-black
2026-08-26 04:43:16,175 [ERROR] Failed to fetch product page https://uk.representclo.com/products/represent-owners-club-t-shirt-black-matte: 429 Client Error: Too Many Requests for url: https://uk.representclo.com/products/represent-owners-club-t-shirt-black-matte
2026-08-26 04:43:16,767 [ERROR] Failed to fetch product page https://uk.representclo.com/products/represent-owners-club-t-shirt-brown-bf: 429 Client Error: Too Many Requests for url: https://uk.representclo.com/products/represent-owners-club-t-shirt-brown-bf
2026-08-26 04:43:17,357 [ERROR] Failed to fetch product page https://uk.representclo.com/products/represent-owners-club-t-shirt-bubblegum-pink-bf: 429 Client Error: Too Many Requests for url: https://uk.representclo.com/products/represent-owners-club-t-shirt-bubblegum-pink-bf
2026-08-26 04:43:17,949 [ERROR] Failed to fetch product page https://uk.representclo.com/products/represent-owners-club-t-shirt-buttercream: 429 Client Error: Too Many Requests for url: https://uk.representclo.com/products/represent-owners-club-t-shirt-buttercream
2026-08-26 04:43:18,540 [ERROR] Failed to fetch product page https://uk.representclo.com/products/represent-owners-club-t-shirt-chalk: 429 Client Error: Too Many Requests for url: https://uk.representclo.com/products/represent-owners-club-t-shirt-chalk
2026-08-26 04:43:19,142 [ERROR] Failed to fetch product page https://uk.representclo.com/products/represent-owners-club-t-shirt-cobalt: 429 Client Error: Too Many Requests for url: https://uk.representclo.com/products/represent-owners-club-t-shirt-cobalt
2026-08-26 04:43:19,738 [ERROR] Failed to fetch product page https://uk.representclo.com/products/represent-owners-club-t-shirt-flat-white: 429 Client Error: Too Many Requests for url: https://uk.representclo.com/products/represent-owners-club-t-shirt-flat-white
2026-08-26 04:43:20,337 [ERROR] Failed to fetch product page https://uk.representclo.com/products/represent-owners-club-t-shirt-jet-black: 429 Client Error: Too Many Requests for url: https://uk.representclo.com/products/represent-owners-club-t-shirt-jet-black
2026-08-26 04:43:22,688 [ERROR] Failed to fetch product page https://uk.representclo.com/products/represent-owners-club-t-shirt-pastel-lilac-bf: 429 Client Error: Too Many Requests for url: https://uk.representclo.com/products/represent-owners-club-t-shirt-pastel-lilac-bf
2026-08-26 04:43:23,302 [ERROR] Failed to fetch product page https://uk.representclo.com/products/represent-owners-club-t-shirt-racing-green: 429 Client Error: Too Many Requests for url: https://uk.representclo.com/products/represent-owners-club-t-shirt-racing-green
2026-08-26 04:43:23,894 [ERROR] Failed to fetch product page https://uk.representclo.com/products/represent-owners-club-t-shirt-sienna: 429 Client Error: Too Many Requests for url: https://uk.representclo.com/products/represent-owners-club-t-shirt-sienna
2026-08-26 04:43:24,486 [ERROR] Failed to fetch product page https://uk.representclo.com/products/represent-owners-club-t-shirt-sky-blue: 429 Client Error: Too Many Requests for url: https://uk.representclo.com/products/represent-owners-club-t-shirt-sky-blue
2026-08-26 04:43:25,085 [ERROR] Failed to fetch product page https://uk.representclo.com/products/represent-owners-club-t-shirt-storm: 429 Client Error: Too Many Requests for url: https://uk.representclo.com/products/represent-owners-club-t-shirt-storm
2026-08-26 04:43:25,678 [ERROR] Failed to fetch product page https://uk.representclo.com/products/represent-owners-club-tank-chalk: 429 Client Error: Too Many Requests for url: https://uk.representclo.com/products/represent-owners-club-tank-chalk
2026-08-26 04:43:26,271 [ERROR] Failed to fetch product page https://uk.representclo.com/products/represent-owners-club-tote-bag-sienna: 429 Client Error: Too Many Requests for url: https://uk.representclo.com/products/represent-owners-club-tote-bag-sienna
2026-08-26 04:43:26,863 [ERROR] Failed to fetch product page https://uk.representclo.com/products/represent-owners-club-washed-cap-sienna: 429 Client Error: Too Many Requests for url: https://uk.representclo.com/products/represent-owners-club-washed-cap-sienna
2026-08-26 04:43:27,456 [ERROR] Failed to fetch product page https://uk.representclo.com/products/represent-owners-club-washed-cap-sky-blue: 429 Client Error: Too Many Requests for url: https://uk.representclo.com/products/represent-owners-club-washed-cap-sky-blue
2026-08-26 04:43:28,060 [ERROR] Failed to fetch product page https://uk.representclo.com/products/represent-owners-club-zip-hoodie-black: 429 Client Error: Too Many Requests for url: https://uk.representclo.com/products/represent-owners-club-zip-hoodie-black
2026-08-26 04:43:28,659 [ERROR] Failed to fetch product page https://uk.representclo.com/products/represent-ringer-t-shirt-stained-black: 429 Client Error: Too Many Requests for url: https://uk.representclo.com/products/represent-ringer-t-shirt-stained-black
2026-08-26 04:43:29,256 [ERROR] Failed to fetch product page https://uk.representclo.com/products/represent-showcasing-cap-black: 429 Client Error: Too Many Requests for url: https://uk.representclo.com/products/represent-showcasing-cap-black
2026-08-26 04:43:29,858 [ERROR] Failed to fetch product page https://uk.representclo.com/products/represent-showcasing-hoodie-stained-black: 429 Client Error: Too Many Requests for url: https://uk.representclo.com/products/represent-showcasing-hoodie-stained-black
2026-08-26 04:43:30,462 [ERROR] Failed to fetch product page https://uk.representclo.com/products/represent-slim-aviator-gold-black: 429 Client Error: Too Many Requests for url: https://uk.representclo.com/products/represent-slim-aviator-gold-black
2026-08-26 04:43:33,014 [ERROR] Failed to fetch product page https://uk.representclo.com/products/represent-swim-short-jet-black: 429 Client Error: Too Many Requests for url: https://uk.representclo.com/products/represent-swim-short-jet-black
2026-08-26 04:43:33,609 [ERROR] Failed to fetch product page https://uk.representclo.com/products/represent-x-47-england-cap-aged-black: 429 Client Error: Too Many Requests for url: https://uk.representclo.com/products/represent-x-47-england-cap-aged-black
2026-08-26 04:43:34,204 [ERROR] Failed to fetch product page https://uk.representclo.com/products/represent-x-47-england-cap-dark-brown: 429 Client Error: Too Many Requests for url: https://uk.representclo.com/products/represent-x-47-england-cap-dark-brown
2026-08-26 04:43:34,805 [ERROR] Failed to fetch product page https://uk.representclo.com/products/represent-x-47-england-old-english-cap-aged-black: 429 Client Error: Too Many Requests for url: https://uk.representclo.com/products/represent-x-47-england-old-english-cap-aged-black
2026-08-26 04:43:35,400 [ERROR] Failed to fetch product page https://uk.representclo.com/products/represent-x-47-england-old-english-cap-jet-black: 429 Client Error: Too Many Requests for url: https://uk.representclo.com/products/represent-x-47-england-old-english-cap-jet-black
2026-08-26 04:43:35,995 [ERROR] Failed to fetch product page https://uk.representclo.com/products/represent-x-47-england-old-english-cap-washed-navy: 429 Client Error: Too Many Requests for url: https://uk.representclo.com/products/represent-x-47-england-old-english-cap-washed-navy
2026-08-26 04:43:36,585 [ERROR] Failed to fetch product page https://uk.representclo.com/products/represent-x-47-initial-cap-jet-black: 429 Client Error: Too Many Requests for url: https://uk.representclo.com/products/represent-x-47-initial-cap-jet-black
2026-08-26 04:43:37,183 [ERROR] Failed to fetch product page https://uk.representclo.com/products/represent-x-47-mlb-brooklyn-cap-washed-red: 429 Client Error: Too Many Requests for url: https://uk.representclo.com/products/represent-x-47-mlb-brooklyn-cap-washed-red
2026-08-26 04:43:37,780 [ERROR] Failed to fetch product page https://uk.representclo.com/products/represent-x-47-mlb-la-cap-vintage-blue: 429 Client Error: Too Many Requests for url: https://uk.representclo.com/products/represent-x-47-mlb-la-cap-vintage-blue
2026-08-26 04:43:38,384 [ERROR] Failed to fetch product page https://uk.representclo.com/products/represent-x-47-mlb-mini-la-cap-vintage-blue: 429 Client Error: Too Many Requests for url: https://uk.representclo.com/products/represent-x-47-mlb-mini-la-cap-vintage-blue
2026-08-26 04:43:38,987 [ERROR] Failed to fetch product page https://uk.representclo.com/products/represent-x-47-mlb-mini-ny-cap-washed-navy: 429 Client Error: Too Many Requests for url: https://uk.representclo.com/products/represent-x-47-mlb-mini-ny-cap-washed-navy
2026-08-26 04:43:39,587 [ERROR] Failed to fetch product page https://uk.representclo.com/products/represent-x-47-mlb-mini-ny-plain-cap-washed-black: 429 Client Error: Too Many Requests for url: https://uk.representclo.com/products/represent-x-47-mlb-mini-ny-plain-cap-washed-black
2026-08-26 04:43:40,177 [ERROR] Failed to fetch product page https://uk.representclo.com/products/represent-x-47-mlb-ny-cap-washed-black: 429 Client Error: Too Many Requests for url: https://uk.representclo.com/products/represent-x-47-mlb-ny-cap-washed-black
2026-08-26 04:43:40,778 [ERROR] Failed to fetch product page https://uk.representclo.com/products/represent-x-47-mlb-ny-cap-washed-brown: 429 Client Error: Too Many Requests for url: https://uk.representclo.com/products/represent-x-47-mlb-ny-cap-washed-brown
2026-08-26 04:43:43,608 [ERROR] Failed to fetch product page https://uk.representclo.com/products/represent-x-47-owners-club-cap-buttercream: 429 Client Error: Too Many Requests for url: https://uk.representclo.com/products/represent-x-47-owners-club-cap-buttercream
2026-08-26 04:43:44,202 [ERROR] Failed to fetch product page https://uk.representclo.com/products/represent-x-47-owners-club-cap-faded-black: 429 Client Error: Too Many Requests for url: https://uk.representclo.com/products/represent-x-47-owners-club-cap-faded-black
2026-08-26 04:43:44,794 [ERROR] Failed to fetch product page https://uk.representclo.com/products/represent-x-beach-boys-americas-band-t-shirt-flat-white: 429 Client Error: Too Many Requests for url: https://uk.representclo.com/products/represent-x-beach-boys-americas-band-t-shirt-flat-white
2026-08-26 04:43:45,396 [ERROR] Failed to fetch product page https://uk.representclo.com/products/represent-x-beach-boys-endless-summer-t-shirt-stained-black: 429 Client Error: Too Many Requests for url: https://uk.representclo.com/products/represent-x-beach-boys-endless-summer-t-shirt-stained-black
2026-08-26 04:43:45,997 [ERROR] Failed to fetch product page https://uk.representclo.com/products/represent-x-beach-boys-endless-summer-x-47-cap-washed-black: 429 Client Error: Too Many Requests for url: https://uk.representclo.com/products/represent-x-beach-boys-endless-summer-x-47-cap-washed-black
2026-08-26 04:43:46,598 [ERROR] Failed to fetch product page https://uk.representclo.com/products/represent-x-beach-boys-pet-sounds-t-shirt-flat-white: 429 Client Error: Too Many Requests for url: https://uk.representclo.com/products/represent-x-beach-boys-pet-sounds-t-shirt-flat-white
2026-08-26 04:43:47,196 [ERROR] Failed to fetch product page https://uk.representclo.com/products/represent-x-beach-boys-pet-sounds-t-shirt-sunfade-grey: 429 Client Error: Too Many Requests for url: https://uk.representclo.com/products/represent-x-beach-boys-pet-sounds-t-shirt-sunfade-grey
2026-08-26 04:43:47,789 [ERROR] Failed to fetch product page https://uk.representclo.com/products/represent-x-beach-boys-script-t-shirt-blue-tie-dye: 429 Client Error: Too Many Requests for url: https://uk.representclo.com/products/represent-x-beach-boys-script-t-shirt-blue-tie-dye
2026-08-26 04:43:48,398 [ERROR] Failed to fetch product page https://uk.representclo.com/products/represent-x-beach-boys-tour-cap-washed-black: 429 Client Error: Too Many Requests for url: https://uk.representclo.com/products/represent-x-beach-boys-tour-cap-washed-black
2026-08-26 04:43:49,000 [ERROR] Failed to fetch product page https://uk.representclo.com/products/represent-x-beach-boys-tour-t-shirt-washed-ecru: 429 Client Error: Too Many Requests for url: https://uk.representclo.com/products/represent-x-beach-boys-tour-t-shirt-washed-ecru
2026-08-26 04:43:49,598 [ERROR] Failed to fetch product page https://uk.representclo.com/products/represent-x-beach-boys-tour-x-47-cap-bright-blue: 429 Client Error: Too Many Requests for url: https://uk.representclo.com/products/represent-x-beach-boys-tour-x-47-cap-bright-blue
2026-08-26 04:43:50,193 [ERROR] Failed to fetch product page https://uk.representclo.com/products/represent-x-belstaff-born-to-bike-hoodie-aged-black: 429 Client Error: Too Many Requests for url: https://uk.representclo.com/products/represent-x-belstaff-born-to-bike-hoodie-aged-black
2026-08-26 04:43:50,796 [ERROR] Failed to fetch product page https://uk.representclo.com/products/represent-x-belstaff-born-to-bike-t-shirt-aged-black: 429 Client Error: Too Many Requests for url: https://uk.representclo.com/products/represent-x-belstaff-born-to-bike-t-shirt-aged-black
2026-08-26 04:43:51,397 [ERROR] Failed to fetch product page https://uk.representclo.com/products/represent-x-belstaff-born-to-bike-t-shirt-flat-white: 429 Client Error: Too Many Requests for url: https://uk.representclo.com/products/represent-x-belstaff-born-to-bike-t-shirt-flat-white
2026-08-26 04:43:51,995 [ERROR] Failed to fetch product page https://uk.representclo.com/products/represent-x-belstaff-long-sleeve-racing-t-shirt-dark-grey: 429 Client Error: Too Many Requests for url: https://uk.representclo.com/products/represent-x-belstaff-long-sleeve-racing-t-shirt-dark-grey
2026-08-26 04:43:52,595 [ERROR] Failed to fetch product page https://uk.representclo.com/products/represent-x-belstaff-panelled-cap-charcoal: 429 Client Error: Too Many Requests for url: https://uk.representclo.com/products/represent-x-belstaff-panelled-cap-charcoal
2026-08-26 04:43:54,990 [ERROR] Failed to fetch product page https://uk.representclo.com/products/represent-x-hunter-play-short-boot-black: 429 Client Error: Too Many Requests for url: https://uk.representclo.com/products/represent-x-hunter-play-short-boot-black
2026-08-26 04:43:55,582 [ERROR] Failed to fetch product page https://uk.representclo.com/products/represent-x-iron-maiden-a-real-live-one-t-shirt-stained-brown: 429 Client Error: Too Many Requests for url: https://uk.representclo.com/products/represent-x-iron-maiden-a-real-live-one-t-shirt-stained-brown
2026-08-26 04:43:56,173 [ERROR] Failed to fetch product page https://uk.representclo.com/products/represent-x-iron-maiden-anniversary-t-shirt-stained-black: 429 Client Error: Too Many Requests for url: https://uk.representclo.com/products/represent-x-iron-maiden-anniversary-t-shirt-stained-black
2026-08-26 04:43:56,773 [ERROR] Failed to fetch product page https://uk.representclo.com/products/represent-x-iron-maiden-anniversary-t-shirt-washed-ecru: 429 Client Error: Too Many Requests for url: https://uk.representclo.com/products/represent-x-iron-maiden-anniversary-t-shirt-washed-ecru
2026-08-26 04:43:57,375 [ERROR] Failed to fetch product page https://uk.representclo.com/products/represent-x-iron-maiden-british-metal-t-shirt-stained-brown: 429 Client Error: Too Many Requests for url: https://uk.representclo.com/products/represent-x-iron-maiden-british-metal-t-shirt-stained-brown
2026-08-26 04:43:57,971 [ERROR] Failed to fetch product page https://uk.representclo.com/products/represent-x-iron-maiden-holy-smoke-t-shirt-sunfade-grey: 429 Client Error: Too Many Requests for url: https://uk.representclo.com/products/represent-x-iron-maiden-holy-smoke-t-shirt-sunfade-grey
2026-08-26 04:43:58,565 [ERROR] Failed to fetch product page https://uk.representclo.com/products/represent-x-iron-maiden-infinite-dreams-t-shirt-aged-black: 429 Client Error: Too Many Requests for url: https://uk.representclo.com/products/represent-x-iron-maiden-infinite-dreams-t-shirt-aged-black
2026-08-26 04:43:59,160 [ERROR] Failed to fetch product page https://uk.representclo.com/products/represent-x-iron-maiden-number-of-beast-t-shirt-sunfade-grey: 429 Client Error: Too Many Requests for url: https://uk.representclo.com/products/represent-x-iron-maiden-number-of-beast-t-shirt-sunfade-grey
2026-08-26 04:43:59,760 [ERROR] Failed to fetch product page https://uk.representclo.com/products/represent-x-iron-maiden-steed-hoodie-stained-black: 429 Client Error: Too Many Requests for url: https://uk.representclo.com/products/represent-x-iron-maiden-steed-hoodie-stained-black
2026-08-26 04:44:00,358 [ERROR] Failed to fetch product page https://uk.representclo.com/products/represent-x-iron-maiden-steed-t-shirt-flat-white: 429 Client Error: Too Many Requests for url: https://uk.representclo.com/products/represent-x-iron-maiden-steed-t-shirt-flat-white
2026-08-26 04:44:00,960 [ERROR] Failed to fetch product page https://uk.representclo.com/products/represent-x-iron-maiden-steed-t-shirt-stained-black: 429 Client Error: Too Many Requests for url: https://uk.representclo.com/products/represent-x-iron-maiden-steed-t-shirt-stained-black
2026-08-26 04:44:01,717 [ERROR] Failed to fetch product page https://uk.representclo.com/products/represent-x-mels-diner-realtree-x-47-cap-real-tree: 429 Client Error: Too Many Requests for url: https://uk.representclo.com/products/represent-x-mels-diner-realtree-x-47-cap-real-tree
2026-08-26 04:44:02,308 [ERROR] Failed to fetch product page https://uk.representclo.com/products/represent-x-mels-diner-t-shirt-flat-white: 429 Client Error: Too Many Requests for url: https://uk.representclo.com/products/represent-x-mels-diner-t-shirt-flat-white
2026-08-26 04:44:04,558 [ERROR] Failed to fetch product page https://uk.representclo.com/products/represent-x-mels-diner-x-47-cap-brown: 429 Client Error: Too Many Requests for url: https://uk.representclo.com/products/represent-x-mels-diner-x-47-cap-brown
2026-08-26 04:44:05,154 [ERROR] Failed to fetch product page https://uk.representclo.com/products/represent-x-metallica-local-crew-vest-flat-white: 429 Client Error: Too Many Requests for url: https://uk.representclo.com/products/represent-x-metallica-local-crew-vest-flat-white
2026-08-26 04:44:05,746 [ERROR] Failed to fetch product page https://uk.representclo.com/products/represent-x-metallica-local-crew-vest-jet-black: 429 Client Error: Too Many Requests for url: https://uk.representclo.com/products/represent-x-metallica-local-crew-vest-jet-black
2026-08-26 04:44:06,352 [ERROR] Failed to fetch product page https://uk.representclo.com/products/represent-x-oasis-maine-road-hoodie-washed-black: 429 Client Error: Too Many Requests for url: https://uk.representclo.com/products/represent-x-oasis-maine-road-hoodie-washed-black
2026-08-26 04:44:06,947 [ERROR] Failed to fetch product page https://uk.representclo.com/products/represent-x-oasis-owners-club-hoodie-stained-black: 429 Client Error: Too Many Requests for url: https://uk.representclo.com/products/represent-x-oasis-owners-club-hoodie-stained-black
2026-08-26 04:44:07,540 [ERROR] Failed to fetch product page https://uk.representclo.com/products/represent-x-oasis-owners-club-t-shirt-flat-white: 429 Client Error: Too Many Requests for url: https://uk.representclo.com/products/represent-x-oasis-owners-club-t-shirt-flat-white
2026-08-26 04:44:08,139 [ERROR] Failed to fetch product page https://uk.representclo.com/products/represent-x-oasis-owners-club-t-shirt-stained-black: 429 Client Error: Too Many Requests for url: https://uk.representclo.com/products/represent-x-oasis-owners-club-t-shirt-stained-black
2026-08-26 04:44:08,744 [ERROR] Failed to fetch product page https://uk.representclo.com/products/represent-x-puma-baseball-cap-puma-black: 429 Client Error: Too Many Requests for url: https://uk.representclo.com/products/represent-x-puma-baseball-cap-puma-black
2026-08-26 04:44:09,345 [ERROR] Failed to fetch product page https://uk.representclo.com/products/represent-x-puma-sling-bag-puma-black: 429 Client Error: Too Many Requests for url: https://uk.representclo.com/products/represent-x-puma-sling-bag-puma-black
2026-08-26 04:44:11,181 [ERROR] Failed to fetch product page https://uk.representclo.com/products/represent-x-the-viper-room-dice-t-shirt-flat-white: 429 Client Error: Too Many Requests for url: https://uk.representclo.com/products/represent-x-the-viper-room-dice-t-shirt-flat-white
2026-08-26 04:44:11,773 [ERROR] Failed to fetch product page https://uk.representclo.com/products/represent-x-the-viper-room-dice-t-shirt-vintage-grey: 429 Client Error: Too Many Requests for url: https://uk.representclo.com/products/represent-x-the-viper-room-dice-t-shirt-vintage-grey
2026-08-26 04:44:12,373 [ERROR] Failed to fetch product page https://uk.representclo.com/products/represent-x-the-viper-room-glow-t-shirt-vintage-black: 429 Client Error: Too Many Requests for url: https://uk.representclo.com/products/represent-x-the-viper-room-glow-t-shirt-vintage-black
2026-08-26 04:44:12,964 [ERROR] Failed to fetch product page https://uk.representclo.com/products/represent-x-viper-room-x-47-cap-washed-black: 429 Client Error: Too Many Requests for url: https://uk.representclo.com/products/represent-x-viper-room-x-47-cap-washed-black
2026-08-26 04:44:13,562 [ERROR] Failed to fetch product page https://uk.representclo.com/products/reptor-low-black-vintage-white: 429 Client Error: Too Many Requests for url: https://uk.representclo.com/products/reptor-low-black-vintage-white
2026-08-26 04:44:14,154 [ERROR] Failed to fetch product page https://uk.representclo.com/products/retro-football-long-sleeve-t-shirt-shell: 429 Client Error: Too Many Requests for url: https://uk.representclo.com/products/retro-football-long-sleeve-t-shirt-shell
2026-08-26 04:44:14,751 [ERROR] Failed to fetch product page https://uk.representclo.com/products/revere-manor-t-shirt-aged-white: 429 Client Error: Too Many Requests for url: https://uk.representclo.com/products/revere-manor-t-shirt-aged-white
2026-08-26 04:44:15,344 [ERROR] Failed to fetch product page https://uk.representclo.com/products/revere-manor-t-shirt-stained-black: 429 Client Error: Too Many Requests for url: https://uk.representclo.com/products/revere-manor-t-shirt-stained-black
2026-08-26 04:44:15,941 [ERROR] Failed to fetch product page https://uk.representclo.com/products/reversible-living-legacy-tour-long-sleeve-t-shirt-sun-fade-grey: 429 Client Error: Too Many Requests for url: https://uk.representclo.com/products/reversible-living-legacy-tour-long-sleeve-t-shirt-sun-fade-grey
2026-08-26 04:44:18,499 [ERROR] Failed to fetch product page https://uk.representclo.com/products/reversible-living-legacy-tour-t-shirt-nero: 429 Client Error: Too Many Requests for url: https://uk.representclo.com/products/reversible-living-legacy-tour-t-shirt-nero
2026-08-26 04:44:19,098 [ERROR] Failed to fetch product page https://uk.representclo.com/products/ripstop-sling-bag-champagne: 429 Client Error: Too Many Requests for url: https://uk.representclo.com/products/ripstop-sling-bag-champagne
2026-08-26 04:44:19,697 [ERROR] Failed to fetch product page https://uk.representclo.com/products/rodeo-belt-jet-black: 429 Client Error: Too Many Requests for url: https://uk.representclo.com/products/rodeo-belt-jet-black
2026-08-26 04:44:20,297 [ERROR] Failed to fetch product page https://uk.representclo.com/products/santa-monica-flannel-shirt-blush: 429 Client Error: Too Many Requests for url: https://uk.representclo.com/products/santa-monica-flannel-shirt-blush
2026-08-26 04:44:20,890 [ERROR] Failed to fetch product page https://uk.representclo.com/products/santa-monica-x-47-cap-light-blue: 429 Client Error: Too Many Requests for url: https://uk.representclo.com/products/santa-monica-x-47-cap-light-blue
2026-08-26 04:44:21,486 [ERROR] Failed to fetch product page https://uk.representclo.com/products/season-cargo-short-jet-black: 429 Client Error: Too Many Requests for url: https://uk.representclo.com/products/season-cargo-short-jet-black
2026-08-26 04:44:22,080 [ERROR] Failed to fetch product page https://uk.representclo.com/products/serif-logo-t-shirt-flat-white: 429 Client Error: Too Many Requests for url: https://uk.representclo.com/products/serif-logo-t-shirt-flat-white
2026-08-26 04:44:22,675 [ERROR] Failed to fetch product page https://uk.representclo.com/products/serif-logo-t-shirt-jet-black: 429 Client Error: Too Many Requests for url: https://uk.representclo.com/products/serif-logo-t-shirt-jet-black
2026-08-26 04:44:23,285 [ERROR] Failed to fetch product page https://uk.representclo.com/products/shadow-247-x-research-studio-eyewear-sunglasses-jet-black: 429 Client Error: Too Many Requests for url: https://uk.representclo.com/products/shadow-247-x-research-studio-eyewear-sunglasses-jet-black
2026-08-26 04:44:23,881 [ERROR] Failed to fetch product page https://uk.representclo.com/products/shark-jaws-t-shirt-flat-white: 429 Client Error: Too Many Requests for url: https://uk.representclo.com/products/shark-jaws-t-shirt-flat-white
2026-08-26 04:44:24,478 [ERROR] Failed to fetch product page https://uk.representclo.com/products/shark-jaws-t-shirt-vintage-grey: 429 Client Error: Too Many Requests for url: https://uk.representclo.com/products/shark-jaws-t-shirt-vintage-grey
2026-08-26 04:44:26,608 [ERROR] Failed to fetch product page https://uk.representclo.com/products/slim-aviator-sunglasses-silver-matcha: 429 Client Error: Too Many Requests for url: https://uk.representclo.com/products/slim-aviator-sunglasses-silver-matcha
2026-08-26 04:44:27,212 [ERROR] Failed to fetch product page https://uk.representclo.com/products/slub-knit-sock-dark-taupe: 429 Client Error: Too Many Requests for url: https://uk.representclo.com/products/slub-knit-sock-dark-taupe
2026-08-26 04:44:27,810 [ERROR] Failed to fetch product page https://uk.representclo.com/products/slub-knit-sock-grey: 429 Client Error: Too Many Requests for url: https://uk.representclo.com/products/slub-knit-sock-grey
2026-08-26 04:44:28,411 [ERROR] Failed to fetch product page https://uk.representclo.com/products/slub-script-t-shirt-ice-blue: 429 Client Error: Too Many Requests for url: https://uk.representclo.com/products/slub-script-t-shirt-ice-blue
2026-08-26 04:44:29,005 [ERROR] Failed to fetch product page https://uk.representclo.com/products/spike-jersey-flat-white: 429 Client Error: Too Many Requests for url: https://uk.representclo.com/products/spike-jersey-flat-white
2026-08-26 04:44:29,601 [ERROR] Failed to fetch product page https://uk.representclo.com/products/spirits-of-summer-t-shirt-sunrise: 429 Client Error: Too Many Requests for url: https://uk.representclo.com/products/spirits-of-summer-t-shirt-sunrise
2026-08-26 04:44:30,199 [ERROR] Failed to fetch product page https://uk.representclo.com/products/star-jersey-jet-black: 429 Client Error: Too Many Requests for url: https://uk.representclo.com/products/star-jersey-jet-black
2026-08-26 04:44:30,796 [ERROR] Failed to fetch product page https://uk.representclo.com/products/star-long-sleeve-jersey-jet-black: 429 Client Error: Too Many Requests for url: https://uk.representclo.com/products/star-long-sleeve-jersey-jet-black
2026-08-26 04:44:31,388 [ERROR] Failed to fetch product page https://uk.representclo.com/products/star-shorts-jet-black: 429 Client Error: Too Many Requests for url: https://uk.representclo.com/products/star-shorts-jet-black
2026-08-26 04:44:31,985 [ERROR] Failed to fetch product page https://uk.representclo.com/products/stepped-hem-hoodie-oat: 429 Client Error: Too Many Requests for url: https://uk.representclo.com/products/stepped-hem-hoodie-oat
2026-08-26 04:44:32,577 [ERROR] Failed to fetch product page https://uk.representclo.com/products/stepped-hem-hoodie-stained-black: 429 Client Error: Too Many Requests for url: https://uk.representclo.com/products/stepped-hem-hoodie-stained-black
2026-08-26 04:44:33,177 [ERROR] Failed to fetch product page https://uk.representclo.com/products/storm-runner-dip-dye-off-black: 429 Client Error: Too Many Requests for url: https://uk.representclo.com/products/storm-runner-dip-dye-off-black
2026-08-26 04:44:35,484 [ERROR] Failed to fetch product page https://uk.representclo.com/products/storm-runner-silver-black: 429 Client Error: Too Many Requests for url: https://uk.representclo.com/products/storm-runner-silver-black
2026-08-26 04:44:36,079 [ERROR] Failed to fetch product page https://uk.representclo.com/products/storm-torn-cream: 429 Client Error: Too Many Requests for url: https://uk.representclo.com/products/storm-torn-cream
2026-08-26 04:44:36,679 [ERROR] Failed to fetch product page https://uk.representclo.com/products/storm-torn-flat-white-silver: 429 Client Error: Too Many Requests for url: https://uk.representclo.com/products/storm-torn-flat-white-silver
2026-08-26 04:44:37,278 [ERROR] Failed to fetch product page https://uk.representclo.com/products/storms-in-heaven-hoodie-black: 429 Client Error: Too Many Requests for url: https://uk.representclo.com/products/storms-in-heaven-hoodie-black
2026-08-26 04:44:37,871 [ERROR] Failed to fetch product page https://uk.representclo.com/products/storms-in-heaven-t-shirt-black: 429 Client Error: Too Many Requests for url: https://uk.representclo.com/products/storms-in-heaven-t-shirt-black
2026-08-26 04:44:38,515 [ERROR] Failed to fetch product page https://uk.representclo.com/products/storms-in-heaven-t-shirt-flat-white: 429 Client Error: Too Many Requests for url: https://uk.representclo.com/products/storms-in-heaven-t-shirt-flat-white
2026-08-26 04:44:39,118 [ERROR] Failed to fetch product page https://uk.representclo.com/products/studio-sneaker-black-vintage-white: 429 Client Error: Too Many Requests for url: https://uk.representclo.com/products/studio-sneaker-black-vintage-white
2026-08-26 04:44:39,713 [ERROR] Failed to fetch product page https://uk.representclo.com/products/studio-sneaker-mesh-vintage-white: 429 Client Error: Too Many Requests for url: https://uk.representclo.com/products/studio-sneaker-mesh-vintage-white
2026-08-26 04:44:40,315 [ERROR] Failed to fetch product page https://uk.representclo.com/products/studio-sneaker-white-grey: 429 Client Error: Too Many Requests for url: https://uk.representclo.com/products/studio-sneaker-white-grey
2026-08-26 04:44:42,544 [ERROR] Failed to fetch product page https://uk.representclo.com/products/suede-watch-strap-jet-black: 429 Client Error: Too Many Requests for url: https://uk.representclo.com/products/suede-watch-strap-jet-black
2026-08-26 04:44:43,148 [ERROR] Failed to fetch product page https://uk.representclo.com/products/summer-mule-suede-sand: 429 Client Error: Too Many Requests for url: https://uk.representclo.com/products/summer-mule-suede-sand
2026-08-26 04:44:43,740 [ERROR] Failed to fetch product page https://uk.representclo.com/products/sunglasses-crossbody-bag-jet-black: 429 Client Error: Too Many Requests for url: https://uk.representclo.com/products/sunglasses-crossbody-bag-jet-black
2026-08-26 04:44:44,333 [ERROR] Failed to fetch product page https://uk.representclo.com/products/team-247-2-in-1-shorts-black: 429 Client Error: Too Many Requests for url: https://uk.representclo.com/products/team-247-2-in-1-shorts-black
2026-08-26 04:44:44,935 [ERROR] Failed to fetch product page https://uk.representclo.com/products/team-247-aero-short-black: 429 Client Error: Too Many Requests for url: https://uk.representclo.com/products/team-247-aero-short-black
2026-08-26 04:44:45,528 [ERROR] Failed to fetch product page https://uk.representclo.com/products/team-247-arm-warmers-black: 429 Client Error: Too Many Requests for url: https://uk.representclo.com/products/team-247-arm-warmers-black
2026-08-26 04:44:46,126 [ERROR] Failed to fetch product page https://uk.representclo.com/products/team-247-chest-rig-black: 429 Client Error: Too Many Requests for url: https://uk.representclo.com/products/team-247-chest-rig-black
2026-08-26 04:44:46,728 [ERROR] Failed to fetch product page https://uk.representclo.com/products/team-247-chest-rig-terrain: 429 Client Error: Too Many Requests for url: https://uk.representclo.com/products/team-247-chest-rig-terrain
2026-08-26 04:44:47,329 [ERROR] Failed to fetch product page https://uk.representclo.com/products/team-247-fused-short-graphene: 429 Client Error: Too Many Requests for url: https://uk.representclo.com/products/team-247-fused-short-graphene
2026-08-26 04:44:47,936 [ERROR] Failed to fetch product page https://uk.representclo.com/products/team-247-fused-shorts-black: 429 Client Error: Too Many Requests for url: https://uk.representclo.com/products/team-247-fused-shorts-black
2026-08-26 04:44:48,538 [ERROR] Failed to fetch product page https://uk.representclo.com/products/team-247-half-tight-black: 429 Client Error: Too Many Requests for url: https://uk.representclo.com/products/team-247-half-tight-black
2026-08-26 04:44:49,129 [ERROR] Failed to fetch product page https://uk.representclo.com/products/team-247-headband-black: 429 Client Error: Too Many Requests for url: https://uk.representclo.com/products/team-247-headband-black
2026-08-26 04:44:49,730 [ERROR] Failed to fetch product page https://uk.representclo.com/products/team-247-jersey-short-graphene: 429 Client Error: Too Many Requests for url: https://uk.representclo.com/products/team-247-jersey-short-graphene
2026-08-26 04:44:50,331 [ERROR] Failed to fetch product page https://uk.representclo.com/products/team-247-jersey-short-jet-black: 429 Client Error: Too Many Requests for url: https://uk.representclo.com/products/team-247-jersey-short-jet-black
2026-08-26 04:44:50,936 [ERROR] Failed to fetch product page https://uk.representclo.com/products/team-247-oversized-hoodie-ash-grey: 429 Client Error: Too Many Requests for url: https://uk.representclo.com/products/team-247-oversized-hoodie-ash-grey
2026-08-26 04:44:51,534 [ERROR] Failed to fetch product page https://uk.representclo.com/products/team-247-oversized-hoodie-cream-ss26: 429 Client Error: Too Many Requests for url: https://uk.representclo.com/products/team-247-oversized-hoodie-cream-ss26
2026-08-26 04:44:52,128 [ERROR] Failed to fetch product page https://uk.representclo.com/products/team-247-oversized-hoodie-glacier: 429 Client Error: Too Many Requests for url: https://uk.representclo.com/products/team-247-oversized-hoodie-glacier
2026-08-26 04:44:52,722 [ERROR] Failed to fetch product page https://uk.representclo.com/products/team-247-oversized-hoodie-graphene: 429 Client Error: Too Many Requests for url: https://uk.representclo.com/products/team-247-oversized-hoodie-graphene
2026-08-26 04:44:53,312 [ERROR] Failed to fetch product page https://uk.representclo.com/products/team-247-oversized-hoodie-jet-black: 429 Client Error: Too Many Requests for url: https://uk.representclo.com/products/team-247-oversized-hoodie-jet-black
2026-08-26 04:44:53,912 [ERROR] Failed to fetch product page https://uk.representclo.com/products/team-247-oversized-hoodie-racing-red: 429 Client Error: Too Many Requests for url: https://uk.representclo.com/products/team-247-oversized-hoodie-racing-red
2026-08-26 04:44:54,505 [ERROR] Failed to fetch product page https://uk.representclo.com/products/team-247-oversized-t-shirt-ash-grey-black: 429 Client Error: Too Many Requests for url: https://uk.representclo.com/products/team-247-oversized-t-shirt-ash-grey-black
2026-08-26 04:44:55,107 [ERROR] Failed to fetch product page https://uk.representclo.com/products/team-247-oversized-t-shirt-cream-ss26: 429 Client Error: Too Many Requests for url: https://uk.representclo.com/products/team-247-oversized-t-shirt-cream-ss26
2026-08-26 04:44:57,752 [ERROR] Failed to fetch product page https://uk.representclo.com/products/team-247-oversized-t-shirt-glacier: 429 Client Error: Too Many Requests for url: https://uk.representclo.com/products/team-247-oversized-t-shirt-glacier
2026-08-26 04:44:58,351 [ERROR] Failed to fetch product page https://uk.representclo.com/products/team-247-oversized-t-shirt-graphene: 429 Client Error: Too Many Requests for url: https://uk.representclo.com/products/team-247-oversized-t-shirt-graphene
2026-08-26 04:44:58,957 [ERROR] Failed to fetch product page https://uk.representclo.com/products/team-247-oversized-t-shirt-jet-black: 429 Client Error: Too Many Requests for url: https://uk.representclo.com/products/team-247-oversized-t-shirt-jet-black
2026-08-26 04:44:59,559 [ERROR] Failed to fetch product page https://uk.representclo.com/products/team-247-oversized-tank-ash-grey: 429 Client Error: Too Many Requests for url: https://uk.representclo.com/products/team-247-oversized-tank-ash-grey
2026-08-26 04:45:00,153 [ERROR] Failed to fetch product page https://uk.representclo.com/products/team-247-oversized-tank-cream-ss26: 429 Client Error: Too Many Requests for url: https://uk.representclo.com/products/team-247-oversized-tank-cream-ss26
2026-08-26 04:45:00,751 [ERROR] Failed to fetch product page https://uk.representclo.com/products/team-247-oversized-tank-fern: 429 Client Error: Too Many Requests for url: https://uk.representclo.com/products/team-247-oversized-tank-fern
2026-08-26 04:45:01,344 [ERROR] Failed to fetch product page https://uk.representclo.com/products/team-247-oversized-tank-flat-white: 429 Client Error: Too Many Requests for url: https://uk.representclo.com/products/team-247-oversized-tank-flat-white
2026-08-26 04:45:01,939 [ERROR] Failed to fetch product page https://uk.representclo.com/products/team-247-oversized-tank-glacier: 429 Client Error: Too Many Requests for url: https://uk.representclo.com/products/team-247-oversized-tank-glacier
2026-08-26 04:45:02,543 [ERROR] Failed to fetch product page https://uk.representclo.com/products/team-247-oversized-tank-graphene: 429 Client Error: Too Many Requests for url: https://uk.representclo.com/products/team-247-oversized-tank-graphene
2026-08-26 04:45:03,138 [ERROR] Failed to fetch product page https://uk.representclo.com/products/team-247-oversized-tank-jet-black: 429 Client Error: Too Many Requests for url: https://uk.representclo.com/products/team-247-oversized-tank-jet-black
2026-08-26 04:45:03,732 [ERROR] Failed to fetch product page https://uk.representclo.com/products/team-247-race-shorts-jet-black: 429 Client Error: Too Many Requests for url: https://uk.representclo.com/products/team-247-race-shorts-jet-black
2026-08-26 04:45:04,335 [ERROR] Failed to fetch product page https://uk.representclo.com/products/team-247-training-pant-black: 429 Client Error: Too Many Requests for url: https://uk.representclo.com/products/team-247-training-pant-black
2026-08-26 04:45:05,070 [ERROR] Failed to fetch product page https://uk.representclo.com/products/team-247-x-47-trucker-cap-fern: 429 Client Error: Too Many Requests for url: https://uk.representclo.com/products/team-247-x-47-trucker-cap-fern
2026-08-26 04:45:07,289 [ERROR] Failed to fetch product page https://uk.representclo.com/products/team-247-x-47-trucker-cap-jet-black: 429 Client Error: Too Many Requests for url: https://uk.representclo.com/products/team-247-x-47-trucker-cap-jet-black
2026-08-26 04:45:07,893 [ERROR] Failed to fetch product page https://uk.representclo.com/products/team-rep-hoodie-black: 429 Client Error: Too Many Requests for url: https://uk.representclo.com/products/team-rep-hoodie-black
2026-08-26 04:45:08,492 [ERROR] Failed to fetch product page https://uk.representclo.com/products/textured-borg-hoodie-jet-black: 429 Client Error: Too Many Requests for url: https://uk.representclo.com/products/textured-borg-hoodie-jet-black
2026-08-26 04:45:09,086 [ERROR] Failed to fetch product page https://uk.representclo.com/products/the-american-dream-tour-hoodie-sun-fade-grey: 429 Client Error: Too Many Requests for url: https://uk.representclo.com/products/the-american-dream-tour-hoodie-sun-fade-grey
2026-08-26 04:45:09,679 [ERROR] Failed to fetch product page https://uk.representclo.com/products/thoroughbred-hoodie-vintage-black: 429 Client Error: Too Many Requests for url: https://uk.representclo.com/products/thoroughbred-hoodie-vintage-black
2026-08-26 04:45:10,277 [ERROR] Failed to fetch product page https://uk.representclo.com/products/thoroughbred-jersey-english-rose: 429 Client Error: Too Many Requests for url: https://uk.representclo.com/products/thoroughbred-jersey-english-rose
2026-08-26 04:45:10,879 [ERROR] Failed to fetch product page https://uk.representclo.com/products/thoroughbred-t-shirt-vintage-black: 429 Client Error: Too Many Requests for url: https://uk.representclo.com/products/thoroughbred-t-shirt-vintage-black
2026-08-26 04:45:11,473 [ERROR] Failed to fetch product page https://uk.representclo.com/products/thoroughbred-t-shirt-vintage-white: 429 Client Error: Too Many Requests for url: https://uk.representclo.com/products/thoroughbred-t-shirt-vintage-white
2026-08-26 04:45:12,071 [ERROR] Failed to fetch product page https://uk.representclo.com/products/three-dogs-jersey-jet-black: 429 Client Error: Too Many Requests for url: https://uk.representclo.com/products/three-dogs-jersey-jet-black
2026-08-26 04:45:13,570 [WARNING] No sizes found for https://uk.representclo.com/products/three-dogs-jersey-mid-brown
2026-08-26 04:45:14,168 [ERROR] Failed to fetch product page https://uk.representclo.com/products/towelling-short-jet-black: 429 Client Error: Too Many Requests for url: https://uk.representclo.com/products/towelling-short-jet-black
2026-08-26 04:45:14,765 [ERROR] Failed to fetch product page https://uk.representclo.com/products/track-star-jacket-jet-black: 429 Client Error: Too Many Requests for url: https://uk.representclo.com/products/track-star-jacket-jet-black
2026-08-26 04:45:15,366 [ERROR] Failed to fetch product page https://uk.representclo.com/products/track-star-pant-jet-black: 429 Client Error: Too Many Requests for url: https://uk.representclo.com/products/track-star-pant-jet-black
2026-08-26 04:45:15,980 [ERROR] Failed to fetch product page https://uk.representclo.com/products/virtus-off-black: 429 Client Error: Too Many Requests for url: https://uk.representclo.com/products/virtus-off-black
2026-08-26 04:45:16,574 [ERROR] Failed to fetch product page https://uk.representclo.com/products/virtus-vintage-white: 429 Client Error: Too Many Requests for url: https://uk.representclo.com/products/virtus-vintage-white
2026-08-26 04:45:17,166 [ERROR] Failed to fetch product page https://uk.representclo.com/products/waffle-long-sleeve-t-shirt-flat-white: 429 Client Error: Too Many Requests for url: https://uk.representclo.com/products/waffle-long-sleeve-t-shirt-flat-white
2026-08-26 04:45:17,770 [ERROR] Failed to fetch product page https://uk.representclo.com/products/waffle-shorts-black: 429 Client Error: Too Many Requests for url: https://uk.representclo.com/products/waffle-shorts-black
2026-08-26 04:45:18,362 [ERROR] Failed to fetch product page https://uk.representclo.com/products/waffle-t-shirt-flat-white: 429 Client Error: Too Many Requests for url: https://uk.representclo.com/products/waffle-t-shirt-flat-white
2026-08-26 04:45:18,985 [ERROR] Failed to fetch product page https://uk.representclo.com/products/waffle-t-shirt-jet-black-1: 429 Client Error: Too Many Requests for url: https://uk.representclo.com/products/waffle-t-shirt-jet-black-1
2026-08-26 04:45:19,578 [ERROR] Failed to fetch product page https://uk.representclo.com/products/waffle-vest-black: 429 Client Error: Too Many Requests for url: https://uk.representclo.com/products/waffle-vest-black
2026-08-26 04:45:20,182 [ERROR] Failed to fetch product page https://uk.representclo.com/products/washed-mesh-shorts-vintage-khaki: 429 Client Error: Too Many Requests for url: https://uk.representclo.com/products/washed-mesh-shorts-vintage-khaki
2026-08-26 04:45:20,776 [ERROR] Failed to fetch product page https://uk.representclo.com/products/washed-mesh-shorts-washed-black: 429 Client Error: Too Many Requests for url: https://uk.representclo.com/products/washed-mesh-shorts-washed-black
2026-08-26 04:45:23,235 [ERROR] Failed to fetch product page https://uk.representclo.com/products/western-initial-t-shirt-mountain-blue: 429 Client Error: Too Many Requests for url: https://uk.representclo.com/products/western-initial-t-shirt-mountain-blue
2026-08-26 04:45:23,833 [ERROR] Failed to fetch product page https://uk.representclo.com/products/westside-t-shirt-flat-white: 429 Client Error: Too Many Requests for url: https://uk.representclo.com/products/westside-t-shirt-flat-white
2026-08-26 04:45:24,428 [ERROR] Failed to fetch product page https://uk.representclo.com/products/westside-t-shirt-stained-black: 429 Client Error: Too Many Requests for url: https://uk.representclo.com/products/westside-t-shirt-stained-black
2026-08-26 04:45:25,030 [ERROR] Failed to fetch product page https://uk.representclo.com/products/workshop-short-black: 429 Client Error: Too Many Requests for url: https://uk.representclo.com/products/workshop-short-black
2026-08-26 04:45:25,623 [ERROR] Failed to fetch product page https://uk.representclo.com/products/world-championship-hoodie-stained-black: 429 Client Error: Too Many Requests for url: https://uk.representclo.com/products/world-championship-hoodie-stained-black
2026-08-26 04:45:26,227 [ERROR] Failed to fetch product page https://uk.representclo.com/products/world-championship-t-shirt-stained-black: 429 Client Error: Too Many Requests for url: https://uk.representclo.com/products/world-championship-t-shirt-stained-black
2026-08-26 04:45:26,820 [ERROR] Failed to fetch product page https://uk.representclo.com/products/yacht-pant-black: 429 Client Error: Too Many Requests for url: https://uk.representclo.com/products/yacht-pant-black
2026-08-26 04:45:27,418 [ERROR] Failed to fetch product page https://uk.representclo.com/products/your-times-up-t-shirt-vintage-grey-vintage-black: 429 Client Error: Too Many Requests for url: https://uk.representclo.com/products/your-times-up-t-shirt-vintage-grey-vintage-black
2026-08-26 04:45:27,945 [INFO] Saved 145 rows to outputs/Чудокаталог - 26.08.2026.csv
2026-08-26 04:45:27,976 [INFO] Excel report saved to outputs/Чудокаталог - 26.08.2026.xlsx
2026-08-26 04:45:27,976 [INFO] Done. Saved 145 rows to outputs/Чудокаталог - 26.08.2026.csv and outputs/Чудокаталог - 26.08.2026.xlsx
