2026-09-22 09:00:00,436 [INFO] Catalog: 'Чудокаталог' — Date: 22.09.2026
2026-09-22 09:00:00,436 [INFO] Output file: outputs/Чудокаталог - 22.09.2026.xlsx
2026-09-22 09:00:00,436 [INFO] URL source: TARGET.txt
2026-09-22 09:00:00,436 [INFO] Collection URL(s) to scrape: ['https://uk.representclo.com/collections/all']
2026-09-22 09:00:00,436 [INFO] Collecting product URLs...
2026-09-22 09:00:03,177 [INFO] Page 1: found 64 new product URLs (total 64)
2026-09-22 09:00:05,580 [INFO] Page 2: found 60 new product URLs (total 124)
2026-09-22 09:00:08,432 [INFO] Page 3: found 59 new product URLs (total 183)
2026-09-22 09:00:12,515 [INFO] Page 4: found 60 new product URLs (total 243)
2026-09-22 09:00:15,900 [INFO] Page 5: found 59 new product URLs (total 302)
2026-09-22 09:00:19,892 [INFO] Page 6: found 59 new product URLs (total 361)
2026-09-22 09:00:22,941 [INFO] Page 7: found 58 new product URLs (total 419)
2026-09-22 09:00:26,369 [INFO] Page 8: found 60 new product URLs (total 479)
2026-09-22 09:00:29,791 [INFO] Page 9: found 60 new product URLs (total 539)
2026-09-22 09:00:32,678 [INFO] Page 10: found 60 new product URLs (total 599)
2026-09-22 09:00:36,158 [INFO] Page 11: found 60 new product URLs (total 659)
2026-09-22 09:00:39,980 [INFO] Page 12: found 60 new product URLs (total 719)
2026-09-22 09:00:43,618 [WARNING] Failed to fetch collection page https://uk.representclo.com/collections/all?page=13: 500 Server Error: Internal Server Error for url: https://uk.representclo.com/collections/all?page=13
2026-09-22 09:00:43,619 [INFO] Found 719 unique product URLs
2026-09-22 09:00:43,755 [ERROR] Failed to fetch product page https://uk.representclo.com/products/247-aero-shorts-graphene: 429 Client Error: Too Many Requests for url: https://uk.representclo.com/products/247-aero-shorts-graphene
2026-09-22 09:00:44,301 [ERROR] Failed to fetch product page https://uk.representclo.com/products/247-aero-shorts-jet-black: 429 Client Error: Too Many Requests for url: https://uk.representclo.com/products/247-aero-shorts-jet-black
2026-09-22 09:00:44,852 [ERROR] Failed to fetch product page https://uk.representclo.com/products/247-apple-watch-strap-black-reflective: 429 Client Error: Too Many Requests for url: https://uk.representclo.com/products/247-apple-watch-strap-black-reflective
2026-09-22 09:00:45,412 [ERROR] Failed to fetch product page https://uk.representclo.com/products/247-arc-1-runner-black: 429 Client Error: Too Many Requests for url: https://uk.representclo.com/products/247-arc-1-runner-black
2026-09-22 09:00:45,965 [ERROR] Failed to fetch product page https://uk.representclo.com/products/247-arc-1-runner-flat-white: 429 Client Error: Too Many Requests for url: https://uk.representclo.com/products/247-arc-1-runner-flat-white
2026-09-22 09:00:46,510 [ERROR] Failed to fetch product page https://uk.representclo.com/products/247-arc-1-runner-winter-steel: 429 Client Error: Too Many Requests for url: https://uk.representclo.com/products/247-arc-1-runner-winter-steel
2026-09-22 09:00:47,084 [ERROR] Failed to fetch product page https://uk.representclo.com/products/247-arc-2-trainer-black: 429 Client Error: Too Many Requests for url: https://uk.representclo.com/products/247-arc-2-trainer-black
2026-09-22 09:00:47,645 [ERROR] Failed to fetch product page https://uk.representclo.com/products/247-arc-4-race-sock-flat-white: 429 Client Error: Too Many Requests for url: https://uk.representclo.com/products/247-arc-4-race-sock-flat-white
2026-09-22 09:00:48,211 [ERROR] Failed to fetch product page https://uk.representclo.com/products/247-arc-4-race-sock-jet-black: 429 Client Error: Too Many Requests for url: https://uk.representclo.com/products/247-arc-4-race-sock-jet-black
2026-09-22 09:00:48,774 [ERROR] Failed to fetch product page https://uk.representclo.com/products/247-arena-sunglasses-papyrus: 429 Client Error: Too Many Requests for url: https://uk.representclo.com/products/247-arena-sunglasses-papyrus
2026-09-22 09:00:49,321 [ERROR] Failed to fetch product page https://uk.representclo.com/products/247-arena-sunglasses-pebble: 429 Client Error: Too Many Requests for url: https://uk.representclo.com/products/247-arena-sunglasses-pebble
2026-09-22 09:00:49,909 [ERROR] Failed to fetch product page https://uk.representclo.com/products/247-balaclava-black: 429 Client Error: Too Many Requests for url: https://uk.representclo.com/products/247-balaclava-black
2026-09-22 09:00:50,460 [ERROR] Failed to fetch product page https://uk.representclo.com/products/247-bandana-glacier-fade-out: 429 Client Error: Too Many Requests for url: https://uk.representclo.com/products/247-bandana-glacier-fade-out
2026-09-22 09:00:51,009 [ERROR] Failed to fetch product page https://uk.representclo.com/products/247-berlin-bag-black: 429 Client Error: Too Many Requests for url: https://uk.representclo.com/products/247-berlin-bag-black
2026-09-22 09:00:51,555 [ERROR] Failed to fetch product page https://uk.representclo.com/products/247-berlin-hoodie-black-purple: 429 Client Error: Too Many Requests for url: https://uk.representclo.com/products/247-berlin-hoodie-black-purple
2026-09-22 09:00:52,103 [ERROR] Failed to fetch product page https://uk.representclo.com/products/247-berlin-singlet-purple: 429 Client Error: Too Many Requests for url: https://uk.representclo.com/products/247-berlin-singlet-purple
2026-09-22 09:00:52,647 [ERROR] Failed to fetch product page https://uk.representclo.com/products/247-berlin-t-shirt-purple: 429 Client Error: Too Many Requests for url: https://uk.representclo.com/products/247-berlin-t-shirt-purple
2026-09-22 09:00:53,199 [ERROR] Failed to fetch product page https://uk.representclo.com/products/247-bottle-xl-clear: 429 Client Error: Too Many Requests for url: https://uk.representclo.com/products/247-bottle-xl-clear
2026-09-22 09:00:53,756 [ERROR] Failed to fetch product page https://uk.representclo.com/products/247-bottle-xl-smoke: 429 Client Error: Too Many Requests for url: https://uk.representclo.com/products/247-bottle-xl-smoke
2026-09-22 09:00:54,303 [ERROR] Failed to fetch product page https://uk.representclo.com/products/247-chest-rig-realtree: 429 Client Error: Too Many Requests for url: https://uk.representclo.com/products/247-chest-rig-realtree
2026-09-22 09:00:54,853 [ERROR] Failed to fetch product page https://uk.representclo.com/products/247-compound-long-sleeve-t-shirt-black: 429 Client Error: Too Many Requests for url: https://uk.representclo.com/products/247-compound-long-sleeve-t-shirt-black
2026-09-22 09:00:55,401 [ERROR] Failed to fetch product page https://uk.representclo.com/products/247-compound-t-shirt-black: 429 Client Error: Too Many Requests for url: https://uk.representclo.com/products/247-compound-t-shirt-black
2026-09-22 09:00:55,956 [ERROR] Failed to fetch product page https://uk.representclo.com/products/247-contour-run-t-shirt-pebble: 429 Client Error: Too Many Requests for url: https://uk.representclo.com/products/247-contour-run-t-shirt-pebble
2026-09-22 09:00:56,502 [ERROR] Failed to fetch product page https://uk.representclo.com/products/247-contour-run-t-shirt-titanium: 429 Client Error: Too Many Requests for url: https://uk.representclo.com/products/247-contour-run-t-shirt-titanium
2026-09-22 09:00:57,048 [ERROR] Failed to fetch product page https://uk.representclo.com/products/247-contour-run-tank-pebble: 429 Client Error: Too Many Requests for url: https://uk.representclo.com/products/247-contour-run-tank-pebble
2026-09-22 09:00:57,613 [ERROR] Failed to fetch product page https://uk.representclo.com/products/247-crossbody-bag-black: 429 Client Error: Too Many Requests for url: https://uk.representclo.com/products/247-crossbody-bag-black
2026-09-22 09:00:58,157 [ERROR] Failed to fetch product page https://uk.representclo.com/products/247-dna-barrel-leg-sweatpant-jet-black: 429 Client Error: Too Many Requests for url: https://uk.representclo.com/products/247-dna-barrel-leg-sweatpant-jet-black
2026-09-22 09:00:58,707 [ERROR] Failed to fetch product page https://uk.representclo.com/products/247-dna-graphic-hoodie-jet-black: 429 Client Error: Too Many Requests for url: https://uk.representclo.com/products/247-dna-graphic-hoodie-jet-black
2026-09-22 09:00:59,256 [ERROR] Failed to fetch product page https://uk.representclo.com/products/247-dna-graphic-t-shirt-flat-white: 429 Client Error: Too Many Requests for url: https://uk.representclo.com/products/247-dna-graphic-t-shirt-flat-white
2026-09-22 09:00:59,824 [ERROR] Failed to fetch product page https://uk.representclo.com/products/247-dna-graphic-t-shirt-flat-white-26: 429 Client Error: Too Many Requests for url: https://uk.representclo.com/products/247-dna-graphic-t-shirt-flat-white-26
2026-09-22 09:01:00,380 [ERROR] Failed to fetch product page https://uk.representclo.com/products/247-dna-graphic-t-shirt-graphene-26: 429 Client Error: Too Many Requests for url: https://uk.representclo.com/products/247-dna-graphic-t-shirt-graphene-26
2026-09-22 09:01:00,925 [ERROR] Failed to fetch product page https://uk.representclo.com/products/247-dna-graphic-t-shirt-jet-black: 429 Client Error: Too Many Requests for url: https://uk.representclo.com/products/247-dna-graphic-t-shirt-jet-black
2026-09-22 09:01:01,473 [ERROR] Failed to fetch product page https://uk.representclo.com/products/247-dna-graphic-t-shirt-jet-black-26: 429 Client Error: Too Many Requests for url: https://uk.representclo.com/products/247-dna-graphic-t-shirt-jet-black-26
2026-09-22 09:01:02,017 [ERROR] Failed to fetch product page https://uk.representclo.com/products/247-dna-hoodie-graphene: 429 Client Error: Too Many Requests for url: https://uk.representclo.com/products/247-dna-hoodie-graphene
2026-09-22 09:01:02,563 [ERROR] Failed to fetch product page https://uk.representclo.com/products/247-dna-hoodie-jet-black: 429 Client Error: Too Many Requests for url: https://uk.representclo.com/products/247-dna-hoodie-jet-black
2026-09-22 09:01:03,108 [ERROR] Failed to fetch product page https://uk.representclo.com/products/247-dna-hoodie-jet-black-26: 429 Client Error: Too Many Requests for url: https://uk.representclo.com/products/247-dna-hoodie-jet-black-26
2026-09-22 09:01:03,658 [ERROR] Failed to fetch product page https://uk.representclo.com/products/247-dna-mesh-t-shirt-flat-white: 429 Client Error: Too Many Requests for url: https://uk.representclo.com/products/247-dna-mesh-t-shirt-flat-white
2026-09-22 09:01:04,208 [ERROR] Failed to fetch product page https://uk.representclo.com/products/247-dna-mesh-t-shirt-graphene: 429 Client Error: Too Many Requests for url: https://uk.representclo.com/products/247-dna-mesh-t-shirt-graphene
2026-09-22 09:01:04,755 [ERROR] Failed to fetch product page https://uk.representclo.com/products/247-dna-mesh-t-shirt-jet-black: 429 Client Error: Too Many Requests for url: https://uk.representclo.com/products/247-dna-mesh-t-shirt-jet-black
2026-09-22 09:01:05,302 [ERROR] Failed to fetch product page https://uk.representclo.com/products/247-dna-mesh-vest-graphene: 429 Client Error: Too Many Requests for url: https://uk.representclo.com/products/247-dna-mesh-vest-graphene
2026-09-22 09:01:05,855 [ERROR] Failed to fetch product page https://uk.representclo.com/products/247-dna-mesh-vest-jet-black: 429 Client Error: Too Many Requests for url: https://uk.representclo.com/products/247-dna-mesh-vest-jet-black
2026-09-22 09:01:06,405 [ERROR] Failed to fetch product page https://uk.representclo.com/products/247-dna-oversized-t-shirt-graphene: 429 Client Error: Too Many Requests for url: https://uk.representclo.com/products/247-dna-oversized-t-shirt-graphene
2026-09-22 09:01:06,961 [ERROR] Failed to fetch product page https://uk.representclo.com/products/247-dna-oversized-t-shirt-jet-black-26: 429 Client Error: Too Many Requests for url: https://uk.representclo.com/products/247-dna-oversized-t-shirt-jet-black-26
2026-09-22 09:01:07,505 [ERROR] Failed to fetch product page https://uk.representclo.com/products/247-dna-oversized-tank-jet-black-26: 429 Client Error: Too Many Requests for url: https://uk.representclo.com/products/247-dna-oversized-tank-jet-black-26
2026-09-22 09:01:08,051 [ERROR] Failed to fetch product page https://uk.representclo.com/products/247-dna-seamless-t-shirt-black: 429 Client Error: Too Many Requests for url: https://uk.representclo.com/products/247-dna-seamless-t-shirt-black
2026-09-22 09:01:08,600 [ERROR] Failed to fetch product page https://uk.representclo.com/products/247-dna-seamless-t-shirt-titanium: 429 Client Error: Too Many Requests for url: https://uk.representclo.com/products/247-dna-seamless-t-shirt-titanium
2026-09-22 09:01:09,147 [ERROR] Failed to fetch product page https://uk.representclo.com/products/247-dna-tank-graphene: 429 Client Error: Too Many Requests for url: https://uk.representclo.com/products/247-dna-tank-graphene
2026-09-22 09:01:09,698 [ERROR] Failed to fetch product page https://uk.representclo.com/products/247-dna-towel-jet-black: 429 Client Error: Too Many Requests for url: https://uk.representclo.com/products/247-dna-towel-jet-black
2026-09-22 09:01:10,247 [ERROR] Failed to fetch product page https://uk.representclo.com/products/247-duffle-gym-bag-jet-black: 429 Client Error: Too Many Requests for url: https://uk.representclo.com/products/247-duffle-gym-bag-jet-black
2026-09-22 09:01:10,793 [ERROR] Failed to fetch product page https://uk.representclo.com/products/247-fallen-angel-graphic-hoodie-vintage-black: 429 Client Error: Too Many Requests for url: https://uk.representclo.com/products/247-fallen-angel-graphic-hoodie-vintage-black
2026-09-22 09:01:11,337 [ERROR] Failed to fetch product page https://uk.representclo.com/products/247-form-sweatpant-graphene: 429 Client Error: Too Many Requests for url: https://uk.representclo.com/products/247-form-sweatpant-graphene
2026-09-22 09:01:11,890 [ERROR] Failed to fetch product page https://uk.representclo.com/products/247-form-sweatpant-jet-black: 429 Client Error: Too Many Requests for url: https://uk.representclo.com/products/247-form-sweatpant-jet-black
2026-09-22 09:01:12,439 [ERROR] Failed to fetch product page https://uk.representclo.com/products/247-form-zip-hood-graphene: 429 Client Error: Too Many Requests for url: https://uk.representclo.com/products/247-form-zip-hood-graphene
2026-09-22 09:01:12,985 [ERROR] Failed to fetch product page https://uk.representclo.com/products/247-form-zip-hoodie-jet-black: 429 Client Error: Too Many Requests for url: https://uk.representclo.com/products/247-form-zip-hoodie-jet-black
2026-09-22 09:01:13,538 [ERROR] Failed to fetch product page https://uk.representclo.com/products/247-fused-shorts-black: 429 Client Error: Too Many Requests for url: https://uk.representclo.com/products/247-fused-shorts-black
2026-09-22 09:01:14,084 [ERROR] Failed to fetch product page https://uk.representclo.com/products/247-fw25-boxers-black: 429 Client Error: Too Many Requests for url: https://uk.representclo.com/products/247-fw25-boxers-black
2026-09-22 09:01:14,628 [ERROR] Failed to fetch product page https://uk.representclo.com/products/247-fw25-gloves-black: 429 Client Error: Too Many Requests for url: https://uk.representclo.com/products/247-fw25-gloves-black
2026-09-22 09:01:15,181 [ERROR] Failed to fetch product page https://uk.representclo.com/products/247-ghost-2-in-1-short-jet-black: 429 Client Error: Too Many Requests for url: https://uk.representclo.com/products/247-ghost-2-in-1-short-jet-black
2026-09-22 09:01:15,739 [ERROR] Failed to fetch product page https://uk.representclo.com/products/247-ghost-half-tight-jet-black: 429 Client Error: Too Many Requests for url: https://uk.representclo.com/products/247-ghost-half-tight-jet-black
2026-09-22 09:01:16,305 [ERROR] Failed to fetch product page https://uk.representclo.com/products/247-ghost-singlet-247-ombre: 429 Client Error: Too Many Requests for url: https://uk.representclo.com/products/247-ghost-singlet-247-ombre
2026-09-22 09:01:16,854 [ERROR] Failed to fetch product page https://uk.representclo.com/products/247-gym-towel-black: 429 Client Error: Too Many Requests for url: https://uk.representclo.com/products/247-gym-towel-black
2026-09-22 09:01:17,399 [ERROR] Failed to fetch product page https://uk.representclo.com/products/247-hybrid-running-shell-jet-black: 429 Client Error: Too Many Requests for url: https://uk.representclo.com/products/247-hybrid-running-shell-jet-black
2026-09-22 09:01:17,945 [ERROR] Failed to fetch product page https://uk.representclo.com/products/247-hybrid-t-shirt-black-fade-out: 429 Client Error: Too Many Requests for url: https://uk.representclo.com/products/247-hybrid-t-shirt-black-fade-out
2026-09-22 09:01:18,495 [ERROR] Failed to fetch product page https://uk.representclo.com/products/247-hybrid-t-shirt-glacier-fade-out: 429 Client Error: Too Many Requests for url: https://uk.representclo.com/products/247-hybrid-t-shirt-glacier-fade-out
2026-09-22 09:01:19,047 [ERROR] Failed to fetch product page https://uk.representclo.com/products/247-hybrid-t-shirt-red-fade-out: 429 Client Error: Too Many Requests for url: https://uk.representclo.com/products/247-hybrid-t-shirt-red-fade-out
2026-09-22 09:01:19,608 [ERROR] Failed to fetch product page https://uk.representclo.com/products/247-hybrid-tank-glacier-fade-out: 429 Client Error: Too Many Requests for url: https://uk.representclo.com/products/247-hybrid-tank-glacier-fade-out
2026-09-22 09:01:20,157 [ERROR] Failed to fetch product page https://uk.representclo.com/products/247-hybrid-tank-red-fade-out: 429 Client Error: Too Many Requests for url: https://uk.representclo.com/products/247-hybrid-tank-red-fade-out
2026-09-22 09:01:20,700 [ERROR] Failed to fetch product page https://uk.representclo.com/products/247-hydration-belt-black: 429 Client Error: Too Many Requests for url: https://uk.representclo.com/products/247-hydration-belt-black
2026-09-22 09:01:21,244 [ERROR] Failed to fetch product page https://uk.representclo.com/products/247-hydration-phone-case-black: 429 Client Error: Too Many Requests for url: https://uk.representclo.com/products/247-hydration-phone-case-black
2026-09-22 09:01:21,798 [ERROR] Failed to fetch product page https://uk.representclo.com/products/247-logo-socks-black: 429 Client Error: Too Many Requests for url: https://uk.representclo.com/products/247-logo-socks-black
2026-09-22 09:01:22,343 [ERROR] Failed to fetch product page https://uk.representclo.com/products/247-logo-socks-white: 429 Client Error: Too Many Requests for url: https://uk.representclo.com/products/247-logo-socks-white
2026-09-22 09:01:22,899 [ERROR] Failed to fetch product page https://uk.representclo.com/products/247-logo-wrist-bands-black: 429 Client Error: Too Many Requests for url: https://uk.representclo.com/products/247-logo-wrist-bands-black
2026-09-22 09:01:23,466 [ERROR] Failed to fetch product page https://uk.representclo.com/products/247-london-26-singlet-vintage-grey: 429 Client Error: Too Many Requests for url: https://uk.representclo.com/products/247-london-26-singlet-vintage-grey
2026-09-22 09:01:24,011 [ERROR] Failed to fetch product page https://uk.representclo.com/products/247-london-26-t-shirt-vintage-grey: 429 Client Error: Too Many Requests for url: https://uk.representclo.com/products/247-london-26-t-shirt-vintage-grey
2026-09-22 09:01:24,559 [ERROR] Failed to fetch product page https://uk.representclo.com/products/247-london-bag-black: 429 Client Error: Too Many Requests for url: https://uk.representclo.com/products/247-london-bag-black
2026-09-22 09:01:25,108 [ERROR] Failed to fetch product page https://uk.representclo.com/products/247-los-angeles-26-singlet-aged-khaki: 429 Client Error: Too Many Requests for url: https://uk.representclo.com/products/247-los-angeles-26-singlet-aged-khaki
2026-09-22 09:01:25,660 [ERROR] Failed to fetch product page https://uk.representclo.com/products/247-los-angeles-bag-black: 429 Client Error: Too Many Requests for url: https://uk.representclo.com/products/247-los-angeles-bag-black
2026-09-22 09:01:26,206 [ERROR] Failed to fetch product page https://uk.representclo.com/products/247-manchester-26-singlet-aged-black: 429 Client Error: Too Many Requests for url: https://uk.representclo.com/products/247-manchester-26-singlet-aged-black
2026-09-22 09:01:26,758 [ERROR] Failed to fetch product page https://uk.representclo.com/products/247-manchester-26-t-shirt-black: 429 Client Error: Too Many Requests for url: https://uk.representclo.com/products/247-manchester-26-t-shirt-black
2026-09-22 09:01:27,304 [ERROR] Failed to fetch product page https://uk.representclo.com/products/247-manchester-bag-black: 429 Client Error: Too Many Requests for url: https://uk.representclo.com/products/247-manchester-bag-black
2026-09-22 09:01:27,849 [ERROR] Failed to fetch product page https://uk.representclo.com/products/247-mission-series-t-shirt-2026-jet-black: 429 Client Error: Too Many Requests for url: https://uk.representclo.com/products/247-mission-series-t-shirt-2026-jet-black
2026-09-22 09:01:28,393 [ERROR] Failed to fetch product page https://uk.representclo.com/products/247-motion-oversized-tank-rust: 429 Client Error: Too Many Requests for url: https://uk.representclo.com/products/247-motion-oversized-tank-rust
2026-09-22 09:01:28,939 [ERROR] Failed to fetch product page https://uk.representclo.com/products/247-new-york-bag-black: 429 Client Error: Too Many Requests for url: https://uk.representclo.com/products/247-new-york-bag-black
2026-09-22 09:01:29,486 [ERROR] Failed to fetch product page https://uk.representclo.com/products/247-noble-long-sleeve-t-shirt-graphene: 429 Client Error: Too Many Requests for url: https://uk.representclo.com/products/247-noble-long-sleeve-t-shirt-graphene
2026-09-22 09:01:30,030 [ERROR] Failed to fetch product page https://uk.representclo.com/products/247-noble-t-shirt-graphene: 429 Client Error: Too Many Requests for url: https://uk.representclo.com/products/247-noble-t-shirt-graphene
2026-09-22 09:01:30,575 [ERROR] Failed to fetch product page https://uk.representclo.com/products/247-noble-t-shirt-jet-black: 429 Client Error: Too Many Requests for url: https://uk.representclo.com/products/247-noble-t-shirt-jet-black
2026-09-22 09:01:31,124 [ERROR] Failed to fetch product page https://uk.representclo.com/products/247-numbers-beanie-grey-marl: 429 Client Error: Too Many Requests for url: https://uk.representclo.com/products/247-numbers-beanie-grey-marl
2026-09-22 09:01:31,670 [ERROR] Failed to fetch product page https://uk.representclo.com/products/247-numbers-beanie-jet-black: 429 Client Error: Too Many Requests for url: https://uk.representclo.com/products/247-numbers-beanie-jet-black
2026-09-22 09:01:32,220 [ERROR] Failed to fetch product page https://uk.representclo.com/products/247-numbers-cap-graphene: 429 Client Error: Too Many Requests for url: https://uk.representclo.com/products/247-numbers-cap-graphene
2026-09-22 09:01:32,774 [ERROR] Failed to fetch product page https://uk.representclo.com/products/247-numbers-cap-graphite-grey: 429 Client Error: Too Many Requests for url: https://uk.representclo.com/products/247-numbers-cap-graphite-grey
2026-09-22 09:01:33,322 [ERROR] Failed to fetch product page https://uk.representclo.com/products/247-numbers-cap-jet-black: 429 Client Error: Too Many Requests for url: https://uk.representclo.com/products/247-numbers-cap-jet-black
2026-09-22 09:01:33,874 [ERROR] Failed to fetch product page https://uk.representclo.com/products/247-numbers-cargo-half-tight-graphene: 429 Client Error: Too Many Requests for url: https://uk.representclo.com/products/247-numbers-cargo-half-tight-graphene
2026-09-22 09:01:34,421 [ERROR] Failed to fetch product page https://uk.representclo.com/products/247-numbers-gaiter-grey-marl: 429 Client Error: Too Many Requests for url: https://uk.representclo.com/products/247-numbers-gaiter-grey-marl
2026-09-22 09:01:34,966 [ERROR] Failed to fetch product page https://uk.representclo.com/products/247-numbers-gaiter-jet-black: 429 Client Error: Too Many Requests for url: https://uk.representclo.com/products/247-numbers-gaiter-jet-black
2026-09-22 09:01:35,515 [ERROR] Failed to fetch product page https://uk.representclo.com/products/247-numbers-glove-jet-black: 429 Client Error: Too Many Requests for url: https://uk.representclo.com/products/247-numbers-glove-jet-black
2026-09-22 09:01:36,058 [ERROR] Failed to fetch product page https://uk.representclo.com/products/247-numbers-race-sock-graphene: 429 Client Error: Too Many Requests for url: https://uk.representclo.com/products/247-numbers-race-sock-graphene
2026-09-22 09:01:36,605 [ERROR] Failed to fetch product page https://uk.representclo.com/products/247-numbers-socks-flat-white: 429 Client Error: Too Many Requests for url: https://uk.representclo.com/products/247-numbers-socks-flat-white
2026-09-22 09:01:37,150 [ERROR] Failed to fetch product page https://uk.representclo.com/products/247-numbers-socks-jet-black: 429 Client Error: Too Many Requests for url: https://uk.representclo.com/products/247-numbers-socks-jet-black
2026-09-22 09:01:37,706 [ERROR] Failed to fetch product page https://uk.representclo.com/products/247-numbers-t-shirt-flat-white: 429 Client Error: Too Many Requests for url: https://uk.representclo.com/products/247-numbers-t-shirt-flat-white
2026-09-22 09:01:38,252 [ERROR] Failed to fetch product page https://uk.representclo.com/products/247-numbers-t-shirt-graphene: 429 Client Error: Too Many Requests for url: https://uk.representclo.com/products/247-numbers-t-shirt-graphene
2026-09-22 09:01:38,803 [ERROR] Failed to fetch product page https://uk.representclo.com/products/247-numbers-t-shirt-jet-black-v2: 429 Client Error: Too Many Requests for url: https://uk.representclo.com/products/247-numbers-t-shirt-jet-black-v2
2026-09-22 09:01:39,352 [ERROR] Failed to fetch product page https://uk.representclo.com/products/247-numbers-vest-flat-white: 429 Client Error: Too Many Requests for url: https://uk.representclo.com/products/247-numbers-vest-flat-white
2026-09-22 09:01:39,900 [ERROR] Failed to fetch product page https://uk.representclo.com/products/247-numbers-vest-graphene: 429 Client Error: Too Many Requests for url: https://uk.representclo.com/products/247-numbers-vest-graphene
2026-09-22 09:01:40,445 [ERROR] Failed to fetch product page https://uk.representclo.com/products/247-numbers-vest-graphite-grey: 429 Client Error: Too Many Requests for url: https://uk.representclo.com/products/247-numbers-vest-graphite-grey
2026-09-22 09:01:40,990 [ERROR] Failed to fetch product page https://uk.representclo.com/products/247-numbers-vest-jet-black-v2: 429 Client Error: Too Many Requests for url: https://uk.representclo.com/products/247-numbers-vest-jet-black-v2
2026-09-22 09:01:41,542 [ERROR] Failed to fetch product page https://uk.representclo.com/products/247-on-a-mission-long-sleeve-t-shirt-jet-black: 429 Client Error: Too Many Requests for url: https://uk.representclo.com/products/247-on-a-mission-long-sleeve-t-shirt-jet-black
2026-09-22 09:01:42,090 [ERROR] Failed to fetch product page https://uk.representclo.com/products/247-on-a-mission-t-shirt-jet-black: 429 Client Error: Too Many Requests for url: https://uk.representclo.com/products/247-on-a-mission-t-shirt-jet-black
2026-09-22 09:01:42,636 [ERROR] Failed to fetch product page https://uk.representclo.com/products/247-oversized-hoodie-jet-black: 429 Client Error: Too Many Requests for url: https://uk.representclo.com/products/247-oversized-hoodie-jet-black
2026-09-22 09:01:43,179 [ERROR] Failed to fetch product page https://uk.representclo.com/products/247-oversized-t-shirt-flat-white-1: 429 Client Error: Too Many Requests for url: https://uk.representclo.com/products/247-oversized-t-shirt-flat-white-1
2026-09-22 09:01:43,723 [ERROR] Failed to fetch product page https://uk.representclo.com/products/247-oversized-t-shirt-jet-black-1: 429 Client Error: Too Many Requests for url: https://uk.representclo.com/products/247-oversized-t-shirt-jet-black-1
2026-09-22 09:01:44,268 [ERROR] Failed to fetch product page https://uk.representclo.com/products/247-oversized-tank-flat-white-1: 429 Client Error: Too Many Requests for url: https://uk.representclo.com/products/247-oversized-tank-flat-white-1
2026-09-22 09:01:44,820 [ERROR] Failed to fetch product page https://uk.representclo.com/products/247-oversized-tank-jet-black-1: 429 Client Error: Too Many Requests for url: https://uk.representclo.com/products/247-oversized-tank-jet-black-1
2026-09-22 09:01:45,374 [ERROR] Failed to fetch product page https://uk.representclo.com/products/247-pant-black: 429 Client Error: Too Many Requests for url: https://uk.representclo.com/products/247-pant-black
2026-09-22 09:01:45,922 [ERROR] Failed to fetch product page https://uk.representclo.com/products/247-pant-graphene: 429 Client Error: Too Many Requests for url: https://uk.representclo.com/products/247-pant-graphene
2026-09-22 09:01:46,472 [ERROR] Failed to fetch product page https://uk.representclo.com/products/247-power-dry-t-shirt-ash-grey: 429 Client Error: Too Many Requests for url: https://uk.representclo.com/products/247-power-dry-t-shirt-ash-grey
2026-09-22 09:01:47,017 [ERROR] Failed to fetch product page https://uk.representclo.com/products/247-power-shield-padded-gilet-jet-black: 429 Client Error: Too Many Requests for url: https://uk.representclo.com/products/247-power-shield-padded-gilet-jet-black
2026-09-22 09:01:47,569 [ERROR] Failed to fetch product page https://uk.representclo.com/products/247-power-shield-windbreaker-jet-black: 429 Client Error: Too Many Requests for url: https://uk.representclo.com/products/247-power-shield-windbreaker-jet-black
2026-09-22 09:01:48,113 [ERROR] Failed to fetch product page https://uk.representclo.com/products/247-protein-shaker-black: 429 Client Error: Too Many Requests for url: https://uk.representclo.com/products/247-protein-shaker-black
2026-09-22 09:01:48,658 [ERROR] Failed to fetch product page https://uk.representclo.com/products/247-race-half-tight-washed-grey: 429 Client Error: Too Many Requests for url: https://uk.representclo.com/products/247-race-half-tight-washed-grey
2026-09-22 09:01:49,205 [ERROR] Failed to fetch product page https://uk.representclo.com/products/247-race-pins-antique-silver: 429 Client Error: Too Many Requests for url: https://uk.representclo.com/products/247-race-pins-antique-silver
2026-09-22 09:01:49,769 [ERROR] Failed to fetch product page https://uk.representclo.com/products/247-race-short-washed-grey: 429 Client Error: Too Many Requests for url: https://uk.representclo.com/products/247-race-short-washed-grey
2026-09-22 09:01:50,313 [ERROR] Failed to fetch product page https://uk.representclo.com/products/247-race-sock-2-pack-white: 429 Client Error: Too Many Requests for url: https://uk.representclo.com/products/247-race-sock-2-pack-white
2026-09-22 09:01:50,858 [ERROR] Failed to fetch product page https://uk.representclo.com/products/247-race-sock-white: 429 Client Error: Too Many Requests for url: https://uk.representclo.com/products/247-race-sock-white
2026-09-22 09:01:51,405 [ERROR] Failed to fetch product page https://uk.representclo.com/products/247-reflex-run-cap-jet-black: 429 Client Error: Too Many Requests for url: https://uk.representclo.com/products/247-reflex-run-cap-jet-black
2026-09-22 09:01:51,961 [ERROR] Failed to fetch product page https://uk.representclo.com/products/247-reflex-run-socks-flat-white: 429 Client Error: Too Many Requests for url: https://uk.representclo.com/products/247-reflex-run-socks-flat-white
2026-09-22 09:01:52,508 [ERROR] Failed to fetch product page https://uk.representclo.com/products/247-reflex-run-socks-jet-black: 429 Client Error: Too Many Requests for url: https://uk.representclo.com/products/247-reflex-run-socks-jet-black
2026-09-22 09:01:53,058 [ERROR] Failed to fetch product page https://uk.representclo.com/products/247-ribbed-half-tight-jet-black-v2: 429 Client Error: Too Many Requests for url: https://uk.representclo.com/products/247-ribbed-half-tight-jet-black-v2
2026-09-22 09:01:53,605 [ERROR] Failed to fetch product page https://uk.representclo.com/products/247-ripstop-cap-black-reflective: 429 Client Error: Too Many Requests for url: https://uk.representclo.com/products/247-ripstop-cap-black-reflective
2026-09-22 09:01:54,156 [ERROR] Failed to fetch product page https://uk.representclo.com/products/247-running-belt-jet-black: 429 Client Error: Too Many Requests for url: https://uk.representclo.com/products/247-running-belt-jet-black
2026-09-22 09:01:54,754 [ERROR] Failed to fetch product page https://uk.representclo.com/products/247-singlet-cinder: 429 Client Error: Too Many Requests for url: https://uk.representclo.com/products/247-singlet-cinder
2026-09-22 09:01:55,301 [ERROR] Failed to fetch product page https://uk.representclo.com/products/247-ski-gloves-black: 429 Client Error: Too Many Requests for url: https://uk.representclo.com/products/247-ski-gloves-black
2026-09-22 09:01:55,847 [ERROR] Failed to fetch product page https://uk.representclo.com/products/247-skull-cap-jet-black: 429 Client Error: Too Many Requests for url: https://uk.representclo.com/products/247-skull-cap-jet-black
2026-09-22 09:01:56,393 [ERROR] Failed to fetch product page https://uk.representclo.com/products/247-sling-bag-black: 429 Client Error: Too Many Requests for url: https://uk.representclo.com/products/247-sling-bag-black
2026-09-22 09:01:56,940 [ERROR] Failed to fetch product page https://uk.representclo.com/products/247-ss26-cargo-half-tight-jet-black: 429 Client Error: Too Many Requests for url: https://uk.representclo.com/products/247-ss26-cargo-half-tight-jet-black
2026-09-22 09:01:57,490 [ERROR] Failed to fetch product page https://uk.representclo.com/products/247-stratum-sunglasses-flat-white: 429 Client Error: Too Many Requests for url: https://uk.representclo.com/products/247-stratum-sunglasses-flat-white
2026-09-22 09:01:58,036 [ERROR] Failed to fetch product page https://uk.representclo.com/products/247-stratum-sunglasses-jet-black: 429 Client Error: Too Many Requests for url: https://uk.representclo.com/products/247-stratum-sunglasses-jet-black
2026-09-22 09:01:58,591 [ERROR] Failed to fetch product page https://uk.representclo.com/products/247-sydney-cap-washed-grey: 429 Client Error: Too Many Requests for url: https://uk.representclo.com/products/247-sydney-cap-washed-grey
2026-09-22 09:01:59,148 [ERROR] Failed to fetch product page https://uk.representclo.com/products/247-sydney-hoodie-washed-grey: 429 Client Error: Too Many Requests for url: https://uk.representclo.com/products/247-sydney-hoodie-washed-grey
2026-09-22 09:01:59,694 [ERROR] Failed to fetch product page https://uk.representclo.com/products/247-sydney-singlet-washed-grey: 429 Client Error: Too Many Requests for url: https://uk.representclo.com/products/247-sydney-singlet-washed-grey
2026-09-22 09:02:00,241 [ERROR] Failed to fetch product page https://uk.representclo.com/products/247-sydney-t-shirt-washed-grey: 429 Client Error: Too Many Requests for url: https://uk.representclo.com/products/247-sydney-t-shirt-washed-grey
2026-09-22 09:02:00,792 [ERROR] Failed to fetch product page https://uk.representclo.com/products/247-sydney-tank-washed-grey: 429 Client Error: Too Many Requests for url: https://uk.representclo.com/products/247-sydney-tank-washed-grey
2026-09-22 09:02:01,345 [ERROR] Failed to fetch product page https://uk.representclo.com/products/247-team-straight-leg-track-pant-jet-black: 429 Client Error: Too Many Requests for url: https://uk.representclo.com/products/247-team-straight-leg-track-pant-jet-black
2026-09-22 09:02:01,891 [ERROR] Failed to fetch product page https://uk.representclo.com/products/247-torch-boxy-long-sleeve-t-shirt-bleach-wash: 429 Client Error: Too Many Requests for url: https://uk.representclo.com/products/247-torch-boxy-long-sleeve-t-shirt-bleach-wash
2026-09-22 09:02:02,445 [ERROR] Failed to fetch product page https://uk.representclo.com/products/247-torch-boxy-long-sleeve-t-shirt-washed-black: 429 Client Error: Too Many Requests for url: https://uk.representclo.com/products/247-torch-boxy-long-sleeve-t-shirt-washed-black
2026-09-22 09:02:03,003 [ERROR] Failed to fetch product page https://uk.representclo.com/products/247-torch-boxy-t-shirt-bleach-wash: 429 Client Error: Too Many Requests for url: https://uk.representclo.com/products/247-torch-boxy-t-shirt-bleach-wash
2026-09-22 09:02:03,559 [ERROR] Failed to fetch product page https://uk.representclo.com/products/247-torch-boxy-t-shirt-washed-black: 429 Client Error: Too Many Requests for url: https://uk.representclo.com/products/247-torch-boxy-t-shirt-washed-black
2026-09-22 09:02:04,104 [ERROR] Failed to fetch product page https://uk.representclo.com/products/247-torch-boxy-tank-bleach-wash: 429 Client Error: Too Many Requests for url: https://uk.representclo.com/products/247-torch-boxy-tank-bleach-wash
2026-09-22 09:02:04,658 [ERROR] Failed to fetch product page https://uk.representclo.com/products/247-tote-bag-black: 429 Client Error: Too Many Requests for url: https://uk.representclo.com/products/247-tote-bag-black
2026-09-22 09:02:05,204 [ERROR] Failed to fetch product page https://uk.representclo.com/products/247-trail-long-sleeve-t-shirt-black: 429 Client Error: Too Many Requests for url: https://uk.representclo.com/products/247-trail-long-sleeve-t-shirt-black
2026-09-22 09:02:05,757 [ERROR] Failed to fetch product page https://uk.representclo.com/products/247-trail-long-sleeve-t-shirt-chocolate: 429 Client Error: Too Many Requests for url: https://uk.representclo.com/products/247-trail-long-sleeve-t-shirt-chocolate
2026-09-22 09:02:06,345 [ERROR] Failed to fetch product page https://uk.representclo.com/products/247-trail-long-sleeve-t-shirt-steel: 429 Client Error: Too Many Requests for url: https://uk.representclo.com/products/247-trail-long-sleeve-t-shirt-steel
2026-09-22 09:02:06,896 [ERROR] Failed to fetch product page https://uk.representclo.com/products/247-trail-short-graphene: 429 Client Error: Too Many Requests for url: https://uk.representclo.com/products/247-trail-short-graphene
2026-09-22 09:02:07,458 [ERROR] Failed to fetch product page https://uk.representclo.com/products/247-trail-short-jet-black: 429 Client Error: Too Many Requests for url: https://uk.representclo.com/products/247-trail-short-jet-black
2026-09-22 09:02:08,002 [ERROR] Failed to fetch product page https://uk.representclo.com/products/247-trail-sock-black: 429 Client Error: Too Many Requests for url: https://uk.representclo.com/products/247-trail-sock-black
2026-09-22 09:02:08,550 [ERROR] Failed to fetch product page https://uk.representclo.com/products/247-trail-t-shirt-black: 429 Client Error: Too Many Requests for url: https://uk.representclo.com/products/247-trail-t-shirt-black
2026-09-22 09:02:09,097 [ERROR] Failed to fetch product page https://uk.representclo.com/products/247-trail-t-shirt-chocolate: 429 Client Error: Too Many Requests for url: https://uk.representclo.com/products/247-trail-t-shirt-chocolate
2026-09-22 09:02:09,644 [ERROR] Failed to fetch product page https://uk.representclo.com/products/247-trail-t-shirt-steel: 429 Client Error: Too Many Requests for url: https://uk.representclo.com/products/247-trail-t-shirt-steel
2026-09-22 09:02:10,188 [ERROR] Failed to fetch product page https://uk.representclo.com/products/247-trail-tank-black: 429 Client Error: Too Many Requests for url: https://uk.representclo.com/products/247-trail-tank-black
2026-09-22 09:02:10,738 [ERROR] Failed to fetch product page https://uk.representclo.com/products/247-trail-tank-chocolate: 429 Client Error: Too Many Requests for url: https://uk.representclo.com/products/247-trail-tank-chocolate
2026-09-22 09:02:11,334 [ERROR] Failed to fetch product page https://uk.representclo.com/products/247-trail-tank-steel: 429 Client Error: Too Many Requests for url: https://uk.representclo.com/products/247-trail-tank-steel
2026-09-22 09:02:11,886 [ERROR] Failed to fetch product page https://uk.representclo.com/products/247-ultra-bucket-hat-jet-black: 429 Client Error: Too Many Requests for url: https://uk.representclo.com/products/247-ultra-bucket-hat-jet-black
2026-09-22 09:02:12,430 [ERROR] Failed to fetch product page https://uk.representclo.com/products/247-ultra-midlayer-jet-black: 429 Client Error: Too Many Requests for url: https://uk.representclo.com/products/247-ultra-midlayer-jet-black
2026-09-22 09:02:12,983 [ERROR] Failed to fetch product page https://uk.representclo.com/products/247-ultra-singlet-black-fade-out: 429 Client Error: Too Many Requests for url: https://uk.representclo.com/products/247-ultra-singlet-black-fade-out
2026-09-22 09:02:13,526 [ERROR] Failed to fetch product page https://uk.representclo.com/products/247-ultra-singlet-glacier-fade-out: 429 Client Error: Too Many Requests for url: https://uk.representclo.com/products/247-ultra-singlet-glacier-fade-out
2026-09-22 09:02:14,074 [ERROR] Failed to fetch product page https://uk.representclo.com/products/247-uprising-long-sleeve-seamless-t-shirt-chocolate: 429 Client Error: Too Many Requests for url: https://uk.representclo.com/products/247-uprising-long-sleeve-seamless-t-shirt-chocolate
2026-09-22 09:02:14,631 [ERROR] Failed to fetch product page https://uk.representclo.com/products/247-uprising-long-sleeve-seamless-t-shirt-steel: 429 Client Error: Too Many Requests for url: https://uk.representclo.com/products/247-uprising-long-sleeve-seamless-t-shirt-steel
2026-09-22 09:02:15,177 [ERROR] Failed to fetch product page https://uk.representclo.com/products/247-uprising-oversized-hoodie-black: 429 Client Error: Too Many Requests for url: https://uk.representclo.com/products/247-uprising-oversized-hoodie-black
2026-09-22 09:02:15,730 [ERROR] Failed to fetch product page https://uk.representclo.com/products/247-uprising-zip-hoodie-black: 429 Client Error: Too Many Requests for url: https://uk.representclo.com/products/247-uprising-zip-hoodie-black
2026-09-22 09:02:16,275 [ERROR] Failed to fetch product page https://uk.representclo.com/products/247-waffle-beanie-jet-black: 429 Client Error: Too Many Requests for url: https://uk.representclo.com/products/247-waffle-beanie-jet-black
2026-09-22 09:02:16,820 [ERROR] Failed to fetch product page https://uk.representclo.com/products/247-x-47-taped-cap-jet-black: 429 Client Error: Too Many Requests for url: https://uk.representclo.com/products/247-x-47-taped-cap-jet-black
2026-09-22 09:02:17,371 [ERROR] Failed to fetch product page https://uk.representclo.com/products/247-x-avenged-sevenfold-city-of-evil-tank-aged-black: 429 Client Error: Too Many Requests for url: https://uk.representclo.com/products/247-x-avenged-sevenfold-city-of-evil-tank-aged-black
2026-09-22 09:02:17,959 [ERROR] Failed to fetch product page https://uk.representclo.com/products/247-x-avenged-sevenfold-death-bat-singlet-washed-grey: 429 Client Error: Too Many Requests for url: https://uk.representclo.com/products/247-x-avenged-sevenfold-death-bat-singlet-washed-grey
2026-09-22 09:02:18,507 [ERROR] Failed to fetch product page https://uk.representclo.com/products/247-x-avenged-sevenfold-death-bat-t-shirt-dirty-white: 429 Client Error: Too Many Requests for url: https://uk.representclo.com/products/247-x-avenged-sevenfold-death-bat-t-shirt-dirty-white
2026-09-22 09:02:19,054 [ERROR] Failed to fetch product page https://uk.representclo.com/products/247-x-avenged-sevenfold-nightmare-long-sleeve-t-shirt-aged-black: 429 Client Error: Too Many Requests for url: https://uk.representclo.com/products/247-x-avenged-sevenfold-nightmare-long-sleeve-t-shirt-aged-black
2026-09-22 09:02:19,607 [ERROR] Failed to fetch product page https://uk.representclo.com/products/247-x-avenged-sevenfold-nightmare-t-shirt-aged-black: 429 Client Error: Too Many Requests for url: https://uk.representclo.com/products/247-x-avenged-sevenfold-nightmare-t-shirt-aged-black
2026-09-22 09:02:20,161 [ERROR] Failed to fetch product page https://uk.representclo.com/products/247-x-puma-ultra-nitro-7-football-boot-sugared-almond: 429 Client Error: Too Many Requests for url: https://uk.representclo.com/products/247-x-puma-ultra-nitro-7-football-boot-sugared-almond
2026-09-22 09:02:20,711 [ERROR] Failed to fetch product page https://uk.representclo.com/products/american-football-jersey-chalk: 429 Client Error: Too Many Requests for url: https://uk.representclo.com/products/american-football-jersey-chalk
2026-09-22 09:02:21,254 [ERROR] Failed to fetch product page https://uk.representclo.com/products/angel-border-t-shirt-stained-black: 429 Client Error: Too Many Requests for url: https://uk.representclo.com/products/angel-border-t-shirt-stained-black
2026-09-22 09:02:21,804 [ERROR] Failed to fetch product page https://uk.representclo.com/products/angel-border-t-shirt-washed-ecru: 429 Client Error: Too Many Requests for url: https://uk.representclo.com/products/angel-border-t-shirt-washed-ecru
2026-09-22 09:02:22,348 [ERROR] Failed to fetch product page https://uk.representclo.com/products/apex-black-vintage-white-bf: 429 Client Error: Too Many Requests for url: https://uk.representclo.com/products/apex-black-vintage-white-bf
2026-09-22 09:02:22,897 [ERROR] Failed to fetch product page https://uk.representclo.com/products/apex-flat-white-bf: 429 Client Error: Too Many Requests for url: https://uk.representclo.com/products/apex-flat-white-bf
2026-09-22 09:02:23,447 [ERROR] Failed to fetch product page https://uk.representclo.com/products/arch-knitted-gloves-jet-black: 429 Client Error: Too Many Requests for url: https://uk.representclo.com/products/arch-knitted-gloves-jet-black
2026-09-22 09:02:23,997 [ERROR] Failed to fetch product page https://uk.representclo.com/products/aura-sunglasses-beige: 429 Client Error: Too Many Requests for url: https://uk.representclo.com/products/aura-sunglasses-beige
2026-09-22 09:02:24,544 [ERROR] Failed to fetch product page https://uk.representclo.com/products/aura-sunglasses-jet-black: 429 Client Error: Too Many Requests for url: https://uk.representclo.com/products/aura-sunglasses-jet-black
2026-09-22 09:02:25,090 [ERROR] Failed to fetch product page https://uk.representclo.com/products/beaded-represent-bracelet-silver: 429 Client Error: Too Many Requests for url: https://uk.representclo.com/products/beaded-represent-bracelet-silver
2026-09-22 09:02:25,635 [ERROR] Failed to fetch product page https://uk.representclo.com/products/belt-black-leather: 429 Client Error: Too Many Requests for url: https://uk.representclo.com/products/belt-black-leather
2026-09-22 09:02:26,179 [ERROR] Failed to fetch product page https://uk.representclo.com/products/british-cowboys-hoodie-stained-black: 429 Client Error: Too Many Requests for url: https://uk.representclo.com/products/british-cowboys-hoodie-stained-black
2026-09-22 09:02:26,725 [ERROR] Failed to fetch product page https://uk.representclo.com/products/british-cowboys-t-shirt-dusty-brown: 429 Client Error: Too Many Requests for url: https://uk.representclo.com/products/british-cowboys-t-shirt-dusty-brown
2026-09-22 09:02:27,275 [ERROR] Failed to fetch product page https://uk.representclo.com/products/british-cowboys-t-shirt-stained-black: 429 Client Error: Too Many Requests for url: https://uk.representclo.com/products/british-cowboys-t-shirt-stained-black
2026-09-22 09:02:27,820 [ERROR] Failed to fetch product page https://uk.representclo.com/products/british-cowboys-t-shirt-washed-ecru: 429 Client Error: Too Many Requests for url: https://uk.representclo.com/products/british-cowboys-t-shirt-washed-ecru
2026-09-22 09:02:28,364 [ERROR] Failed to fetch product page https://uk.representclo.com/products/busy-doing-nothing-t-shirt-flat-white: 429 Client Error: Too Many Requests for url: https://uk.representclo.com/products/busy-doing-nothing-t-shirt-flat-white
2026-09-22 09:02:28,911 [ERROR] Failed to fetch product page https://uk.representclo.com/products/calfornia-striped-t-shirt-jet-black-grey-marl: 429 Client Error: Too Many Requests for url: https://uk.representclo.com/products/calfornia-striped-t-shirt-jet-black-grey-marl
2026-09-22 09:02:29,464 [ERROR] Failed to fetch product page https://uk.representclo.com/products/california-striped-knitted-polo-jet-black: 429 Client Error: Too Many Requests for url: https://uk.representclo.com/products/california-striped-knitted-polo-jet-black
2026-09-22 09:02:30,010 [ERROR] Failed to fetch product page https://uk.representclo.com/products/california-sunglasses-tortoise: 429 Client Error: Too Many Requests for url: https://uk.representclo.com/products/california-sunglasses-tortoise
2026-09-22 09:02:30,563 [ERROR] Failed to fetch product page https://uk.representclo.com/products/canvas-holdall-antique-white: 429 Client Error: Too Many Requests for url: https://uk.representclo.com/products/canvas-holdall-antique-white
2026-09-22 09:02:31,108 [ERROR] Failed to fetch product page https://uk.representclo.com/products/canvas-tote-bag-antique-white: 429 Client Error: Too Many Requests for url: https://uk.representclo.com/products/canvas-tote-bag-antique-white
2026-09-22 09:02:31,656 [ERROR] Failed to fetch product page https://uk.representclo.com/products/cargo-pant-riot-camo: 429 Client Error: Too Many Requests for url: https://uk.representclo.com/products/cargo-pant-riot-camo
2026-09-22 09:02:32,201 [ERROR] Failed to fetch product page https://uk.representclo.com/products/cargo-pant-vintage-brown: 429 Client Error: Too Many Requests for url: https://uk.representclo.com/products/cargo-pant-vintage-brown
2026-09-22 09:02:32,757 [ERROR] Failed to fetch product page https://uk.representclo.com/products/chrome-flight-hoodie-stained-black: 429 Client Error: Too Many Requests for url: https://uk.representclo.com/products/chrome-flight-hoodie-stained-black
2026-09-22 09:02:33,301 [ERROR] Failed to fetch product page https://uk.representclo.com/products/classic-parts-t-shirt-aged-black: 429 Client Error: Too Many Requests for url: https://uk.representclo.com/products/classic-parts-t-shirt-aged-black
2026-09-22 09:02:33,845 [ERROR] Failed to fetch product page https://uk.representclo.com/products/classic-parts-t-shirt-flat-white: 429 Client Error: Too Many Requests for url: https://uk.representclo.com/products/classic-parts-t-shirt-flat-white
2026-09-22 09:02:34,388 [ERROR] Failed to fetch product page https://uk.representclo.com/products/cowhide-belt-loop-flat-white-jet-black: 429 Client Error: Too Many Requests for url: https://uk.representclo.com/products/cowhide-belt-loop-flat-white-jet-black
2026-09-22 09:02:34,932 [ERROR] Failed to fetch product page https://uk.representclo.com/products/cowhide-card-holder-flat-white-jet-black: 429 Client Error: Too Many Requests for url: https://uk.representclo.com/products/cowhide-card-holder-flat-white-jet-black
2026-09-22 09:02:35,477 [ERROR] Failed to fetch product page https://uk.representclo.com/products/cowhide-print-cap-flat-white-jet-black: 429 Client Error: Too Many Requests for url: https://uk.representclo.com/products/cowhide-print-cap-flat-white-jet-black
2026-09-22 09:02:36,020 [ERROR] Failed to fetch product page https://uk.representclo.com/products/cowhide-rodeo-belt-flat-white-jet-black: 429 Client Error: Too Many Requests for url: https://uk.representclo.com/products/cowhide-rodeo-belt-flat-white-jet-black
2026-09-22 09:02:36,575 [ERROR] Failed to fetch product page https://uk.representclo.com/products/cowhide-watch-strap-flat-white-jet-black: 429 Client Error: Too Many Requests for url: https://uk.representclo.com/products/cowhide-watch-strap-flat-white-jet-black
2026-09-22 09:02:37,136 [ERROR] Failed to fetch product page https://uk.representclo.com/products/crest-t-shirt-vintage-black: 429 Client Error: Too Many Requests for url: https://uk.representclo.com/products/crest-t-shirt-vintage-black
2026-09-22 09:02:37,680 [ERROR] Failed to fetch product page https://uk.representclo.com/products/dallas-cowboys-x-represent-hoodie-cream-marl: 429 Client Error: Too Many Requests for url: https://uk.representclo.com/products/dallas-cowboys-x-represent-hoodie-cream-marl
2026-09-22 09:02:38,229 [ERROR] Failed to fetch product page https://uk.representclo.com/products/dallas-cowboys-x-represent-t-shirt-washed-ecru: 429 Client Error: Too Many Requests for url: https://uk.representclo.com/products/dallas-cowboys-x-represent-t-shirt-washed-ecru
2026-09-22 09:02:38,779 [ERROR] Failed to fetch product page https://uk.representclo.com/products/dallas-cowboys-x-represent-x-47-cap-antique-white: 429 Client Error: Too Many Requests for url: https://uk.representclo.com/products/dallas-cowboys-x-represent-x-47-cap-antique-white
2026-09-22 09:02:39,325 [ERROR] Failed to fetch product page https://uk.representclo.com/products/decade-of-speed-t-shirt-cream: 429 Client Error: Too Many Requests for url: https://uk.representclo.com/products/decade-of-speed-t-shirt-cream
2026-09-22 09:02:39,883 [ERROR] Failed to fetch product page https://uk.representclo.com/products/destructive-appetite-t-shirt-vintage-grey: 429 Client Error: Too Many Requests for url: https://uk.representclo.com/products/destructive-appetite-t-shirt-vintage-grey
2026-09-22 09:02:40,434 [ERROR] Failed to fetch product page https://uk.representclo.com/products/distress-knit-sweater-taupe: 429 Client Error: Too Many Requests for url: https://uk.representclo.com/products/distress-knit-sweater-taupe
2026-09-22 09:02:40,981 [ERROR] Failed to fetch product page https://uk.representclo.com/products/distress-knit-sweater-washed-pink: 429 Client Error: Too Many Requests for url: https://uk.representclo.com/products/distress-knit-sweater-washed-pink
2026-09-22 09:02:41,527 [ERROR] Failed to fetch product page https://uk.representclo.com/products/doberman-bracelet-silver: 429 Client Error: Too Many Requests for url: https://uk.representclo.com/products/doberman-bracelet-silver
2026-09-22 09:02:42,069 [ERROR] Failed to fetch product page https://uk.representclo.com/products/doberman-initial-key-chain-silver: 429 Client Error: Too Many Requests for url: https://uk.representclo.com/products/doberman-initial-key-chain-silver
2026-09-22 09:02:42,626 [ERROR] Failed to fetch product page https://uk.representclo.com/products/doberman-necklace-silver: 429 Client Error: Too Many Requests for url: https://uk.representclo.com/products/doberman-necklace-silver
2026-09-22 09:02:43,173 [ERROR] Failed to fetch product page https://uk.representclo.com/products/doberman-pendant-necklace-silver: 429 Client Error: Too Many Requests for url: https://uk.representclo.com/products/doberman-pendant-necklace-silver
2026-09-22 09:02:43,718 [ERROR] Failed to fetch product page https://uk.representclo.com/products/doberman-trouser-chain-silver: 429 Client Error: Too Many Requests for url: https://uk.representclo.com/products/doberman-trouser-chain-silver
2026-09-22 09:02:44,265 [ERROR] Failed to fetch product page https://uk.representclo.com/products/double-distilled-t-shirt-off-black: 429 Client Error: Too Many Requests for url: https://uk.representclo.com/products/double-distilled-t-shirt-off-black
2026-09-22 09:02:44,814 [ERROR] Failed to fetch product page https://uk.representclo.com/products/dream-on-tour-t-shirt-sun-fade-grey: 429 Client Error: Too Many Requests for url: https://uk.representclo.com/products/dream-on-tour-t-shirt-sun-fade-grey
2026-09-22 09:02:45,363 [ERROR] Failed to fetch product page https://uk.representclo.com/products/dream-on-tour-t-shirt-washed-ecru: 429 Client Error: Too Many Requests for url: https://uk.representclo.com/products/dream-on-tour-t-shirt-washed-ecru
2026-09-22 09:02:45,908 [ERROR] Failed to fetch product page https://uk.representclo.com/products/dual-layer-script-hoodie-jet-black: 429 Client Error: Too Many Requests for url: https://uk.representclo.com/products/dual-layer-script-hoodie-jet-black
2026-09-22 09:02:46,463 [ERROR] Failed to fetch product page https://uk.representclo.com/products/dual-layer-script-t-shirt-candy: 429 Client Error: Too Many Requests for url: https://uk.representclo.com/products/dual-layer-script-t-shirt-candy
2026-09-22 09:02:47,014 [ERROR] Failed to fetch product page https://uk.representclo.com/products/dual-layer-script-t-shirt-jet-black: 429 Client Error: Too Many Requests for url: https://uk.representclo.com/products/dual-layer-script-t-shirt-jet-black
2026-09-22 09:02:47,566 [ERROR] Failed to fetch product page https://uk.representclo.com/products/eagle-long-sleeve-t-shirt-black: 429 Client Error: Too Many Requests for url: https://uk.representclo.com/products/eagle-long-sleeve-t-shirt-black
2026-09-22 09:02:48,110 [ERROR] Failed to fetch product page https://uk.representclo.com/products/eagle-t-shirt-sand: 429 Client Error: Too Many Requests for url: https://uk.representclo.com/products/eagle-t-shirt-sand
2026-09-22 09:02:48,654 [ERROR] Failed to fetch product page https://uk.representclo.com/products/embellished-represent-t-shirt-stained-black: 429 Client Error: Too Many Requests for url: https://uk.representclo.com/products/embellished-represent-t-shirt-stained-black
2026-09-22 09:02:49,197 [ERROR] Failed to fetch product page https://uk.representclo.com/products/embellished-represent-t-shirt-vintage-khaki: 429 Client Error: Too Many Requests for url: https://uk.representclo.com/products/embellished-represent-t-shirt-vintage-khaki
2026-09-22 09:02:49,742 [ERROR] Failed to fetch product page https://uk.representclo.com/products/enemy-hoodie-washed-black: 429 Client Error: Too Many Requests for url: https://uk.representclo.com/products/enemy-hoodie-washed-black
2026-09-22 09:02:50,289 [ERROR] Failed to fetch product page https://uk.representclo.com/products/enemy-t-shirt-flat-white: 429 Client Error: Too Many Requests for url: https://uk.representclo.com/products/enemy-t-shirt-flat-white
2026-09-22 09:02:50,840 [ERROR] Failed to fetch product page https://uk.representclo.com/products/enemy-t-shirt-washed-black: 429 Client Error: Too Many Requests for url: https://uk.representclo.com/products/enemy-t-shirt-washed-black
2026-09-22 09:02:51,394 [ERROR] Failed to fetch product page https://uk.representclo.com/products/england-beanie-jet-black: 429 Client Error: Too Many Requests for url: https://uk.representclo.com/products/england-beanie-jet-black
2026-09-22 09:02:51,938 [ERROR] Failed to fetch product page https://uk.representclo.com/products/england-hoodie-jet-black: 429 Client Error: Too Many Requests for url: https://uk.representclo.com/products/england-hoodie-jet-black
2026-09-22 09:02:52,487 [ERROR] Failed to fetch product page https://uk.representclo.com/products/england-hoodie-washed-brown: 429 Client Error: Too Many Requests for url: https://uk.representclo.com/products/england-hoodie-washed-brown
2026-09-22 09:02:53,049 [ERROR] Failed to fetch product page https://uk.representclo.com/products/england-legacy-hoodie-vintage-black: 429 Client Error: Too Many Requests for url: https://uk.representclo.com/products/england-legacy-hoodie-vintage-black
2026-09-22 09:02:53,598 [ERROR] Failed to fetch product page https://uk.representclo.com/products/england-long-sleeve-t-shirt-washed-brown: 429 Client Error: Too Many Requests for url: https://uk.representclo.com/products/england-long-sleeve-t-shirt-washed-brown
2026-09-22 09:02:54,146 [ERROR] Failed to fetch product page https://uk.representclo.com/products/england-long-sleeve-t-shirt-washed-white-real-tree-camo: 429 Client Error: Too Many Requests for url: https://uk.representclo.com/products/england-long-sleeve-t-shirt-washed-white-real-tree-camo
2026-09-22 09:02:54,691 [ERROR] Failed to fetch product page https://uk.representclo.com/products/england-t-shirt-flat-white: 429 Client Error: Too Many Requests for url: https://uk.representclo.com/products/england-t-shirt-flat-white
2026-09-22 09:02:55,241 [ERROR] Failed to fetch product page https://uk.representclo.com/products/england-t-shirt-jet-black: 429 Client Error: Too Many Requests for url: https://uk.representclo.com/products/england-t-shirt-jet-black
2026-09-22 09:02:55,793 [ERROR] Failed to fetch product page https://uk.representclo.com/products/england-t-shirt-washed-brown: 429 Client Error: Too Many Requests for url: https://uk.representclo.com/products/england-t-shirt-washed-brown
2026-09-22 09:02:56,339 [ERROR] Failed to fetch product page https://uk.representclo.com/products/fleece-oversized-hoodie-black: 429 Client Error: Too Many Requests for url: https://uk.representclo.com/products/fleece-oversized-hoodie-black
2026-09-22 09:02:56,887 [ERROR] Failed to fetch product page https://uk.representclo.com/products/fw25-represent-owners-club-hoodie-faded-black: 429 Client Error: Too Many Requests for url: https://uk.representclo.com/products/fw25-represent-owners-club-hoodie-faded-black
2026-09-22 09:02:57,437 [ERROR] Failed to fetch product page https://uk.representclo.com/products/fw25-represent-owners-club-hoodie-smoked-rose: 429 Client Error: Too Many Requests for url: https://uk.representclo.com/products/fw25-represent-owners-club-hoodie-smoked-rose
2026-09-22 09:02:57,983 [ERROR] Failed to fetch product page https://uk.representclo.com/products/fw25-represent-owners-club-hoodie-sprayed-ice-grey-marl: 429 Client Error: Too Many Requests for url: https://uk.representclo.com/products/fw25-represent-owners-club-hoodie-sprayed-ice-grey-marl
2026-09-22 09:02:58,529 [ERROR] Failed to fetch product page https://uk.representclo.com/products/fw25-represent-owners-club-socks-buttercream: 429 Client Error: Too Many Requests for url: https://uk.representclo.com/products/fw25-represent-owners-club-socks-buttercream
2026-09-22 09:02:59,076 [ERROR] Failed to fetch product page https://uk.representclo.com/products/fw25-represent-owners-club-socks-faded-black: 429 Client Error: Too Many Requests for url: https://uk.representclo.com/products/fw25-represent-owners-club-socks-faded-black
2026-09-22 09:02:59,624 [ERROR] Failed to fetch product page https://uk.representclo.com/products/fw25-represent-owners-club-socks-grey-marl: 429 Client Error: Too Many Requests for url: https://uk.representclo.com/products/fw25-represent-owners-club-socks-grey-marl
2026-09-22 09:03:00,177 [ERROR] Failed to fetch product page https://uk.representclo.com/products/fw25-represent-owners-club-socks-optic-white: 429 Client Error: Too Many Requests for url: https://uk.representclo.com/products/fw25-represent-owners-club-socks-optic-white
2026-09-22 09:03:00,719 [ERROR] Failed to fetch product page https://uk.representclo.com/products/fw25-represent-owners-club-socks-smoked-rose: 429 Client Error: Too Many Requests for url: https://uk.representclo.com/products/fw25-represent-owners-club-socks-smoked-rose
2026-09-22 09:03:01,267 [ERROR] Failed to fetch product page https://uk.representclo.com/products/fw25-represent-owners-club-t-shirt-buttercream: 429 Client Error: Too Many Requests for url: https://uk.representclo.com/products/fw25-represent-owners-club-t-shirt-buttercream
2026-09-22 09:03:01,812 [ERROR] Failed to fetch product page https://uk.representclo.com/products/fw25-represent-owners-club-t-shirt-faded-black: 429 Client Error: Too Many Requests for url: https://uk.representclo.com/products/fw25-represent-owners-club-t-shirt-faded-black
2026-09-22 09:03:02,375 [ERROR] Failed to fetch product page https://uk.representclo.com/products/fw25-represent-owners-club-t-shirt-flat-white: 429 Client Error: Too Many Requests for url: https://uk.representclo.com/products/fw25-represent-owners-club-t-shirt-flat-white
2026-09-22 09:03:02,931 [ERROR] Failed to fetch product page https://uk.representclo.com/products/fw25-represent-owners-club-tote-bag-buttercream: 429 Client Error: Too Many Requests for url: https://uk.representclo.com/products/fw25-represent-owners-club-tote-bag-buttercream
2026-09-22 09:03:03,479 [ERROR] Failed to fetch product page https://uk.representclo.com/products/gh-knitted-long-sleeve-top-espresso: 429 Client Error: Too Many Requests for url: https://uk.representclo.com/products/gh-knitted-long-sleeve-top-espresso
2026-09-22 09:03:04,025 [ERROR] Failed to fetch product page https://uk.representclo.com/products/gh-knitted-long-sleeve-top-jet-black: 429 Client Error: Too Many Requests for url: https://uk.representclo.com/products/gh-knitted-long-sleeve-top-jet-black
2026-09-22 09:03:04,571 [ERROR] Failed to fetch product page https://uk.representclo.com/products/gh-shrunken-zip-hoodie-jet-black: 429 Client Error: Too Many Requests for url: https://uk.representclo.com/products/gh-shrunken-zip-hoodie-jet-black
2026-09-22 09:03:05,127 [ERROR] Failed to fetch product page https://uk.representclo.com/products/gh-t-shirt-flat-white: 429 Client Error: Too Many Requests for url: https://uk.representclo.com/products/gh-t-shirt-flat-white
2026-09-22 09:03:05,674 [ERROR] Failed to fetch product page https://uk.representclo.com/products/gh-t-shirt-jet-black: 429 Client Error: Too Many Requests for url: https://uk.representclo.com/products/gh-t-shirt-jet-black
2026-09-22 09:03:06,222 [ERROR] Failed to fetch product page https://uk.representclo.com/products/gh-t-shirt-vintage-grey: 429 Client Error: Too Many Requests for url: https://uk.representclo.com/products/gh-t-shirt-vintage-grey
2026-09-22 09:03:06,778 [ERROR] Failed to fetch product page https://uk.representclo.com/products/gift-card: 429 Client Error: Too Many Requests for url: https://uk.representclo.com/products/gift-card
2026-09-22 09:03:07,322 [ERROR] Failed to fetch product page https://uk.representclo.com/products/golden-tour-t-shirt-sun-fade-grey: 429 Client Error: Too Many Requests for url: https://uk.representclo.com/products/golden-tour-t-shirt-sun-fade-grey
2026-09-22 09:03:07,868 [ERROR] Failed to fetch product page https://uk.representclo.com/products/grand-vintage-hand-drawn-t-shirt-aged-white: 429 Client Error: Too Many Requests for url: https://uk.representclo.com/products/grand-vintage-hand-drawn-t-shirt-aged-white
2026-09-22 09:03:08,426 [ERROR] Failed to fetch product page https://uk.representclo.com/products/hand-drawn-horses-t-shirt-aged-black: 429 Client Error: Too Many Requests for url: https://uk.representclo.com/products/hand-drawn-horses-t-shirt-aged-black
2026-09-22 09:03:08,973 [ERROR] Failed to fetch product page https://uk.representclo.com/products/hand-drawn-horses-t-shirt-flat-white: 429 Client Error: Too Many Requests for url: https://uk.representclo.com/products/hand-drawn-horses-t-shirt-flat-white
2026-09-22 09:03:09,526 [ERROR] Failed to fetch product page https://uk.representclo.com/products/hand-drawn-thoroughbred-hoodie-aged-black: 429 Client Error: Too Many Requests for url: https://uk.representclo.com/products/hand-drawn-thoroughbred-hoodie-aged-black
2026-09-22 09:03:10,073 [ERROR] Failed to fetch product page https://uk.representclo.com/products/hand-drawn-thoroughbred-t-shirt-aged-black: 429 Client Error: Too Many Requests for url: https://uk.representclo.com/products/hand-drawn-thoroughbred-t-shirt-aged-black
2026-09-22 09:03:10,622 [ERROR] Failed to fetch product page https://uk.representclo.com/products/hand-drawn-thoroughbred-t-shirt-flat-white: 429 Client Error: Too Many Requests for url: https://uk.representclo.com/products/hand-drawn-thoroughbred-t-shirt-flat-white
2026-09-22 09:03:11,170 [ERROR] Failed to fetch product page https://uk.representclo.com/products/heaton-denim-jet-black: 429 Client Error: Too Many Requests for url: https://uk.representclo.com/products/heaton-denim-jet-black
2026-09-22 09:03:11,714 [ERROR] Failed to fetch product page https://uk.representclo.com/products/heaton-denim-light-vintage-blue: 429 Client Error: Too Many Requests for url: https://uk.representclo.com/products/heaton-denim-light-vintage-blue
2026-09-22 09:03:12,260 [ERROR] Failed to fetch product page https://uk.representclo.com/products/heaton-jean-authentic-blue: 429 Client Error: Too Many Requests for url: https://uk.representclo.com/products/heaton-jean-authentic-blue
2026-09-22 09:03:12,810 [ERROR] Failed to fetch product page https://uk.representclo.com/products/heaton-jean-diffused-black: 429 Client Error: Too Many Requests for url: https://uk.representclo.com/products/heaton-jean-diffused-black
2026-09-22 09:03:13,358 [ERROR] Failed to fetch product page https://uk.representclo.com/products/heaton-jean-light-vintage-blue: 429 Client Error: Too Many Requests for url: https://uk.representclo.com/products/heaton-jean-light-vintage-blue
2026-09-22 09:03:13,913 [ERROR] Failed to fetch product page https://uk.representclo.com/products/heavier-than-the-heavens-long-sleeve-t-shirt-washed-black: 429 Client Error: Too Many Requests for url: https://uk.representclo.com/products/heavier-than-the-heavens-long-sleeve-t-shirt-washed-black
2026-09-22 09:03:14,456 [ERROR] Failed to fetch product page https://uk.representclo.com/products/heavier-than-the-heavens-t-shirt-antique-white: 429 Client Error: Too Many Requests for url: https://uk.representclo.com/products/heavier-than-the-heavens-t-shirt-antique-white
2026-09-22 09:03:15,005 [ERROR] Failed to fetch product page https://uk.representclo.com/products/heavyweight-henley-sweater-vintage-black: 429 Client Error: Too Many Requests for url: https://uk.representclo.com/products/heavyweight-henley-sweater-vintage-black
2026-09-22 09:03:15,554 [ERROR] Failed to fetch product page https://uk.representclo.com/products/heavyweight-henley-sweater-vintage-falcon: 429 Client Error: Too Many Requests for url: https://uk.representclo.com/products/heavyweight-henley-sweater-vintage-falcon
2026-09-22 09:03:16,108 [ERROR] Failed to fetch product page https://uk.representclo.com/products/heavyweight-hoodie-jet-black: 429 Client Error: Too Many Requests for url: https://uk.representclo.com/products/heavyweight-hoodie-jet-black
2026-09-22 09:03:16,654 [ERROR] Failed to fetch product page https://uk.representclo.com/products/heavyweight-sweater-ash-grey: 429 Client Error: Too Many Requests for url: https://uk.representclo.com/products/heavyweight-sweater-ash-grey
2026-09-22 09:03:17,199 [ERROR] Failed to fetch product page https://uk.representclo.com/products/heavyweight-sweater-ash-grey-fw26: 429 Client Error: Too Many Requests for url: https://uk.representclo.com/products/heavyweight-sweater-ash-grey-fw26
2026-09-22 09:03:17,748 [ERROR] Failed to fetch product page https://uk.representclo.com/products/heavyweight-sweatpant-jet-black-fw26: 429 Client Error: Too Many Requests for url: https://uk.representclo.com/products/heavyweight-sweatpant-jet-black-fw26
2026-09-22 09:03:18,291 [ERROR] Failed to fetch product page https://uk.representclo.com/products/hermes-t-shirt-flat-white: 429 Client Error: Too Many Requests for url: https://uk.representclo.com/products/hermes-t-shirt-flat-white
2026-09-22 09:03:18,842 [ERROR] Failed to fetch product page https://uk.representclo.com/products/htn-canvas-bag-tan: 429 Client Error: Too Many Requests for url: https://uk.representclo.com/products/htn-canvas-bag-tan
2026-09-22 09:03:19,390 [ERROR] Failed to fetch product page https://uk.representclo.com/products/htn-leather-bag-black: 429 Client Error: Too Many Requests for url: https://uk.representclo.com/products/htn-leather-bag-black
2026-09-22 09:03:19,951 [ERROR] Failed to fetch product page https://uk.representclo.com/products/htn-low-black: 429 Client Error: Too Many Requests for url: https://uk.representclo.com/products/htn-low-black
2026-09-22 09:03:20,495 [ERROR] Failed to fetch product page https://uk.representclo.com/products/hudson-tote-dark-brown: 429 Client Error: Too Many Requests for url: https://uk.representclo.com/products/hudson-tote-dark-brown
2026-09-22 09:03:21,040 [ERROR] Failed to fetch product page https://uk.representclo.com/products/icarus-t-shirt-jet-black: 429 Client Error: Too Many Requests for url: https://uk.representclo.com/products/icarus-t-shirt-jet-black
2026-09-22 09:03:21,584 [ERROR] Failed to fetch product page https://uk.representclo.com/products/icarus-t-shirt-sky-blue: 429 Client Error: Too Many Requests for url: https://uk.representclo.com/products/icarus-t-shirt-sky-blue
2026-09-22 09:03:22,131 [ERROR] Failed to fetch product page https://uk.representclo.com/products/icarus-t-shirt-taupe: 429 Client Error: Too Many Requests for url: https://uk.representclo.com/products/icarus-t-shirt-taupe
2026-09-22 09:03:22,679 [ERROR] Failed to fetch product page https://uk.representclo.com/products/initial-belt-cardholder-black: 429 Client Error: Too Many Requests for url: https://uk.representclo.com/products/initial-belt-cardholder-black
2026-09-22 09:03:23,225 [ERROR] Failed to fetch product page https://uk.representclo.com/products/initial-boxy-hoodie-black: 429 Client Error: Too Many Requests for url: https://uk.representclo.com/products/initial-boxy-hoodie-black
2026-09-22 09:03:23,770 [ERROR] Failed to fetch product page https://uk.representclo.com/products/initial-boxy-hoodie-coffee: 429 Client Error: Too Many Requests for url: https://uk.representclo.com/products/initial-boxy-hoodie-coffee
2026-09-22 09:03:24,314 [ERROR] Failed to fetch product page https://uk.representclo.com/products/initial-boxy-hoodie-vintage-grey-v2: 429 Client Error: Too Many Requests for url: https://uk.representclo.com/products/initial-boxy-hoodie-vintage-grey-v2
2026-09-22 09:03:24,860 [ERROR] Failed to fetch product page https://uk.representclo.com/products/initial-boxy-quarter-zip-ice-grey-marl-v2: 429 Client Error: Too Many Requests for url: https://uk.representclo.com/products/initial-boxy-quarter-zip-ice-grey-marl-v2
2026-09-22 09:03:25,403 [ERROR] Failed to fetch product page https://uk.representclo.com/products/initial-boxy-quarter-zip-jet-black-v2: 429 Client Error: Too Many Requests for url: https://uk.representclo.com/products/initial-boxy-quarter-zip-jet-black-v2
2026-09-22 09:03:25,951 [ERROR] Failed to fetch product page https://uk.representclo.com/products/initial-boxy-sweater-jet-black-v2: 429 Client Error: Too Many Requests for url: https://uk.representclo.com/products/initial-boxy-sweater-jet-black-v2
2026-09-22 09:03:26,507 [ERROR] Failed to fetch product page https://uk.representclo.com/products/initial-boxy-t-shirt-army-green: 429 Client Error: Too Many Requests for url: https://uk.representclo.com/products/initial-boxy-t-shirt-army-green
2026-09-22 09:03:27,054 [ERROR] Failed to fetch product page https://uk.representclo.com/products/initial-boxy-t-shirt-black: 429 Client Error: Too Many Requests for url: https://uk.representclo.com/products/initial-boxy-t-shirt-black
2026-09-22 09:03:27,596 [ERROR] Failed to fetch product page https://uk.representclo.com/products/initial-boxy-t-shirt-canary-yellow: 429 Client Error: Too Many Requests for url: https://uk.representclo.com/products/initial-boxy-t-shirt-canary-yellow
2026-09-22 09:03:28,142 [ERROR] Failed to fetch product page https://uk.representclo.com/products/initial-boxy-t-shirt-coffee: 429 Client Error: Too Many Requests for url: https://uk.representclo.com/products/initial-boxy-t-shirt-coffee
2026-09-22 09:03:28,686 [ERROR] Failed to fetch product page https://uk.representclo.com/products/initial-boxy-t-shirt-dune: 429 Client Error: Too Many Requests for url: https://uk.representclo.com/products/initial-boxy-t-shirt-dune
2026-09-22 09:03:29,235 [ERROR] Failed to fetch product page https://uk.representclo.com/products/initial-boxy-t-shirt-flat-white: 429 Client Error: Too Many Requests for url: https://uk.representclo.com/products/initial-boxy-t-shirt-flat-white
2026-09-22 09:03:29,781 [ERROR] Failed to fetch product page https://uk.representclo.com/products/initial-boxy-t-shirt-ice-grey-marl: 429 Client Error: Too Many Requests for url: https://uk.representclo.com/products/initial-boxy-t-shirt-ice-grey-marl
2026-09-22 09:03:30,324 [ERROR] Failed to fetch product page https://uk.representclo.com/products/initial-boxy-t-shirt-vintage-grey: 429 Client Error: Too Many Requests for url: https://uk.representclo.com/products/initial-boxy-t-shirt-vintage-grey
2026-09-22 09:03:30,868 [ERROR] Failed to fetch product page https://uk.representclo.com/products/initial-boxy-tank-flat-white: 429 Client Error: Too Many Requests for url: https://uk.representclo.com/products/initial-boxy-tank-flat-white
2026-09-22 09:03:31,416 [ERROR] Failed to fetch product page https://uk.representclo.com/products/initial-boxy-tank-flat-white-ss26: 429 Client Error: Too Many Requests for url: https://uk.representclo.com/products/initial-boxy-tank-flat-white-ss26
2026-09-22 09:03:31,966 [ERROR] Failed to fetch product page https://uk.representclo.com/products/initial-boxy-tank-ice-grey-marl: 429 Client Error: Too Many Requests for url: https://uk.representclo.com/products/initial-boxy-tank-ice-grey-marl
2026-09-22 09:03:32,507 [ERROR] Failed to fetch product page https://uk.representclo.com/products/initial-boxy-tank-mist: 429 Client Error: Too Many Requests for url: https://uk.representclo.com/products/initial-boxy-tank-mist
2026-09-22 09:03:33,055 [ERROR] Failed to fetch product page https://uk.representclo.com/products/initial-boxy-zip-through-hoodie-coffee: 429 Client Error: Too Many Requests for url: https://uk.representclo.com/products/initial-boxy-zip-through-hoodie-coffee
2026-09-22 09:03:33,600 [ERROR] Failed to fetch product page https://uk.representclo.com/products/initial-boxy-zip-through-hoodie-jet-black-v2: 429 Client Error: Too Many Requests for url: https://uk.representclo.com/products/initial-boxy-zip-through-hoodie-jet-black-v2
2026-09-22 09:03:34,143 [ERROR] Failed to fetch product page https://uk.representclo.com/products/initial-bucket-hat-champagne: 429 Client Error: Too Many Requests for url: https://uk.representclo.com/products/initial-bucket-hat-champagne
2026-09-22 09:03:34,689 [ERROR] Failed to fetch product page https://uk.representclo.com/products/initial-bucket-hat-jet-black: 429 Client Error: Too Many Requests for url: https://uk.representclo.com/products/initial-bucket-hat-jet-black
2026-09-22 09:03:35,236 [ERROR] Failed to fetch product page https://uk.representclo.com/products/initial-cap-midnight-navy: 429 Client Error: Too Many Requests for url: https://uk.representclo.com/products/initial-cap-midnight-navy
2026-09-22 09:03:35,791 [ERROR] Failed to fetch product page https://uk.representclo.com/products/initial-cap-mist: 429 Client Error: Too Many Requests for url: https://uk.representclo.com/products/initial-cap-mist
2026-09-22 09:03:36,335 [ERROR] Failed to fetch product page https://uk.representclo.com/products/initial-chain-ring-silver: 429 Client Error: Too Many Requests for url: https://uk.representclo.com/products/initial-chain-ring-silver
2026-09-22 09:03:36,882 [ERROR] Failed to fetch product page https://uk.representclo.com/products/initial-crossbody-bag-jet-black: 429 Client Error: Too Many Requests for url: https://uk.representclo.com/products/initial-crossbody-bag-jet-black
2026-09-22 09:03:37,433 [ERROR] Failed to fetch product page https://uk.representclo.com/products/initial-henley-waffle-long-sleeve-t-shirt-flat-white: 429 Client Error: Too Many Requests for url: https://uk.representclo.com/products/initial-henley-waffle-long-sleeve-t-shirt-flat-white
2026-09-22 09:03:37,977 [ERROR] Failed to fetch product page https://uk.representclo.com/products/initial-henley-waffle-long-sleeve-t-shirt-ice-grey-marl: 429 Client Error: Too Many Requests for url: https://uk.representclo.com/products/initial-henley-waffle-long-sleeve-t-shirt-ice-grey-marl
2026-09-22 09:03:38,528 [ERROR] Failed to fetch product page https://uk.representclo.com/products/initial-henley-waffle-long-sleeve-t-shirt-jet-black: 429 Client Error: Too Many Requests for url: https://uk.representclo.com/products/initial-henley-waffle-long-sleeve-t-shirt-jet-black
2026-09-22 09:03:39,084 [ERROR] Failed to fetch product page https://uk.representclo.com/products/initial-henley-waffle-long-sleeve-t-shirt-midnight-navy: 429 Client Error: Too Many Requests for url: https://uk.representclo.com/products/initial-henley-waffle-long-sleeve-t-shirt-midnight-navy
2026-09-22 09:03:39,632 [ERROR] Failed to fetch product page https://uk.representclo.com/products/initial-long-sleeve-open-cuff-t-shirt-dune: 429 Client Error: Too Many Requests for url: https://uk.representclo.com/products/initial-long-sleeve-open-cuff-t-shirt-dune
2026-09-22 09:03:40,181 [ERROR] Failed to fetch product page https://uk.representclo.com/products/initial-long-sleeve-t-shirt-black: 429 Client Error: Too Many Requests for url: https://uk.representclo.com/products/initial-long-sleeve-t-shirt-black
2026-09-22 09:03:40,736 [ERROR] Failed to fetch product page https://uk.representclo.com/products/initial-long-sleeve-t-shirt-flat-white: 429 Client Error: Too Many Requests for url: https://uk.representclo.com/products/initial-long-sleeve-t-shirt-flat-white
2026-09-22 09:03:41,282 [ERROR] Failed to fetch product page https://uk.representclo.com/products/initial-long-sleeve-t-shirt-ice-grey-marl: 429 Client Error: Too Many Requests for url: https://uk.representclo.com/products/initial-long-sleeve-t-shirt-ice-grey-marl
2026-09-22 09:03:41,835 [ERROR] Failed to fetch product page https://uk.representclo.com/products/initial-mule-taupe: 429 Client Error: Too Many Requests for url: https://uk.representclo.com/products/initial-mule-taupe
2026-09-22 09:03:42,383 [ERROR] Failed to fetch product page https://uk.representclo.com/products/initial-nylon-sling-bag-black: 429 Client Error: Too Many Requests for url: https://uk.representclo.com/products/initial-nylon-sling-bag-black
2026-09-22 09:03:42,932 [ERROR] Failed to fetch product page https://uk.representclo.com/products/initial-overdye-realtree-boxy-t-shirt-overdyed-black: 429 Client Error: Too Many Requests for url: https://uk.representclo.com/products/initial-overdye-realtree-boxy-t-shirt-overdyed-black
2026-09-22 09:03:43,476 [ERROR] Failed to fetch product page https://uk.representclo.com/products/initial-overdye-realtree-long-sleeve-t-shirt-overdyed-black: 429 Client Error: Too Many Requests for url: https://uk.representclo.com/products/initial-overdye-realtree-long-sleeve-t-shirt-overdyed-black
2026-09-22 09:03:44,025 [ERROR] Failed to fetch product page https://uk.representclo.com/products/initial-overdye-realtree-oversized-hoodie-overdyed-black: 429 Client Error: Too Many Requests for url: https://uk.representclo.com/products/initial-overdye-realtree-oversized-hoodie-overdyed-black
2026-09-22 09:03:44,569 [ERROR] Failed to fetch product page https://uk.representclo.com/products/initial-overdye-realtree-oversized-t-shirt-overdyed-black: 429 Client Error: Too Many Requests for url: https://uk.representclo.com/products/initial-overdye-realtree-oversized-t-shirt-overdyed-black
2026-09-22 09:03:45,115 [ERROR] Failed to fetch product page https://uk.representclo.com/products/initial-oversized-hoodie-black: 429 Client Error: Too Many Requests for url: https://uk.representclo.com/products/initial-oversized-hoodie-black
2026-09-22 09:03:45,658 [ERROR] Failed to fetch product page https://uk.representclo.com/products/initial-oversized-hoodie-ice-grey-marl: 429 Client Error: Too Many Requests for url: https://uk.representclo.com/products/initial-oversized-hoodie-ice-grey-marl
2026-09-22 09:03:46,204 [ERROR] Failed to fetch product page https://uk.representclo.com/products/initial-oversized-hoodie-midnight-navy: 429 Client Error: Too Many Requests for url: https://uk.representclo.com/products/initial-oversized-hoodie-midnight-navy
2026-09-22 09:03:46,757 [ERROR] Failed to fetch product page https://uk.representclo.com/products/initial-oversized-t-shirt-army-green: 429 Client Error: Too Many Requests for url: https://uk.representclo.com/products/initial-oversized-t-shirt-army-green
2026-09-22 09:03:47,305 [ERROR] Failed to fetch product page https://uk.representclo.com/products/initial-oversized-t-shirt-black: 429 Client Error: Too Many Requests for url: https://uk.representclo.com/products/initial-oversized-t-shirt-black
2026-09-22 09:03:47,852 [ERROR] Failed to fetch product page https://uk.representclo.com/products/initial-oversized-t-shirt-coffee: 429 Client Error: Too Many Requests for url: https://uk.representclo.com/products/initial-oversized-t-shirt-coffee
2026-09-22 09:03:48,399 [ERROR] Failed to fetch product page https://uk.representclo.com/products/initial-oversized-t-shirt-dune: 429 Client Error: Too Many Requests for url: https://uk.representclo.com/products/initial-oversized-t-shirt-dune
2026-09-22 09:03:48,948 [ERROR] Failed to fetch product page https://uk.representclo.com/products/initial-oversized-t-shirt-flat-white: 429 Client Error: Too Many Requests for url: https://uk.representclo.com/products/initial-oversized-t-shirt-flat-white
2026-09-22 09:03:49,497 [ERROR] Failed to fetch product page https://uk.representclo.com/products/initial-oversized-t-shirt-ice-grey-marl: 429 Client Error: Too Many Requests for url: https://uk.representclo.com/products/initial-oversized-t-shirt-ice-grey-marl
2026-09-22 09:03:50,044 [ERROR] Failed to fetch product page https://uk.representclo.com/products/initial-oversized-t-shirt-midnight-navy: 429 Client Error: Too Many Requests for url: https://uk.representclo.com/products/initial-oversized-t-shirt-midnight-navy
2026-09-22 09:03:50,588 [ERROR] Failed to fetch product page https://uk.representclo.com/products/initial-oversized-t-shirt-mist: 429 Client Error: Too Many Requests for url: https://uk.representclo.com/products/initial-oversized-t-shirt-mist
2026-09-22 09:03:51,131 [ERROR] Failed to fetch product page https://uk.representclo.com/products/initial-oversized-zip-hoodie-black: 429 Client Error: Too Many Requests for url: https://uk.representclo.com/products/initial-oversized-zip-hoodie-black
2026-09-22 09:03:51,675 [ERROR] Failed to fetch product page https://uk.representclo.com/products/initial-rib-vest-black: 429 Client Error: Too Many Requests for url: https://uk.representclo.com/products/initial-rib-vest-black
2026-09-22 09:03:52,220 [ERROR] Failed to fetch product page https://uk.representclo.com/products/initial-rib-vest-flat-white: 429 Client Error: Too Many Requests for url: https://uk.representclo.com/products/initial-rib-vest-flat-white
2026-09-22 09:03:52,765 [ERROR] Failed to fetch product page https://uk.representclo.com/products/initial-rib-vest-ice-grey-marl: 429 Client Error: Too Many Requests for url: https://uk.representclo.com/products/initial-rib-vest-ice-grey-marl
2026-09-22 09:03:53,309 [ERROR] Failed to fetch product page https://uk.representclo.com/products/initial-sheer-rib-long-sleeve-t-shirt-flat-white: 429 Client Error: Too Many Requests for url: https://uk.representclo.com/products/initial-sheer-rib-long-sleeve-t-shirt-flat-white
2026-09-22 09:03:53,860 [ERROR] Failed to fetch product page https://uk.representclo.com/products/initial-sheer-rib-long-sleeve-t-shirt-jet-black: 429 Client Error: Too Many Requests for url: https://uk.representclo.com/products/initial-sheer-rib-long-sleeve-t-shirt-jet-black
2026-09-22 09:03:54,406 [ERROR] Failed to fetch product page https://uk.representclo.com/products/initial-socks-black: 429 Client Error: Too Many Requests for url: https://uk.representclo.com/products/initial-socks-black
2026-09-22 09:03:54,953 [ERROR] Failed to fetch product page https://uk.representclo.com/products/initial-star-t-shirt-flat-white: 429 Client Error: Too Many Requests for url: https://uk.representclo.com/products/initial-star-t-shirt-flat-white
2026-09-22 09:03:55,506 [ERROR] Failed to fetch product page https://uk.representclo.com/products/initial-stripe-cap-antique-white: 429 Client Error: Too Many Requests for url: https://uk.representclo.com/products/initial-stripe-cap-antique-white
2026-09-22 09:03:56,058 [ERROR] Failed to fetch product page https://uk.representclo.com/products/initial-stripe-cap-jet-black: 429 Client Error: Too Many Requests for url: https://uk.representclo.com/products/initial-stripe-cap-jet-black
2026-09-22 09:03:56,604 [ERROR] Failed to fetch product page https://uk.representclo.com/products/initial-sweatpant-black: 429 Client Error: Too Many Requests for url: https://uk.representclo.com/products/initial-sweatpant-black
2026-09-22 09:03:57,152 [ERROR] Failed to fetch product page https://uk.representclo.com/products/initial-sweatpant-ice-grey-marl: 429 Client Error: Too Many Requests for url: https://uk.representclo.com/products/initial-sweatpant-ice-grey-marl
2026-09-22 09:03:57,697 [ERROR] Failed to fetch product page https://uk.representclo.com/products/initial-sweatpant-midnight-navy: 429 Client Error: Too Many Requests for url: https://uk.representclo.com/products/initial-sweatpant-midnight-navy
2026-09-22 09:03:58,240 [ERROR] Failed to fetch product page https://uk.representclo.com/products/initial-sweatpants-coffee: 429 Client Error: Too Many Requests for url: https://uk.representclo.com/products/initial-sweatpants-coffee
2026-09-22 09:03:58,799 [ERROR] Failed to fetch product page https://uk.representclo.com/products/initial-sweatshorts-ice-grey-marl-v2: 429 Client Error: Too Many Requests for url: https://uk.representclo.com/products/initial-sweatshorts-ice-grey-marl-v2
2026-09-22 09:03:59,347 [ERROR] Failed to fetch product page https://uk.representclo.com/products/initial-sweatshorts-jet-black-v2: 429 Client Error: Too Many Requests for url: https://uk.representclo.com/products/initial-sweatshorts-jet-black-v2
2026-09-22 09:03:59,891 [ERROR] Failed to fetch product page https://uk.representclo.com/products/initial-t-shirt-dune: 429 Client Error: Too Many Requests for url: https://uk.representclo.com/products/initial-t-shirt-dune
2026-09-22 09:04:00,439 [ERROR] Failed to fetch product page https://uk.representclo.com/products/initial-t-shirt-flat-white: 429 Client Error: Too Many Requests for url: https://uk.representclo.com/products/initial-t-shirt-flat-white
2026-09-22 09:04:00,982 [ERROR] Failed to fetch product page https://uk.representclo.com/products/initial-t-shirt-ice-grey-marl: 429 Client Error: Too Many Requests for url: https://uk.representclo.com/products/initial-t-shirt-ice-grey-marl
2026-09-22 09:04:01,544 [ERROR] Failed to fetch product page https://uk.representclo.com/products/initial-t-shirt-vintage-grey: 429 Client Error: Too Many Requests for url: https://uk.representclo.com/products/initial-t-shirt-vintage-grey
2026-09-22 09:04:02,090 [ERROR] Failed to fetch product page https://uk.representclo.com/products/initial-tape-pant-jet-black: 429 Client Error: Too Many Requests for url: https://uk.representclo.com/products/initial-tape-pant-jet-black
2026-09-22 09:04:02,634 [ERROR] Failed to fetch product page https://uk.representclo.com/products/initial-trouser-chain-silver: 429 Client Error: Too Many Requests for url: https://uk.representclo.com/products/initial-trouser-chain-silver
2026-09-22 09:04:03,189 [ERROR] Failed to fetch product page https://uk.representclo.com/products/initial-wide-leg-cuffed-sweatpant-jet-black: 429 Client Error: Too Many Requests for url: https://uk.representclo.com/products/initial-wide-leg-cuffed-sweatpant-jet-black
2026-09-22 09:04:03,733 [ERROR] Failed to fetch product page https://uk.representclo.com/products/initial-wide-leg-sweatpants-ice-grey-marl-v2: 429 Client Error: Too Many Requests for url: https://uk.representclo.com/products/initial-wide-leg-sweatpants-ice-grey-marl-v2
2026-09-22 09:04:04,277 [ERROR] Failed to fetch product page https://uk.representclo.com/products/initial-wide-leg-sweatpants-jet-black-v2: 429 Client Error: Too Many Requests for url: https://uk.representclo.com/products/initial-wide-leg-sweatpants-jet-black-v2
2026-09-22 09:04:04,828 [ERROR] Failed to fetch product page https://uk.representclo.com/products/initial-wide-leg-sweatpants-vintage-grey-v2: 429 Client Error: Too Many Requests for url: https://uk.representclo.com/products/initial-wide-leg-sweatpants-vintage-grey-v2
2026-09-22 09:04:05,373 [ERROR] Failed to fetch product page https://uk.representclo.com/products/intial-chain-bracelet-silver: 429 Client Error: Too Many Requests for url: https://uk.representclo.com/products/intial-chain-bracelet-silver
2026-09-22 09:04:05,918 [ERROR] Failed to fetch product page https://uk.representclo.com/products/leather-tote-bag-cowhide: 429 Client Error: Too Many Requests for url: https://uk.representclo.com/products/leather-tote-bag-cowhide
2026-09-22 09:04:06,470 [ERROR] Failed to fetch product page https://uk.representclo.com/products/leather-tote-bag-textured-black: 429 Client Error: Too Many Requests for url: https://uk.representclo.com/products/leather-tote-bag-textured-black
2026-09-22 09:04:07,018 [ERROR] Failed to fetch product page https://uk.representclo.com/products/legacy-cherubs-hoodie-jet-black: 429 Client Error: Too Many Requests for url: https://uk.representclo.com/products/legacy-cherubs-hoodie-jet-black
2026-09-22 09:04:07,567 [ERROR] Failed to fetch product page https://uk.representclo.com/products/legacy-crest-cap-antique-white: 429 Client Error: Too Many Requests for url: https://uk.representclo.com/products/legacy-crest-cap-antique-white
2026-09-22 09:04:08,119 [ERROR] Failed to fetch product page https://uk.representclo.com/products/legacy-crest-cap-black: 429 Client Error: Too Many Requests for url: https://uk.representclo.com/products/legacy-crest-cap-black
2026-09-22 09:04:08,666 [ERROR] Failed to fetch product page https://uk.representclo.com/products/legacy-crest-long-sleeve-t-shirt-stained-black: 429 Client Error: Too Many Requests for url: https://uk.representclo.com/products/legacy-crest-long-sleeve-t-shirt-stained-black
2026-09-22 09:04:09,222 [ERROR] Failed to fetch product page https://uk.representclo.com/products/legacy-crest-t-shirt-stained-black: 429 Client Error: Too Many Requests for url: https://uk.representclo.com/products/legacy-crest-t-shirt-stained-black
2026-09-22 09:04:09,766 [ERROR] Failed to fetch product page https://uk.representclo.com/products/loaded-with-love-hoodie-stained-black: 429 Client Error: Too Many Requests for url: https://uk.representclo.com/products/loaded-with-love-hoodie-stained-black
2026-09-22 09:04:10,319 [ERROR] Failed to fetch product page https://uk.representclo.com/products/loaded-with-love-hoodie-withered-rose: 429 Client Error: Too Many Requests for url: https://uk.representclo.com/products/loaded-with-love-hoodie-withered-rose
2026-09-22 09:04:10,877 [ERROR] Failed to fetch product page https://uk.representclo.com/products/loaded-with-love-t-shirt-buttercream: 429 Client Error: Too Many Requests for url: https://uk.representclo.com/products/loaded-with-love-t-shirt-buttercream
2026-09-22 09:04:11,423 [ERROR] Failed to fetch product page https://uk.representclo.com/products/loaded-with-love-t-shirt-stained-black: 429 Client Error: Too Many Requests for url: https://uk.representclo.com/products/loaded-with-love-t-shirt-stained-black
2026-09-22 09:04:11,968 [ERROR] Failed to fetch product page https://uk.representclo.com/products/logo-quilted-shirt-black: 429 Client Error: Too Many Requests for url: https://uk.representclo.com/products/logo-quilted-shirt-black
2026-09-22 09:04:12,513 [ERROR] Failed to fetch product page https://uk.representclo.com/products/london-store-hoodie-jet-black: 429 Client Error: Too Many Requests for url: https://uk.representclo.com/products/london-store-hoodie-jet-black
2026-09-22 09:04:13,060 [ERROR] Failed to fetch product page https://uk.representclo.com/products/london-store-t-shirt-flat-white: 429 Client Error: Too Many Requests for url: https://uk.representclo.com/products/london-store-t-shirt-flat-white
2026-09-22 09:04:13,604 [ERROR] Failed to fetch product page https://uk.representclo.com/products/london-store-t-shirt-jet-black: 429 Client Error: Too Many Requests for url: https://uk.representclo.com/products/london-store-t-shirt-jet-black
2026-09-22 09:04:14,150 [ERROR] Failed to fetch product page https://uk.representclo.com/products/long-sleeve-slub-knit-t-shirt-flat-white: 429 Client Error: Too Many Requests for url: https://uk.representclo.com/products/long-sleeve-slub-knit-t-shirt-flat-white
2026-09-22 09:04:14,695 [ERROR] Failed to fetch product page https://uk.representclo.com/products/los-angeles-dodgers-x-represent-47-cap-dust-blue: 429 Client Error: Too Many Requests for url: https://uk.representclo.com/products/los-angeles-dodgers-x-represent-47-cap-dust-blue
2026-09-22 09:04:15,244 [ERROR] Failed to fetch product page https://uk.representclo.com/products/los-angeles-dodgers-x-represent-sweater-sprayed-mist: 429 Client Error: Too Many Requests for url: https://uk.representclo.com/products/los-angeles-dodgers-x-represent-sweater-sprayed-mist
2026-09-22 09:04:15,791 [ERROR] Failed to fetch product page https://uk.representclo.com/products/los-angeles-dodgers-x-represent-t-shirt-stained-black: 429 Client Error: Too Many Requests for url: https://uk.representclo.com/products/los-angeles-dodgers-x-represent-t-shirt-stained-black
2026-09-22 09:04:16,338 [ERROR] Failed to fetch product page https://uk.representclo.com/products/los-angeles-rams-x-represent-hoodie-stained-black: 429 Client Error: Too Many Requests for url: https://uk.representclo.com/products/los-angeles-rams-x-represent-hoodie-stained-black
2026-09-22 09:04:16,885 [ERROR] Failed to fetch product page https://uk.representclo.com/products/los-angeles-rams-x-represent-t-shirt-stained-black: 429 Client Error: Too Many Requests for url: https://uk.representclo.com/products/los-angeles-rams-x-represent-t-shirt-stained-black
2026-09-22 09:04:17,438 [ERROR] Failed to fetch product page https://uk.representclo.com/products/los-angeles-rams-x-represent-x-47-cap-washed-aged-black: 429 Client Error: Too Many Requests for url: https://uk.representclo.com/products/los-angeles-rams-x-represent-x-47-cap-washed-aged-black
2026-09-22 09:04:17,985 [ERROR] Failed to fetch product page https://uk.representclo.com/products/los-angeles-x-represent-47-cap-vintage-green: 429 Client Error: Too Many Requests for url: https://uk.representclo.com/products/los-angeles-x-represent-47-cap-vintage-green
2026-09-22 09:04:18,537 [ERROR] Failed to fetch product page https://uk.representclo.com/products/low-pro-leather-jet-black: 429 Client Error: Too Many Requests for url: https://uk.representclo.com/products/low-pro-leather-jet-black
2026-09-22 09:04:19,091 [ERROR] Failed to fetch product page https://uk.representclo.com/products/lowercase-logo-long-sleeve-t-shirt-flat-white: 429 Client Error: Too Many Requests for url: https://uk.representclo.com/products/lowercase-logo-long-sleeve-t-shirt-flat-white
2026-09-22 09:04:19,636 [ERROR] Failed to fetch product page https://uk.representclo.com/products/lowercase-logo-t-shirt-flat-white: 429 Client Error: Too Many Requests for url: https://uk.representclo.com/products/lowercase-logo-t-shirt-flat-white
2026-09-22 09:04:20,183 [ERROR] Failed to fetch product page https://uk.representclo.com/products/manchester-store-hoodie-black: 429 Client Error: Too Many Requests for url: https://uk.representclo.com/products/manchester-store-hoodie-black
2026-09-22 09:04:20,731 [ERROR] Failed to fetch product page https://uk.representclo.com/products/manchester-store-hoodie-flat-white: 429 Client Error: Too Many Requests for url: https://uk.representclo.com/products/manchester-store-hoodie-flat-white
2026-09-22 09:04:21,279 [ERROR] Failed to fetch product page https://uk.representclo.com/products/manchester-store-t-shirt-black: 429 Client Error: Too Many Requests for url: https://uk.representclo.com/products/manchester-store-t-shirt-black
2026-09-22 09:04:21,824 [ERROR] Failed to fetch product page https://uk.representclo.com/products/manchester-store-t-shirt-flat-white: 429 Client Error: Too Many Requests for url: https://uk.representclo.com/products/manchester-store-t-shirt-flat-white
2026-09-22 09:04:22,372 [ERROR] Failed to fetch product page https://uk.representclo.com/products/melrose-sunglasses-silver: 429 Client Error: Too Many Requests for url: https://uk.representclo.com/products/melrose-sunglasses-silver
2026-09-22 09:04:22,918 [ERROR] Failed to fetch product page https://uk.representclo.com/products/mesh-pegasus-long-sleeve-t-shirt-flat-white: 429 Client Error: Too Many Requests for url: https://uk.representclo.com/products/mesh-pegasus-long-sleeve-t-shirt-flat-white
2026-09-22 09:04:23,466 [ERROR] Failed to fetch product page https://uk.representclo.com/products/mesh-pegasus-long-sleeve-t-shirt-jet-black: 429 Client Error: Too Many Requests for url: https://uk.representclo.com/products/mesh-pegasus-long-sleeve-t-shirt-jet-black
2026-09-22 09:04:24,012 [ERROR] Failed to fetch product page https://uk.representclo.com/products/mh-t-shirt-flat-white: 429 Client Error: Too Many Requests for url: https://uk.representclo.com/products/mh-t-shirt-flat-white
2026-09-22 09:04:24,563 [ERROR] Failed to fetch product page https://uk.representclo.com/products/mh-t-shirt-jet-black: 429 Client Error: Too Many Requests for url: https://uk.representclo.com/products/mh-t-shirt-jet-black
2026-09-22 09:04:25,115 [ERROR] Failed to fetch product page https://uk.representclo.com/products/mh-t-shirt-v2-ash-white: 429 Client Error: Too Many Requests for url: https://uk.representclo.com/products/mh-t-shirt-v2-ash-white
2026-09-22 09:04:25,663 [ERROR] Failed to fetch product page https://uk.representclo.com/products/micro-owners-club-cap-jet-black: 429 Client Error: Too Many Requests for url: https://uk.representclo.com/products/micro-owners-club-cap-jet-black
2026-09-22 09:04:26,206 [ERROR] Failed to fetch product page https://uk.representclo.com/products/micro-owners-club-card-holder-jet-black: 429 Client Error: Too Many Requests for url: https://uk.representclo.com/products/micro-owners-club-card-holder-jet-black
2026-09-22 09:04:26,757 [ERROR] Failed to fetch product page https://uk.representclo.com/products/micro-owners-club-hoodie-cream-marl-v2: 429 Client Error: Too Many Requests for url: https://uk.representclo.com/products/micro-owners-club-hoodie-cream-marl-v2
2026-09-22 09:04:27,302 [ERROR] Failed to fetch product page https://uk.representclo.com/products/micro-owners-club-hoodie-jet-black-v2: 429 Client Error: Too Many Requests for url: https://uk.representclo.com/products/micro-owners-club-hoodie-jet-black-v2
2026-09-22 09:04:27,849 [ERROR] Failed to fetch product page https://uk.representclo.com/products/micro-owners-club-hoodie-pink: 429 Client Error: Too Many Requests for url: https://uk.representclo.com/products/micro-owners-club-hoodie-pink
2026-09-22 09:04:28,396 [ERROR] Failed to fetch product page https://uk.representclo.com/products/micro-owners-club-nylon-cap-jet-black: 429 Client Error: Too Many Requests for url: https://uk.representclo.com/products/micro-owners-club-nylon-cap-jet-black
2026-09-22 09:04:28,946 [ERROR] Failed to fetch product page https://uk.representclo.com/products/micro-owners-club-sweatpant-cream-marl-v2: 429 Client Error: Too Many Requests for url: https://uk.representclo.com/products/micro-owners-club-sweatpant-cream-marl-v2
2026-09-22 09:04:29,491 [ERROR] Failed to fetch product page https://uk.representclo.com/products/micro-owners-club-sweatpant-jet-black-v2: 429 Client Error: Too Many Requests for url: https://uk.representclo.com/products/micro-owners-club-sweatpant-jet-black-v2
2026-09-22 09:04:30,038 [ERROR] Failed to fetch product page https://uk.representclo.com/products/micro-owners-club-t-shirt-cream-marl: 429 Client Error: Too Many Requests for url: https://uk.representclo.com/products/micro-owners-club-t-shirt-cream-marl
2026-09-22 09:04:30,583 [ERROR] Failed to fetch product page https://uk.representclo.com/products/micro-owners-club-t-shirt-flat-white: 429 Client Error: Too Many Requests for url: https://uk.representclo.com/products/micro-owners-club-t-shirt-flat-white
2026-09-22 09:04:31,145 [ERROR] Failed to fetch product page https://uk.representclo.com/products/micro-owners-club-t-shirt-jet-black: 429 Client Error: Too Many Requests for url: https://uk.representclo.com/products/micro-owners-club-t-shirt-jet-black
2026-09-22 09:04:31,692 [ERROR] Failed to fetch product page https://uk.representclo.com/products/micro-owners-club-t-shirt-pink: 429 Client Error: Too Many Requests for url: https://uk.representclo.com/products/micro-owners-club-t-shirt-pink
2026-09-22 09:04:32,237 [ERROR] Failed to fetch product page https://uk.representclo.com/products/new-york-yankees-x-represent-47-cap-graphite: 429 Client Error: Too Many Requests for url: https://uk.representclo.com/products/new-york-yankees-x-represent-47-cap-graphite
2026-09-22 09:04:32,780 [ERROR] Failed to fetch product page https://uk.representclo.com/products/new-york-yankees-x-represent-47-cap-midnight-navy: 429 Client Error: Too Many Requests for url: https://uk.representclo.com/products/new-york-yankees-x-represent-47-cap-midnight-navy
2026-09-22 09:04:33,325 [ERROR] Failed to fetch product page https://uk.representclo.com/products/new-york-yankees-x-represent-nylon-pullover-faded-black: 429 Client Error: Too Many Requests for url: https://uk.representclo.com/products/new-york-yankees-x-represent-nylon-pullover-faded-black
2026-09-22 09:04:33,871 [ERROR] Failed to fetch product page https://uk.representclo.com/products/new-york-yankees-x-represent-t-shirt-flat-white: 429 Client Error: Too Many Requests for url: https://uk.representclo.com/products/new-york-yankees-x-represent-t-shirt-flat-white
2026-09-22 09:04:34,417 [ERROR] Failed to fetch product page https://uk.representclo.com/products/nfl-shield-x-represent-hoodie-stained-black: 429 Client Error: Too Many Requests for url: https://uk.representclo.com/products/nfl-shield-x-represent-hoodie-stained-black
2026-09-22 09:04:34,960 [ERROR] Failed to fetch product page https://uk.representclo.com/products/nfl-shield-x-represent-x-47-cap-jet-black: 429 Client Error: Too Many Requests for url: https://uk.representclo.com/products/nfl-shield-x-represent-x-47-cap-jet-black
2026-09-22 09:04:35,505 [ERROR] Failed to fetch product page https://uk.representclo.com/products/nothing-faster-applique-patch-x-47-cap-jet-black: 429 Client Error: Too Many Requests for url: https://uk.representclo.com/products/nothing-faster-applique-patch-x-47-cap-jet-black
2026-09-22 09:04:36,053 [ERROR] Failed to fetch product page https://uk.representclo.com/products/nothing-faster-hoodie-indigo: 429 Client Error: Too Many Requests for url: https://uk.representclo.com/products/nothing-faster-hoodie-indigo
2026-09-22 09:04:36,603 [ERROR] Failed to fetch product page https://uk.representclo.com/products/nothing-faster-t-shirt-flat-white: 429 Client Error: Too Many Requests for url: https://uk.representclo.com/products/nothing-faster-t-shirt-flat-white
2026-09-22 09:04:37,163 [ERROR] Failed to fetch product page https://uk.representclo.com/products/nothing-faster-t-shirt-indigo: 429 Client Error: Too Many Requests for url: https://uk.representclo.com/products/nothing-faster-t-shirt-indigo
2026-09-22 09:04:37,715 [ERROR] Failed to fetch product page https://uk.representclo.com/products/nothing-faster-t-shirt-stained-black: 429 Client Error: Too Many Requests for url: https://uk.representclo.com/products/nothing-faster-t-shirt-stained-black
2026-09-22 09:04:38,260 [ERROR] Failed to fetch product page https://uk.representclo.com/products/nylon-backpack-black: 429 Client Error: Too Many Requests for url: https://uk.representclo.com/products/nylon-backpack-black
2026-09-22 09:04:38,804 [ERROR] Failed to fetch product page https://uk.representclo.com/products/nylon-cargo-pant-black: 429 Client Error: Too Many Requests for url: https://uk.representclo.com/products/nylon-cargo-pant-black
2026-09-22 09:04:39,348 [ERROR] Failed to fetch product page https://uk.representclo.com/products/nylon-cargo-short-black: 429 Client Error: Too Many Requests for url: https://uk.representclo.com/products/nylon-cargo-short-black
2026-09-22 09:04:39,892 [ERROR] Failed to fetch product page https://uk.representclo.com/products/nylon-messenger-bag-black: 429 Client Error: Too Many Requests for url: https://uk.representclo.com/products/nylon-messenger-bag-black
2026-09-22 09:04:40,440 [ERROR] Failed to fetch product page https://uk.representclo.com/products/ombre-knit-beanie-light-grey: 429 Client Error: Too Many Requests for url: https://uk.representclo.com/products/ombre-knit-beanie-light-grey
2026-09-22 09:04:40,986 [ERROR] Failed to fetch product page https://uk.representclo.com/products/ombre-knit-scarf-light-grey: 429 Client Error: Too Many Requests for url: https://uk.representclo.com/products/ombre-knit-scarf-light-grey
2026-09-22 09:04:41,533 [ERROR] Failed to fetch product page https://uk.representclo.com/products/out-of-the-shadows-hoodie-stained-black: 429 Client Error: Too Many Requests for url: https://uk.representclo.com/products/out-of-the-shadows-hoodie-stained-black
2026-09-22 09:04:42,084 [ERROR] Failed to fetch product page https://uk.representclo.com/products/out-of-the-shadows-t-shirt-flat-white: 429 Client Error: Too Many Requests for url: https://uk.representclo.com/products/out-of-the-shadows-t-shirt-flat-white
2026-09-22 09:04:42,637 [ERROR] Failed to fetch product page https://uk.representclo.com/products/outlander-parka-olive-night: 429 Client Error: Too Many Requests for url: https://uk.representclo.com/products/outlander-parka-olive-night
2026-09-22 09:04:43,183 [ERROR] Failed to fetch product page https://uk.representclo.com/products/oversized-nylon-carry-bag-black: 429 Client Error: Too Many Requests for url: https://uk.representclo.com/products/oversized-nylon-carry-bag-black
2026-09-22 09:04:43,735 [ERROR] Failed to fetch product page https://uk.representclo.com/products/owners-club-cafe-hat-antique-white: 429 Client Error: Too Many Requests for url: https://uk.representclo.com/products/owners-club-cafe-hat-antique-white
2026-09-22 09:04:44,279 [ERROR] Failed to fetch product page https://uk.representclo.com/products/owners-club-cafe-hat-black-coffee: 429 Client Error: Too Many Requests for url: https://uk.representclo.com/products/owners-club-cafe-hat-black-coffee
2026-09-22 09:04:44,825 [ERROR] Failed to fetch product page https://uk.representclo.com/products/owners-club-cafe-hoodie-black-coffee: 429 Client Error: Too Many Requests for url: https://uk.representclo.com/products/owners-club-cafe-hoodie-black-coffee
2026-09-22 09:04:45,378 [ERROR] Failed to fetch product page https://uk.representclo.com/products/owners-club-cafe-t-shirt-antique-white: 429 Client Error: Too Many Requests for url: https://uk.representclo.com/products/owners-club-cafe-t-shirt-antique-white
2026-09-22 09:04:45,923 [ERROR] Failed to fetch product page https://uk.representclo.com/products/owners-club-cafe-t-shirt-black-coffee: 429 Client Error: Too Many Requests for url: https://uk.representclo.com/products/owners-club-cafe-t-shirt-black-coffee
2026-09-22 09:04:46,473 [ERROR] Failed to fetch product page https://uk.representclo.com/products/owners-club-hoodie-washed-black: 429 Client Error: Too Many Requests for url: https://uk.representclo.com/products/owners-club-hoodie-washed-black
2026-09-22 09:04:47,020 [ERROR] Failed to fetch product page https://uk.representclo.com/products/owners-club-script-hoodie-truffle: 429 Client Error: Too Many Requests for url: https://uk.representclo.com/products/owners-club-script-hoodie-truffle
2026-09-22 09:04:47,566 [ERROR] Failed to fetch product page https://uk.representclo.com/products/owners-club-script-mesh-shorts-truffle: 429 Client Error: Too Many Requests for url: https://uk.representclo.com/products/owners-club-script-mesh-shorts-truffle
2026-09-22 09:04:48,117 [ERROR] Failed to fetch product page https://uk.representclo.com/products/padded-sling-bag-black: 429 Client Error: Too Many Requests for url: https://uk.representclo.com/products/padded-sling-bag-black
2026-09-22 09:04:48,670 [ERROR] Failed to fetch product page https://uk.representclo.com/products/philadelphia-eagles-x-represent-hoodie-vintage-grey: 429 Client Error: Too Many Requests for url: https://uk.representclo.com/products/philadelphia-eagles-x-represent-hoodie-vintage-grey
2026-09-22 09:04:49,217 [ERROR] Failed to fetch product page https://uk.representclo.com/products/philadelphia-eagles-x-represent-t-shirt-vintage-grey: 429 Client Error: Too Many Requests for url: https://uk.representclo.com/products/philadelphia-eagles-x-represent-t-shirt-vintage-grey
2026-09-22 09:04:49,762 [ERROR] Failed to fetch product page https://uk.representclo.com/products/philadelphia-eagles-x-represent-x-47-cap-antique-grey: 429 Client Error: Too Many Requests for url: https://uk.representclo.com/products/philadelphia-eagles-x-represent-x-47-cap-antique-grey
2026-09-22 09:04:50,307 [ERROR] Failed to fetch product page https://uk.representclo.com/products/pin-badges-multi: 429 Client Error: Too Many Requests for url: https://uk.representclo.com/products/pin-badges-multi
2026-09-22 09:04:50,850 [ERROR] Failed to fetch product page https://uk.representclo.com/products/printed-bandana-flat-white: 429 Client Error: Too Many Requests for url: https://uk.representclo.com/products/printed-bandana-flat-white
2026-09-22 09:04:51,394 [ERROR] Failed to fetch product page https://uk.representclo.com/products/printed-long-sleeve-t-shirt-flat-white: 429 Client Error: Too Many Requests for url: https://uk.representclo.com/products/printed-long-sleeve-t-shirt-flat-white
2026-09-22 09:04:51,938 [ERROR] Failed to fetch product page https://uk.representclo.com/products/private-members-key-fob-silver: 429 Client Error: Too Many Requests for url: https://uk.representclo.com/products/private-members-key-fob-silver
2026-09-22 09:04:52,483 [ERROR] Failed to fetch product page https://uk.representclo.com/products/private-members-t-shirt-flat-white: 429 Client Error: Too Many Requests for url: https://uk.representclo.com/products/private-members-t-shirt-flat-white
2026-09-22 09:04:53,028 [ERROR] Failed to fetch product page https://uk.representclo.com/products/private-members-t-shirt-stained-black: 429 Client Error: Too Many Requests for url: https://uk.representclo.com/products/private-members-t-shirt-stained-black
2026-09-22 09:04:53,572 [ERROR] Failed to fetch product page https://uk.representclo.com/products/private-members-x-47-cap-washed-navy: 429 Client Error: Too Many Requests for url: https://uk.representclo.com/products/private-members-x-47-cap-washed-navy
2026-09-22 09:04:54,117 [ERROR] Failed to fetch product page https://uk.representclo.com/products/pure-breed-t-shirt-vintage-black: 429 Client Error: Too Many Requests for url: https://uk.representclo.com/products/pure-breed-t-shirt-vintage-black
2026-09-22 09:04:54,668 [ERROR] Failed to fetch product page https://uk.representclo.com/products/r-pendant-necklace-silver: 429 Client Error: Too Many Requests for url: https://uk.representclo.com/products/r-pendant-necklace-silver
2026-09-22 09:04:55,213 [ERROR] Failed to fetch product page https://uk.representclo.com/products/r2-carpenter-panel-denim-rinse-blue: 429 Client Error: Too Many Requests for url: https://uk.representclo.com/products/r2-carpenter-panel-denim-rinse-blue
2026-09-22 09:04:55,765 [ERROR] Failed to fetch product page https://uk.representclo.com/products/r3-baggy-jean-moss-blue: 429 Client Error: Too Many Requests for url: https://uk.representclo.com/products/r3-baggy-jean-moss-blue
2026-09-22 09:04:56,320 [ERROR] Failed to fetch product page https://uk.representclo.com/products/raceway-cap-antique-white-barley: 429 Client Error: Too Many Requests for url: https://uk.representclo.com/products/raceway-cap-antique-white-barley
2026-09-22 09:04:56,866 [ERROR] Failed to fetch product page https://uk.representclo.com/products/raceway-hoodie-matcha: 429 Client Error: Too Many Requests for url: https://uk.representclo.com/products/raceway-hoodie-matcha
2026-09-22 09:04:57,412 [ERROR] Failed to fetch product page https://uk.representclo.com/products/raffia-tote-bag-jet-black: 429 Client Error: Too Many Requests for url: https://uk.representclo.com/products/raffia-tote-bag-jet-black
2026-09-22 09:04:57,962 [ERROR] Failed to fetch product page https://uk.representclo.com/products/rally-suede-grey: 429 Client Error: Too Many Requests for url: https://uk.representclo.com/products/rally-suede-grey
2026-09-22 09:04:58,516 [ERROR] Failed to fetch product page https://uk.representclo.com/products/rally-suede-tan: 429 Client Error: Too Many Requests for url: https://uk.representclo.com/products/rally-suede-tan
2026-09-22 09:04:59,060 [ERROR] Failed to fetch product page https://uk.representclo.com/products/rep-applique-hoodie-cream-marl: 429 Client Error: Too Many Requests for url: https://uk.representclo.com/products/rep-applique-hoodie-cream-marl
2026-09-22 09:04:59,605 [ERROR] Failed to fetch product page https://uk.representclo.com/products/rep-applique-hoodie-off-black: 429 Client Error: Too Many Requests for url: https://uk.representclo.com/products/rep-applique-hoodie-off-black
2026-09-22 09:05:00,150 [ERROR] Failed to fetch product page https://uk.representclo.com/products/rep-applique-hoodie-vintage-black: 429 Client Error: Too Many Requests for url: https://uk.representclo.com/products/rep-applique-hoodie-vintage-black
2026-09-22 09:05:00,730 [ERROR] Failed to fetch product page https://uk.representclo.com/products/rep-applique-t-shirt-flat-white: 429 Client Error: Too Many Requests for url: https://uk.representclo.com/products/rep-applique-t-shirt-flat-white
2026-09-22 09:05:01,279 [ERROR] Failed to fetch product page https://uk.representclo.com/products/rep-applique-t-shirt-vintage-black: 429 Client Error: Too Many Requests for url: https://uk.representclo.com/products/rep-applique-t-shirt-vintage-black
2026-09-22 09:05:01,827 [ERROR] Failed to fetch product page https://uk.representclo.com/products/rep-cap-distressed-leather-dark-brown: 429 Client Error: Too Many Requests for url: https://uk.representclo.com/products/rep-cap-distressed-leather-dark-brown
2026-09-22 09:05:02,376 [ERROR] Failed to fetch product page https://uk.representclo.com/products/rep-cap-jet-black: 429 Client Error: Too Many Requests for url: https://uk.representclo.com/products/rep-cap-jet-black
2026-09-22 09:05:02,928 [ERROR] Failed to fetch product page https://uk.representclo.com/products/rep-cap-leather-flat-white: 429 Client Error: Too Many Requests for url: https://uk.representclo.com/products/rep-cap-leather-flat-white
2026-09-22 09:05:03,473 [ERROR] Failed to fetch product page https://uk.representclo.com/products/rep-cap-vintage-white: 429 Client Error: Too Many Requests for url: https://uk.representclo.com/products/rep-cap-vintage-white
2026-09-22 09:05:04,034 [ERROR] Failed to fetch product page https://uk.representclo.com/products/represent-angel-border-hoodie-stained-black: 429 Client Error: Too Many Requests for url: https://uk.representclo.com/products/represent-angel-border-hoodie-stained-black
2026-09-22 09:05:04,580 [ERROR] Failed to fetch product page https://uk.representclo.com/products/represent-banner-hoodie-stained-black: 429 Client Error: Too Many Requests for url: https://uk.representclo.com/products/represent-banner-hoodie-stained-black
2026-09-22 09:05:05,135 [ERROR] Failed to fetch product page https://uk.representclo.com/products/represent-california-sunglasses-off-white: 429 Client Error: Too Many Requests for url: https://uk.representclo.com/products/represent-california-sunglasses-off-white
2026-09-22 09:05:05,683 [ERROR] Failed to fetch product page https://uk.representclo.com/products/represent-cap-washed-taupe: 429 Client Error: Too Many Requests for url: https://uk.representclo.com/products/represent-cap-washed-taupe
2026-09-22 09:05:06,230 [ERROR] Failed to fetch product page https://uk.representclo.com/products/represent-crest-cap-jet-black: 429 Client Error: Too Many Requests for url: https://uk.representclo.com/products/represent-crest-cap-jet-black
2026-09-22 09:05:06,780 [ERROR] Failed to fetch product page https://uk.representclo.com/products/represent-embellished-hoodie-stained-black: 429 Client Error: Too Many Requests for url: https://uk.representclo.com/products/represent-embellished-hoodie-stained-black
2026-09-22 09:05:07,324 [ERROR] Failed to fetch product page https://uk.representclo.com/products/represent-england-bag-washed-black: 429 Client Error: Too Many Requests for url: https://uk.representclo.com/products/represent-england-bag-washed-black
2026-09-22 09:05:07,870 [ERROR] Failed to fetch product page https://uk.representclo.com/products/represent-england-football-flat-white: 429 Client Error: Too Many Requests for url: https://uk.representclo.com/products/represent-england-football-flat-white
2026-09-22 09:05:08,421 [ERROR] Failed to fetch product page https://uk.representclo.com/products/represent-england-stickers-multi: 429 Client Error: Too Many Requests for url: https://uk.representclo.com/products/represent-england-stickers-multi
2026-09-22 09:05:08,971 [ERROR] Failed to fetch product page https://uk.representclo.com/products/represent-legacy-cap-dark-brown: 429 Client Error: Too Many Requests for url: https://uk.representclo.com/products/represent-legacy-cap-dark-brown
2026-09-22 09:05:09,518 [ERROR] Failed to fetch product page https://uk.representclo.com/products/represent-legacy-crest-hoodie-nero: 429 Client Error: Too Many Requests for url: https://uk.representclo.com/products/represent-legacy-crest-hoodie-nero
2026-09-22 09:05:10,070 [ERROR] Failed to fetch product page https://uk.representclo.com/products/represent-legacy-crest-hoodie-stained-black: 429 Client Error: Too Many Requests for url: https://uk.representclo.com/products/represent-legacy-crest-hoodie-stained-black
2026-09-22 09:05:10,616 [ERROR] Failed to fetch product page https://uk.representclo.com/products/represent-logo-socks-antique-white: 429 Client Error: Too Many Requests for url: https://uk.representclo.com/products/represent-logo-socks-antique-white
2026-09-22 09:05:11,161 [ERROR] Failed to fetch product page https://uk.representclo.com/products/represent-logo-socks-jet-black: 429 Client Error: Too Many Requests for url: https://uk.representclo.com/products/represent-logo-socks-jet-black
2026-09-22 09:05:11,713 [ERROR] Failed to fetch product page https://uk.representclo.com/products/represent-owners-club-cap-black: 429 Client Error: Too Many Requests for url: https://uk.representclo.com/products/represent-owners-club-cap-black
2026-09-22 09:05:12,259 [ERROR] Failed to fetch product page https://uk.representclo.com/products/represent-owners-club-cap-cobalt: 429 Client Error: Too Many Requests for url: https://uk.representclo.com/products/represent-owners-club-cap-cobalt
2026-09-22 09:05:12,807 [ERROR] Failed to fetch product page https://uk.representclo.com/products/represent-owners-club-cap-powder-blue: 429 Client Error: Too Many Requests for url: https://uk.representclo.com/products/represent-owners-club-cap-powder-blue
2026-09-22 09:05:13,353 [ERROR] Failed to fetch product page https://uk.representclo.com/products/represent-owners-club-flocked-hoodie-black: 429 Client Error: Too Many Requests for url: https://uk.representclo.com/products/represent-owners-club-flocked-hoodie-black
2026-09-22 09:05:13,900 [ERROR] Failed to fetch product page https://uk.representclo.com/products/represent-owners-club-flocked-t-shirt-black: 429 Client Error: Too Many Requests for url: https://uk.representclo.com/products/represent-owners-club-flocked-t-shirt-black
2026-09-22 09:05:14,447 [ERROR] Failed to fetch product page https://uk.representclo.com/products/represent-owners-club-flocking-cap-black: 429 Client Error: Too Many Requests for url: https://uk.representclo.com/products/represent-owners-club-flocking-cap-black
2026-09-22 09:05:15,004 [ERROR] Failed to fetch product page https://uk.representclo.com/products/represent-owners-club-hoodie-ash-grey: 429 Client Error: Too Many Requests for url: https://uk.representclo.com/products/represent-owners-club-hoodie-ash-grey
2026-09-22 09:05:15,550 [ERROR] Failed to fetch product page https://uk.representclo.com/products/represent-owners-club-hoodie-black: 429 Client Error: Too Many Requests for url: https://uk.representclo.com/products/represent-owners-club-hoodie-black
2026-09-22 09:05:16,100 [ERROR] Failed to fetch product page https://uk.representclo.com/products/represent-owners-club-hoodie-black-matte: 429 Client Error: Too Many Requests for url: https://uk.representclo.com/products/represent-owners-club-hoodie-black-matte
2026-09-22 09:05:16,653 [ERROR] Failed to fetch product page https://uk.representclo.com/products/represent-owners-club-hoodie-bubblegum-pink: 429 Client Error: Too Many Requests for url: https://uk.representclo.com/products/represent-owners-club-hoodie-bubblegum-pink
2026-09-22 09:05:17,217 [ERROR] Failed to fetch product page https://uk.representclo.com/products/represent-owners-club-hoodie-buttercream: 429 Client Error: Too Many Requests for url: https://uk.representclo.com/products/represent-owners-club-hoodie-buttercream
2026-09-22 09:05:17,767 [ERROR] Failed to fetch product page https://uk.representclo.com/products/represent-owners-club-hoodie-cobalt: 429 Client Error: Too Many Requests for url: https://uk.representclo.com/products/represent-owners-club-hoodie-cobalt
2026-09-22 09:05:18,317 [ERROR] Failed to fetch product page https://uk.representclo.com/products/represent-owners-club-hoodie-flat-white: 429 Client Error: Too Many Requests for url: https://uk.representclo.com/products/represent-owners-club-hoodie-flat-white
2026-09-22 09:05:18,877 [ERROR] Failed to fetch product page https://uk.representclo.com/products/represent-owners-club-hoodie-jet-black: 429 Client Error: Too Many Requests for url: https://uk.representclo.com/products/represent-owners-club-hoodie-jet-black
2026-09-22 09:05:19,422 [ERROR] Failed to fetch product page https://uk.representclo.com/products/represent-owners-club-hoodie-mushroom: 429 Client Error: Too Many Requests for url: https://uk.representclo.com/products/represent-owners-club-hoodie-mushroom
2026-09-22 09:05:19,974 [ERROR] Failed to fetch product page https://uk.representclo.com/products/represent-owners-club-hoodie-olive-bf: 429 Client Error: Too Many Requests for url: https://uk.representclo.com/products/represent-owners-club-hoodie-olive-bf
2026-09-22 09:05:20,522 [ERROR] Failed to fetch product page https://uk.representclo.com/products/represent-owners-club-hoodie-pastel-lilac-bf: 429 Client Error: Too Many Requests for url: https://uk.representclo.com/products/represent-owners-club-hoodie-pastel-lilac-bf
2026-09-22 09:05:21,076 [ERROR] Failed to fetch product page https://uk.representclo.com/products/represent-owners-club-hoodie-powder-blue: 429 Client Error: Too Many Requests for url: https://uk.representclo.com/products/represent-owners-club-hoodie-powder-blue
2026-09-22 09:05:21,626 [ERROR] Failed to fetch product page https://uk.representclo.com/products/represent-owners-club-hoodie-racing-green: 429 Client Error: Too Many Requests for url: https://uk.representclo.com/products/represent-owners-club-hoodie-racing-green
2026-09-22 09:05:22,172 [ERROR] Failed to fetch product page https://uk.representclo.com/products/represent-owners-club-hoodie-sky-blue: 429 Client Error: Too Many Requests for url: https://uk.representclo.com/products/represent-owners-club-hoodie-sky-blue
2026-09-22 09:05:22,717 [ERROR] Failed to fetch product page https://uk.representclo.com/products/represent-owners-club-hoodie-storm: 429 Client Error: Too Many Requests for url: https://uk.representclo.com/products/represent-owners-club-hoodie-storm
2026-09-22 09:05:23,269 [ERROR] Failed to fetch product page https://uk.representclo.com/products/represent-owners-club-hoodie-vista-blue: 429 Client Error: Too Many Requests for url: https://uk.representclo.com/products/represent-owners-club-hoodie-vista-blue
2026-09-22 09:05:23,827 [ERROR] Failed to fetch product page https://uk.representclo.com/products/represent-owners-club-hoodie-washed-aloe: 429 Client Error: Too Many Requests for url: https://uk.representclo.com/products/represent-owners-club-hoodie-washed-aloe
2026-09-22 09:05:24,373 [ERROR] Failed to fetch product page https://uk.representclo.com/products/represent-owners-club-long-sleeve-t-shirt-chalk: 429 Client Error: Too Many Requests for url: https://uk.representclo.com/products/represent-owners-club-long-sleeve-t-shirt-chalk
2026-09-22 09:05:24,922 [ERROR] Failed to fetch product page https://uk.representclo.com/products/represent-owners-club-mesh-shorts-black: 429 Client Error: Too Many Requests for url: https://uk.representclo.com/products/represent-owners-club-mesh-shorts-black
2026-09-22 09:05:25,485 [ERROR] Failed to fetch product page https://uk.representclo.com/products/represent-owners-club-script-cap-black: 429 Client Error: Too Many Requests for url: https://uk.representclo.com/products/represent-owners-club-script-cap-black
2026-09-22 09:05:26,034 [ERROR] Failed to fetch product page https://uk.representclo.com/products/represent-owners-club-script-t-shirt-truffle: 429 Client Error: Too Many Requests for url: https://uk.representclo.com/products/represent-owners-club-script-t-shirt-truffle
2026-09-22 09:05:26,597 [ERROR] Failed to fetch product page https://uk.representclo.com/products/represent-owners-club-shorts-black: 429 Client Error: Too Many Requests for url: https://uk.representclo.com/products/represent-owners-club-shorts-black
2026-09-22 09:05:27,144 [ERROR] Failed to fetch product page https://uk.representclo.com/products/represent-owners-club-shorts-washed-black: 429 Client Error: Too Many Requests for url: https://uk.representclo.com/products/represent-owners-club-shorts-washed-black
2026-09-22 09:05:27,691 [ERROR] Failed to fetch product page https://uk.representclo.com/products/represent-owners-club-socks-flat-white-black-bf: 429 Client Error: Too Many Requests for url: https://uk.representclo.com/products/represent-owners-club-socks-flat-white-black-bf
2026-09-22 09:05:28,236 [ERROR] Failed to fetch product page https://uk.representclo.com/products/represent-owners-club-socks-flat-white-cobalt: 429 Client Error: Too Many Requests for url: https://uk.representclo.com/products/represent-owners-club-socks-flat-white-cobalt
2026-09-22 09:05:28,783 [ERROR] Failed to fetch product page https://uk.representclo.com/products/represent-owners-club-stamp-hoodie-flat-white: 429 Client Error: Too Many Requests for url: https://uk.representclo.com/products/represent-owners-club-stamp-hoodie-flat-white
2026-09-22 09:05:29,329 [ERROR] Failed to fetch product page https://uk.representclo.com/products/represent-owners-club-sweatpant-ash-grey: 429 Client Error: Too Many Requests for url: https://uk.representclo.com/products/represent-owners-club-sweatpant-ash-grey
2026-09-22 09:05:29,875 [ERROR] Failed to fetch product page https://uk.representclo.com/products/represent-owners-club-sweatpant-black: 429 Client Error: Too Many Requests for url: https://uk.representclo.com/products/represent-owners-club-sweatpant-black
2026-09-22 09:05:30,422 [ERROR] Failed to fetch product page https://uk.representclo.com/products/represent-owners-club-sweatpant-jet-black: 429 Client Error: Too Many Requests for url: https://uk.representclo.com/products/represent-owners-club-sweatpant-jet-black
2026-09-22 09:05:30,971 [ERROR] Failed to fetch product page https://uk.representclo.com/products/represent-owners-club-sweatpant-washed-black: 429 Client Error: Too Many Requests for url: https://uk.representclo.com/products/represent-owners-club-sweatpant-washed-black
2026-09-22 09:05:31,517 [ERROR] Failed to fetch product page https://uk.representclo.com/products/represent-owners-club-t-shirt-aged-black: 429 Client Error: Too Many Requests for url: https://uk.representclo.com/products/represent-owners-club-t-shirt-aged-black
2026-09-22 09:05:32,062 [ERROR] Failed to fetch product page https://uk.representclo.com/products/represent-owners-club-t-shirt-ash-grey: 429 Client Error: Too Many Requests for url: https://uk.representclo.com/products/represent-owners-club-t-shirt-ash-grey
2026-09-22 09:05:32,617 [ERROR] Failed to fetch product page https://uk.representclo.com/products/represent-owners-club-t-shirt-black: 429 Client Error: Too Many Requests for url: https://uk.representclo.com/products/represent-owners-club-t-shirt-black
2026-09-22 09:05:33,164 [ERROR] Failed to fetch product page https://uk.representclo.com/products/represent-owners-club-t-shirt-black-matte: 429 Client Error: Too Many Requests for url: https://uk.representclo.com/products/represent-owners-club-t-shirt-black-matte
2026-09-22 09:05:33,710 [ERROR] Failed to fetch product page https://uk.representclo.com/products/represent-owners-club-t-shirt-brown-bf: 429 Client Error: Too Many Requests for url: https://uk.representclo.com/products/represent-owners-club-t-shirt-brown-bf
2026-09-22 09:05:34,259 [ERROR] Failed to fetch product page https://uk.representclo.com/products/represent-owners-club-t-shirt-bubblegum-pink-bf: 429 Client Error: Too Many Requests for url: https://uk.representclo.com/products/represent-owners-club-t-shirt-bubblegum-pink-bf
2026-09-22 09:05:34,823 [ERROR] Failed to fetch product page https://uk.representclo.com/products/represent-owners-club-t-shirt-buttercream: 429 Client Error: Too Many Requests for url: https://uk.representclo.com/products/represent-owners-club-t-shirt-buttercream
2026-09-22 09:05:35,367 [ERROR] Failed to fetch product page https://uk.representclo.com/products/represent-owners-club-t-shirt-chalk: 429 Client Error: Too Many Requests for url: https://uk.representclo.com/products/represent-owners-club-t-shirt-chalk
2026-09-22 09:05:35,911 [ERROR] Failed to fetch product page https://uk.representclo.com/products/represent-owners-club-t-shirt-cobalt: 429 Client Error: Too Many Requests for url: https://uk.representclo.com/products/represent-owners-club-t-shirt-cobalt
2026-09-22 09:05:36,461 [ERROR] Failed to fetch product page https://uk.representclo.com/products/represent-owners-club-t-shirt-flat-white: 429 Client Error: Too Many Requests for url: https://uk.representclo.com/products/represent-owners-club-t-shirt-flat-white
2026-09-22 09:05:37,008 [ERROR] Failed to fetch product page https://uk.representclo.com/products/represent-owners-club-t-shirt-jet-black: 429 Client Error: Too Many Requests for url: https://uk.representclo.com/products/represent-owners-club-t-shirt-jet-black
2026-09-22 09:05:37,554 [ERROR] Failed to fetch product page https://uk.representclo.com/products/represent-owners-club-t-shirt-mushroom: 429 Client Error: Too Many Requests for url: https://uk.representclo.com/products/represent-owners-club-t-shirt-mushroom
2026-09-22 09:05:38,099 [ERROR] Failed to fetch product page https://uk.representclo.com/products/represent-owners-club-t-shirt-pastel-lilac-bf: 429 Client Error: Too Many Requests for url: https://uk.representclo.com/products/represent-owners-club-t-shirt-pastel-lilac-bf
2026-09-22 09:05:38,643 [ERROR] Failed to fetch product page https://uk.representclo.com/products/represent-owners-club-t-shirt-racing-green: 429 Client Error: Too Many Requests for url: https://uk.representclo.com/products/represent-owners-club-t-shirt-racing-green
2026-09-22 09:05:39,189 [ERROR] Failed to fetch product page https://uk.representclo.com/products/represent-owners-club-t-shirt-sienna: 429 Client Error: Too Many Requests for url: https://uk.representclo.com/products/represent-owners-club-t-shirt-sienna
2026-09-22 09:05:39,735 [ERROR] Failed to fetch product page https://uk.representclo.com/products/represent-owners-club-t-shirt-sky-blue: 429 Client Error: Too Many Requests for url: https://uk.representclo.com/products/represent-owners-club-t-shirt-sky-blue
2026-09-22 09:05:40,281 [ERROR] Failed to fetch product page https://uk.representclo.com/products/represent-owners-club-t-shirt-storm: 429 Client Error: Too Many Requests for url: https://uk.representclo.com/products/represent-owners-club-t-shirt-storm
2026-09-22 09:05:40,827 [ERROR] Failed to fetch product page https://uk.representclo.com/products/represent-owners-club-t-shirt-washed-aloe: 429 Client Error: Too Many Requests for url: https://uk.representclo.com/products/represent-owners-club-t-shirt-washed-aloe
2026-09-22 09:05:41,369 [ERROR] Failed to fetch product page https://uk.representclo.com/products/represent-owners-club-tank-chalk: 429 Client Error: Too Many Requests for url: https://uk.representclo.com/products/represent-owners-club-tank-chalk
2026-09-22 09:05:41,914 [ERROR] Failed to fetch product page https://uk.representclo.com/products/represent-owners-club-tote-bag-sienna: 429 Client Error: Too Many Requests for url: https://uk.representclo.com/products/represent-owners-club-tote-bag-sienna
2026-09-22 09:05:42,469 [ERROR] Failed to fetch product page https://uk.representclo.com/products/represent-owners-club-washed-cap-sienna: 429 Client Error: Too Many Requests for url: https://uk.representclo.com/products/represent-owners-club-washed-cap-sienna
2026-09-22 09:05:43,016 [ERROR] Failed to fetch product page https://uk.representclo.com/products/represent-owners-club-washed-cap-sky-blue: 429 Client Error: Too Many Requests for url: https://uk.representclo.com/products/represent-owners-club-washed-cap-sky-blue
2026-09-22 09:05:43,569 [ERROR] Failed to fetch product page https://uk.representclo.com/products/represent-owners-club-zip-hoodie-ash-grey: 429 Client Error: Too Many Requests for url: https://uk.representclo.com/products/represent-owners-club-zip-hoodie-ash-grey
2026-09-22 09:05:44,115 [ERROR] Failed to fetch product page https://uk.representclo.com/products/represent-owners-club-zip-hoodie-black: 429 Client Error: Too Many Requests for url: https://uk.representclo.com/products/represent-owners-club-zip-hoodie-black
2026-09-22 09:05:44,663 [ERROR] Failed to fetch product page https://uk.representclo.com/products/represent-owners-club-zip-hoodie-washed-black: 429 Client Error: Too Many Requests for url: https://uk.representclo.com/products/represent-owners-club-zip-hoodie-washed-black
2026-09-22 09:05:45,211 [ERROR] Failed to fetch product page https://uk.representclo.com/products/represent-ringer-t-shirt-stained-black: 429 Client Error: Too Many Requests for url: https://uk.representclo.com/products/represent-ringer-t-shirt-stained-black
2026-09-22 09:05:45,766 [ERROR] Failed to fetch product page https://uk.representclo.com/products/represent-showcasing-cap-black: 429 Client Error: Too Many Requests for url: https://uk.representclo.com/products/represent-showcasing-cap-black
2026-09-22 09:05:46,312 [ERROR] Failed to fetch product page https://uk.representclo.com/products/represent-showcasing-hoodie-stained-black: 429 Client Error: Too Many Requests for url: https://uk.representclo.com/products/represent-showcasing-hoodie-stained-black
2026-09-22 09:05:46,859 [ERROR] Failed to fetch product page https://uk.representclo.com/products/represent-slim-aviator-gold-black: 429 Client Error: Too Many Requests for url: https://uk.representclo.com/products/represent-slim-aviator-gold-black
2026-09-22 09:05:47,408 [ERROR] Failed to fetch product page https://uk.representclo.com/products/represent-x-47-england-cap-aged-black: 429 Client Error: Too Many Requests for url: https://uk.representclo.com/products/represent-x-47-england-cap-aged-black
2026-09-22 09:05:47,951 [ERROR] Failed to fetch product page https://uk.representclo.com/products/represent-x-47-england-cap-dark-brown: 429 Client Error: Too Many Requests for url: https://uk.representclo.com/products/represent-x-47-england-cap-dark-brown
2026-09-22 09:05:48,499 [ERROR] Failed to fetch product page https://uk.representclo.com/products/represent-x-47-england-old-english-cap-aged-black: 429 Client Error: Too Many Requests for url: https://uk.representclo.com/products/represent-x-47-england-old-english-cap-aged-black
2026-09-22 09:05:49,048 [ERROR] Failed to fetch product page https://uk.representclo.com/products/represent-x-47-england-old-english-cap-jet-black: 429 Client Error: Too Many Requests for url: https://uk.representclo.com/products/represent-x-47-england-old-english-cap-jet-black
2026-09-22 09:05:49,594 [ERROR] Failed to fetch product page https://uk.representclo.com/products/represent-x-47-england-old-english-cap-washed-navy: 429 Client Error: Too Many Requests for url: https://uk.representclo.com/products/represent-x-47-england-old-english-cap-washed-navy
2026-09-22 09:05:50,141 [ERROR] Failed to fetch product page https://uk.representclo.com/products/represent-x-47-initial-cap-charcoal: 429 Client Error: Too Many Requests for url: https://uk.representclo.com/products/represent-x-47-initial-cap-charcoal
2026-09-22 09:05:50,688 [ERROR] Failed to fetch product page https://uk.representclo.com/products/represent-x-47-initial-cap-jet-black: 429 Client Error: Too Many Requests for url: https://uk.representclo.com/products/represent-x-47-initial-cap-jet-black
2026-09-22 09:05:51,236 [ERROR] Failed to fetch product page https://uk.representclo.com/products/represent-x-47-mlb-brooklyn-cap-washed-red: 429 Client Error: Too Many Requests for url: https://uk.representclo.com/products/represent-x-47-mlb-brooklyn-cap-washed-red
2026-09-22 09:05:51,782 [ERROR] Failed to fetch product page https://uk.representclo.com/products/represent-x-47-mlb-la-cap-vintage-blue: 429 Client Error: Too Many Requests for url: https://uk.representclo.com/products/represent-x-47-mlb-la-cap-vintage-blue
2026-09-22 09:05:52,329 [ERROR] Failed to fetch product page https://uk.representclo.com/products/represent-x-47-mlb-mini-la-cap-vintage-blue: 429 Client Error: Too Many Requests for url: https://uk.representclo.com/products/represent-x-47-mlb-mini-la-cap-vintage-blue
2026-09-22 09:05:52,881 [ERROR] Failed to fetch product page https://uk.representclo.com/products/represent-x-47-mlb-mini-ny-cap-washed-navy: 429 Client Error: Too Many Requests for url: https://uk.representclo.com/products/represent-x-47-mlb-mini-ny-cap-washed-navy
2026-09-22 09:05:53,426 [ERROR] Failed to fetch product page https://uk.representclo.com/products/represent-x-47-mlb-mini-ny-plain-cap-washed-black: 429 Client Error: Too Many Requests for url: https://uk.representclo.com/products/represent-x-47-mlb-mini-ny-plain-cap-washed-black
2026-09-22 09:05:53,972 [ERROR] Failed to fetch product page https://uk.representclo.com/products/represent-x-47-mlb-ny-cap-washed-black: 429 Client Error: Too Many Requests for url: https://uk.representclo.com/products/represent-x-47-mlb-ny-cap-washed-black
2026-09-22 09:05:54,523 [ERROR] Failed to fetch product page https://uk.representclo.com/products/represent-x-47-mlb-ny-cap-washed-brown: 429 Client Error: Too Many Requests for url: https://uk.representclo.com/products/represent-x-47-mlb-ny-cap-washed-brown
2026-09-22 09:05:55,070 [ERROR] Failed to fetch product page https://uk.representclo.com/products/represent-x-47-nothing-tougher-cap-navy: 429 Client Error: Too Many Requests for url: https://uk.representclo.com/products/represent-x-47-nothing-tougher-cap-navy
2026-09-22 09:05:55,629 [ERROR] Failed to fetch product page https://uk.representclo.com/products/represent-x-47-owners-club-cap-buttercream: 429 Client Error: Too Many Requests for url: https://uk.representclo.com/products/represent-x-47-owners-club-cap-buttercream
2026-09-22 09:05:56,180 [ERROR] Failed to fetch product page https://uk.representclo.com/products/represent-x-47-owners-club-cap-faded-black: 429 Client Error: Too Many Requests for url: https://uk.representclo.com/products/represent-x-47-owners-club-cap-faded-black
2026-09-22 09:05:56,732 [ERROR] Failed to fetch product page https://uk.representclo.com/products/represent-x-47-resent-cap-washed-black: 429 Client Error: Too Many Requests for url: https://uk.representclo.com/products/represent-x-47-resent-cap-washed-black
2026-09-22 09:05:57,276 [ERROR] Failed to fetch product page https://uk.representclo.com/products/represent-x-beach-boys-americas-band-t-shirt-flat-white: 429 Client Error: Too Many Requests for url: https://uk.representclo.com/products/represent-x-beach-boys-americas-band-t-shirt-flat-white
2026-09-22 09:05:57,818 [ERROR] Failed to fetch product page https://uk.representclo.com/products/represent-x-beach-boys-endless-summer-t-shirt-stained-black: 429 Client Error: Too Many Requests for url: https://uk.representclo.com/products/represent-x-beach-boys-endless-summer-t-shirt-stained-black
2026-09-22 09:05:58,364 [ERROR] Failed to fetch product page https://uk.representclo.com/products/represent-x-beach-boys-endless-summer-x-47-cap-washed-black: 429 Client Error: Too Many Requests for url: https://uk.representclo.com/products/represent-x-beach-boys-endless-summer-x-47-cap-washed-black
2026-09-22 09:05:58,909 [ERROR] Failed to fetch product page https://uk.representclo.com/products/represent-x-beach-boys-pet-sounds-t-shirt-flat-white: 429 Client Error: Too Many Requests for url: https://uk.representclo.com/products/represent-x-beach-boys-pet-sounds-t-shirt-flat-white
2026-09-22 09:05:59,460 [ERROR] Failed to fetch product page https://uk.representclo.com/products/represent-x-beach-boys-pet-sounds-t-shirt-sunfade-grey: 429 Client Error: Too Many Requests for url: https://uk.representclo.com/products/represent-x-beach-boys-pet-sounds-t-shirt-sunfade-grey
2026-09-22 09:06:00,008 [ERROR] Failed to fetch product page https://uk.representclo.com/products/represent-x-beach-boys-script-t-shirt-blue-tie-dye: 429 Client Error: Too Many Requests for url: https://uk.representclo.com/products/represent-x-beach-boys-script-t-shirt-blue-tie-dye
2026-09-22 09:06:00,558 [ERROR] Failed to fetch product page https://uk.representclo.com/products/represent-x-beach-boys-tour-cap-washed-black: 429 Client Error: Too Many Requests for url: https://uk.representclo.com/products/represent-x-beach-boys-tour-cap-washed-black
2026-09-22 09:06:01,112 [ERROR] Failed to fetch product page https://uk.representclo.com/products/represent-x-beach-boys-tour-t-shirt-washed-ecru: 429 Client Error: Too Many Requests for url: https://uk.representclo.com/products/represent-x-beach-boys-tour-t-shirt-washed-ecru
2026-09-22 09:06:01,663 [ERROR] Failed to fetch product page https://uk.representclo.com/products/represent-x-beach-boys-tour-x-47-cap-bright-blue: 429 Client Error: Too Many Requests for url: https://uk.representclo.com/products/represent-x-beach-boys-tour-x-47-cap-bright-blue
2026-09-22 09:06:02,210 [ERROR] Failed to fetch product page https://uk.representclo.com/products/represent-x-belstaff-born-to-bike-hoodie-aged-black: 429 Client Error: Too Many Requests for url: https://uk.representclo.com/products/represent-x-belstaff-born-to-bike-hoodie-aged-black
2026-09-22 09:06:02,760 [ERROR] Failed to fetch product page https://uk.representclo.com/products/represent-x-belstaff-born-to-bike-t-shirt-aged-black: 429 Client Error: Too Many Requests for url: https://uk.representclo.com/products/represent-x-belstaff-born-to-bike-t-shirt-aged-black
2026-09-22 09:06:03,315 [ERROR] Failed to fetch product page https://uk.representclo.com/products/represent-x-belstaff-born-to-bike-t-shirt-flat-white: 429 Client Error: Too Many Requests for url: https://uk.representclo.com/products/represent-x-belstaff-born-to-bike-t-shirt-flat-white
2026-09-22 09:06:03,865 [ERROR] Failed to fetch product page https://uk.representclo.com/products/represent-x-belstaff-long-sleeve-racing-t-shirt-dark-grey: 429 Client Error: Too Many Requests for url: https://uk.representclo.com/products/represent-x-belstaff-long-sleeve-racing-t-shirt-dark-grey
2026-09-22 09:06:04,413 [ERROR] Failed to fetch product page https://uk.representclo.com/products/represent-x-belstaff-panelled-cap-charcoal: 429 Client Error: Too Many Requests for url: https://uk.representclo.com/products/represent-x-belstaff-panelled-cap-charcoal
2026-09-22 09:06:04,960 [ERROR] Failed to fetch product page https://uk.representclo.com/products/represent-x-belstaff-racing-hoodie-dark-grey: 429 Client Error: Too Many Requests for url: https://uk.representclo.com/products/represent-x-belstaff-racing-hoodie-dark-grey
2026-09-22 09:06:05,515 [ERROR] Failed to fetch product page https://uk.representclo.com/products/represent-x-guns-n-roses-cross-t-shirt-stained-black: 429 Client Error: Too Many Requests for url: https://uk.representclo.com/products/represent-x-guns-n-roses-cross-t-shirt-stained-black
2026-09-22 09:06:06,061 [ERROR] Failed to fetch product page https://uk.representclo.com/products/represent-x-guns-n-roses-cross-zip-through-hoodie-stained-black: 429 Client Error: Too Many Requests for url: https://uk.representclo.com/products/represent-x-guns-n-roses-cross-zip-through-hoodie-stained-black
2026-09-22 09:06:06,618 [ERROR] Failed to fetch product page https://uk.representclo.com/products/represent-x-guns-n-roses-lock-up-t-shirt-vintage-black: 429 Client Error: Too Many Requests for url: https://uk.representclo.com/products/represent-x-guns-n-roses-lock-up-t-shirt-vintage-black
2026-09-22 09:06:07,163 [ERROR] Failed to fetch product page https://uk.representclo.com/products/represent-x-guns-n-roses-pasadena-t-shirt-washed-ecru: 429 Client Error: Too Many Requests for url: https://uk.representclo.com/products/represent-x-guns-n-roses-pasadena-t-shirt-washed-ecru
2026-09-22 09:06:07,723 [ERROR] Failed to fetch product page https://uk.representclo.com/products/represent-x-guns-n-roses-revolver-t-shirt-flat-white: 429 Client Error: Too Many Requests for url: https://uk.representclo.com/products/represent-x-guns-n-roses-revolver-t-shirt-flat-white
2026-09-22 09:06:08,293 [ERROR] Failed to fetch product page https://uk.representclo.com/products/represent-x-iron-maiden-a-real-live-one-t-shirt-stained-brown: 429 Client Error: Too Many Requests for url: https://uk.representclo.com/products/represent-x-iron-maiden-a-real-live-one-t-shirt-stained-brown
2026-09-22 09:06:08,837 [ERROR] Failed to fetch product page https://uk.representclo.com/products/represent-x-iron-maiden-anniversary-t-shirt-stained-black: 429 Client Error: Too Many Requests for url: https://uk.representclo.com/products/represent-x-iron-maiden-anniversary-t-shirt-stained-black
2026-09-22 09:06:09,382 [ERROR] Failed to fetch product page https://uk.representclo.com/products/represent-x-iron-maiden-anniversary-t-shirt-washed-ecru: 429 Client Error: Too Many Requests for url: https://uk.representclo.com/products/represent-x-iron-maiden-anniversary-t-shirt-washed-ecru
2026-09-22 09:06:09,944 [ERROR] Failed to fetch product page https://uk.representclo.com/products/represent-x-iron-maiden-british-metal-t-shirt-stained-brown: 429 Client Error: Too Many Requests for url: https://uk.representclo.com/products/represent-x-iron-maiden-british-metal-t-shirt-stained-brown
2026-09-22 09:06:10,492 [ERROR] Failed to fetch product page https://uk.representclo.com/products/represent-x-iron-maiden-holy-smoke-t-shirt-sunfade-grey: 429 Client Error: Too Many Requests for url: https://uk.representclo.com/products/represent-x-iron-maiden-holy-smoke-t-shirt-sunfade-grey
2026-09-22 09:06:11,042 [ERROR] Failed to fetch product page https://uk.representclo.com/products/represent-x-iron-maiden-infinite-dreams-t-shirt-aged-black: 429 Client Error: Too Many Requests for url: https://uk.representclo.com/products/represent-x-iron-maiden-infinite-dreams-t-shirt-aged-black
2026-09-22 09:06:11,593 [ERROR] Failed to fetch product page https://uk.representclo.com/products/represent-x-iron-maiden-number-of-beast-t-shirt-sunfade-grey: 429 Client Error: Too Many Requests for url: https://uk.representclo.com/products/represent-x-iron-maiden-number-of-beast-t-shirt-sunfade-grey
2026-09-22 09:06:12,140 [ERROR] Failed to fetch product page https://uk.representclo.com/products/represent-x-iron-maiden-steed-hoodie-stained-black: 429 Client Error: Too Many Requests for url: https://uk.representclo.com/products/represent-x-iron-maiden-steed-hoodie-stained-black
2026-09-22 09:06:12,690 [ERROR] Failed to fetch product page https://uk.representclo.com/products/represent-x-iron-maiden-steed-t-shirt-flat-white: 429 Client Error: Too Many Requests for url: https://uk.representclo.com/products/represent-x-iron-maiden-steed-t-shirt-flat-white
2026-09-22 09:06:13,236 [ERROR] Failed to fetch product page https://uk.representclo.com/products/represent-x-iron-maiden-steed-t-shirt-stained-black: 429 Client Error: Too Many Requests for url: https://uk.representclo.com/products/represent-x-iron-maiden-steed-t-shirt-stained-black
2026-09-22 09:06:13,788 [ERROR] Failed to fetch product page https://uk.representclo.com/products/represent-x-mels-diner-realtree-x-47-cap-real-tree: 429 Client Error: Too Many Requests for url: https://uk.representclo.com/products/represent-x-mels-diner-realtree-x-47-cap-real-tree
2026-09-22 09:06:14,345 [ERROR] Failed to fetch product page https://uk.representclo.com/products/represent-x-mels-diner-t-shirt-flat-white: 429 Client Error: Too Many Requests for url: https://uk.representclo.com/products/represent-x-mels-diner-t-shirt-flat-white
2026-09-22 09:06:14,888 [ERROR] Failed to fetch product page https://uk.representclo.com/products/represent-x-mels-diner-t-shirt-jet-black: 429 Client Error: Too Many Requests for url: https://uk.representclo.com/products/represent-x-mels-diner-t-shirt-jet-black
2026-09-22 09:06:15,435 [ERROR] Failed to fetch product page https://uk.representclo.com/products/represent-x-mels-diner-x-47-cap-brown: 429 Client Error: Too Many Requests for url: https://uk.representclo.com/products/represent-x-mels-diner-x-47-cap-brown
2026-09-22 09:06:15,986 [ERROR] Failed to fetch product page https://uk.representclo.com/products/represent-x-metallica-local-crew-vest-flat-white: 429 Client Error: Too Many Requests for url: https://uk.representclo.com/products/represent-x-metallica-local-crew-vest-flat-white
2026-09-22 09:06:16,539 [ERROR] Failed to fetch product page https://uk.representclo.com/products/represent-x-metallica-local-crew-vest-jet-black: 429 Client Error: Too Many Requests for url: https://uk.representclo.com/products/represent-x-metallica-local-crew-vest-jet-black
2026-09-22 09:06:17,089 [ERROR] Failed to fetch product page https://uk.representclo.com/products/represent-x-oasis-maine-road-hoodie-washed-black: 429 Client Error: Too Many Requests for url: https://uk.representclo.com/products/represent-x-oasis-maine-road-hoodie-washed-black
2026-09-22 09:06:17,635 [ERROR] Failed to fetch product page https://uk.representclo.com/products/represent-x-oasis-owners-club-hoodie-stained-black: 429 Client Error: Too Many Requests for url: https://uk.representclo.com/products/represent-x-oasis-owners-club-hoodie-stained-black
2026-09-22 09:06:18,199 [ERROR] Failed to fetch product page https://uk.representclo.com/products/represent-x-oasis-owners-club-t-shirt-flat-white: 429 Client Error: Too Many Requests for url: https://uk.representclo.com/products/represent-x-oasis-owners-club-t-shirt-flat-white
2026-09-22 09:06:18,755 [ERROR] Failed to fetch product page https://uk.representclo.com/products/represent-x-oasis-owners-club-t-shirt-stained-black: 429 Client Error: Too Many Requests for url: https://uk.representclo.com/products/represent-x-oasis-owners-club-t-shirt-stained-black
2026-09-22 09:06:19,304 [ERROR] Failed to fetch product page https://uk.representclo.com/products/represent-x-puma-baseball-cap-puma-black: 429 Client Error: Too Many Requests for url: https://uk.representclo.com/products/represent-x-puma-baseball-cap-puma-black
2026-09-22 09:06:19,847 [ERROR] Failed to fetch product page https://uk.representclo.com/products/represent-x-puma-sling-bag-puma-black: 429 Client Error: Too Many Requests for url: https://uk.representclo.com/products/represent-x-puma-sling-bag-puma-black
2026-09-22 09:06:20,393 [ERROR] Failed to fetch product page https://uk.representclo.com/products/represent-x-the-viper-room-dice-hoodie-vintage-grey: 429 Client Error: Too Many Requests for url: https://uk.representclo.com/products/represent-x-the-viper-room-dice-hoodie-vintage-grey
2026-09-22 09:06:20,938 [ERROR] Failed to fetch product page https://uk.representclo.com/products/represent-x-the-viper-room-dice-t-shirt-flat-white: 429 Client Error: Too Many Requests for url: https://uk.representclo.com/products/represent-x-the-viper-room-dice-t-shirt-flat-white
2026-09-22 09:06:21,484 [ERROR] Failed to fetch product page https://uk.representclo.com/products/represent-x-the-viper-room-dice-t-shirt-vintage-grey: 429 Client Error: Too Many Requests for url: https://uk.representclo.com/products/represent-x-the-viper-room-dice-t-shirt-vintage-grey
2026-09-22 09:06:22,027 [ERROR] Failed to fetch product page https://uk.representclo.com/products/represent-x-the-viper-room-glow-t-shirt-vintage-black: 429 Client Error: Too Many Requests for url: https://uk.representclo.com/products/represent-x-the-viper-room-glow-t-shirt-vintage-black
2026-09-22 09:06:22,579 [ERROR] Failed to fetch product page https://uk.representclo.com/products/represent-x-viper-room-x-47-cap-washed-black: 429 Client Error: Too Many Requests for url: https://uk.representclo.com/products/represent-x-viper-room-x-47-cap-washed-black
2026-09-22 09:06:23,124 [ERROR] Failed to fetch product page https://uk.representclo.com/products/reptor-low-black-vintage-white: 429 Client Error: Too Many Requests for url: https://uk.representclo.com/products/reptor-low-black-vintage-white
2026-09-22 09:06:23,678 [ERROR] Failed to fetch product page https://uk.representclo.com/products/resent-hoodie-ash: 429 Client Error: Too Many Requests for url: https://uk.representclo.com/products/resent-hoodie-ash
2026-09-22 09:06:24,225 [ERROR] Failed to fetch product page https://uk.representclo.com/products/resent-plaid-shirt-dark-green: 429 Client Error: Too Many Requests for url: https://uk.representclo.com/products/resent-plaid-shirt-dark-green
2026-09-22 09:06:24,772 [ERROR] Failed to fetch product page https://uk.representclo.com/products/resent-t-shirt-ash: 429 Client Error: Too Many Requests for url: https://uk.representclo.com/products/resent-t-shirt-ash
2026-09-22 09:06:25,331 [ERROR] Failed to fetch product page https://uk.representclo.com/products/retro-football-long-sleeve-t-shirt-shell: 429 Client Error: Too Many Requests for url: https://uk.representclo.com/products/retro-football-long-sleeve-t-shirt-shell
2026-09-22 09:06:25,876 [ERROR] Failed to fetch product page https://uk.representclo.com/products/revere-manor-t-shirt-aged-white: 429 Client Error: Too Many Requests for url: https://uk.representclo.com/products/revere-manor-t-shirt-aged-white
2026-09-22 09:06:26,420 [ERROR] Failed to fetch product page https://uk.representclo.com/products/revere-manor-t-shirt-stained-black: 429 Client Error: Too Many Requests for url: https://uk.representclo.com/products/revere-manor-t-shirt-stained-black
2026-09-22 09:06:26,965 [ERROR] Failed to fetch product page https://uk.representclo.com/products/reverse-resent-t-shirt-flat-white: 429 Client Error: Too Many Requests for url: https://uk.representclo.com/products/reverse-resent-t-shirt-flat-white
2026-09-22 09:06:27,515 [ERROR] Failed to fetch product page https://uk.representclo.com/products/reversible-living-legacy-tour-long-sleeve-t-shirt-sun-fade-grey: 429 Client Error: Too Many Requests for url: https://uk.representclo.com/products/reversible-living-legacy-tour-long-sleeve-t-shirt-sun-fade-grey
2026-09-22 09:06:28,063 [ERROR] Failed to fetch product page https://uk.representclo.com/products/reversible-living-legacy-tour-t-shirt-flat-white: 429 Client Error: Too Many Requests for url: https://uk.representclo.com/products/reversible-living-legacy-tour-t-shirt-flat-white
2026-09-22 09:06:28,613 [ERROR] Failed to fetch product page https://uk.representclo.com/products/reversible-living-legacy-tour-t-shirt-nero: 429 Client Error: Too Many Requests for url: https://uk.representclo.com/products/reversible-living-legacy-tour-t-shirt-nero
2026-09-22 09:06:29,159 [ERROR] Failed to fetch product page https://uk.representclo.com/products/riot-puffer-black: 429 Client Error: Too Many Requests for url: https://uk.representclo.com/products/riot-puffer-black
2026-09-22 09:06:29,706 [ERROR] Failed to fetch product page https://uk.representclo.com/products/riot-puffer-khaki: 429 Client Error: Too Many Requests for url: https://uk.representclo.com/products/riot-puffer-khaki
2026-09-22 09:06:30,253 [ERROR] Failed to fetch product page https://uk.representclo.com/products/rodeo-belt-jet-black: 429 Client Error: Too Many Requests for url: https://uk.representclo.com/products/rodeo-belt-jet-black
2026-09-22 09:06:30,802 [ERROR] Failed to fetch product page https://uk.representclo.com/products/romance-hoodie-vintage-black: 429 Client Error: Too Many Requests for url: https://uk.representclo.com/products/romance-hoodie-vintage-black
2026-09-22 09:06:31,351 [ERROR] Failed to fetch product page https://uk.representclo.com/products/romance-t-shirt-vintage-black: 429 Client Error: Too Many Requests for url: https://uk.representclo.com/products/romance-t-shirt-vintage-black
2026-09-22 09:06:31,898 [ERROR] Failed to fetch product page https://uk.representclo.com/products/santa-monica-x-47-cap-light-blue: 429 Client Error: Too Many Requests for url: https://uk.representclo.com/products/santa-monica-x-47-cap-light-blue
2026-09-22 09:06:32,451 [ERROR] Failed to fetch product page https://uk.representclo.com/products/serif-logo-t-shirt-flat-white: 429 Client Error: Too Many Requests for url: https://uk.representclo.com/products/serif-logo-t-shirt-flat-white
2026-09-22 09:06:32,997 [ERROR] Failed to fetch product page https://uk.representclo.com/products/shadow-247-x-research-studio-eyewear-sunglasses-jet-black: 429 Client Error: Too Many Requests for url: https://uk.representclo.com/products/shadow-247-x-research-studio-eyewear-sunglasses-jet-black
2026-09-22 09:06:33,550 [ERROR] Failed to fetch product page https://uk.representclo.com/products/shark-jaws-t-shirt-flat-white: 429 Client Error: Too Many Requests for url: https://uk.representclo.com/products/shark-jaws-t-shirt-flat-white
2026-09-22 09:06:34,096 [ERROR] Failed to fetch product page https://uk.representclo.com/products/shark-jaws-t-shirt-off-black: 429 Client Error: Too Many Requests for url: https://uk.representclo.com/products/shark-jaws-t-shirt-off-black
2026-09-22 09:06:34,644 [ERROR] Failed to fetch product page https://uk.representclo.com/products/shark-jaws-t-shirt-vintage-grey: 429 Client Error: Too Many Requests for url: https://uk.representclo.com/products/shark-jaws-t-shirt-vintage-grey
2026-09-22 09:06:35,189 [ERROR] Failed to fetch product page https://uk.representclo.com/products/slim-aviator-sunglasses-silver-brown: 429 Client Error: Too Many Requests for url: https://uk.representclo.com/products/slim-aviator-sunglasses-silver-brown
2026-09-22 09:06:35,738 [ERROR] Failed to fetch product page https://uk.representclo.com/products/slim-aviator-sunglasses-silver-matcha: 429 Client Error: Too Many Requests for url: https://uk.representclo.com/products/slim-aviator-sunglasses-silver-matcha
2026-09-22 09:06:36,284 [ERROR] Failed to fetch product page https://uk.representclo.com/products/slub-knit-sock-dark-taupe: 429 Client Error: Too Many Requests for url: https://uk.representclo.com/products/slub-knit-sock-dark-taupe
2026-09-22 09:06:36,838 [ERROR] Failed to fetch product page https://uk.representclo.com/products/slub-knit-sock-grey: 429 Client Error: Too Many Requests for url: https://uk.representclo.com/products/slub-knit-sock-grey
2026-09-22 09:06:37,386 [ERROR] Failed to fetch product page https://uk.representclo.com/products/slub-script-t-shirt-ice-blue: 429 Client Error: Too Many Requests for url: https://uk.representclo.com/products/slub-script-t-shirt-ice-blue
2026-09-22 09:06:37,956 [ERROR] Failed to fetch product page https://uk.representclo.com/products/spike-jersey-flat-white: 429 Client Error: Too Many Requests for url: https://uk.representclo.com/products/spike-jersey-flat-white
2026-09-22 09:06:38,505 [ERROR] Failed to fetch product page https://uk.representclo.com/products/spirits-of-summer-t-shirt-sunrise: 429 Client Error: Too Many Requests for url: https://uk.representclo.com/products/spirits-of-summer-t-shirt-sunrise
2026-09-22 09:06:39,050 [ERROR] Failed to fetch product page https://uk.representclo.com/products/star-jersey-jet-black: 429 Client Error: Too Many Requests for url: https://uk.representclo.com/products/star-jersey-jet-black
2026-09-22 09:06:39,593 [ERROR] Failed to fetch product page https://uk.representclo.com/products/star-long-sleeve-jersey-jet-black: 429 Client Error: Too Many Requests for url: https://uk.representclo.com/products/star-long-sleeve-jersey-jet-black
2026-09-22 09:06:40,141 [ERROR] Failed to fetch product page https://uk.representclo.com/products/stepped-hem-hoodie-oat: 429 Client Error: Too Many Requests for url: https://uk.representclo.com/products/stepped-hem-hoodie-oat
2026-09-22 09:06:40,692 [ERROR] Failed to fetch product page https://uk.representclo.com/products/stepped-hem-hoodie-stained-black: 429 Client Error: Too Many Requests for url: https://uk.representclo.com/products/stepped-hem-hoodie-stained-black
2026-09-22 09:06:41,237 [ERROR] Failed to fetch product page https://uk.representclo.com/products/storm-torn-flat-white-silver: 429 Client Error: Too Many Requests for url: https://uk.representclo.com/products/storm-torn-flat-white-silver
2026-09-22 09:06:41,790 [ERROR] Failed to fetch product page https://uk.representclo.com/products/storms-in-heaven-hoodie-black: 429 Client Error: Too Many Requests for url: https://uk.representclo.com/products/storms-in-heaven-hoodie-black
2026-09-22 09:06:42,337 [ERROR] Failed to fetch product page https://uk.representclo.com/products/storms-in-heaven-t-shirt-black: 429 Client Error: Too Many Requests for url: https://uk.representclo.com/products/storms-in-heaven-t-shirt-black
2026-09-22 09:06:42,887 [ERROR] Failed to fetch product page https://uk.representclo.com/products/storms-in-heaven-t-shirt-flat-white: 429 Client Error: Too Many Requests for url: https://uk.representclo.com/products/storms-in-heaven-t-shirt-flat-white
2026-09-22 09:06:43,433 [ERROR] Failed to fetch product page https://uk.representclo.com/products/studio-sneaker-white-grey: 429 Client Error: Too Many Requests for url: https://uk.representclo.com/products/studio-sneaker-white-grey
2026-09-22 09:06:43,979 [ERROR] Failed to fetch product page https://uk.representclo.com/products/suede-leather-tote-bag-brown: 429 Client Error: Too Many Requests for url: https://uk.representclo.com/products/suede-leather-tote-bag-brown
2026-09-22 09:06:44,535 [ERROR] Failed to fetch product page https://uk.representclo.com/products/suede-watch-strap-jet-black: 429 Client Error: Too Many Requests for url: https://uk.representclo.com/products/suede-watch-strap-jet-black
2026-09-22 09:06:45,096 [ERROR] Failed to fetch product page https://uk.representclo.com/products/sunglasses-crossbody-bag-jet-black: 429 Client Error: Too Many Requests for url: https://uk.representclo.com/products/sunglasses-crossbody-bag-jet-black
2026-09-22 09:06:45,644 [ERROR] Failed to fetch product page https://uk.representclo.com/products/team-247-2-in-1-shorts-black: 429 Client Error: Too Many Requests for url: https://uk.representclo.com/products/team-247-2-in-1-shorts-black
2026-09-22 09:06:46,191 [ERROR] Failed to fetch product page https://uk.representclo.com/products/team-247-arm-warmers-black: 429 Client Error: Too Many Requests for url: https://uk.representclo.com/products/team-247-arm-warmers-black
2026-09-22 09:06:46,737 [ERROR] Failed to fetch product page https://uk.representclo.com/products/team-247-chest-rig-black: 429 Client Error: Too Many Requests for url: https://uk.representclo.com/products/team-247-chest-rig-black
2026-09-22 09:06:47,285 [ERROR] Failed to fetch product page https://uk.representclo.com/products/team-247-chest-rig-terrain: 429 Client Error: Too Many Requests for url: https://uk.representclo.com/products/team-247-chest-rig-terrain
2026-09-22 09:06:47,833 [ERROR] Failed to fetch product page https://uk.representclo.com/products/team-247-fused-short-graphene: 429 Client Error: Too Many Requests for url: https://uk.representclo.com/products/team-247-fused-short-graphene
2026-09-22 09:06:48,386 [ERROR] Failed to fetch product page https://uk.representclo.com/products/team-247-fused-shorts-black: 429 Client Error: Too Many Requests for url: https://uk.representclo.com/products/team-247-fused-shorts-black
2026-09-22 09:06:48,936 [ERROR] Failed to fetch product page https://uk.representclo.com/products/team-247-half-tight-black: 429 Client Error: Too Many Requests for url: https://uk.representclo.com/products/team-247-half-tight-black
2026-09-22 09:06:49,484 [ERROR] Failed to fetch product page https://uk.representclo.com/products/team-247-headband-black: 429 Client Error: Too Many Requests for url: https://uk.representclo.com/products/team-247-headband-black
2026-09-22 09:06:50,031 [ERROR] Failed to fetch product page https://uk.representclo.com/products/team-247-insulated-jacket-black: 429 Client Error: Too Many Requests for url: https://uk.representclo.com/products/team-247-insulated-jacket-black
2026-09-22 09:06:50,582 [ERROR] Failed to fetch product page https://uk.representclo.com/products/team-247-oversized-hoodie-ash-grey: 429 Client Error: Too Many Requests for url: https://uk.representclo.com/products/team-247-oversized-hoodie-ash-grey
2026-09-22 09:06:51,134 [ERROR] Failed to fetch product page https://uk.representclo.com/products/team-247-oversized-hoodie-graphene: 429 Client Error: Too Many Requests for url: https://uk.representclo.com/products/team-247-oversized-hoodie-graphene
2026-09-22 09:06:51,679 [ERROR] Failed to fetch product page https://uk.representclo.com/products/team-247-oversized-hoodie-jet-black: 429 Client Error: Too Many Requests for url: https://uk.representclo.com/products/team-247-oversized-hoodie-jet-black
2026-09-22 09:06:52,223 [ERROR] Failed to fetch product page https://uk.representclo.com/products/team-247-oversized-t-shirt-ash-grey-black: 429 Client Error: Too Many Requests for url: https://uk.representclo.com/products/team-247-oversized-t-shirt-ash-grey-black
2026-09-22 09:06:52,768 [ERROR] Failed to fetch product page https://uk.representclo.com/products/team-247-oversized-t-shirt-clay: 429 Client Error: Too Many Requests for url: https://uk.representclo.com/products/team-247-oversized-t-shirt-clay
2026-09-22 09:06:53,313 [ERROR] Failed to fetch product page https://uk.representclo.com/products/team-247-oversized-t-shirt-cream-ss26: 429 Client Error: Too Many Requests for url: https://uk.representclo.com/products/team-247-oversized-t-shirt-cream-ss26
2026-09-22 09:06:53,860 [ERROR] Failed to fetch product page https://uk.representclo.com/products/team-247-oversized-t-shirt-flat-white: 429 Client Error: Too Many Requests for url: https://uk.representclo.com/products/team-247-oversized-t-shirt-flat-white
2026-09-22 09:06:54,411 [ERROR] Failed to fetch product page https://uk.representclo.com/products/team-247-oversized-t-shirt-glacier: 429 Client Error: Too Many Requests for url: https://uk.representclo.com/products/team-247-oversized-t-shirt-glacier
2026-09-22 09:06:54,972 [ERROR] Failed to fetch product page https://uk.representclo.com/products/team-247-oversized-t-shirt-graphene: 429 Client Error: Too Many Requests for url: https://uk.representclo.com/products/team-247-oversized-t-shirt-graphene
2026-09-22 09:06:55,516 [ERROR] Failed to fetch product page https://uk.representclo.com/products/team-247-oversized-t-shirt-jet-black: 429 Client Error: Too Many Requests for url: https://uk.representclo.com/products/team-247-oversized-t-shirt-jet-black
2026-09-22 09:06:56,062 [ERROR] Failed to fetch product page https://uk.representclo.com/products/team-247-oversized-tank-ash-grey: 429 Client Error: Too Many Requests for url: https://uk.representclo.com/products/team-247-oversized-tank-ash-grey
2026-09-22 09:06:56,608 [ERROR] Failed to fetch product page https://uk.representclo.com/products/team-247-oversized-tank-clay: 429 Client Error: Too Many Requests for url: https://uk.representclo.com/products/team-247-oversized-tank-clay
2026-09-22 09:06:57,164 [ERROR] Failed to fetch product page https://uk.representclo.com/products/team-247-oversized-tank-cream-ss26: 429 Client Error: Too Many Requests for url: https://uk.representclo.com/products/team-247-oversized-tank-cream-ss26
2026-09-22 09:06:57,709 [ERROR] Failed to fetch product page https://uk.representclo.com/products/team-247-oversized-tank-fern: 429 Client Error: Too Many Requests for url: https://uk.representclo.com/products/team-247-oversized-tank-fern
2026-09-22 09:06:58,252 [ERROR] Failed to fetch product page https://uk.representclo.com/products/team-247-oversized-tank-flat-white: 429 Client Error: Too Many Requests for url: https://uk.representclo.com/products/team-247-oversized-tank-flat-white
2026-09-22 09:06:58,798 [ERROR] Failed to fetch product page https://uk.representclo.com/products/team-247-oversized-tank-glacier: 429 Client Error: Too Many Requests for url: https://uk.representclo.com/products/team-247-oversized-tank-glacier
2026-09-22 09:06:59,345 [ERROR] Failed to fetch product page https://uk.representclo.com/products/team-247-oversized-tank-jet-black: 429 Client Error: Too Many Requests for url: https://uk.representclo.com/products/team-247-oversized-tank-jet-black
2026-09-22 09:06:59,892 [ERROR] Failed to fetch product page https://uk.representclo.com/products/team-247-star-tank-flat-white: 429 Client Error: Too Many Requests for url: https://uk.representclo.com/products/team-247-star-tank-flat-white
2026-09-22 09:07:00,440 [ERROR] Failed to fetch product page https://uk.representclo.com/products/team-247-star-tank-racing-red: 429 Client Error: Too Many Requests for url: https://uk.representclo.com/products/team-247-star-tank-racing-red
2026-09-22 09:07:00,994 [ERROR] Failed to fetch product page https://uk.representclo.com/products/team-247-sweatpant-black: 429 Client Error: Too Many Requests for url: https://uk.representclo.com/products/team-247-sweatpant-black
2026-09-22 09:07:01,540 [ERROR] Failed to fetch product page https://uk.representclo.com/products/team-247-track-jacket-jet-black: 429 Client Error: Too Many Requests for url: https://uk.representclo.com/products/team-247-track-jacket-jet-black
2026-09-22 09:07:02,085 [ERROR] Failed to fetch product page https://uk.representclo.com/products/team-247-training-pant-black: 429 Client Error: Too Many Requests for url: https://uk.representclo.com/products/team-247-training-pant-black
2026-09-22 09:07:02,635 [ERROR] Failed to fetch product page https://uk.representclo.com/products/team-247-x-47-trucker-cap-fern: 429 Client Error: Too Many Requests for url: https://uk.representclo.com/products/team-247-x-47-trucker-cap-fern
2026-09-22 09:07:03,181 [ERROR] Failed to fetch product page https://uk.representclo.com/products/team-247-x-47-trucker-cap-graphene: 429 Client Error: Too Many Requests for url: https://uk.representclo.com/products/team-247-x-47-trucker-cap-graphene
2026-09-22 09:07:03,732 [ERROR] Failed to fetch product page https://uk.representclo.com/products/team-247-x-47-trucker-cap-jet-black: 429 Client Error: Too Many Requests for url: https://uk.representclo.com/products/team-247-x-47-trucker-cap-jet-black
2026-09-22 09:07:04,278 [ERROR] Failed to fetch product page https://uk.representclo.com/products/textured-borg-hoodie-jet-black: 429 Client Error: Too Many Requests for url: https://uk.representclo.com/products/textured-borg-hoodie-jet-black
2026-09-22 09:07:04,823 [ERROR] Failed to fetch product page https://uk.representclo.com/products/the-american-dream-tour-hoodie-sun-fade-grey: 429 Client Error: Too Many Requests for url: https://uk.representclo.com/products/the-american-dream-tour-hoodie-sun-fade-grey
2026-09-22 09:07:05,367 [ERROR] Failed to fetch product page https://uk.representclo.com/products/the-work-jacket-black: 429 Client Error: Too Many Requests for url: https://uk.representclo.com/products/the-work-jacket-black
2026-09-22 09:07:05,915 [ERROR] Failed to fetch product page https://uk.representclo.com/products/thoroughbred-hoodie-vintage-black: 429 Client Error: Too Many Requests for url: https://uk.representclo.com/products/thoroughbred-hoodie-vintage-black
2026-09-22 09:07:06,462 [ERROR] Failed to fetch product page https://uk.representclo.com/products/thoroughbred-jersey-english-rose: 429 Client Error: Too Many Requests for url: https://uk.representclo.com/products/thoroughbred-jersey-english-rose
2026-09-22 09:07:07,008 [ERROR] Failed to fetch product page https://uk.representclo.com/products/thoroughbred-jersey-washed-black: 429 Client Error: Too Many Requests for url: https://uk.representclo.com/products/thoroughbred-jersey-washed-black
2026-09-22 09:07:07,566 [ERROR] Failed to fetch product page https://uk.representclo.com/products/thoroughbred-t-shirt-vintage-black: 429 Client Error: Too Many Requests for url: https://uk.representclo.com/products/thoroughbred-t-shirt-vintage-black
2026-09-22 09:07:08,112 [ERROR] Failed to fetch product page https://uk.representclo.com/products/thoroughbred-t-shirt-vintage-white: 429 Client Error: Too Many Requests for url: https://uk.representclo.com/products/thoroughbred-t-shirt-vintage-white
2026-09-22 09:07:08,663 [ERROR] Failed to fetch product page https://uk.representclo.com/products/three-dogs-jersey-jet-black: 429 Client Error: Too Many Requests for url: https://uk.representclo.com/products/three-dogs-jersey-jet-black
2026-09-22 09:07:09,210 [ERROR] Failed to fetch product page https://uk.representclo.com/products/three-dogs-jersey-mid-brown: 429 Client Error: Too Many Requests for url: https://uk.representclo.com/products/three-dogs-jersey-mid-brown
2026-09-22 09:07:09,762 [ERROR] Failed to fetch product page https://uk.representclo.com/products/track-star-pant-jet-black: 429 Client Error: Too Many Requests for url: https://uk.representclo.com/products/track-star-pant-jet-black
2026-09-22 09:07:10,316 [ERROR] Failed to fetch product page https://uk.representclo.com/products/trucker-jacket-authentic-blue: 429 Client Error: Too Many Requests for url: https://uk.representclo.com/products/trucker-jacket-authentic-blue
2026-09-22 09:07:10,863 [ERROR] Failed to fetch product page https://uk.representclo.com/products/vandal-sweater-tobacco: 429 Client Error: Too Many Requests for url: https://uk.representclo.com/products/vandal-sweater-tobacco
2026-09-22 09:07:11,405 [ERROR] Failed to fetch product page https://uk.representclo.com/products/virtus-off-black: 429 Client Error: Too Many Requests for url: https://uk.representclo.com/products/virtus-off-black
2026-09-22 09:07:11,950 [ERROR] Failed to fetch product page https://uk.representclo.com/products/waffle-beanie-vintage-black: 429 Client Error: Too Many Requests for url: https://uk.representclo.com/products/waffle-beanie-vintage-black
2026-09-22 09:07:12,496 [ERROR] Failed to fetch product page https://uk.representclo.com/products/waffle-beanie-vintage-falcon: 429 Client Error: Too Many Requests for url: https://uk.representclo.com/products/waffle-beanie-vintage-falcon
2026-09-22 09:07:13,043 [ERROR] Failed to fetch product page https://uk.representclo.com/products/waffle-shorts-black: 429 Client Error: Too Many Requests for url: https://uk.representclo.com/products/waffle-shorts-black
2026-09-22 09:07:13,586 [ERROR] Failed to fetch product page https://uk.representclo.com/products/waffle-t-shirt-flat-white: 429 Client Error: Too Many Requests for url: https://uk.representclo.com/products/waffle-t-shirt-flat-white
2026-09-22 09:07:14,137 [ERROR] Failed to fetch product page https://uk.representclo.com/products/waffle-t-shirt-jet-black-1: 429 Client Error: Too Many Requests for url: https://uk.representclo.com/products/waffle-t-shirt-jet-black-1
2026-09-22 09:07:14,680 [ERROR] Failed to fetch product page https://uk.representclo.com/products/weekend-bag-black: 429 Client Error: Too Many Requests for url: https://uk.representclo.com/products/weekend-bag-black
2026-09-22 09:07:15,232 [ERROR] Failed to fetch product page https://uk.representclo.com/products/western-initial-t-shirt-flat-white: 429 Client Error: Too Many Requests for url: https://uk.representclo.com/products/western-initial-t-shirt-flat-white
2026-09-22 09:07:15,783 [ERROR] Failed to fetch product page https://uk.representclo.com/products/western-initial-t-shirt-mountain-blue: 429 Client Error: Too Many Requests for url: https://uk.representclo.com/products/western-initial-t-shirt-mountain-blue
2026-09-22 09:07:16,328 [ERROR] Failed to fetch product page https://uk.representclo.com/products/westside-t-shirt-flat-white: 429 Client Error: Too Many Requests for url: https://uk.representclo.com/products/westside-t-shirt-flat-white
2026-09-22 09:07:16,874 [ERROR] Failed to fetch product page https://uk.representclo.com/products/westside-t-shirt-stained-black: 429 Client Error: Too Many Requests for url: https://uk.representclo.com/products/westside-t-shirt-stained-black
2026-09-22 09:07:17,422 [ERROR] Failed to fetch product page https://uk.representclo.com/products/world-championship-hoodie-stained-black: 429 Client Error: Too Many Requests for url: https://uk.representclo.com/products/world-championship-hoodie-stained-black
2026-09-22 09:07:17,967 [ERROR] Failed to fetch product page https://uk.representclo.com/products/world-championship-t-shirt-stained-black: 429 Client Error: Too Many Requests for url: https://uk.representclo.com/products/world-championship-t-shirt-stained-black
2026-09-22 09:07:18,487 [INFO] Saved 0 rows to outputs/Чудокаталог - 22.09.2026.csv
2026-09-22 09:07:18,493 [INFO] Excel report saved to outputs/Чудокаталог - 22.09.2026.xlsx
2026-09-22 09:07:18,493 [INFO] Done. Saved 0 rows to outputs/Чудокаталог - 22.09.2026.csv and outputs/Чудокаталог - 22.09.2026.xlsx
