2026-09-08 08:35:42,135 [INFO] Catalog: 'Чудокаталог' — Date: 08.09.2026
2026-09-08 08:35:42,135 [INFO] Output file: outputs/Чудокаталог - 08.09.2026.xlsx
2026-09-08 08:35:42,135 [INFO] URL source: TARGET.txt
2026-09-08 08:35:42,135 [INFO] Collection URL(s) to scrape: ['https://uk.representclo.com/collections/all']
2026-09-08 08:35:42,135 [INFO] Collecting product URLs...
2026-09-08 08:35:44,417 [INFO] Page 1: found 66 new product URLs (total 66)
2026-09-08 08:35:46,943 [INFO] Page 2: found 58 new product URLs (total 124)
2026-09-08 08:35:50,374 [INFO] Page 3: found 59 new product URLs (total 183)
2026-09-08 08:35:53,987 [INFO] Page 4: found 60 new product URLs (total 243)
2026-09-08 08:35:57,453 [INFO] Page 5: found 60 new product URLs (total 303)
2026-09-08 08:36:00,388 [INFO] Page 6: found 58 new product URLs (total 361)
2026-09-08 08:36:03,251 [INFO] Page 7: found 60 new product URLs (total 421)
2026-09-08 08:36:05,822 [INFO] Page 8: found 59 new product URLs (total 480)
2026-09-08 08:36:08,672 [INFO] Page 9: found 59 new product URLs (total 539)
2026-09-08 08:36:12,374 [INFO] Page 10: found 60 new product URLs (total 599)
2026-09-08 08:36:16,073 [WARNING] Failed to fetch collection page https://uk.representclo.com/collections/all?page=11: 500 Server Error: Internal Server Error for url: https://uk.representclo.com/collections/all?page=11
2026-09-08 08:36:16,075 [INFO] Found 599 unique product URLs
2026-09-08 08:36:16,155 [ERROR] Failed to fetch product page https://uk.representclo.com/products/247-aero-shorts-graphene: 429 Client Error: Too Many Requests for url: https://uk.representclo.com/products/247-aero-shorts-graphene
2026-09-08 08:36:16,713 [ERROR] Failed to fetch product page https://uk.representclo.com/products/247-aero-shorts-jet-black: 429 Client Error: Too Many Requests for url: https://uk.representclo.com/products/247-aero-shorts-jet-black
2026-09-08 08:36:17,261 [ERROR] Failed to fetch product page https://uk.representclo.com/products/247-apple-watch-strap-black-reflective: 429 Client Error: Too Many Requests for url: https://uk.representclo.com/products/247-apple-watch-strap-black-reflective
2026-09-08 08:36:17,808 [ERROR] Failed to fetch product page https://uk.representclo.com/products/247-arc-1-runner-black: 429 Client Error: Too Many Requests for url: https://uk.representclo.com/products/247-arc-1-runner-black
2026-09-08 08:36:18,358 [ERROR] Failed to fetch product page https://uk.representclo.com/products/247-arc-1-runner-flat-white: 429 Client Error: Too Many Requests for url: https://uk.representclo.com/products/247-arc-1-runner-flat-white
2026-09-08 08:36:18,926 [ERROR] Failed to fetch product page https://uk.representclo.com/products/247-arc-4-race-sock-jet-black: 429 Client Error: Too Many Requests for url: https://uk.representclo.com/products/247-arc-4-race-sock-jet-black
2026-09-08 08:36:19,471 [ERROR] Failed to fetch product page https://uk.representclo.com/products/247-balaclava-black: 429 Client Error: Too Many Requests for url: https://uk.representclo.com/products/247-balaclava-black
2026-09-08 08:36:20,020 [ERROR] Failed to fetch product page https://uk.representclo.com/products/247-berlin-bag-black: 429 Client Error: Too Many Requests for url: https://uk.representclo.com/products/247-berlin-bag-black
2026-09-08 08:36:20,577 [ERROR] Failed to fetch product page https://uk.representclo.com/products/247-berlin-hoodie-black-purple: 429 Client Error: Too Many Requests for url: https://uk.representclo.com/products/247-berlin-hoodie-black-purple
2026-09-08 08:36:21,148 [ERROR] Failed to fetch product page https://uk.representclo.com/products/247-berlin-singlet-purple: 429 Client Error: Too Many Requests for url: https://uk.representclo.com/products/247-berlin-singlet-purple
2026-09-08 08:36:21,728 [ERROR] Failed to fetch product page https://uk.representclo.com/products/247-berlin-t-shirt-purple: 429 Client Error: Too Many Requests for url: https://uk.representclo.com/products/247-berlin-t-shirt-purple
2026-09-08 08:36:22,278 [ERROR] Failed to fetch product page https://uk.representclo.com/products/247-bottle-xl-smoke: 429 Client Error: Too Many Requests for url: https://uk.representclo.com/products/247-bottle-xl-smoke
2026-09-08 08:36:22,824 [ERROR] Failed to fetch product page https://uk.representclo.com/products/247-compound-long-sleeve-t-shirt-black: 429 Client Error: Too Many Requests for url: https://uk.representclo.com/products/247-compound-long-sleeve-t-shirt-black
2026-09-08 08:36:23,380 [ERROR] Failed to fetch product page https://uk.representclo.com/products/247-compound-t-shirt-black: 429 Client Error: Too Many Requests for url: https://uk.representclo.com/products/247-compound-t-shirt-black
2026-09-08 08:36:23,928 [ERROR] Failed to fetch product page https://uk.representclo.com/products/247-contour-run-t-shirt-pebble: 429 Client Error: Too Many Requests for url: https://uk.representclo.com/products/247-contour-run-t-shirt-pebble
2026-09-08 08:36:24,490 [ERROR] Failed to fetch product page https://uk.representclo.com/products/247-contour-run-t-shirt-titanium: 429 Client Error: Too Many Requests for url: https://uk.representclo.com/products/247-contour-run-t-shirt-titanium
2026-09-08 08:36:25,034 [ERROR] Failed to fetch product page https://uk.representclo.com/products/247-contour-run-tank-pebble: 429 Client Error: Too Many Requests for url: https://uk.representclo.com/products/247-contour-run-tank-pebble
2026-09-08 08:36:25,582 [ERROR] Failed to fetch product page https://uk.representclo.com/products/247-crossbody-bag-black: 429 Client Error: Too Many Requests for url: https://uk.representclo.com/products/247-crossbody-bag-black
2026-09-08 08:36:26,131 [ERROR] Failed to fetch product page https://uk.representclo.com/products/247-dna-graphic-t-shirt-flat-white: 429 Client Error: Too Many Requests for url: https://uk.representclo.com/products/247-dna-graphic-t-shirt-flat-white
2026-09-08 08:36:26,687 [ERROR] Failed to fetch product page https://uk.representclo.com/products/247-dna-graphic-t-shirt-flat-white-26: 429 Client Error: Too Many Requests for url: https://uk.representclo.com/products/247-dna-graphic-t-shirt-flat-white-26
2026-09-08 08:36:27,234 [ERROR] Failed to fetch product page https://uk.representclo.com/products/247-dna-graphic-t-shirt-graphene-26: 429 Client Error: Too Many Requests for url: https://uk.representclo.com/products/247-dna-graphic-t-shirt-graphene-26
2026-09-08 08:36:27,792 [ERROR] Failed to fetch product page https://uk.representclo.com/products/247-dna-graphic-t-shirt-jet-black: 429 Client Error: Too Many Requests for url: https://uk.representclo.com/products/247-dna-graphic-t-shirt-jet-black
2026-09-08 08:36:28,350 [ERROR] Failed to fetch product page https://uk.representclo.com/products/247-dna-graphic-t-shirt-jet-black-26: 429 Client Error: Too Many Requests for url: https://uk.representclo.com/products/247-dna-graphic-t-shirt-jet-black-26
2026-09-08 08:36:28,905 [ERROR] Failed to fetch product page https://uk.representclo.com/products/247-dna-hoodie-jet-black-26: 429 Client Error: Too Many Requests for url: https://uk.representclo.com/products/247-dna-hoodie-jet-black-26
2026-09-08 08:36:29,463 [ERROR] Failed to fetch product page https://uk.representclo.com/products/247-dna-mesh-short-jet-black: 429 Client Error: Too Many Requests for url: https://uk.representclo.com/products/247-dna-mesh-short-jet-black
2026-09-08 08:36:30,011 [ERROR] Failed to fetch product page https://uk.representclo.com/products/247-dna-mesh-t-shirt-flat-white: 429 Client Error: Too Many Requests for url: https://uk.representclo.com/products/247-dna-mesh-t-shirt-flat-white
2026-09-08 08:36:30,557 [ERROR] Failed to fetch product page https://uk.representclo.com/products/247-dna-mesh-t-shirt-graphene: 429 Client Error: Too Many Requests for url: https://uk.representclo.com/products/247-dna-mesh-t-shirt-graphene
2026-09-08 08:36:31,105 [ERROR] Failed to fetch product page https://uk.representclo.com/products/247-dna-mesh-t-shirt-jet-black: 429 Client Error: Too Many Requests for url: https://uk.representclo.com/products/247-dna-mesh-t-shirt-jet-black
2026-09-08 08:36:31,653 [ERROR] Failed to fetch product page https://uk.representclo.com/products/247-dna-mesh-vest-graphene: 429 Client Error: Too Many Requests for url: https://uk.representclo.com/products/247-dna-mesh-vest-graphene
2026-09-08 08:36:32,217 [ERROR] Failed to fetch product page https://uk.representclo.com/products/247-dna-mesh-vest-jet-black: 429 Client Error: Too Many Requests for url: https://uk.representclo.com/products/247-dna-mesh-vest-jet-black
2026-09-08 08:36:32,760 [ERROR] Failed to fetch product page https://uk.representclo.com/products/247-dna-oversized-t-shirt-graphene: 429 Client Error: Too Many Requests for url: https://uk.representclo.com/products/247-dna-oversized-t-shirt-graphene
2026-09-08 08:36:33,312 [ERROR] Failed to fetch product page https://uk.representclo.com/products/247-dna-oversized-t-shirt-jet-black-26: 429 Client Error: Too Many Requests for url: https://uk.representclo.com/products/247-dna-oversized-t-shirt-jet-black-26
2026-09-08 08:36:33,866 [ERROR] Failed to fetch product page https://uk.representclo.com/products/247-dna-oversized-tank-jet-black-26: 429 Client Error: Too Many Requests for url: https://uk.representclo.com/products/247-dna-oversized-tank-jet-black-26
2026-09-08 08:36:34,415 [ERROR] Failed to fetch product page https://uk.representclo.com/products/247-dna-seamless-t-shirt-black: 429 Client Error: Too Many Requests for url: https://uk.representclo.com/products/247-dna-seamless-t-shirt-black
2026-09-08 08:36:34,985 [ERROR] Failed to fetch product page https://uk.representclo.com/products/247-dna-seamless-t-shirt-titanium: 429 Client Error: Too Many Requests for url: https://uk.representclo.com/products/247-dna-seamless-t-shirt-titanium
2026-09-08 08:36:35,538 [ERROR] Failed to fetch product page https://uk.representclo.com/products/247-dna-tank-graphene: 429 Client Error: Too Many Requests for url: https://uk.representclo.com/products/247-dna-tank-graphene
2026-09-08 08:36:36,086 [ERROR] Failed to fetch product page https://uk.representclo.com/products/247-dna-towel-jet-black: 429 Client Error: Too Many Requests for url: https://uk.representclo.com/products/247-dna-towel-jet-black
2026-09-08 08:36:36,636 [ERROR] Failed to fetch product page https://uk.representclo.com/products/247-duffle-gym-bag-jet-black: 429 Client Error: Too Many Requests for url: https://uk.representclo.com/products/247-duffle-gym-bag-jet-black
2026-09-08 08:36:37,205 [ERROR] Failed to fetch product page https://uk.representclo.com/products/247-fallen-angel-graphic-hoodie-vintage-black: 429 Client Error: Too Many Requests for url: https://uk.representclo.com/products/247-fallen-angel-graphic-hoodie-vintage-black
2026-09-08 08:36:37,753 [ERROR] Failed to fetch product page https://uk.representclo.com/products/247-fallen-angel-graphic-t-shirt-fern: 429 Client Error: Too Many Requests for url: https://uk.representclo.com/products/247-fallen-angel-graphic-t-shirt-fern
2026-09-08 08:36:38,310 [ERROR] Failed to fetch product page https://uk.representclo.com/products/247-fallen-angel-graphic-t-shirt-vintage-black: 429 Client Error: Too Many Requests for url: https://uk.representclo.com/products/247-fallen-angel-graphic-t-shirt-vintage-black
2026-09-08 08:36:38,858 [ERROR] Failed to fetch product page https://uk.representclo.com/products/247-form-sweatpant-graphene: 429 Client Error: Too Many Requests for url: https://uk.representclo.com/products/247-form-sweatpant-graphene
2026-09-08 08:36:39,412 [ERROR] Failed to fetch product page https://uk.representclo.com/products/247-form-zip-hood-graphene: 429 Client Error: Too Many Requests for url: https://uk.representclo.com/products/247-form-zip-hood-graphene
2026-09-08 08:36:39,961 [ERROR] Failed to fetch product page https://uk.representclo.com/products/247-fused-shorts-black: 429 Client Error: Too Many Requests for url: https://uk.representclo.com/products/247-fused-shorts-black
2026-09-08 08:36:40,514 [ERROR] Failed to fetch product page https://uk.representclo.com/products/247-fw25-boxers-black: 429 Client Error: Too Many Requests for url: https://uk.representclo.com/products/247-fw25-boxers-black
2026-09-08 08:36:41,065 [ERROR] Failed to fetch product page https://uk.representclo.com/products/247-fw25-gloves-black: 429 Client Error: Too Many Requests for url: https://uk.representclo.com/products/247-fw25-gloves-black
2026-09-08 08:36:41,608 [ERROR] Failed to fetch product page https://uk.representclo.com/products/247-ghost-2-in-1-short-jet-black: 429 Client Error: Too Many Requests for url: https://uk.representclo.com/products/247-ghost-2-in-1-short-jet-black
2026-09-08 08:36:42,158 [ERROR] Failed to fetch product page https://uk.representclo.com/products/247-ghost-half-tight-jet-black: 429 Client Error: Too Many Requests for url: https://uk.representclo.com/products/247-ghost-half-tight-jet-black
2026-09-08 08:36:42,713 [ERROR] Failed to fetch product page https://uk.representclo.com/products/247-ghost-short-247-ombre: 429 Client Error: Too Many Requests for url: https://uk.representclo.com/products/247-ghost-short-247-ombre
2026-09-08 08:36:43,298 [ERROR] Failed to fetch product page https://uk.representclo.com/products/247-ghost-singlet-247-ombre: 429 Client Error: Too Many Requests for url: https://uk.representclo.com/products/247-ghost-singlet-247-ombre
2026-09-08 08:36:43,847 [ERROR] Failed to fetch product page https://uk.representclo.com/products/247-gym-towel-black: 429 Client Error: Too Many Requests for url: https://uk.representclo.com/products/247-gym-towel-black
2026-09-08 08:36:44,393 [ERROR] Failed to fetch product page https://uk.representclo.com/products/247-hybrid-running-shell-jet-black: 429 Client Error: Too Many Requests for url: https://uk.representclo.com/products/247-hybrid-running-shell-jet-black
2026-09-08 08:36:44,937 [ERROR] Failed to fetch product page https://uk.representclo.com/products/247-hybrid-t-shirt-black-fade-out: 429 Client Error: Too Many Requests for url: https://uk.representclo.com/products/247-hybrid-t-shirt-black-fade-out
2026-09-08 08:36:45,482 [ERROR] Failed to fetch product page https://uk.representclo.com/products/247-hybrid-t-shirt-glacier-fade-out: 429 Client Error: Too Many Requests for url: https://uk.representclo.com/products/247-hybrid-t-shirt-glacier-fade-out
2026-09-08 08:36:46,051 [ERROR] Failed to fetch product page https://uk.representclo.com/products/247-hybrid-t-shirt-red-fade-out: 429 Client Error: Too Many Requests for url: https://uk.representclo.com/products/247-hybrid-t-shirt-red-fade-out
2026-09-08 08:36:46,602 [ERROR] Failed to fetch product page https://uk.representclo.com/products/247-hybrid-tank-glacier-fade-out: 429 Client Error: Too Many Requests for url: https://uk.representclo.com/products/247-hybrid-tank-glacier-fade-out
2026-09-08 08:36:47,152 [ERROR] Failed to fetch product page https://uk.representclo.com/products/247-hybrid-tank-red-fade-out: 429 Client Error: Too Many Requests for url: https://uk.representclo.com/products/247-hybrid-tank-red-fade-out
2026-09-08 08:36:47,699 [ERROR] Failed to fetch product page https://uk.representclo.com/products/247-hydration-belt-black: 429 Client Error: Too Many Requests for url: https://uk.representclo.com/products/247-hydration-belt-black
2026-09-08 08:36:48,245 [ERROR] Failed to fetch product page https://uk.representclo.com/products/247-hydration-phone-case-black: 429 Client Error: Too Many Requests for url: https://uk.representclo.com/products/247-hydration-phone-case-black
2026-09-08 08:36:48,794 [ERROR] Failed to fetch product page https://uk.representclo.com/products/247-logo-socks-black: 429 Client Error: Too Many Requests for url: https://uk.representclo.com/products/247-logo-socks-black
2026-09-08 08:36:49,340 [ERROR] Failed to fetch product page https://uk.representclo.com/products/247-logo-socks-white: 429 Client Error: Too Many Requests for url: https://uk.representclo.com/products/247-logo-socks-white
2026-09-08 08:36:49,882 [ERROR] Failed to fetch product page https://uk.representclo.com/products/247-logo-wrist-bands-black: 429 Client Error: Too Many Requests for url: https://uk.representclo.com/products/247-logo-wrist-bands-black
2026-09-08 08:36:50,437 [ERROR] Failed to fetch product page https://uk.representclo.com/products/247-london-26-singlet-vintage-grey: 429 Client Error: Too Many Requests for url: https://uk.representclo.com/products/247-london-26-singlet-vintage-grey
2026-09-08 08:36:50,993 [ERROR] Failed to fetch product page https://uk.representclo.com/products/247-london-26-t-shirt-vintage-grey: 429 Client Error: Too Many Requests for url: https://uk.representclo.com/products/247-london-26-t-shirt-vintage-grey
2026-09-08 08:36:51,543 [ERROR] Failed to fetch product page https://uk.representclo.com/products/247-london-bag-black: 429 Client Error: Too Many Requests for url: https://uk.representclo.com/products/247-london-bag-black
2026-09-08 08:36:52,104 [ERROR] Failed to fetch product page https://uk.representclo.com/products/247-los-angeles-26-singlet-aged-khaki: 429 Client Error: Too Many Requests for url: https://uk.representclo.com/products/247-los-angeles-26-singlet-aged-khaki
2026-09-08 08:36:52,649 [ERROR] Failed to fetch product page https://uk.representclo.com/products/247-los-angeles-bag-black: 429 Client Error: Too Many Requests for url: https://uk.representclo.com/products/247-los-angeles-bag-black
2026-09-08 08:36:53,200 [ERROR] Failed to fetch product page https://uk.representclo.com/products/247-manchester-26-singlet-aged-black: 429 Client Error: Too Many Requests for url: https://uk.representclo.com/products/247-manchester-26-singlet-aged-black
2026-09-08 08:36:53,751 [ERROR] Failed to fetch product page https://uk.representclo.com/products/247-manchester-26-t-shirt-black: 429 Client Error: Too Many Requests for url: https://uk.representclo.com/products/247-manchester-26-t-shirt-black
2026-09-08 08:36:54,299 [ERROR] Failed to fetch product page https://uk.representclo.com/products/247-manchester-bag-black: 429 Client Error: Too Many Requests for url: https://uk.representclo.com/products/247-manchester-bag-black
2026-09-08 08:36:54,848 [ERROR] Failed to fetch product page https://uk.representclo.com/products/247-mission-series-t-shirt-2026-jet-black: 429 Client Error: Too Many Requests for url: https://uk.representclo.com/products/247-mission-series-t-shirt-2026-jet-black
2026-09-08 08:36:55,402 [ERROR] Failed to fetch product page https://uk.representclo.com/products/247-motion-oversized-tank-rust: 429 Client Error: Too Many Requests for url: https://uk.representclo.com/products/247-motion-oversized-tank-rust
2026-09-08 08:36:55,950 [ERROR] Failed to fetch product page https://uk.representclo.com/products/247-new-york-bag-black: 429 Client Error: Too Many Requests for url: https://uk.representclo.com/products/247-new-york-bag-black
2026-09-08 08:36:56,505 [ERROR] Failed to fetch product page https://uk.representclo.com/products/247-noble-long-sleeve-t-shirt-graphene: 429 Client Error: Too Many Requests for url: https://uk.representclo.com/products/247-noble-long-sleeve-t-shirt-graphene
2026-09-08 08:36:57,055 [ERROR] Failed to fetch product page https://uk.representclo.com/products/247-noble-t-shirt-graphene: 429 Client Error: Too Many Requests for url: https://uk.representclo.com/products/247-noble-t-shirt-graphene
2026-09-08 08:36:57,610 [ERROR] Failed to fetch product page https://uk.representclo.com/products/247-noble-t-shirt-jet-black: 429 Client Error: Too Many Requests for url: https://uk.representclo.com/products/247-noble-t-shirt-jet-black
2026-09-08 08:36:58,159 [ERROR] Failed to fetch product page https://uk.representclo.com/products/247-numbers-beanie-grey-marl: 429 Client Error: Too Many Requests for url: https://uk.representclo.com/products/247-numbers-beanie-grey-marl
2026-09-08 08:36:58,709 [ERROR] Failed to fetch product page https://uk.representclo.com/products/247-numbers-beanie-jet-black: 429 Client Error: Too Many Requests for url: https://uk.representclo.com/products/247-numbers-beanie-jet-black
2026-09-08 08:36:59,256 [ERROR] Failed to fetch product page https://uk.representclo.com/products/247-numbers-cap-graphene: 429 Client Error: Too Many Requests for url: https://uk.representclo.com/products/247-numbers-cap-graphene
2026-09-08 08:36:59,803 [ERROR] Failed to fetch product page https://uk.representclo.com/products/247-numbers-cap-graphite-grey: 429 Client Error: Too Many Requests for url: https://uk.representclo.com/products/247-numbers-cap-graphite-grey
2026-09-08 08:37:00,349 [ERROR] Failed to fetch product page https://uk.representclo.com/products/247-numbers-cap-jet-black: 429 Client Error: Too Many Requests for url: https://uk.representclo.com/products/247-numbers-cap-jet-black
2026-09-08 08:37:00,900 [ERROR] Failed to fetch product page https://uk.representclo.com/products/247-numbers-cargo-half-tight-graphene: 429 Client Error: Too Many Requests for url: https://uk.representclo.com/products/247-numbers-cargo-half-tight-graphene
2026-09-08 08:37:01,446 [ERROR] Failed to fetch product page https://uk.representclo.com/products/247-numbers-gaiter-grey-marl: 429 Client Error: Too Many Requests for url: https://uk.representclo.com/products/247-numbers-gaiter-grey-marl
2026-09-08 08:37:02,019 [ERROR] Failed to fetch product page https://uk.representclo.com/products/247-numbers-gaiter-jet-black: 429 Client Error: Too Many Requests for url: https://uk.representclo.com/products/247-numbers-gaiter-jet-black
2026-09-08 08:37:02,565 [ERROR] Failed to fetch product page https://uk.representclo.com/products/247-numbers-glove-jet-black: 429 Client Error: Too Many Requests for url: https://uk.representclo.com/products/247-numbers-glove-jet-black
2026-09-08 08:37:03,112 [ERROR] Failed to fetch product page https://uk.representclo.com/products/247-numbers-race-sock-graphene: 429 Client Error: Too Many Requests for url: https://uk.representclo.com/products/247-numbers-race-sock-graphene
2026-09-08 08:37:03,662 [ERROR] Failed to fetch product page https://uk.representclo.com/products/247-numbers-socks-flat-white: 429 Client Error: Too Many Requests for url: https://uk.representclo.com/products/247-numbers-socks-flat-white
2026-09-08 08:37:04,214 [ERROR] Failed to fetch product page https://uk.representclo.com/products/247-numbers-socks-jet-black: 429 Client Error: Too Many Requests for url: https://uk.representclo.com/products/247-numbers-socks-jet-black
2026-09-08 08:37:04,761 [ERROR] Failed to fetch product page https://uk.representclo.com/products/247-numbers-t-shirt-flat-white: 429 Client Error: Too Many Requests for url: https://uk.representclo.com/products/247-numbers-t-shirt-flat-white
2026-09-08 08:37:05,312 [ERROR] Failed to fetch product page https://uk.representclo.com/products/247-numbers-t-shirt-graphene: 429 Client Error: Too Many Requests for url: https://uk.representclo.com/products/247-numbers-t-shirt-graphene
2026-09-08 08:37:05,861 [ERROR] Failed to fetch product page https://uk.representclo.com/products/247-numbers-t-shirt-jet-black-v2: 429 Client Error: Too Many Requests for url: https://uk.representclo.com/products/247-numbers-t-shirt-jet-black-v2
2026-09-08 08:37:06,408 [ERROR] Failed to fetch product page https://uk.representclo.com/products/247-numbers-vest-flat-white: 429 Client Error: Too Many Requests for url: https://uk.representclo.com/products/247-numbers-vest-flat-white
2026-09-08 08:37:06,955 [ERROR] Failed to fetch product page https://uk.representclo.com/products/247-numbers-vest-graphene: 429 Client Error: Too Many Requests for url: https://uk.representclo.com/products/247-numbers-vest-graphene
2026-09-08 08:37:07,515 [ERROR] Failed to fetch product page https://uk.representclo.com/products/247-numbers-vest-graphite-grey: 429 Client Error: Too Many Requests for url: https://uk.representclo.com/products/247-numbers-vest-graphite-grey
2026-09-08 08:37:08,065 [ERROR] Failed to fetch product page https://uk.representclo.com/products/247-numbers-vest-jet-black-v2: 429 Client Error: Too Many Requests for url: https://uk.representclo.com/products/247-numbers-vest-jet-black-v2
2026-09-08 08:37:08,612 [ERROR] Failed to fetch product page https://uk.representclo.com/products/247-on-a-mission-long-sleeve-t-shirt-jet-black: 429 Client Error: Too Many Requests for url: https://uk.representclo.com/products/247-on-a-mission-long-sleeve-t-shirt-jet-black
2026-09-08 08:37:09,168 [ERROR] Failed to fetch product page https://uk.representclo.com/products/247-on-a-mission-t-shirt-jet-black: 429 Client Error: Too Many Requests for url: https://uk.representclo.com/products/247-on-a-mission-t-shirt-jet-black
2026-09-08 08:37:09,719 [ERROR] Failed to fetch product page https://uk.representclo.com/products/247-oversized-t-shirt-flat-white-1: 429 Client Error: Too Many Requests for url: https://uk.representclo.com/products/247-oversized-t-shirt-flat-white-1
2026-09-08 08:37:10,262 [ERROR] Failed to fetch product page https://uk.representclo.com/products/247-oversized-t-shirt-jet-black-1: 429 Client Error: Too Many Requests for url: https://uk.representclo.com/products/247-oversized-t-shirt-jet-black-1
2026-09-08 08:37:10,823 [ERROR] Failed to fetch product page https://uk.representclo.com/products/247-oversized-tank-flat-white-1: 429 Client Error: Too Many Requests for url: https://uk.representclo.com/products/247-oversized-tank-flat-white-1
2026-09-08 08:37:11,379 [ERROR] Failed to fetch product page https://uk.representclo.com/products/247-oversized-tank-jet-black-1: 429 Client Error: Too Many Requests for url: https://uk.representclo.com/products/247-oversized-tank-jet-black-1
2026-09-08 08:37:11,933 [ERROR] Failed to fetch product page https://uk.representclo.com/products/247-pant-black: 429 Client Error: Too Many Requests for url: https://uk.representclo.com/products/247-pant-black
2026-09-08 08:37:12,481 [ERROR] Failed to fetch product page https://uk.representclo.com/products/247-power-dry-t-shirt-ash-grey: 429 Client Error: Too Many Requests for url: https://uk.representclo.com/products/247-power-dry-t-shirt-ash-grey
2026-09-08 08:37:13,032 [ERROR] Failed to fetch product page https://uk.representclo.com/products/247-power-dry-t-shirt-jet-black: 429 Client Error: Too Many Requests for url: https://uk.representclo.com/products/247-power-dry-t-shirt-jet-black
2026-09-08 08:37:13,579 [ERROR] Failed to fetch product page https://uk.representclo.com/products/247-power-shield-padded-gilet-jet-black: 429 Client Error: Too Many Requests for url: https://uk.representclo.com/products/247-power-shield-padded-gilet-jet-black
2026-09-08 08:37:14,129 [ERROR] Failed to fetch product page https://uk.representclo.com/products/247-power-shield-windbreaker-jet-black: 429 Client Error: Too Many Requests for url: https://uk.representclo.com/products/247-power-shield-windbreaker-jet-black
2026-09-08 08:37:14,677 [ERROR] Failed to fetch product page https://uk.representclo.com/products/247-protein-shaker-black: 429 Client Error: Too Many Requests for url: https://uk.representclo.com/products/247-protein-shaker-black
2026-09-08 08:37:15,230 [ERROR] Failed to fetch product page https://uk.representclo.com/products/247-race-half-tight-washed-grey: 429 Client Error: Too Many Requests for url: https://uk.representclo.com/products/247-race-half-tight-washed-grey
2026-09-08 08:37:15,775 [ERROR] Failed to fetch product page https://uk.representclo.com/products/247-race-short-washed-grey: 429 Client Error: Too Many Requests for url: https://uk.representclo.com/products/247-race-short-washed-grey
2026-09-08 08:37:16,321 [ERROR] Failed to fetch product page https://uk.representclo.com/products/247-race-sock-2-pack-white: 429 Client Error: Too Many Requests for url: https://uk.representclo.com/products/247-race-sock-2-pack-white
2026-09-08 08:37:16,905 [ERROR] Failed to fetch product page https://uk.representclo.com/products/247-race-sock-white: 429 Client Error: Too Many Requests for url: https://uk.representclo.com/products/247-race-sock-white
2026-09-08 08:37:17,450 [ERROR] Failed to fetch product page https://uk.representclo.com/products/247-reflex-run-cap-jet-black: 429 Client Error: Too Many Requests for url: https://uk.representclo.com/products/247-reflex-run-cap-jet-black
2026-09-08 08:37:18,008 [ERROR] Failed to fetch product page https://uk.representclo.com/products/247-reflex-run-socks-flat-white: 429 Client Error: Too Many Requests for url: https://uk.representclo.com/products/247-reflex-run-socks-flat-white
2026-09-08 08:37:18,561 [ERROR] Failed to fetch product page https://uk.representclo.com/products/247-reflex-run-socks-jet-black: 429 Client Error: Too Many Requests for url: https://uk.representclo.com/products/247-reflex-run-socks-jet-black
2026-09-08 08:37:19,109 [ERROR] Failed to fetch product page https://uk.representclo.com/products/247-ribbed-half-tight-jet-black-v2: 429 Client Error: Too Many Requests for url: https://uk.representclo.com/products/247-ribbed-half-tight-jet-black-v2
2026-09-08 08:37:19,660 [ERROR] Failed to fetch product page https://uk.representclo.com/products/247-ripstop-cap-black-reflective: 429 Client Error: Too Many Requests for url: https://uk.representclo.com/products/247-ripstop-cap-black-reflective
2026-09-08 08:37:20,213 [ERROR] Failed to fetch product page https://uk.representclo.com/products/247-running-belt-jet-black: 429 Client Error: Too Many Requests for url: https://uk.representclo.com/products/247-running-belt-jet-black
2026-09-08 08:37:20,764 [ERROR] Failed to fetch product page https://uk.representclo.com/products/247-singlet-cinder: 429 Client Error: Too Many Requests for url: https://uk.representclo.com/products/247-singlet-cinder
2026-09-08 08:37:21,322 [ERROR] Failed to fetch product page https://uk.representclo.com/products/247-ski-gloves-black: 429 Client Error: Too Many Requests for url: https://uk.representclo.com/products/247-ski-gloves-black
2026-09-08 08:37:21,870 [ERROR] Failed to fetch product page https://uk.representclo.com/products/247-skull-cap-jet-black: 429 Client Error: Too Many Requests for url: https://uk.representclo.com/products/247-skull-cap-jet-black
2026-09-08 08:37:22,460 [ERROR] Failed to fetch product page https://uk.representclo.com/products/247-sling-bag-black: 429 Client Error: Too Many Requests for url: https://uk.representclo.com/products/247-sling-bag-black
2026-09-08 08:37:23,008 [ERROR] Failed to fetch product page https://uk.representclo.com/products/247-ss26-cargo-half-tight-jet-black: 429 Client Error: Too Many Requests for url: https://uk.representclo.com/products/247-ss26-cargo-half-tight-jet-black
2026-09-08 08:37:23,554 [ERROR] Failed to fetch product page https://uk.representclo.com/products/247-stratum-sunglasses-flat-white: 429 Client Error: Too Many Requests for url: https://uk.representclo.com/products/247-stratum-sunglasses-flat-white
2026-09-08 08:37:24,112 [ERROR] Failed to fetch product page https://uk.representclo.com/products/247-stratum-sunglasses-jet-black: 429 Client Error: Too Many Requests for url: https://uk.representclo.com/products/247-stratum-sunglasses-jet-black
2026-09-08 08:37:24,658 [ERROR] Failed to fetch product page https://uk.representclo.com/products/247-sydney-cap-washed-grey: 429 Client Error: Too Many Requests for url: https://uk.representclo.com/products/247-sydney-cap-washed-grey
2026-09-08 08:37:25,210 [ERROR] Failed to fetch product page https://uk.representclo.com/products/247-sydney-hoodie-washed-grey: 429 Client Error: Too Many Requests for url: https://uk.representclo.com/products/247-sydney-hoodie-washed-grey
2026-09-08 08:37:25,764 [ERROR] Failed to fetch product page https://uk.representclo.com/products/247-sydney-singlet-washed-grey: 429 Client Error: Too Many Requests for url: https://uk.representclo.com/products/247-sydney-singlet-washed-grey
2026-09-08 08:37:26,308 [ERROR] Failed to fetch product page https://uk.representclo.com/products/247-sydney-t-shirt-washed-grey: 429 Client Error: Too Many Requests for url: https://uk.representclo.com/products/247-sydney-t-shirt-washed-grey
2026-09-08 08:37:26,858 [ERROR] Failed to fetch product page https://uk.representclo.com/products/247-sydney-tank-washed-grey: 429 Client Error: Too Many Requests for url: https://uk.representclo.com/products/247-sydney-tank-washed-grey
2026-09-08 08:37:27,408 [ERROR] Failed to fetch product page https://uk.representclo.com/products/247-torch-boxy-long-sleeve-t-shirt-bleach-wash: 429 Client Error: Too Many Requests for url: https://uk.representclo.com/products/247-torch-boxy-long-sleeve-t-shirt-bleach-wash
2026-09-08 08:37:27,958 [ERROR] Failed to fetch product page https://uk.representclo.com/products/247-torch-boxy-long-sleeve-t-shirt-washed-black: 429 Client Error: Too Many Requests for url: https://uk.representclo.com/products/247-torch-boxy-long-sleeve-t-shirt-washed-black
2026-09-08 08:37:28,505 [ERROR] Failed to fetch product page https://uk.representclo.com/products/247-torch-boxy-t-shirt-bleach-wash: 429 Client Error: Too Many Requests for url: https://uk.representclo.com/products/247-torch-boxy-t-shirt-bleach-wash
2026-09-08 08:37:29,053 [ERROR] Failed to fetch product page https://uk.representclo.com/products/247-torch-boxy-t-shirt-washed-black: 429 Client Error: Too Many Requests for url: https://uk.representclo.com/products/247-torch-boxy-t-shirt-washed-black
2026-09-08 08:37:29,600 [ERROR] Failed to fetch product page https://uk.representclo.com/products/247-torch-boxy-tank-bleach-wash: 429 Client Error: Too Many Requests for url: https://uk.representclo.com/products/247-torch-boxy-tank-bleach-wash
2026-09-08 08:37:30,159 [ERROR] Failed to fetch product page https://uk.representclo.com/products/247-torch-boxy-tank-washed-black: 429 Client Error: Too Many Requests for url: https://uk.representclo.com/products/247-torch-boxy-tank-washed-black
2026-09-08 08:37:30,727 [ERROR] Failed to fetch product page https://uk.representclo.com/products/247-trail-long-sleeve-t-shirt-black: 429 Client Error: Too Many Requests for url: https://uk.representclo.com/products/247-trail-long-sleeve-t-shirt-black
2026-09-08 08:37:31,276 [ERROR] Failed to fetch product page https://uk.representclo.com/products/247-trail-long-sleeve-t-shirt-chocolate: 429 Client Error: Too Many Requests for url: https://uk.representclo.com/products/247-trail-long-sleeve-t-shirt-chocolate
2026-09-08 08:37:31,824 [ERROR] Failed to fetch product page https://uk.representclo.com/products/247-trail-long-sleeve-t-shirt-steel: 429 Client Error: Too Many Requests for url: https://uk.representclo.com/products/247-trail-long-sleeve-t-shirt-steel
2026-09-08 08:37:32,372 [ERROR] Failed to fetch product page https://uk.representclo.com/products/247-trail-short-graphene: 429 Client Error: Too Many Requests for url: https://uk.representclo.com/products/247-trail-short-graphene
2026-09-08 08:37:32,932 [ERROR] Failed to fetch product page https://uk.representclo.com/products/247-trail-short-jet-black: 429 Client Error: Too Many Requests for url: https://uk.representclo.com/products/247-trail-short-jet-black
2026-09-08 08:37:33,480 [ERROR] Failed to fetch product page https://uk.representclo.com/products/247-trail-sock-black: 429 Client Error: Too Many Requests for url: https://uk.representclo.com/products/247-trail-sock-black
2026-09-08 08:37:34,038 [ERROR] Failed to fetch product page https://uk.representclo.com/products/247-trail-t-shirt-black: 429 Client Error: Too Many Requests for url: https://uk.representclo.com/products/247-trail-t-shirt-black
2026-09-08 08:37:34,587 [ERROR] Failed to fetch product page https://uk.representclo.com/products/247-trail-t-shirt-chocolate: 429 Client Error: Too Many Requests for url: https://uk.representclo.com/products/247-trail-t-shirt-chocolate
2026-09-08 08:37:35,138 [ERROR] Failed to fetch product page https://uk.representclo.com/products/247-trail-t-shirt-steel: 429 Client Error: Too Many Requests for url: https://uk.representclo.com/products/247-trail-t-shirt-steel
2026-09-08 08:37:35,683 [ERROR] Failed to fetch product page https://uk.representclo.com/products/247-trail-tank-black: 429 Client Error: Too Many Requests for url: https://uk.representclo.com/products/247-trail-tank-black
2026-09-08 08:37:36,237 [ERROR] Failed to fetch product page https://uk.representclo.com/products/247-trail-tank-chocolate: 429 Client Error: Too Many Requests for url: https://uk.representclo.com/products/247-trail-tank-chocolate
2026-09-08 08:37:36,781 [ERROR] Failed to fetch product page https://uk.representclo.com/products/247-trail-tank-steel: 429 Client Error: Too Many Requests for url: https://uk.representclo.com/products/247-trail-tank-steel
2026-09-08 08:37:37,337 [ERROR] Failed to fetch product page https://uk.representclo.com/products/247-ultra-bucket-hat-jet-black: 429 Client Error: Too Many Requests for url: https://uk.representclo.com/products/247-ultra-bucket-hat-jet-black
2026-09-08 08:37:37,894 [ERROR] Failed to fetch product page https://uk.representclo.com/products/247-ultra-singlet-black-fade-out: 429 Client Error: Too Many Requests for url: https://uk.representclo.com/products/247-ultra-singlet-black-fade-out
2026-09-08 08:37:38,445 [ERROR] Failed to fetch product page https://uk.representclo.com/products/247-ultra-singlet-glacier-fade-out: 429 Client Error: Too Many Requests for url: https://uk.representclo.com/products/247-ultra-singlet-glacier-fade-out
2026-09-08 08:37:39,021 [ERROR] Failed to fetch product page https://uk.representclo.com/products/247-uprising-long-sleeve-seamless-t-shirt-chocolate: 429 Client Error: Too Many Requests for url: https://uk.representclo.com/products/247-uprising-long-sleeve-seamless-t-shirt-chocolate
2026-09-08 08:37:39,571 [ERROR] Failed to fetch product page https://uk.representclo.com/products/247-uprising-long-sleeve-seamless-t-shirt-steel: 429 Client Error: Too Many Requests for url: https://uk.representclo.com/products/247-uprising-long-sleeve-seamless-t-shirt-steel
2026-09-08 08:37:40,122 [ERROR] Failed to fetch product page https://uk.representclo.com/products/247-waffle-beanie-jet-black: 429 Client Error: Too Many Requests for url: https://uk.representclo.com/products/247-waffle-beanie-jet-black
2026-09-08 08:37:40,670 [ERROR] Failed to fetch product page https://uk.representclo.com/products/247-x-47-taped-cap-jet-black: 429 Client Error: Too Many Requests for url: https://uk.representclo.com/products/247-x-47-taped-cap-jet-black
2026-09-08 08:37:41,216 [ERROR] Failed to fetch product page https://uk.representclo.com/products/247-x-avenged-sevenfold-city-of-evil-tank-aged-black: 429 Client Error: Too Many Requests for url: https://uk.representclo.com/products/247-x-avenged-sevenfold-city-of-evil-tank-aged-black
2026-09-08 08:37:41,766 [ERROR] Failed to fetch product page https://uk.representclo.com/products/247-x-avenged-sevenfold-death-bat-singlet-washed-grey: 429 Client Error: Too Many Requests for url: https://uk.representclo.com/products/247-x-avenged-sevenfold-death-bat-singlet-washed-grey
2026-09-08 08:37:42,314 [ERROR] Failed to fetch product page https://uk.representclo.com/products/247-x-avenged-sevenfold-death-bat-t-shirt-dirty-white: 429 Client Error: Too Many Requests for url: https://uk.representclo.com/products/247-x-avenged-sevenfold-death-bat-t-shirt-dirty-white
2026-09-08 08:37:42,868 [ERROR] Failed to fetch product page https://uk.representclo.com/products/247-x-avenged-sevenfold-nightmare-long-sleeve-t-shirt-aged-black: 429 Client Error: Too Many Requests for url: https://uk.representclo.com/products/247-x-avenged-sevenfold-nightmare-long-sleeve-t-shirt-aged-black
2026-09-08 08:37:43,425 [ERROR] Failed to fetch product page https://uk.representclo.com/products/247-x-avenged-sevenfold-nightmare-t-shirt-aged-black: 429 Client Error: Too Many Requests for url: https://uk.representclo.com/products/247-x-avenged-sevenfold-nightmare-t-shirt-aged-black
2026-09-08 08:37:43,975 [ERROR] Failed to fetch product page https://uk.representclo.com/products/american-football-jersey-chalk: 429 Client Error: Too Many Requests for url: https://uk.representclo.com/products/american-football-jersey-chalk
2026-09-08 08:37:44,526 [ERROR] Failed to fetch product page https://uk.representclo.com/products/angel-border-t-shirt-stained-black: 429 Client Error: Too Many Requests for url: https://uk.representclo.com/products/angel-border-t-shirt-stained-black
2026-09-08 08:37:45,068 [ERROR] Failed to fetch product page https://uk.representclo.com/products/angel-border-t-shirt-washed-ecru: 429 Client Error: Too Many Requests for url: https://uk.representclo.com/products/angel-border-t-shirt-washed-ecru
2026-09-08 08:37:45,615 [ERROR] Failed to fetch product page https://uk.representclo.com/products/apex-flat-white-bf: 429 Client Error: Too Many Requests for url: https://uk.representclo.com/products/apex-flat-white-bf
2026-09-08 08:37:46,164 [ERROR] Failed to fetch product page https://uk.representclo.com/products/arch-knitted-gloves-jet-black: 429 Client Error: Too Many Requests for url: https://uk.representclo.com/products/arch-knitted-gloves-jet-black
2026-09-08 08:37:46,716 [ERROR] Failed to fetch product page https://uk.representclo.com/products/aura-sunglasses-jet-black: 429 Client Error: Too Many Requests for url: https://uk.representclo.com/products/aura-sunglasses-jet-black
2026-09-08 08:37:47,270 [ERROR] Failed to fetch product page https://uk.representclo.com/products/british-cowboys-t-shirt-dusty-brown: 429 Client Error: Too Many Requests for url: https://uk.representclo.com/products/british-cowboys-t-shirt-dusty-brown
2026-09-08 08:37:47,858 [ERROR] Failed to fetch product page https://uk.representclo.com/products/british-cowboys-t-shirt-stained-black: 429 Client Error: Too Many Requests for url: https://uk.representclo.com/products/british-cowboys-t-shirt-stained-black
2026-09-08 08:37:48,406 [ERROR] Failed to fetch product page https://uk.representclo.com/products/british-cowboys-t-shirt-washed-ecru: 429 Client Error: Too Many Requests for url: https://uk.representclo.com/products/british-cowboys-t-shirt-washed-ecru
2026-09-08 08:37:48,951 [ERROR] Failed to fetch product page https://uk.representclo.com/products/busy-doing-nothing-t-shirt-flat-white: 429 Client Error: Too Many Requests for url: https://uk.representclo.com/products/busy-doing-nothing-t-shirt-flat-white
2026-09-08 08:37:49,505 [ERROR] Failed to fetch product page https://uk.representclo.com/products/calfornia-striped-t-shirt-jet-black-grey-marl: 429 Client Error: Too Many Requests for url: https://uk.representclo.com/products/calfornia-striped-t-shirt-jet-black-grey-marl
2026-09-08 08:37:50,058 [ERROR] Failed to fetch product page https://uk.representclo.com/products/california-striped-knitted-polo-jet-black: 429 Client Error: Too Many Requests for url: https://uk.representclo.com/products/california-striped-knitted-polo-jet-black
2026-09-08 08:37:50,603 [ERROR] Failed to fetch product page https://uk.representclo.com/products/cargo-pant-riot-camo: 429 Client Error: Too Many Requests for url: https://uk.representclo.com/products/cargo-pant-riot-camo
2026-09-08 08:37:51,157 [ERROR] Failed to fetch product page https://uk.representclo.com/products/cargo-pant-vintage-brown: 429 Client Error: Too Many Requests for url: https://uk.representclo.com/products/cargo-pant-vintage-brown
2026-09-08 08:37:51,706 [ERROR] Failed to fetch product page https://uk.representclo.com/products/classic-parts-t-shirt-aged-black: 429 Client Error: Too Many Requests for url: https://uk.representclo.com/products/classic-parts-t-shirt-aged-black
2026-09-08 08:37:52,252 [ERROR] Failed to fetch product page https://uk.representclo.com/products/classic-parts-t-shirt-flat-white: 429 Client Error: Too Many Requests for url: https://uk.representclo.com/products/classic-parts-t-shirt-flat-white
2026-09-08 08:37:52,801 [ERROR] Failed to fetch product page https://uk.representclo.com/products/cowhide-watch-strap-flat-white-jet-black: 429 Client Error: Too Many Requests for url: https://uk.representclo.com/products/cowhide-watch-strap-flat-white-jet-black
2026-09-08 08:37:53,345 [ERROR] Failed to fetch product page https://uk.representclo.com/products/crest-t-shirt-vintage-black: 429 Client Error: Too Many Requests for url: https://uk.representclo.com/products/crest-t-shirt-vintage-black
2026-09-08 08:37:53,918 [ERROR] Failed to fetch product page https://uk.representclo.com/products/cruz-short-jet-black: 429 Client Error: Too Many Requests for url: https://uk.representclo.com/products/cruz-short-jet-black
2026-09-08 08:37:54,462 [ERROR] Failed to fetch product page https://uk.representclo.com/products/dallas-cowboys-x-represent-t-shirt-washed-ecru: 429 Client Error: Too Many Requests for url: https://uk.representclo.com/products/dallas-cowboys-x-represent-t-shirt-washed-ecru
2026-09-08 08:37:55,013 [ERROR] Failed to fetch product page https://uk.representclo.com/products/dallas-cowboys-x-represent-x-47-cap-antique-white: 429 Client Error: Too Many Requests for url: https://uk.representclo.com/products/dallas-cowboys-x-represent-x-47-cap-antique-white
2026-09-08 08:37:55,565 [ERROR] Failed to fetch product page https://uk.representclo.com/products/decade-of-speed-t-shirt-cream: 429 Client Error: Too Many Requests for url: https://uk.representclo.com/products/decade-of-speed-t-shirt-cream
2026-09-08 08:37:56,116 [ERROR] Failed to fetch product page https://uk.representclo.com/products/destructive-appetite-t-shirt-vintage-grey: 429 Client Error: Too Many Requests for url: https://uk.representclo.com/products/destructive-appetite-t-shirt-vintage-grey
2026-09-08 08:37:56,663 [ERROR] Failed to fetch product page https://uk.representclo.com/products/distress-knit-sweater-taupe: 429 Client Error: Too Many Requests for url: https://uk.representclo.com/products/distress-knit-sweater-taupe
2026-09-08 08:37:57,222 [ERROR] Failed to fetch product page https://uk.representclo.com/products/distress-knit-sweater-washed-pink: 429 Client Error: Too Many Requests for url: https://uk.representclo.com/products/distress-knit-sweater-washed-pink
2026-09-08 08:37:57,767 [ERROR] Failed to fetch product page https://uk.representclo.com/products/double-distilled-t-shirt-flat-white: 429 Client Error: Too Many Requests for url: https://uk.representclo.com/products/double-distilled-t-shirt-flat-white
2026-09-08 08:37:58,314 [ERROR] Failed to fetch product page https://uk.representclo.com/products/double-distilled-t-shirt-off-black: 429 Client Error: Too Many Requests for url: https://uk.representclo.com/products/double-distilled-t-shirt-off-black
2026-09-08 08:37:58,864 [ERROR] Failed to fetch product page https://uk.representclo.com/products/dream-on-tour-t-shirt-sun-fade-grey: 429 Client Error: Too Many Requests for url: https://uk.representclo.com/products/dream-on-tour-t-shirt-sun-fade-grey
2026-09-08 08:37:59,427 [ERROR] Failed to fetch product page https://uk.representclo.com/products/dream-on-tour-t-shirt-washed-ecru: 429 Client Error: Too Many Requests for url: https://uk.representclo.com/products/dream-on-tour-t-shirt-washed-ecru
2026-09-08 08:37:59,977 [ERROR] Failed to fetch product page https://uk.representclo.com/products/dual-layer-script-t-shirt-candy: 429 Client Error: Too Many Requests for url: https://uk.representclo.com/products/dual-layer-script-t-shirt-candy
2026-09-08 08:38:00,530 [ERROR] Failed to fetch product page https://uk.representclo.com/products/dual-layer-script-t-shirt-jet-black: 429 Client Error: Too Many Requests for url: https://uk.representclo.com/products/dual-layer-script-t-shirt-jet-black
2026-09-08 08:38:01,076 [ERROR] Failed to fetch product page https://uk.representclo.com/products/eagle-long-sleeve-t-shirt-black: 429 Client Error: Too Many Requests for url: https://uk.representclo.com/products/eagle-long-sleeve-t-shirt-black
2026-09-08 08:38:01,632 [ERROR] Failed to fetch product page https://uk.representclo.com/products/eagle-t-shirt-sand: 429 Client Error: Too Many Requests for url: https://uk.representclo.com/products/eagle-t-shirt-sand
2026-09-08 08:38:02,184 [ERROR] Failed to fetch product page https://uk.representclo.com/products/elegance-in-motion-t-shirt-flat-white: 429 Client Error: Too Many Requests for url: https://uk.representclo.com/products/elegance-in-motion-t-shirt-flat-white
2026-09-08 08:38:02,739 [ERROR] Failed to fetch product page https://uk.representclo.com/products/embellished-represent-t-shirt-vintage-khaki: 429 Client Error: Too Many Requests for url: https://uk.representclo.com/products/embellished-represent-t-shirt-vintage-khaki
2026-09-08 08:38:03,287 [ERROR] Failed to fetch product page https://uk.representclo.com/products/enemy-hoodie-washed-black: 429 Client Error: Too Many Requests for url: https://uk.representclo.com/products/enemy-hoodie-washed-black
2026-09-08 08:38:03,865 [ERROR] Failed to fetch product page https://uk.representclo.com/products/enemy-t-shirt-flat-white: 429 Client Error: Too Many Requests for url: https://uk.representclo.com/products/enemy-t-shirt-flat-white
2026-09-08 08:38:04,414 [ERROR] Failed to fetch product page https://uk.representclo.com/products/enemy-t-shirt-washed-black: 429 Client Error: Too Many Requests for url: https://uk.representclo.com/products/enemy-t-shirt-washed-black
2026-09-08 08:38:04,965 [ERROR] Failed to fetch product page https://uk.representclo.com/products/england-beanie-jet-black: 429 Client Error: Too Many Requests for url: https://uk.representclo.com/products/england-beanie-jet-black
2026-09-08 08:38:05,517 [ERROR] Failed to fetch product page https://uk.representclo.com/products/england-legacy-hoodie-vintage-black: 429 Client Error: Too Many Requests for url: https://uk.representclo.com/products/england-legacy-hoodie-vintage-black
2026-09-08 08:38:06,068 [ERROR] Failed to fetch product page https://uk.representclo.com/products/england-long-sleeve-t-shirt-washed-brown: 429 Client Error: Too Many Requests for url: https://uk.representclo.com/products/england-long-sleeve-t-shirt-washed-brown
2026-09-08 08:38:06,618 [ERROR] Failed to fetch product page https://uk.representclo.com/products/england-long-sleeve-t-shirt-washed-white-real-tree-camo: 429 Client Error: Too Many Requests for url: https://uk.representclo.com/products/england-long-sleeve-t-shirt-washed-white-real-tree-camo
2026-09-08 08:38:07,170 [ERROR] Failed to fetch product page https://uk.representclo.com/products/england-t-shirt-flat-white: 429 Client Error: Too Many Requests for url: https://uk.representclo.com/products/england-t-shirt-flat-white
2026-09-08 08:38:07,724 [ERROR] Failed to fetch product page https://uk.representclo.com/products/england-t-shirt-jet-black: 429 Client Error: Too Many Requests for url: https://uk.representclo.com/products/england-t-shirt-jet-black
2026-09-08 08:38:08,269 [ERROR] Failed to fetch product page https://uk.representclo.com/products/england-t-shirt-washed-brown: 429 Client Error: Too Many Requests for url: https://uk.representclo.com/products/england-t-shirt-washed-brown
2026-09-08 08:38:08,822 [ERROR] Failed to fetch product page https://uk.representclo.com/products/fw25-represent-owners-club-hoodie-faded-black: 429 Client Error: Too Many Requests for url: https://uk.representclo.com/products/fw25-represent-owners-club-hoodie-faded-black
2026-09-08 08:38:09,369 [ERROR] Failed to fetch product page https://uk.representclo.com/products/fw25-represent-owners-club-hoodie-smoked-rose: 429 Client Error: Too Many Requests for url: https://uk.representclo.com/products/fw25-represent-owners-club-hoodie-smoked-rose
2026-09-08 08:38:09,922 [ERROR] Failed to fetch product page https://uk.representclo.com/products/fw25-represent-owners-club-socks-buttercream: 429 Client Error: Too Many Requests for url: https://uk.representclo.com/products/fw25-represent-owners-club-socks-buttercream
2026-09-08 08:38:10,466 [ERROR] Failed to fetch product page https://uk.representclo.com/products/fw25-represent-owners-club-socks-faded-black: 429 Client Error: Too Many Requests for url: https://uk.representclo.com/products/fw25-represent-owners-club-socks-faded-black
2026-09-08 08:38:11,013 [ERROR] Failed to fetch product page https://uk.representclo.com/products/fw25-represent-owners-club-socks-optic-white: 429 Client Error: Too Many Requests for url: https://uk.representclo.com/products/fw25-represent-owners-club-socks-optic-white
2026-09-08 08:38:11,560 [ERROR] Failed to fetch product page https://uk.representclo.com/products/fw25-represent-owners-club-t-shirt-buttercream: 429 Client Error: Too Many Requests for url: https://uk.representclo.com/products/fw25-represent-owners-club-t-shirt-buttercream
2026-09-08 08:38:12,129 [ERROR] Failed to fetch product page https://uk.representclo.com/products/fw25-represent-owners-club-t-shirt-faded-black: 429 Client Error: Too Many Requests for url: https://uk.representclo.com/products/fw25-represent-owners-club-t-shirt-faded-black
2026-09-08 08:38:12,679 [ERROR] Failed to fetch product page https://uk.representclo.com/products/fw25-represent-owners-club-t-shirt-flat-white: 429 Client Error: Too Many Requests for url: https://uk.representclo.com/products/fw25-represent-owners-club-t-shirt-flat-white
2026-09-08 08:38:13,228 [ERROR] Failed to fetch product page https://uk.representclo.com/products/gh-knitted-long-sleeve-top-espresso: 429 Client Error: Too Many Requests for url: https://uk.representclo.com/products/gh-knitted-long-sleeve-top-espresso
2026-09-08 08:38:13,777 [ERROR] Failed to fetch product page https://uk.representclo.com/products/gh-knitted-long-sleeve-top-jet-black: 429 Client Error: Too Many Requests for url: https://uk.representclo.com/products/gh-knitted-long-sleeve-top-jet-black
2026-09-08 08:38:14,328 [ERROR] Failed to fetch product page https://uk.representclo.com/products/gh-t-shirt-flat-white: 429 Client Error: Too Many Requests for url: https://uk.representclo.com/products/gh-t-shirt-flat-white
2026-09-08 08:38:14,882 [ERROR] Failed to fetch product page https://uk.representclo.com/products/gh-t-shirt-jet-black: 429 Client Error: Too Many Requests for url: https://uk.representclo.com/products/gh-t-shirt-jet-black
2026-09-08 08:38:15,443 [ERROR] Failed to fetch product page https://uk.representclo.com/products/gh-t-shirt-vintage-grey: 429 Client Error: Too Many Requests for url: https://uk.representclo.com/products/gh-t-shirt-vintage-grey
2026-09-08 08:38:15,989 [ERROR] Failed to fetch product page https://uk.representclo.com/products/gift-card: 429 Client Error: Too Many Requests for url: https://uk.representclo.com/products/gift-card
2026-09-08 08:38:16,537 [ERROR] Failed to fetch product page https://uk.representclo.com/products/golden-tour-t-shirt-sun-fade-grey: 429 Client Error: Too Many Requests for url: https://uk.representclo.com/products/golden-tour-t-shirt-sun-fade-grey
2026-09-08 08:38:17,082 [ERROR] Failed to fetch product page https://uk.representclo.com/products/gran-cru-classe-cap-jet-black: 429 Client Error: Too Many Requests for url: https://uk.representclo.com/products/gran-cru-classe-cap-jet-black
2026-09-08 08:38:17,630 [ERROR] Failed to fetch product page https://uk.representclo.com/products/grand-vintage-hand-drawn-t-shirt-aged-white: 429 Client Error: Too Many Requests for url: https://uk.representclo.com/products/grand-vintage-hand-drawn-t-shirt-aged-white
2026-09-08 08:38:18,185 [ERROR] Failed to fetch product page https://uk.representclo.com/products/grand-vintage-hand-drawn-t-shirt-jet-black: 429 Client Error: Too Many Requests for url: https://uk.representclo.com/products/grand-vintage-hand-drawn-t-shirt-jet-black
2026-09-08 08:38:18,744 [ERROR] Failed to fetch product page https://uk.representclo.com/products/hand-drawn-horses-t-shirt-aged-black: 429 Client Error: Too Many Requests for url: https://uk.representclo.com/products/hand-drawn-horses-t-shirt-aged-black
2026-09-08 08:38:19,294 [ERROR] Failed to fetch product page https://uk.representclo.com/products/hand-drawn-horses-t-shirt-flat-white: 429 Client Error: Too Many Requests for url: https://uk.representclo.com/products/hand-drawn-horses-t-shirt-flat-white
2026-09-08 08:38:19,840 [ERROR] Failed to fetch product page https://uk.representclo.com/products/hand-drawn-thoroughbred-hoodie-aged-black: 429 Client Error: Too Many Requests for url: https://uk.representclo.com/products/hand-drawn-thoroughbred-hoodie-aged-black
2026-09-08 08:38:20,381 [ERROR] Failed to fetch product page https://uk.representclo.com/products/hand-drawn-thoroughbred-t-shirt-aged-black: 429 Client Error: Too Many Requests for url: https://uk.representclo.com/products/hand-drawn-thoroughbred-t-shirt-aged-black
2026-09-08 08:38:20,926 [ERROR] Failed to fetch product page https://uk.representclo.com/products/hand-drawn-thoroughbred-t-shirt-flat-white: 429 Client Error: Too Many Requests for url: https://uk.representclo.com/products/hand-drawn-thoroughbred-t-shirt-flat-white
2026-09-08 08:38:21,470 [ERROR] Failed to fetch product page https://uk.representclo.com/products/heaton-jean-authentic-blue: 429 Client Error: Too Many Requests for url: https://uk.representclo.com/products/heaton-jean-authentic-blue
2026-09-08 08:38:22,023 [ERROR] Failed to fetch product page https://uk.representclo.com/products/heaton-jean-diffused-black: 429 Client Error: Too Many Requests for url: https://uk.representclo.com/products/heaton-jean-diffused-black
2026-09-08 08:38:22,574 [ERROR] Failed to fetch product page https://uk.representclo.com/products/heaton-jean-light-vintage-blue: 429 Client Error: Too Many Requests for url: https://uk.representclo.com/products/heaton-jean-light-vintage-blue
2026-09-08 08:38:23,121 [ERROR] Failed to fetch product page https://uk.representclo.com/products/heavier-than-the-heavens-long-sleeve-t-shirt-washed-black: 429 Client Error: Too Many Requests for url: https://uk.representclo.com/products/heavier-than-the-heavens-long-sleeve-t-shirt-washed-black
2026-09-08 08:38:23,677 [ERROR] Failed to fetch product page https://uk.representclo.com/products/heavier-than-the-heavens-t-shirt-antique-white: 429 Client Error: Too Many Requests for url: https://uk.representclo.com/products/heavier-than-the-heavens-t-shirt-antique-white
2026-09-08 08:38:24,260 [ERROR] Failed to fetch product page https://uk.representclo.com/products/heavyweight-henley-sweater-vintage-black: 429 Client Error: Too Many Requests for url: https://uk.representclo.com/products/heavyweight-henley-sweater-vintage-black
2026-09-08 08:38:24,808 [ERROR] Failed to fetch product page https://uk.representclo.com/products/heavyweight-henley-sweater-vintage-falcon: 429 Client Error: Too Many Requests for url: https://uk.representclo.com/products/heavyweight-henley-sweater-vintage-falcon
2026-09-08 08:38:25,356 [ERROR] Failed to fetch product page https://uk.representclo.com/products/heavyweight-hoodie-jet-black: 429 Client Error: Too Many Requests for url: https://uk.representclo.com/products/heavyweight-hoodie-jet-black
2026-09-08 08:38:25,908 [ERROR] Failed to fetch product page https://uk.representclo.com/products/heavyweight-sweater-ash-grey: 429 Client Error: Too Many Requests for url: https://uk.representclo.com/products/heavyweight-sweater-ash-grey
2026-09-08 08:38:26,458 [ERROR] Failed to fetch product page https://uk.representclo.com/products/heavyweight-sweatpant-ash-grey: 429 Client Error: Too Many Requests for url: https://uk.representclo.com/products/heavyweight-sweatpant-ash-grey
2026-09-08 08:38:27,003 [ERROR] Failed to fetch product page https://uk.representclo.com/products/heavyweight-sweatpant-jet-black: 429 Client Error: Too Many Requests for url: https://uk.representclo.com/products/heavyweight-sweatpant-jet-black
2026-09-08 08:38:27,549 [ERROR] Failed to fetch product page https://uk.representclo.com/products/hermes-t-shirt-flat-white: 429 Client Error: Too Many Requests for url: https://uk.representclo.com/products/hermes-t-shirt-flat-white
2026-09-08 08:38:28,110 [ERROR] Failed to fetch product page https://uk.representclo.com/products/htn-leather-bag-black: 429 Client Error: Too Many Requests for url: https://uk.representclo.com/products/htn-leather-bag-black
2026-09-08 08:38:28,657 [ERROR] Failed to fetch product page https://uk.representclo.com/products/hudson-tote-dark-brown: 429 Client Error: Too Many Requests for url: https://uk.representclo.com/products/hudson-tote-dark-brown
2026-09-08 08:38:29,206 [ERROR] Failed to fetch product page https://uk.representclo.com/products/icarus-t-shirt-jet-black: 429 Client Error: Too Many Requests for url: https://uk.representclo.com/products/icarus-t-shirt-jet-black
2026-09-08 08:38:29,749 [ERROR] Failed to fetch product page https://uk.representclo.com/products/icarus-t-shirt-sky-blue: 429 Client Error: Too Many Requests for url: https://uk.representclo.com/products/icarus-t-shirt-sky-blue
2026-09-08 08:38:30,297 [ERROR] Failed to fetch product page https://uk.representclo.com/products/icarus-t-shirt-taupe: 429 Client Error: Too Many Requests for url: https://uk.representclo.com/products/icarus-t-shirt-taupe
2026-09-08 08:38:30,845 [ERROR] Failed to fetch product page https://uk.representclo.com/products/initial-boxy-hoodie-black: 429 Client Error: Too Many Requests for url: https://uk.representclo.com/products/initial-boxy-hoodie-black
2026-09-08 08:38:31,389 [ERROR] Failed to fetch product page https://uk.representclo.com/products/initial-boxy-hoodie-coffee: 429 Client Error: Too Many Requests for url: https://uk.representclo.com/products/initial-boxy-hoodie-coffee
2026-09-08 08:38:31,937 [ERROR] Failed to fetch product page https://uk.representclo.com/products/initial-boxy-hoodie-vintage-grey-v2: 429 Client Error: Too Many Requests for url: https://uk.representclo.com/products/initial-boxy-hoodie-vintage-grey-v2
2026-09-08 08:38:32,485 [ERROR] Failed to fetch product page https://uk.representclo.com/products/initial-boxy-quarter-zip-ice-grey-marl-v2: 429 Client Error: Too Many Requests for url: https://uk.representclo.com/products/initial-boxy-quarter-zip-ice-grey-marl-v2
2026-09-08 08:38:33,044 [ERROR] Failed to fetch product page https://uk.representclo.com/products/initial-boxy-quarter-zip-jet-black-v2: 429 Client Error: Too Many Requests for url: https://uk.representclo.com/products/initial-boxy-quarter-zip-jet-black-v2
2026-09-08 08:38:33,588 [ERROR] Failed to fetch product page https://uk.representclo.com/products/initial-boxy-sweater-jet-black-v2: 429 Client Error: Too Many Requests for url: https://uk.representclo.com/products/initial-boxy-sweater-jet-black-v2
2026-09-08 08:38:34,143 [ERROR] Failed to fetch product page https://uk.representclo.com/products/initial-boxy-t-shirt-army-green: 429 Client Error: Too Many Requests for url: https://uk.representclo.com/products/initial-boxy-t-shirt-army-green
2026-09-08 08:38:34,699 [ERROR] Failed to fetch product page https://uk.representclo.com/products/initial-boxy-t-shirt-black: 429 Client Error: Too Many Requests for url: https://uk.representclo.com/products/initial-boxy-t-shirt-black
2026-09-08 08:38:35,248 [ERROR] Failed to fetch product page https://uk.representclo.com/products/initial-boxy-t-shirt-canary-yellow: 429 Client Error: Too Many Requests for url: https://uk.representclo.com/products/initial-boxy-t-shirt-canary-yellow
2026-09-08 08:38:35,817 [ERROR] Failed to fetch product page https://uk.representclo.com/products/initial-boxy-t-shirt-coffee: 429 Client Error: Too Many Requests for url: https://uk.representclo.com/products/initial-boxy-t-shirt-coffee
2026-09-08 08:38:36,367 [ERROR] Failed to fetch product page https://uk.representclo.com/products/initial-boxy-t-shirt-dune: 429 Client Error: Too Many Requests for url: https://uk.representclo.com/products/initial-boxy-t-shirt-dune
2026-09-08 08:38:36,910 [ERROR] Failed to fetch product page https://uk.representclo.com/products/initial-boxy-t-shirt-flat-white: 429 Client Error: Too Many Requests for url: https://uk.representclo.com/products/initial-boxy-t-shirt-flat-white
2026-09-08 08:38:37,459 [ERROR] Failed to fetch product page https://uk.representclo.com/products/initial-boxy-t-shirt-ice-grey-marl: 429 Client Error: Too Many Requests for url: https://uk.representclo.com/products/initial-boxy-t-shirt-ice-grey-marl
2026-09-08 08:38:38,009 [ERROR] Failed to fetch product page https://uk.representclo.com/products/initial-boxy-t-shirt-vintage-grey: 429 Client Error: Too Many Requests for url: https://uk.representclo.com/products/initial-boxy-t-shirt-vintage-grey
2026-09-08 08:38:38,563 [ERROR] Failed to fetch product page https://uk.representclo.com/products/initial-boxy-tank-flat-white: 429 Client Error: Too Many Requests for url: https://uk.representclo.com/products/initial-boxy-tank-flat-white
2026-09-08 08:38:39,108 [ERROR] Failed to fetch product page https://uk.representclo.com/products/initial-boxy-tank-flat-white-ss26: 429 Client Error: Too Many Requests for url: https://uk.representclo.com/products/initial-boxy-tank-flat-white-ss26
2026-09-08 08:38:39,658 [ERROR] Failed to fetch product page https://uk.representclo.com/products/initial-boxy-tank-ice-grey-marl: 429 Client Error: Too Many Requests for url: https://uk.representclo.com/products/initial-boxy-tank-ice-grey-marl
2026-09-08 08:38:40,209 [ERROR] Failed to fetch product page https://uk.representclo.com/products/initial-boxy-tank-mist: 429 Client Error: Too Many Requests for url: https://uk.representclo.com/products/initial-boxy-tank-mist
2026-09-08 08:38:40,755 [ERROR] Failed to fetch product page https://uk.representclo.com/products/initial-boxy-zip-through-hoodie-jet-black-v2: 429 Client Error: Too Many Requests for url: https://uk.representclo.com/products/initial-boxy-zip-through-hoodie-jet-black-v2
2026-09-08 08:38:41,304 [ERROR] Failed to fetch product page https://uk.representclo.com/products/initial-bucket-hat-jet-black: 429 Client Error: Too Many Requests for url: https://uk.representclo.com/products/initial-bucket-hat-jet-black
2026-09-08 08:38:41,849 [ERROR] Failed to fetch product page https://uk.representclo.com/products/initial-cap-midnight-navy: 429 Client Error: Too Many Requests for url: https://uk.representclo.com/products/initial-cap-midnight-navy
2026-09-08 08:38:42,398 [ERROR] Failed to fetch product page https://uk.representclo.com/products/initial-cap-mist: 429 Client Error: Too Many Requests for url: https://uk.representclo.com/products/initial-cap-mist
2026-09-08 08:38:42,941 [ERROR] Failed to fetch product page https://uk.representclo.com/products/initial-crossbody-bag-jet-black: 429 Client Error: Too Many Requests for url: https://uk.representclo.com/products/initial-crossbody-bag-jet-black
2026-09-08 08:38:43,496 [ERROR] Failed to fetch product page https://uk.representclo.com/products/initial-henley-waffle-long-sleeve-t-shirt-flat-white: 429 Client Error: Too Many Requests for url: https://uk.representclo.com/products/initial-henley-waffle-long-sleeve-t-shirt-flat-white
2026-09-08 08:38:44,072 [ERROR] Failed to fetch product page https://uk.representclo.com/products/initial-henley-waffle-long-sleeve-t-shirt-ice-grey-marl: 429 Client Error: Too Many Requests for url: https://uk.representclo.com/products/initial-henley-waffle-long-sleeve-t-shirt-ice-grey-marl
2026-09-08 08:38:44,620 [ERROR] Failed to fetch product page https://uk.representclo.com/products/initial-henley-waffle-long-sleeve-t-shirt-jet-black: 429 Client Error: Too Many Requests for url: https://uk.representclo.com/products/initial-henley-waffle-long-sleeve-t-shirt-jet-black
2026-09-08 08:38:45,169 [ERROR] Failed to fetch product page https://uk.representclo.com/products/initial-henley-waffle-long-sleeve-t-shirt-midnight-navy: 429 Client Error: Too Many Requests for url: https://uk.representclo.com/products/initial-henley-waffle-long-sleeve-t-shirt-midnight-navy
2026-09-08 08:38:45,715 [ERROR] Failed to fetch product page https://uk.representclo.com/products/initial-long-sleeve-open-cuff-t-shirt-dune: 429 Client Error: Too Many Requests for url: https://uk.representclo.com/products/initial-long-sleeve-open-cuff-t-shirt-dune
2026-09-08 08:38:46,262 [ERROR] Failed to fetch product page https://uk.representclo.com/products/initial-long-sleeve-t-shirt-black: 429 Client Error: Too Many Requests for url: https://uk.representclo.com/products/initial-long-sleeve-t-shirt-black
2026-09-08 08:38:46,821 [ERROR] Failed to fetch product page https://uk.representclo.com/products/initial-long-sleeve-t-shirt-flat-white: 429 Client Error: Too Many Requests for url: https://uk.representclo.com/products/initial-long-sleeve-t-shirt-flat-white
2026-09-08 08:38:47,367 [ERROR] Failed to fetch product page https://uk.representclo.com/products/initial-long-sleeve-t-shirt-ice-grey-marl: 429 Client Error: Too Many Requests for url: https://uk.representclo.com/products/initial-long-sleeve-t-shirt-ice-grey-marl
2026-09-08 08:38:47,920 [ERROR] Failed to fetch product page https://uk.representclo.com/products/initial-mule-taupe: 429 Client Error: Too Many Requests for url: https://uk.representclo.com/products/initial-mule-taupe
2026-09-08 08:38:48,465 [ERROR] Failed to fetch product page https://uk.representclo.com/products/initial-nylon-sling-bag-black: 429 Client Error: Too Many Requests for url: https://uk.representclo.com/products/initial-nylon-sling-bag-black
2026-09-08 08:38:49,015 [ERROR] Failed to fetch product page https://uk.representclo.com/products/initial-overdye-realtree-boxy-t-shirt-overdyed-black: 429 Client Error: Too Many Requests for url: https://uk.representclo.com/products/initial-overdye-realtree-boxy-t-shirt-overdyed-black
2026-09-08 08:38:49,562 [ERROR] Failed to fetch product page https://uk.representclo.com/products/initial-overdye-realtree-long-sleeve-t-shirt-overdyed-black: 429 Client Error: Too Many Requests for url: https://uk.representclo.com/products/initial-overdye-realtree-long-sleeve-t-shirt-overdyed-black
2026-09-08 08:38:50,105 [ERROR] Failed to fetch product page https://uk.representclo.com/products/initial-overdye-realtree-oversized-hoodie-overdyed-black: 429 Client Error: Too Many Requests for url: https://uk.representclo.com/products/initial-overdye-realtree-oversized-hoodie-overdyed-black
2026-09-08 08:38:50,650 [ERROR] Failed to fetch product page https://uk.representclo.com/products/initial-overdye-realtree-oversized-t-shirt-overdyed-black: 429 Client Error: Too Many Requests for url: https://uk.representclo.com/products/initial-overdye-realtree-oversized-t-shirt-overdyed-black
2026-09-08 08:38:51,198 [ERROR] Failed to fetch product page https://uk.representclo.com/products/initial-oversized-hoodie-black: 429 Client Error: Too Many Requests for url: https://uk.representclo.com/products/initial-oversized-hoodie-black
2026-09-08 08:38:51,787 [ERROR] Failed to fetch product page https://uk.representclo.com/products/initial-oversized-hoodie-midnight-navy: 429 Client Error: Too Many Requests for url: https://uk.representclo.com/products/initial-oversized-hoodie-midnight-navy
2026-09-08 08:38:52,338 [ERROR] Failed to fetch product page https://uk.representclo.com/products/initial-oversized-t-shirt-army-green: 429 Client Error: Too Many Requests for url: https://uk.representclo.com/products/initial-oversized-t-shirt-army-green
2026-09-08 08:38:52,891 [ERROR] Failed to fetch product page https://uk.representclo.com/products/initial-oversized-t-shirt-black: 429 Client Error: Too Many Requests for url: https://uk.representclo.com/products/initial-oversized-t-shirt-black
2026-09-08 08:38:53,456 [ERROR] Failed to fetch product page https://uk.representclo.com/products/initial-oversized-t-shirt-coffee: 429 Client Error: Too Many Requests for url: https://uk.representclo.com/products/initial-oversized-t-shirt-coffee
2026-09-08 08:38:54,019 [ERROR] Failed to fetch product page https://uk.representclo.com/products/initial-oversized-t-shirt-dune: 429 Client Error: Too Many Requests for url: https://uk.representclo.com/products/initial-oversized-t-shirt-dune
2026-09-08 08:38:54,570 [ERROR] Failed to fetch product page https://uk.representclo.com/products/initial-oversized-t-shirt-flat-white: 429 Client Error: Too Many Requests for url: https://uk.representclo.com/products/initial-oversized-t-shirt-flat-white
2026-09-08 08:38:55,117 [ERROR] Failed to fetch product page https://uk.representclo.com/products/initial-oversized-t-shirt-ice-grey-marl: 429 Client Error: Too Many Requests for url: https://uk.representclo.com/products/initial-oversized-t-shirt-ice-grey-marl
2026-09-08 08:38:55,661 [ERROR] Failed to fetch product page https://uk.representclo.com/products/initial-oversized-t-shirt-midnight-navy: 429 Client Error: Too Many Requests for url: https://uk.representclo.com/products/initial-oversized-t-shirt-midnight-navy
2026-09-08 08:38:56,204 [ERROR] Failed to fetch product page https://uk.representclo.com/products/initial-oversized-t-shirt-mist: 429 Client Error: Too Many Requests for url: https://uk.representclo.com/products/initial-oversized-t-shirt-mist
2026-09-08 08:38:56,769 [ERROR] Failed to fetch product page https://uk.representclo.com/products/initial-rib-vest-black: 429 Client Error: Too Many Requests for url: https://uk.representclo.com/products/initial-rib-vest-black
2026-09-08 08:38:57,318 [ERROR] Failed to fetch product page https://uk.representclo.com/products/initial-rib-vest-flat-white: 429 Client Error: Too Many Requests for url: https://uk.representclo.com/products/initial-rib-vest-flat-white
2026-09-08 08:38:57,877 [ERROR] Failed to fetch product page https://uk.representclo.com/products/initial-rib-vest-ice-grey-marl: 429 Client Error: Too Many Requests for url: https://uk.representclo.com/products/initial-rib-vest-ice-grey-marl
2026-09-08 08:38:58,429 [ERROR] Failed to fetch product page https://uk.representclo.com/products/initial-sheer-rib-long-sleeve-t-shirt-flat-white: 429 Client Error: Too Many Requests for url: https://uk.representclo.com/products/initial-sheer-rib-long-sleeve-t-shirt-flat-white
2026-09-08 08:38:58,985 [ERROR] Failed to fetch product page https://uk.representclo.com/products/initial-sheer-rib-long-sleeve-t-shirt-jet-black: 429 Client Error: Too Many Requests for url: https://uk.representclo.com/products/initial-sheer-rib-long-sleeve-t-shirt-jet-black
2026-09-08 08:38:59,552 [ERROR] Failed to fetch product page https://uk.representclo.com/products/initial-socks-black: 429 Client Error: Too Many Requests for url: https://uk.representclo.com/products/initial-socks-black
2026-09-08 08:39:00,102 [ERROR] Failed to fetch product page https://uk.representclo.com/products/initial-star-t-shirt-flat-white: 429 Client Error: Too Many Requests for url: https://uk.representclo.com/products/initial-star-t-shirt-flat-white
2026-09-08 08:39:00,654 [ERROR] Failed to fetch product page https://uk.representclo.com/products/initial-stripe-cap-antique-white: 429 Client Error: Too Many Requests for url: https://uk.representclo.com/products/initial-stripe-cap-antique-white
2026-09-08 08:39:01,199 [ERROR] Failed to fetch product page https://uk.representclo.com/products/initial-stripe-cap-jet-black: 429 Client Error: Too Many Requests for url: https://uk.representclo.com/products/initial-stripe-cap-jet-black
2026-09-08 08:39:01,750 [ERROR] Failed to fetch product page https://uk.representclo.com/products/initial-sweatpant-black: 429 Client Error: Too Many Requests for url: https://uk.representclo.com/products/initial-sweatpant-black
2026-09-08 08:39:02,296 [ERROR] Failed to fetch product page https://uk.representclo.com/products/initial-sweatpant-ice-grey-marl: 429 Client Error: Too Many Requests for url: https://uk.representclo.com/products/initial-sweatpant-ice-grey-marl
2026-09-08 08:39:02,844 [ERROR] Failed to fetch product page https://uk.representclo.com/products/initial-sweatshorts-ice-grey-marl-v2: 429 Client Error: Too Many Requests for url: https://uk.representclo.com/products/initial-sweatshorts-ice-grey-marl-v2
2026-09-08 08:39:03,398 [ERROR] Failed to fetch product page https://uk.representclo.com/products/initial-sweatshorts-jet-black-v2: 429 Client Error: Too Many Requests for url: https://uk.representclo.com/products/initial-sweatshorts-jet-black-v2
2026-09-08 08:39:03,946 [ERROR] Failed to fetch product page https://uk.representclo.com/products/initial-t-shirt-dune: 429 Client Error: Too Many Requests for url: https://uk.representclo.com/products/initial-t-shirt-dune
2026-09-08 08:39:04,502 [ERROR] Failed to fetch product page https://uk.representclo.com/products/initial-t-shirt-flat-white: 429 Client Error: Too Many Requests for url: https://uk.representclo.com/products/initial-t-shirt-flat-white
2026-09-08 08:39:05,050 [ERROR] Failed to fetch product page https://uk.representclo.com/products/initial-t-shirt-ice-grey-marl: 429 Client Error: Too Many Requests for url: https://uk.representclo.com/products/initial-t-shirt-ice-grey-marl
2026-09-08 08:39:05,597 [ERROR] Failed to fetch product page https://uk.representclo.com/products/initial-t-shirt-vintage-grey: 429 Client Error: Too Many Requests for url: https://uk.representclo.com/products/initial-t-shirt-vintage-grey
2026-09-08 08:39:06,150 [ERROR] Failed to fetch product page https://uk.representclo.com/products/initial-tape-pant-jet-black: 429 Client Error: Too Many Requests for url: https://uk.representclo.com/products/initial-tape-pant-jet-black
2026-09-08 08:39:06,695 [ERROR] Failed to fetch product page https://uk.representclo.com/products/leather-tote-bag-textured-black: 429 Client Error: Too Many Requests for url: https://uk.representclo.com/products/leather-tote-bag-textured-black
2026-09-08 08:39:07,240 [ERROR] Failed to fetch product page https://uk.representclo.com/products/legacy-cherubs-hoodie-jet-black: 429 Client Error: Too Many Requests for url: https://uk.representclo.com/products/legacy-cherubs-hoodie-jet-black
2026-09-08 08:39:07,789 [ERROR] Failed to fetch product page https://uk.representclo.com/products/legacy-crest-cap-antique-white: 429 Client Error: Too Many Requests for url: https://uk.representclo.com/products/legacy-crest-cap-antique-white
2026-09-08 08:39:08,331 [ERROR] Failed to fetch product page https://uk.representclo.com/products/legacy-crest-cap-black: 429 Client Error: Too Many Requests for url: https://uk.representclo.com/products/legacy-crest-cap-black
2026-09-08 08:39:08,886 [ERROR] Failed to fetch product page https://uk.representclo.com/products/legacy-crest-long-sleeve-t-shirt-stained-black: 429 Client Error: Too Many Requests for url: https://uk.representclo.com/products/legacy-crest-long-sleeve-t-shirt-stained-black
2026-09-08 08:39:09,432 [ERROR] Failed to fetch product page https://uk.representclo.com/products/legacy-crest-t-shirt-stained-black: 429 Client Error: Too Many Requests for url: https://uk.representclo.com/products/legacy-crest-t-shirt-stained-black
2026-09-08 08:39:09,993 [ERROR] Failed to fetch product page https://uk.representclo.com/products/loaded-with-love-t-shirt-buttercream: 429 Client Error: Too Many Requests for url: https://uk.representclo.com/products/loaded-with-love-t-shirt-buttercream
2026-09-08 08:39:10,568 [ERROR] Failed to fetch product page https://uk.representclo.com/products/loaded-with-love-t-shirt-stained-black: 429 Client Error: Too Many Requests for url: https://uk.representclo.com/products/loaded-with-love-t-shirt-stained-black
2026-09-08 08:39:11,118 [ERROR] Failed to fetch product page https://uk.representclo.com/products/logo-quilted-shirt-black: 429 Client Error: Too Many Requests for url: https://uk.representclo.com/products/logo-quilted-shirt-black
2026-09-08 08:39:11,667 [ERROR] Failed to fetch product page https://uk.representclo.com/products/london-store-hoodie-jet-black: 429 Client Error: Too Many Requests for url: https://uk.representclo.com/products/london-store-hoodie-jet-black
2026-09-08 08:39:12,216 [ERROR] Failed to fetch product page https://uk.representclo.com/products/london-store-t-shirt-flat-white: 429 Client Error: Too Many Requests for url: https://uk.representclo.com/products/london-store-t-shirt-flat-white
2026-09-08 08:39:12,762 [ERROR] Failed to fetch product page https://uk.representclo.com/products/london-store-t-shirt-jet-black: 429 Client Error: Too Many Requests for url: https://uk.representclo.com/products/london-store-t-shirt-jet-black
2026-09-08 08:39:13,309 [ERROR] Failed to fetch product page https://uk.representclo.com/products/los-angeles-dodgers-x-represent-47-cap-dust-blue: 429 Client Error: Too Many Requests for url: https://uk.representclo.com/products/los-angeles-dodgers-x-represent-47-cap-dust-blue
2026-09-08 08:39:13,859 [ERROR] Failed to fetch product page https://uk.representclo.com/products/los-angeles-dodgers-x-represent-sweater-sprayed-mist: 429 Client Error: Too Many Requests for url: https://uk.representclo.com/products/los-angeles-dodgers-x-represent-sweater-sprayed-mist
2026-09-08 08:39:14,431 [ERROR] Failed to fetch product page https://uk.representclo.com/products/los-angeles-dodgers-x-represent-t-shirt-stained-black: 429 Client Error: Too Many Requests for url: https://uk.representclo.com/products/los-angeles-dodgers-x-represent-t-shirt-stained-black
2026-09-08 08:39:14,990 [ERROR] Failed to fetch product page https://uk.representclo.com/products/los-angeles-rams-x-represent-hoodie-stained-black: 429 Client Error: Too Many Requests for url: https://uk.representclo.com/products/los-angeles-rams-x-represent-hoodie-stained-black
2026-09-08 08:39:15,538 [ERROR] Failed to fetch product page https://uk.representclo.com/products/los-angeles-rams-x-represent-t-shirt-stained-black: 429 Client Error: Too Many Requests for url: https://uk.representclo.com/products/los-angeles-rams-x-represent-t-shirt-stained-black
2026-09-08 08:39:16,091 [ERROR] Failed to fetch product page https://uk.representclo.com/products/los-angeles-rams-x-represent-x-47-cap-washed-aged-black: 429 Client Error: Too Many Requests for url: https://uk.representclo.com/products/los-angeles-rams-x-represent-x-47-cap-washed-aged-black
2026-09-08 08:39:16,641 [ERROR] Failed to fetch product page https://uk.representclo.com/products/los-angeles-x-represent-47-cap-vintage-green: 429 Client Error: Too Many Requests for url: https://uk.representclo.com/products/los-angeles-x-represent-47-cap-vintage-green
2026-09-08 08:39:17,192 [ERROR] Failed to fetch product page https://uk.representclo.com/products/low-pro-leather-jet-black: 429 Client Error: Too Many Requests for url: https://uk.representclo.com/products/low-pro-leather-jet-black
2026-09-08 08:39:17,775 [ERROR] Failed to fetch product page https://uk.representclo.com/products/lowercase-logo-long-sleeve-t-shirt-flat-white: 429 Client Error: Too Many Requests for url: https://uk.representclo.com/products/lowercase-logo-long-sleeve-t-shirt-flat-white
2026-09-08 08:39:18,318 [ERROR] Failed to fetch product page https://uk.representclo.com/products/lowercase-logo-t-shirt-flat-white: 429 Client Error: Too Many Requests for url: https://uk.representclo.com/products/lowercase-logo-t-shirt-flat-white
2026-09-08 08:39:18,864 [ERROR] Failed to fetch product page https://uk.representclo.com/products/manchester-store-hoodie-black: 429 Client Error: Too Many Requests for url: https://uk.representclo.com/products/manchester-store-hoodie-black
2026-09-08 08:39:19,413 [ERROR] Failed to fetch product page https://uk.representclo.com/products/manchester-store-t-shirt-black: 429 Client Error: Too Many Requests for url: https://uk.representclo.com/products/manchester-store-t-shirt-black
2026-09-08 08:39:19,970 [ERROR] Failed to fetch product page https://uk.representclo.com/products/manchester-store-t-shirt-flat-white: 429 Client Error: Too Many Requests for url: https://uk.representclo.com/products/manchester-store-t-shirt-flat-white
2026-09-08 08:39:20,520 [ERROR] Failed to fetch product page https://uk.representclo.com/products/mesh-pegasus-long-sleeve-t-shirt-flat-white: 429 Client Error: Too Many Requests for url: https://uk.representclo.com/products/mesh-pegasus-long-sleeve-t-shirt-flat-white
2026-09-08 08:39:21,076 [ERROR] Failed to fetch product page https://uk.representclo.com/products/mesh-pegasus-long-sleeve-t-shirt-jet-black: 429 Client Error: Too Many Requests for url: https://uk.representclo.com/products/mesh-pegasus-long-sleeve-t-shirt-jet-black
2026-09-08 08:39:21,625 [ERROR] Failed to fetch product page https://uk.representclo.com/products/mh-t-shirt-flat-white: 429 Client Error: Too Many Requests for url: https://uk.representclo.com/products/mh-t-shirt-flat-white
2026-09-08 08:39:22,171 [ERROR] Failed to fetch product page https://uk.representclo.com/products/mh-t-shirt-jet-black: 429 Client Error: Too Many Requests for url: https://uk.representclo.com/products/mh-t-shirt-jet-black
2026-09-08 08:39:22,723 [ERROR] Failed to fetch product page https://uk.representclo.com/products/mh-t-shirt-v2-ash-white: 429 Client Error: Too Many Requests for url: https://uk.representclo.com/products/mh-t-shirt-v2-ash-white
2026-09-08 08:39:23,271 [ERROR] Failed to fetch product page https://uk.representclo.com/products/micro-owners-club-cap-jet-black: 429 Client Error: Too Many Requests for url: https://uk.representclo.com/products/micro-owners-club-cap-jet-black
2026-09-08 08:39:23,829 [ERROR] Failed to fetch product page https://uk.representclo.com/products/micro-owners-club-card-holder-jet-black: 429 Client Error: Too Many Requests for url: https://uk.representclo.com/products/micro-owners-club-card-holder-jet-black
2026-09-08 08:39:24,377 [ERROR] Failed to fetch product page https://uk.representclo.com/products/micro-owners-club-hoodie-cream-marl-v2: 429 Client Error: Too Many Requests for url: https://uk.representclo.com/products/micro-owners-club-hoodie-cream-marl-v2
2026-09-08 08:39:24,930 [ERROR] Failed to fetch product page https://uk.representclo.com/products/micro-owners-club-hoodie-jet-black-v2: 429 Client Error: Too Many Requests for url: https://uk.representclo.com/products/micro-owners-club-hoodie-jet-black-v2
2026-09-08 08:39:25,472 [ERROR] Failed to fetch product page https://uk.representclo.com/products/micro-owners-club-nylon-cap-jet-black: 429 Client Error: Too Many Requests for url: https://uk.representclo.com/products/micro-owners-club-nylon-cap-jet-black
2026-09-08 08:39:26,018 [ERROR] Failed to fetch product page https://uk.representclo.com/products/micro-owners-club-sweatpant-jet-black-v2: 429 Client Error: Too Many Requests for url: https://uk.representclo.com/products/micro-owners-club-sweatpant-jet-black-v2
2026-09-08 08:39:26,567 [ERROR] Failed to fetch product page https://uk.representclo.com/products/micro-owners-club-swim-shorts-black: 429 Client Error: Too Many Requests for url: https://uk.representclo.com/products/micro-owners-club-swim-shorts-black
2026-09-08 08:39:27,118 [ERROR] Failed to fetch product page https://uk.representclo.com/products/micro-owners-club-t-shirt-cream-marl: 429 Client Error: Too Many Requests for url: https://uk.representclo.com/products/micro-owners-club-t-shirt-cream-marl
2026-09-08 08:39:27,663 [ERROR] Failed to fetch product page https://uk.representclo.com/products/micro-owners-club-t-shirt-flat-white: 429 Client Error: Too Many Requests for url: https://uk.representclo.com/products/micro-owners-club-t-shirt-flat-white
2026-09-08 08:39:28,208 [ERROR] Failed to fetch product page https://uk.representclo.com/products/micro-owners-club-t-shirt-jet-black: 429 Client Error: Too Many Requests for url: https://uk.representclo.com/products/micro-owners-club-t-shirt-jet-black
2026-09-08 08:39:28,760 [ERROR] Failed to fetch product page https://uk.representclo.com/products/micro-owners-club-t-shirt-pink: 429 Client Error: Too Many Requests for url: https://uk.representclo.com/products/micro-owners-club-t-shirt-pink
2026-09-08 08:39:29,314 [ERROR] Failed to fetch product page https://uk.representclo.com/products/new-york-yankees-x-represent-47-cap-graphite: 429 Client Error: Too Many Requests for url: https://uk.representclo.com/products/new-york-yankees-x-represent-47-cap-graphite
2026-09-08 08:39:29,899 [ERROR] Failed to fetch product page https://uk.representclo.com/products/new-york-yankees-x-represent-47-cap-midnight-navy: 429 Client Error: Too Many Requests for url: https://uk.representclo.com/products/new-york-yankees-x-represent-47-cap-midnight-navy
2026-09-08 08:39:30,448 [ERROR] Failed to fetch product page https://uk.representclo.com/products/new-york-yankees-x-represent-nylon-pullover-faded-black: 429 Client Error: Too Many Requests for url: https://uk.representclo.com/products/new-york-yankees-x-represent-nylon-pullover-faded-black
2026-09-08 08:39:30,998 [ERROR] Failed to fetch product page https://uk.representclo.com/products/new-york-yankees-x-represent-t-shirt-flat-white: 429 Client Error: Too Many Requests for url: https://uk.representclo.com/products/new-york-yankees-x-represent-t-shirt-flat-white
2026-09-08 08:39:31,540 [ERROR] Failed to fetch product page https://uk.representclo.com/products/nfl-shield-x-represent-x-47-cap-jet-black: 429 Client Error: Too Many Requests for url: https://uk.representclo.com/products/nfl-shield-x-represent-x-47-cap-jet-black
2026-09-08 08:39:32,087 [ERROR] Failed to fetch product page https://uk.representclo.com/products/nothing-faster-applique-patch-x-47-cap-jet-black: 429 Client Error: Too Many Requests for url: https://uk.representclo.com/products/nothing-faster-applique-patch-x-47-cap-jet-black
2026-09-08 08:39:32,637 [ERROR] Failed to fetch product page https://uk.representclo.com/products/nothing-faster-t-shirt-flat-white: 429 Client Error: Too Many Requests for url: https://uk.representclo.com/products/nothing-faster-t-shirt-flat-white
2026-09-08 08:39:33,190 [ERROR] Failed to fetch product page https://uk.representclo.com/products/nothing-faster-t-shirt-indigo: 429 Client Error: Too Many Requests for url: https://uk.representclo.com/products/nothing-faster-t-shirt-indigo
2026-09-08 08:39:33,736 [ERROR] Failed to fetch product page https://uk.representclo.com/products/nothing-faster-t-shirt-stained-black: 429 Client Error: Too Many Requests for url: https://uk.representclo.com/products/nothing-faster-t-shirt-stained-black
2026-09-08 08:39:34,284 [ERROR] Failed to fetch product page https://uk.representclo.com/products/nylon-cargo-pant-black: 429 Client Error: Too Many Requests for url: https://uk.representclo.com/products/nylon-cargo-pant-black
2026-09-08 08:39:34,836 [ERROR] Failed to fetch product page https://uk.representclo.com/products/nylon-cargo-short-black: 429 Client Error: Too Many Requests for url: https://uk.representclo.com/products/nylon-cargo-short-black
2026-09-08 08:39:35,384 [ERROR] Failed to fetch product page https://uk.representclo.com/products/nylon-messenger-bag-black: 429 Client Error: Too Many Requests for url: https://uk.representclo.com/products/nylon-messenger-bag-black
2026-09-08 08:39:35,946 [ERROR] Failed to fetch product page https://uk.representclo.com/products/out-of-the-shadows-t-shirt-flat-white: 429 Client Error: Too Many Requests for url: https://uk.representclo.com/products/out-of-the-shadows-t-shirt-flat-white
2026-09-08 08:39:36,514 [ERROR] Failed to fetch product page https://uk.representclo.com/products/outlander-parka-olive-night: 429 Client Error: Too Many Requests for url: https://uk.representclo.com/products/outlander-parka-olive-night
2026-09-08 08:39:37,064 [ERROR] Failed to fetch product page https://uk.representclo.com/products/owners-club-cafe-hat-antique-white: 429 Client Error: Too Many Requests for url: https://uk.representclo.com/products/owners-club-cafe-hat-antique-white
2026-09-08 08:39:37,608 [ERROR] Failed to fetch product page https://uk.representclo.com/products/owners-club-cafe-hat-black-coffee: 429 Client Error: Too Many Requests for url: https://uk.representclo.com/products/owners-club-cafe-hat-black-coffee
2026-09-08 08:39:38,156 [ERROR] Failed to fetch product page https://uk.representclo.com/products/owners-club-cafe-t-shirt-antique-white: 429 Client Error: Too Many Requests for url: https://uk.representclo.com/products/owners-club-cafe-t-shirt-antique-white
2026-09-08 08:39:38,708 [ERROR] Failed to fetch product page https://uk.representclo.com/products/owners-club-cafe-t-shirt-black-coffee: 429 Client Error: Too Many Requests for url: https://uk.representclo.com/products/owners-club-cafe-t-shirt-black-coffee
2026-09-08 08:39:39,256 [ERROR] Failed to fetch product page https://uk.representclo.com/products/owners-club-hoodie-washed-black: 429 Client Error: Too Many Requests for url: https://uk.representclo.com/products/owners-club-hoodie-washed-black
2026-09-08 08:39:39,805 [ERROR] Failed to fetch product page https://uk.representclo.com/products/owners-club-script-hoodie-truffle: 429 Client Error: Too Many Requests for url: https://uk.representclo.com/products/owners-club-script-hoodie-truffle
2026-09-08 08:39:40,352 [ERROR] Failed to fetch product page https://uk.representclo.com/products/owners-club-script-mesh-shorts-truffle: 429 Client Error: Too Many Requests for url: https://uk.representclo.com/products/owners-club-script-mesh-shorts-truffle
2026-09-08 08:39:40,903 [ERROR] Failed to fetch product page https://uk.representclo.com/products/philadelphia-eagles-x-represent-t-shirt-vintage-grey: 429 Client Error: Too Many Requests for url: https://uk.representclo.com/products/philadelphia-eagles-x-represent-t-shirt-vintage-grey
2026-09-08 08:39:41,446 [ERROR] Failed to fetch product page https://uk.representclo.com/products/philadelphia-eagles-x-represent-x-47-cap-antique-grey: 429 Client Error: Too Many Requests for url: https://uk.representclo.com/products/philadelphia-eagles-x-represent-x-47-cap-antique-grey
2026-09-08 08:39:41,998 [ERROR] Failed to fetch product page https://uk.representclo.com/products/printed-long-sleeve-t-shirt-flat-white: 429 Client Error: Too Many Requests for url: https://uk.representclo.com/products/printed-long-sleeve-t-shirt-flat-white
2026-09-08 08:39:42,544 [ERROR] Failed to fetch product page https://uk.representclo.com/products/private-members-t-shirt-flat-white: 429 Client Error: Too Many Requests for url: https://uk.representclo.com/products/private-members-t-shirt-flat-white
2026-09-08 08:39:43,099 [ERROR] Failed to fetch product page https://uk.representclo.com/products/private-members-t-shirt-stained-black: 429 Client Error: Too Many Requests for url: https://uk.representclo.com/products/private-members-t-shirt-stained-black
2026-09-08 08:39:43,673 [ERROR] Failed to fetch product page https://uk.representclo.com/products/private-members-x-47-cap-washed-navy: 429 Client Error: Too Many Requests for url: https://uk.representclo.com/products/private-members-x-47-cap-washed-navy
2026-09-08 08:39:44,222 [ERROR] Failed to fetch product page https://uk.representclo.com/products/pure-breed-t-shirt-vintage-black: 429 Client Error: Too Many Requests for url: https://uk.representclo.com/products/pure-breed-t-shirt-vintage-black
2026-09-08 08:39:44,770 [ERROR] Failed to fetch product page https://uk.representclo.com/products/r2-carpenter-panel-denim-rinse-blue: 429 Client Error: Too Many Requests for url: https://uk.representclo.com/products/r2-carpenter-panel-denim-rinse-blue
2026-09-08 08:39:45,320 [ERROR] Failed to fetch product page https://uk.representclo.com/products/r3-baggy-jean-moss-blue: 429 Client Error: Too Many Requests for url: https://uk.representclo.com/products/r3-baggy-jean-moss-blue
2026-09-08 08:39:45,889 [ERROR] Failed to fetch product page https://uk.representclo.com/products/raceway-cap-antique-white-barley: 429 Client Error: Too Many Requests for url: https://uk.representclo.com/products/raceway-cap-antique-white-barley
2026-09-08 08:39:46,438 [ERROR] Failed to fetch product page https://uk.representclo.com/products/raffia-tote-bag-jet-black: 429 Client Error: Too Many Requests for url: https://uk.representclo.com/products/raffia-tote-bag-jet-black
2026-09-08 08:39:46,986 [ERROR] Failed to fetch product page https://uk.representclo.com/products/rally-suede-grey: 429 Client Error: Too Many Requests for url: https://uk.representclo.com/products/rally-suede-grey
2026-09-08 08:39:47,536 [ERROR] Failed to fetch product page https://uk.representclo.com/products/rally-suede-tan: 429 Client Error: Too Many Requests for url: https://uk.representclo.com/products/rally-suede-tan
2026-09-08 08:39:48,087 [ERROR] Failed to fetch product page https://uk.representclo.com/products/rep-applique-t-shirt-flat-white: 429 Client Error: Too Many Requests for url: https://uk.representclo.com/products/rep-applique-t-shirt-flat-white
2026-09-08 08:39:48,630 [ERROR] Failed to fetch product page https://uk.representclo.com/products/rep-applique-t-shirt-vintage-black: 429 Client Error: Too Many Requests for url: https://uk.representclo.com/products/rep-applique-t-shirt-vintage-black
2026-09-08 08:39:49,173 [ERROR] Failed to fetch product page https://uk.representclo.com/products/rep-cap-distressed-leather-dark-brown: 429 Client Error: Too Many Requests for url: https://uk.representclo.com/products/rep-cap-distressed-leather-dark-brown
2026-09-08 08:39:49,725 [ERROR] Failed to fetch product page https://uk.representclo.com/products/rep-cap-jet-black: 429 Client Error: Too Many Requests for url: https://uk.representclo.com/products/rep-cap-jet-black
2026-09-08 08:39:50,271 [ERROR] Failed to fetch product page https://uk.representclo.com/products/rep-cap-leather-flat-white: 429 Client Error: Too Many Requests for url: https://uk.representclo.com/products/rep-cap-leather-flat-white
2026-09-08 08:39:50,820 [ERROR] Failed to fetch product page https://uk.representclo.com/products/rep-cap-vintage-white: 429 Client Error: Too Many Requests for url: https://uk.representclo.com/products/rep-cap-vintage-white
2026-09-08 08:39:51,369 [ERROR] Failed to fetch product page https://uk.representclo.com/products/represent-cap-washed-taupe: 429 Client Error: Too Many Requests for url: https://uk.representclo.com/products/represent-cap-washed-taupe
2026-09-08 08:39:51,916 [ERROR] Failed to fetch product page https://uk.representclo.com/products/represent-crest-cap-jet-black: 429 Client Error: Too Many Requests for url: https://uk.representclo.com/products/represent-crest-cap-jet-black
2026-09-08 08:39:52,464 [ERROR] Failed to fetch product page https://uk.representclo.com/products/represent-england-bag-washed-black: 429 Client Error: Too Many Requests for url: https://uk.representclo.com/products/represent-england-bag-washed-black
2026-09-08 08:39:53,015 [ERROR] Failed to fetch product page https://uk.representclo.com/products/represent-england-stickers-multi: 429 Client Error: Too Many Requests for url: https://uk.representclo.com/products/represent-england-stickers-multi
2026-09-08 08:39:53,592 [ERROR] Failed to fetch product page https://uk.representclo.com/products/represent-logo-socks-antique-white: 429 Client Error: Too Many Requests for url: https://uk.representclo.com/products/represent-logo-socks-antique-white
2026-09-08 08:39:54,146 [ERROR] Failed to fetch product page https://uk.representclo.com/products/represent-logo-socks-jet-black: 429 Client Error: Too Many Requests for url: https://uk.representclo.com/products/represent-logo-socks-jet-black
2026-09-08 08:39:54,691 [ERROR] Failed to fetch product page https://uk.representclo.com/products/represent-owners-club-cap-black: 429 Client Error: Too Many Requests for url: https://uk.representclo.com/products/represent-owners-club-cap-black
2026-09-08 08:39:55,242 [ERROR] Failed to fetch product page https://uk.representclo.com/products/represent-owners-club-cap-cobalt: 429 Client Error: Too Many Requests for url: https://uk.representclo.com/products/represent-owners-club-cap-cobalt
2026-09-08 08:39:55,792 [ERROR] Failed to fetch product page https://uk.representclo.com/products/represent-owners-club-cap-powder-blue: 429 Client Error: Too Many Requests for url: https://uk.representclo.com/products/represent-owners-club-cap-powder-blue
2026-09-08 08:39:56,340 [ERROR] Failed to fetch product page https://uk.representclo.com/products/represent-owners-club-flocked-hoodie-black: 429 Client Error: Too Many Requests for url: https://uk.representclo.com/products/represent-owners-club-flocked-hoodie-black
2026-09-08 08:39:56,890 [ERROR] Failed to fetch product page https://uk.representclo.com/products/represent-owners-club-flocked-t-shirt-black: 429 Client Error: Too Many Requests for url: https://uk.representclo.com/products/represent-owners-club-flocked-t-shirt-black
2026-09-08 08:39:57,435 [ERROR] Failed to fetch product page https://uk.representclo.com/products/represent-owners-club-flocking-cap-black: 429 Client Error: Too Many Requests for url: https://uk.representclo.com/products/represent-owners-club-flocking-cap-black
2026-09-08 08:39:57,987 [ERROR] Failed to fetch product page https://uk.representclo.com/products/represent-owners-club-hoodie-ash-grey: 429 Client Error: Too Many Requests for url: https://uk.representclo.com/products/represent-owners-club-hoodie-ash-grey
2026-09-08 08:39:58,540 [ERROR] Failed to fetch product page https://uk.representclo.com/products/represent-owners-club-hoodie-black: 429 Client Error: Too Many Requests for url: https://uk.representclo.com/products/represent-owners-club-hoodie-black
2026-09-08 08:39:59,089 [ERROR] Failed to fetch product page https://uk.representclo.com/products/represent-owners-club-hoodie-black-matte: 429 Client Error: Too Many Requests for url: https://uk.representclo.com/products/represent-owners-club-hoodie-black-matte
2026-09-08 08:39:59,646 [ERROR] Failed to fetch product page https://uk.representclo.com/products/represent-owners-club-hoodie-bubblegum-pink: 429 Client Error: Too Many Requests for url: https://uk.representclo.com/products/represent-owners-club-hoodie-bubblegum-pink
2026-09-08 08:40:00,198 [ERROR] Failed to fetch product page https://uk.representclo.com/products/represent-owners-club-hoodie-buttercream: 429 Client Error: Too Many Requests for url: https://uk.representclo.com/products/represent-owners-club-hoodie-buttercream
2026-09-08 08:40:00,751 [ERROR] Failed to fetch product page https://uk.representclo.com/products/represent-owners-club-hoodie-cobalt: 429 Client Error: Too Many Requests for url: https://uk.representclo.com/products/represent-owners-club-hoodie-cobalt
2026-09-08 08:40:01,298 [ERROR] Failed to fetch product page https://uk.representclo.com/products/represent-owners-club-hoodie-flat-white: 429 Client Error: Too Many Requests for url: https://uk.representclo.com/products/represent-owners-club-hoodie-flat-white
2026-09-08 08:40:01,853 [ERROR] Failed to fetch product page https://uk.representclo.com/products/represent-owners-club-hoodie-jet-black: 429 Client Error: Too Many Requests for url: https://uk.representclo.com/products/represent-owners-club-hoodie-jet-black
2026-09-08 08:40:02,433 [ERROR] Failed to fetch product page https://uk.representclo.com/products/represent-owners-club-hoodie-mushroom: 429 Client Error: Too Many Requests for url: https://uk.representclo.com/products/represent-owners-club-hoodie-mushroom
2026-09-08 08:40:03,004 [ERROR] Failed to fetch product page https://uk.representclo.com/products/represent-owners-club-hoodie-olive-bf: 429 Client Error: Too Many Requests for url: https://uk.representclo.com/products/represent-owners-club-hoodie-olive-bf
2026-09-08 08:40:03,552 [ERROR] Failed to fetch product page https://uk.representclo.com/products/represent-owners-club-hoodie-pastel-lilac-bf: 429 Client Error: Too Many Requests for url: https://uk.representclo.com/products/represent-owners-club-hoodie-pastel-lilac-bf
2026-09-08 08:40:04,106 [ERROR] Failed to fetch product page https://uk.representclo.com/products/represent-owners-club-hoodie-powder-blue: 429 Client Error: Too Many Requests for url: https://uk.representclo.com/products/represent-owners-club-hoodie-powder-blue
2026-09-08 08:40:04,689 [ERROR] Failed to fetch product page https://uk.representclo.com/products/represent-owners-club-hoodie-racing-green: 429 Client Error: Too Many Requests for url: https://uk.representclo.com/products/represent-owners-club-hoodie-racing-green
2026-09-08 08:40:05,240 [ERROR] Failed to fetch product page https://uk.representclo.com/products/represent-owners-club-hoodie-sky-blue: 429 Client Error: Too Many Requests for url: https://uk.representclo.com/products/represent-owners-club-hoodie-sky-blue
2026-09-08 08:40:05,789 [ERROR] Failed to fetch product page https://uk.representclo.com/products/represent-owners-club-hoodie-storm: 429 Client Error: Too Many Requests for url: https://uk.representclo.com/products/represent-owners-club-hoodie-storm
2026-09-08 08:40:06,338 [ERROR] Failed to fetch product page https://uk.representclo.com/products/represent-owners-club-hoodie-vista-blue: 429 Client Error: Too Many Requests for url: https://uk.representclo.com/products/represent-owners-club-hoodie-vista-blue
2026-09-08 08:40:06,883 [ERROR] Failed to fetch product page https://uk.representclo.com/products/represent-owners-club-hoodie-washed-aloe: 429 Client Error: Too Many Requests for url: https://uk.representclo.com/products/represent-owners-club-hoodie-washed-aloe
2026-09-08 08:40:07,432 [ERROR] Failed to fetch product page https://uk.representclo.com/products/represent-owners-club-long-sleeve-t-shirt-chalk: 429 Client Error: Too Many Requests for url: https://uk.representclo.com/products/represent-owners-club-long-sleeve-t-shirt-chalk
2026-09-08 08:40:07,988 [ERROR] Failed to fetch product page https://uk.representclo.com/products/represent-owners-club-mesh-short-jet-black: 429 Client Error: Too Many Requests for url: https://uk.representclo.com/products/represent-owners-club-mesh-short-jet-black
2026-09-08 08:40:08,542 [ERROR] Failed to fetch product page https://uk.representclo.com/products/represent-owners-club-mesh-shorts-black: 429 Client Error: Too Many Requests for url: https://uk.representclo.com/products/represent-owners-club-mesh-shorts-black
2026-09-08 08:40:09,110 [ERROR] Failed to fetch product page https://uk.representclo.com/products/represent-owners-club-script-cap-black: 429 Client Error: Too Many Requests for url: https://uk.representclo.com/products/represent-owners-club-script-cap-black
2026-09-08 08:40:09,656 [ERROR] Failed to fetch product page https://uk.representclo.com/products/represent-owners-club-script-t-shirt-truffle: 429 Client Error: Too Many Requests for url: https://uk.representclo.com/products/represent-owners-club-script-t-shirt-truffle
2026-09-08 08:40:10,206 [ERROR] Failed to fetch product page https://uk.representclo.com/products/represent-owners-club-shorts-black: 429 Client Error: Too Many Requests for url: https://uk.representclo.com/products/represent-owners-club-shorts-black
2026-09-08 08:40:10,755 [ERROR] Failed to fetch product page https://uk.representclo.com/products/represent-owners-club-shorts-washed-black: 429 Client Error: Too Many Requests for url: https://uk.representclo.com/products/represent-owners-club-shorts-washed-black
2026-09-08 08:40:11,305 [ERROR] Failed to fetch product page https://uk.representclo.com/products/represent-owners-club-socks-flat-white-cobalt: 429 Client Error: Too Many Requests for url: https://uk.representclo.com/products/represent-owners-club-socks-flat-white-cobalt
2026-09-08 08:40:11,857 [ERROR] Failed to fetch product page https://uk.representclo.com/products/represent-owners-club-sweatpant-ash-grey: 429 Client Error: Too Many Requests for url: https://uk.representclo.com/products/represent-owners-club-sweatpant-ash-grey
2026-09-08 08:40:12,412 [ERROR] Failed to fetch product page https://uk.representclo.com/products/represent-owners-club-sweatpant-black: 429 Client Error: Too Many Requests for url: https://uk.representclo.com/products/represent-owners-club-sweatpant-black
2026-09-08 08:40:12,962 [ERROR] Failed to fetch product page https://uk.representclo.com/products/represent-owners-club-sweatpant-washed-black: 429 Client Error: Too Many Requests for url: https://uk.representclo.com/products/represent-owners-club-sweatpant-washed-black
2026-09-08 08:40:13,511 [ERROR] Failed to fetch product page https://uk.representclo.com/products/represent-owners-club-t-shirt-aged-black: 429 Client Error: Too Many Requests for url: https://uk.representclo.com/products/represent-owners-club-t-shirt-aged-black
2026-09-08 08:40:14,065 [ERROR] Failed to fetch product page https://uk.representclo.com/products/represent-owners-club-t-shirt-ash-grey: 429 Client Error: Too Many Requests for url: https://uk.representclo.com/products/represent-owners-club-t-shirt-ash-grey
2026-09-08 08:40:14,609 [ERROR] Failed to fetch product page https://uk.representclo.com/products/represent-owners-club-t-shirt-black: 429 Client Error: Too Many Requests for url: https://uk.representclo.com/products/represent-owners-club-t-shirt-black
2026-09-08 08:40:15,158 [ERROR] Failed to fetch product page https://uk.representclo.com/products/represent-owners-club-t-shirt-black-matte: 429 Client Error: Too Many Requests for url: https://uk.representclo.com/products/represent-owners-club-t-shirt-black-matte
2026-09-08 08:40:15,732 [ERROR] Failed to fetch product page https://uk.representclo.com/products/represent-owners-club-t-shirt-brown-bf: 429 Client Error: Too Many Requests for url: https://uk.representclo.com/products/represent-owners-club-t-shirt-brown-bf
2026-09-08 08:40:16,281 [ERROR] Failed to fetch product page https://uk.representclo.com/products/represent-owners-club-t-shirt-bubblegum-pink-bf: 429 Client Error: Too Many Requests for url: https://uk.representclo.com/products/represent-owners-club-t-shirt-bubblegum-pink-bf
2026-09-08 08:40:16,832 [ERROR] Failed to fetch product page https://uk.representclo.com/products/represent-owners-club-t-shirt-buttercream: 429 Client Error: Too Many Requests for url: https://uk.representclo.com/products/represent-owners-club-t-shirt-buttercream
2026-09-08 08:40:17,381 [ERROR] Failed to fetch product page https://uk.representclo.com/products/represent-owners-club-t-shirt-chalk: 429 Client Error: Too Many Requests for url: https://uk.representclo.com/products/represent-owners-club-t-shirt-chalk
2026-09-08 08:40:17,929 [ERROR] Failed to fetch product page https://uk.representclo.com/products/represent-owners-club-t-shirt-cobalt: 429 Client Error: Too Many Requests for url: https://uk.representclo.com/products/represent-owners-club-t-shirt-cobalt
2026-09-08 08:40:18,477 [ERROR] Failed to fetch product page https://uk.representclo.com/products/represent-owners-club-t-shirt-flat-white: 429 Client Error: Too Many Requests for url: https://uk.representclo.com/products/represent-owners-club-t-shirt-flat-white
2026-09-08 08:40:19,029 [ERROR] Failed to fetch product page https://uk.representclo.com/products/represent-owners-club-t-shirt-jet-black: 429 Client Error: Too Many Requests for url: https://uk.representclo.com/products/represent-owners-club-t-shirt-jet-black
2026-09-08 08:40:19,601 [ERROR] Failed to fetch product page https://uk.representclo.com/products/represent-owners-club-t-shirt-mushroom: 429 Client Error: Too Many Requests for url: https://uk.representclo.com/products/represent-owners-club-t-shirt-mushroom
2026-09-08 08:40:20,157 [ERROR] Failed to fetch product page https://uk.representclo.com/products/represent-owners-club-t-shirt-pastel-lilac-bf: 429 Client Error: Too Many Requests for url: https://uk.representclo.com/products/represent-owners-club-t-shirt-pastel-lilac-bf
2026-09-08 08:40:20,707 [ERROR] Failed to fetch product page https://uk.representclo.com/products/represent-owners-club-t-shirt-racing-green: 429 Client Error: Too Many Requests for url: https://uk.representclo.com/products/represent-owners-club-t-shirt-racing-green
2026-09-08 08:40:21,254 [ERROR] Failed to fetch product page https://uk.representclo.com/products/represent-owners-club-t-shirt-sienna: 429 Client Error: Too Many Requests for url: https://uk.representclo.com/products/represent-owners-club-t-shirt-sienna
2026-09-08 08:40:21,814 [ERROR] Failed to fetch product page https://uk.representclo.com/products/represent-owners-club-t-shirt-sky-blue: 429 Client Error: Too Many Requests for url: https://uk.representclo.com/products/represent-owners-club-t-shirt-sky-blue
2026-09-08 08:40:22,358 [ERROR] Failed to fetch product page https://uk.representclo.com/products/represent-owners-club-t-shirt-storm: 429 Client Error: Too Many Requests for url: https://uk.representclo.com/products/represent-owners-club-t-shirt-storm
2026-09-08 08:40:22,907 [ERROR] Failed to fetch product page https://uk.representclo.com/products/represent-owners-club-t-shirt-washed-aloe: 429 Client Error: Too Many Requests for url: https://uk.representclo.com/products/represent-owners-club-t-shirt-washed-aloe
2026-09-08 08:40:23,458 [ERROR] Failed to fetch product page https://uk.representclo.com/products/represent-owners-club-t-shirt-washed-black: 429 Client Error: Too Many Requests for url: https://uk.representclo.com/products/represent-owners-club-t-shirt-washed-black
2026-09-08 08:40:24,039 [ERROR] Failed to fetch product page https://uk.representclo.com/products/represent-owners-club-tank-chalk: 429 Client Error: Too Many Requests for url: https://uk.representclo.com/products/represent-owners-club-tank-chalk
2026-09-08 08:40:24,589 [ERROR] Failed to fetch product page https://uk.representclo.com/products/represent-owners-club-tote-bag-sienna: 429 Client Error: Too Many Requests for url: https://uk.representclo.com/products/represent-owners-club-tote-bag-sienna
2026-09-08 08:40:25,138 [ERROR] Failed to fetch product page https://uk.representclo.com/products/represent-owners-club-washed-cap-sienna: 429 Client Error: Too Many Requests for url: https://uk.representclo.com/products/represent-owners-club-washed-cap-sienna
2026-09-08 08:40:25,682 [ERROR] Failed to fetch product page https://uk.representclo.com/products/represent-owners-club-washed-cap-sky-blue: 429 Client Error: Too Many Requests for url: https://uk.representclo.com/products/represent-owners-club-washed-cap-sky-blue
2026-09-08 08:40:26,234 [ERROR] Failed to fetch product page https://uk.representclo.com/products/represent-owners-club-zip-hoodie-washed-black: 429 Client Error: Too Many Requests for url: https://uk.representclo.com/products/represent-owners-club-zip-hoodie-washed-black
2026-09-08 08:40:26,789 [ERROR] Failed to fetch product page https://uk.representclo.com/products/represent-ringer-t-shirt-stained-black: 429 Client Error: Too Many Requests for url: https://uk.representclo.com/products/represent-ringer-t-shirt-stained-black
2026-09-08 08:40:27,338 [ERROR] Failed to fetch product page https://uk.representclo.com/products/represent-showcasing-cap-black: 429 Client Error: Too Many Requests for url: https://uk.representclo.com/products/represent-showcasing-cap-black
2026-09-08 08:40:27,886 [ERROR] Failed to fetch product page https://uk.representclo.com/products/represent-showcasing-hoodie-stained-black: 429 Client Error: Too Many Requests for url: https://uk.representclo.com/products/represent-showcasing-hoodie-stained-black
2026-09-08 08:40:28,434 [ERROR] Failed to fetch product page https://uk.representclo.com/products/represent-x-47-england-cap-aged-black: 429 Client Error: Too Many Requests for url: https://uk.representclo.com/products/represent-x-47-england-cap-aged-black
2026-09-08 08:40:28,986 [ERROR] Failed to fetch product page https://uk.representclo.com/products/represent-x-47-england-cap-dark-brown: 429 Client Error: Too Many Requests for url: https://uk.representclo.com/products/represent-x-47-england-cap-dark-brown
2026-09-08 08:40:29,543 [ERROR] Failed to fetch product page https://uk.representclo.com/products/represent-x-47-england-old-english-cap-aged-black: 429 Client Error: Too Many Requests for url: https://uk.representclo.com/products/represent-x-47-england-old-english-cap-aged-black
2026-09-08 08:40:30,093 [ERROR] Failed to fetch product page https://uk.representclo.com/products/represent-x-47-england-old-english-cap-jet-black: 429 Client Error: Too Many Requests for url: https://uk.representclo.com/products/represent-x-47-england-old-english-cap-jet-black
2026-09-08 08:40:30,643 [ERROR] Failed to fetch product page https://uk.representclo.com/products/represent-x-47-england-old-english-cap-washed-navy: 429 Client Error: Too Many Requests for url: https://uk.representclo.com/products/represent-x-47-england-old-english-cap-washed-navy
2026-09-08 08:40:31,193 [ERROR] Failed to fetch product page https://uk.representclo.com/products/represent-x-47-initial-cap-jet-black: 429 Client Error: Too Many Requests for url: https://uk.representclo.com/products/represent-x-47-initial-cap-jet-black
2026-09-08 08:40:31,743 [ERROR] Failed to fetch product page https://uk.representclo.com/products/represent-x-47-mlb-brooklyn-cap-washed-red: 429 Client Error: Too Many Requests for url: https://uk.representclo.com/products/represent-x-47-mlb-brooklyn-cap-washed-red
2026-09-08 08:40:32,293 [ERROR] Failed to fetch product page https://uk.representclo.com/products/represent-x-47-mlb-la-cap-vintage-blue: 429 Client Error: Too Many Requests for url: https://uk.representclo.com/products/represent-x-47-mlb-la-cap-vintage-blue
2026-09-08 08:40:32,842 [ERROR] Failed to fetch product page https://uk.representclo.com/products/represent-x-47-mlb-mini-la-cap-vintage-blue: 429 Client Error: Too Many Requests for url: https://uk.representclo.com/products/represent-x-47-mlb-mini-la-cap-vintage-blue
2026-09-08 08:40:33,400 [ERROR] Failed to fetch product page https://uk.representclo.com/products/represent-x-47-mlb-mini-ny-cap-washed-navy: 429 Client Error: Too Many Requests for url: https://uk.representclo.com/products/represent-x-47-mlb-mini-ny-cap-washed-navy
2026-09-08 08:40:33,949 [ERROR] Failed to fetch product page https://uk.representclo.com/products/represent-x-47-mlb-mini-ny-plain-cap-washed-black: 429 Client Error: Too Many Requests for url: https://uk.representclo.com/products/represent-x-47-mlb-mini-ny-plain-cap-washed-black
2026-09-08 08:40:34,506 [ERROR] Failed to fetch product page https://uk.representclo.com/products/represent-x-47-mlb-ny-cap-washed-black: 429 Client Error: Too Many Requests for url: https://uk.representclo.com/products/represent-x-47-mlb-ny-cap-washed-black
2026-09-08 08:40:35,056 [ERROR] Failed to fetch product page https://uk.representclo.com/products/represent-x-47-mlb-ny-cap-washed-brown: 429 Client Error: Too Many Requests for url: https://uk.representclo.com/products/represent-x-47-mlb-ny-cap-washed-brown
2026-09-08 08:40:35,607 [ERROR] Failed to fetch product page https://uk.representclo.com/products/represent-x-47-nothing-tougher-cap-navy: 429 Client Error: Too Many Requests for url: https://uk.representclo.com/products/represent-x-47-nothing-tougher-cap-navy
2026-09-08 08:40:36,155 [ERROR] Failed to fetch product page https://uk.representclo.com/products/represent-x-47-owners-club-cap-buttercream: 429 Client Error: Too Many Requests for url: https://uk.representclo.com/products/represent-x-47-owners-club-cap-buttercream
2026-09-08 08:40:36,703 [ERROR] Failed to fetch product page https://uk.representclo.com/products/represent-x-47-owners-club-cap-faded-black: 429 Client Error: Too Many Requests for url: https://uk.representclo.com/products/represent-x-47-owners-club-cap-faded-black
2026-09-08 08:40:37,264 [ERROR] Failed to fetch product page https://uk.representclo.com/products/represent-x-47-resent-cap-washed-black: 429 Client Error: Too Many Requests for url: https://uk.representclo.com/products/represent-x-47-resent-cap-washed-black
2026-09-08 08:40:37,809 [ERROR] Failed to fetch product page https://uk.representclo.com/products/represent-x-beach-boys-americas-band-t-shirt-flat-white: 429 Client Error: Too Many Requests for url: https://uk.representclo.com/products/represent-x-beach-boys-americas-band-t-shirt-flat-white
2026-09-08 08:40:38,364 [ERROR] Failed to fetch product page https://uk.representclo.com/products/represent-x-beach-boys-endless-summer-t-shirt-stained-black: 429 Client Error: Too Many Requests for url: https://uk.representclo.com/products/represent-x-beach-boys-endless-summer-t-shirt-stained-black
2026-09-08 08:40:38,922 [ERROR] Failed to fetch product page https://uk.representclo.com/products/represent-x-beach-boys-endless-summer-x-47-cap-washed-black: 429 Client Error: Too Many Requests for url: https://uk.representclo.com/products/represent-x-beach-boys-endless-summer-x-47-cap-washed-black
2026-09-08 08:40:39,480 [ERROR] Failed to fetch product page https://uk.representclo.com/products/represent-x-beach-boys-pet-sounds-t-shirt-flat-white: 429 Client Error: Too Many Requests for url: https://uk.representclo.com/products/represent-x-beach-boys-pet-sounds-t-shirt-flat-white
2026-09-08 08:40:40,028 [ERROR] Failed to fetch product page https://uk.representclo.com/products/represent-x-beach-boys-pet-sounds-t-shirt-sunfade-grey: 429 Client Error: Too Many Requests for url: https://uk.representclo.com/products/represent-x-beach-boys-pet-sounds-t-shirt-sunfade-grey
2026-09-08 08:40:40,575 [ERROR] Failed to fetch product page https://uk.representclo.com/products/represent-x-beach-boys-script-t-shirt-blue-tie-dye: 429 Client Error: Too Many Requests for url: https://uk.representclo.com/products/represent-x-beach-boys-script-t-shirt-blue-tie-dye
2026-09-08 08:40:41,125 [ERROR] Failed to fetch product page https://uk.representclo.com/products/represent-x-beach-boys-tour-cap-washed-black: 429 Client Error: Too Many Requests for url: https://uk.representclo.com/products/represent-x-beach-boys-tour-cap-washed-black
2026-09-08 08:40:41,675 [ERROR] Failed to fetch product page https://uk.representclo.com/products/represent-x-beach-boys-tour-t-shirt-washed-ecru: 429 Client Error: Too Many Requests for url: https://uk.representclo.com/products/represent-x-beach-boys-tour-t-shirt-washed-ecru
2026-09-08 08:40:42,223 [ERROR] Failed to fetch product page https://uk.representclo.com/products/represent-x-beach-boys-tour-x-47-cap-bright-blue: 429 Client Error: Too Many Requests for url: https://uk.representclo.com/products/represent-x-beach-boys-tour-x-47-cap-bright-blue
2026-09-08 08:40:42,786 [ERROR] Failed to fetch product page https://uk.representclo.com/products/represent-x-belstaff-born-to-bike-t-shirt-aged-black: 429 Client Error: Too Many Requests for url: https://uk.representclo.com/products/represent-x-belstaff-born-to-bike-t-shirt-aged-black
2026-09-08 08:40:43,340 [ERROR] Failed to fetch product page https://uk.representclo.com/products/represent-x-belstaff-born-to-bike-t-shirt-flat-white: 429 Client Error: Too Many Requests for url: https://uk.representclo.com/products/represent-x-belstaff-born-to-bike-t-shirt-flat-white
2026-09-08 08:40:43,884 [ERROR] Failed to fetch product page https://uk.representclo.com/products/represent-x-belstaff-long-sleeve-racing-t-shirt-dark-grey: 429 Client Error: Too Many Requests for url: https://uk.representclo.com/products/represent-x-belstaff-long-sleeve-racing-t-shirt-dark-grey
2026-09-08 08:40:44,438 [ERROR] Failed to fetch product page https://uk.representclo.com/products/represent-x-belstaff-panelled-cap-charcoal: 429 Client Error: Too Many Requests for url: https://uk.representclo.com/products/represent-x-belstaff-panelled-cap-charcoal
2026-09-08 08:40:44,990 [ERROR] Failed to fetch product page https://uk.representclo.com/products/represent-x-belstaff-racing-hoodie-dark-grey: 429 Client Error: Too Many Requests for url: https://uk.representclo.com/products/represent-x-belstaff-racing-hoodie-dark-grey
2026-09-08 08:40:45,536 [ERROR] Failed to fetch product page https://uk.representclo.com/products/represent-x-guns-n-roses-cross-t-shirt-stained-black: 429 Client Error: Too Many Requests for url: https://uk.representclo.com/products/represent-x-guns-n-roses-cross-t-shirt-stained-black
2026-09-08 08:40:46,087 [ERROR] Failed to fetch product page https://uk.representclo.com/products/represent-x-guns-n-roses-cross-zip-through-hoodie-stained-black: 429 Client Error: Too Many Requests for url: https://uk.representclo.com/products/represent-x-guns-n-roses-cross-zip-through-hoodie-stained-black
2026-09-08 08:40:46,634 [ERROR] Failed to fetch product page https://uk.representclo.com/products/represent-x-guns-n-roses-lock-up-t-shirt-vintage-black: 429 Client Error: Too Many Requests for url: https://uk.representclo.com/products/represent-x-guns-n-roses-lock-up-t-shirt-vintage-black
2026-09-08 08:40:47,187 [ERROR] Failed to fetch product page https://uk.representclo.com/products/represent-x-guns-n-roses-pasadena-t-shirt-washed-ecru: 429 Client Error: Too Many Requests for url: https://uk.representclo.com/products/represent-x-guns-n-roses-pasadena-t-shirt-washed-ecru
2026-09-08 08:40:47,741 [ERROR] Failed to fetch product page https://uk.representclo.com/products/represent-x-guns-n-roses-revolver-t-shirt-flat-white: 429 Client Error: Too Many Requests for url: https://uk.representclo.com/products/represent-x-guns-n-roses-revolver-t-shirt-flat-white
2026-09-08 08:40:48,287 [ERROR] Failed to fetch product page https://uk.representclo.com/products/represent-x-iron-maiden-a-real-live-one-t-shirt-stained-brown: 429 Client Error: Too Many Requests for url: https://uk.representclo.com/products/represent-x-iron-maiden-a-real-live-one-t-shirt-stained-brown
2026-09-08 08:40:48,838 [ERROR] Failed to fetch product page https://uk.representclo.com/products/represent-x-iron-maiden-anniversary-t-shirt-stained-black: 429 Client Error: Too Many Requests for url: https://uk.representclo.com/products/represent-x-iron-maiden-anniversary-t-shirt-stained-black
2026-09-08 08:40:49,387 [ERROR] Failed to fetch product page https://uk.representclo.com/products/represent-x-iron-maiden-anniversary-t-shirt-washed-ecru: 429 Client Error: Too Many Requests for url: https://uk.representclo.com/products/represent-x-iron-maiden-anniversary-t-shirt-washed-ecru
2026-09-08 08:40:49,936 [ERROR] Failed to fetch product page https://uk.representclo.com/products/represent-x-iron-maiden-british-metal-t-shirt-stained-brown: 429 Client Error: Too Many Requests for url: https://uk.representclo.com/products/represent-x-iron-maiden-british-metal-t-shirt-stained-brown
2026-09-08 08:40:50,490 [ERROR] Failed to fetch product page https://uk.representclo.com/products/represent-x-iron-maiden-holy-smoke-t-shirt-sunfade-grey: 429 Client Error: Too Many Requests for url: https://uk.representclo.com/products/represent-x-iron-maiden-holy-smoke-t-shirt-sunfade-grey
2026-09-08 08:40:51,032 [ERROR] Failed to fetch product page https://uk.representclo.com/products/represent-x-iron-maiden-infinite-dreams-t-shirt-aged-black: 429 Client Error: Too Many Requests for url: https://uk.representclo.com/products/represent-x-iron-maiden-infinite-dreams-t-shirt-aged-black
2026-09-08 08:40:51,577 [ERROR] Failed to fetch product page https://uk.representclo.com/products/represent-x-iron-maiden-number-of-beast-t-shirt-sunfade-grey: 429 Client Error: Too Many Requests for url: https://uk.representclo.com/products/represent-x-iron-maiden-number-of-beast-t-shirt-sunfade-grey
2026-09-08 08:40:52,127 [ERROR] Failed to fetch product page https://uk.representclo.com/products/represent-x-iron-maiden-steed-t-shirt-flat-white: 429 Client Error: Too Many Requests for url: https://uk.representclo.com/products/represent-x-iron-maiden-steed-t-shirt-flat-white
2026-09-08 08:40:52,708 [ERROR] Failed to fetch product page https://uk.representclo.com/products/represent-x-iron-maiden-steed-t-shirt-stained-black: 429 Client Error: Too Many Requests for url: https://uk.representclo.com/products/represent-x-iron-maiden-steed-t-shirt-stained-black
2026-09-08 08:40:53,257 [ERROR] Failed to fetch product page https://uk.representclo.com/products/represent-x-mels-diner-realtree-x-47-cap-real-tree: 429 Client Error: Too Many Requests for url: https://uk.representclo.com/products/represent-x-mels-diner-realtree-x-47-cap-real-tree
2026-09-08 08:40:53,807 [ERROR] Failed to fetch product page https://uk.representclo.com/products/represent-x-mels-diner-t-shirt-flat-white: 429 Client Error: Too Many Requests for url: https://uk.representclo.com/products/represent-x-mels-diner-t-shirt-flat-white
2026-09-08 08:40:54,350 [ERROR] Failed to fetch product page https://uk.representclo.com/products/represent-x-mels-diner-t-shirt-jet-black: 429 Client Error: Too Many Requests for url: https://uk.representclo.com/products/represent-x-mels-diner-t-shirt-jet-black
2026-09-08 08:40:54,901 [ERROR] Failed to fetch product page https://uk.representclo.com/products/represent-x-mels-diner-x-47-cap-brown: 429 Client Error: Too Many Requests for url: https://uk.representclo.com/products/represent-x-mels-diner-x-47-cap-brown
2026-09-08 08:40:55,453 [ERROR] Failed to fetch product page https://uk.representclo.com/products/represent-x-metallica-local-crew-vest-flat-white: 429 Client Error: Too Many Requests for url: https://uk.representclo.com/products/represent-x-metallica-local-crew-vest-flat-white
2026-09-08 08:40:56,001 [ERROR] Failed to fetch product page https://uk.representclo.com/products/represent-x-metallica-local-crew-vest-jet-black: 429 Client Error: Too Many Requests for url: https://uk.representclo.com/products/represent-x-metallica-local-crew-vest-jet-black
2026-09-08 08:40:56,552 [ERROR] Failed to fetch product page https://uk.representclo.com/products/represent-x-oasis-owners-club-hoodie-stained-black: 429 Client Error: Too Many Requests for url: https://uk.representclo.com/products/represent-x-oasis-owners-club-hoodie-stained-black
2026-09-08 08:40:57,098 [ERROR] Failed to fetch product page https://uk.representclo.com/products/represent-x-oasis-owners-club-t-shirt-flat-white: 429 Client Error: Too Many Requests for url: https://uk.representclo.com/products/represent-x-oasis-owners-club-t-shirt-flat-white
2026-09-08 08:40:57,649 [ERROR] Failed to fetch product page https://uk.representclo.com/products/represent-x-oasis-owners-club-t-shirt-stained-black: 429 Client Error: Too Many Requests for url: https://uk.representclo.com/products/represent-x-oasis-owners-club-t-shirt-stained-black
2026-09-08 08:40:58,209 [ERROR] Failed to fetch product page https://uk.representclo.com/products/represent-x-puma-baseball-cap-puma-black: 429 Client Error: Too Many Requests for url: https://uk.representclo.com/products/represent-x-puma-baseball-cap-puma-black
2026-09-08 08:40:58,751 [ERROR] Failed to fetch product page https://uk.representclo.com/products/represent-x-the-viper-room-dice-t-shirt-flat-white: 429 Client Error: Too Many Requests for url: https://uk.representclo.com/products/represent-x-the-viper-room-dice-t-shirt-flat-white
2026-09-08 08:40:59,304 [ERROR] Failed to fetch product page https://uk.representclo.com/products/represent-x-the-viper-room-dice-t-shirt-vintage-grey: 429 Client Error: Too Many Requests for url: https://uk.representclo.com/products/represent-x-the-viper-room-dice-t-shirt-vintage-grey
2026-09-08 08:40:59,861 [ERROR] Failed to fetch product page https://uk.representclo.com/products/represent-x-the-viper-room-glow-t-shirt-vintage-black: 429 Client Error: Too Many Requests for url: https://uk.representclo.com/products/represent-x-the-viper-room-glow-t-shirt-vintage-black
2026-09-08 08:41:00,414 [ERROR] Failed to fetch product page https://uk.representclo.com/products/represent-x-viper-room-x-47-cap-washed-black: 429 Client Error: Too Many Requests for url: https://uk.representclo.com/products/represent-x-viper-room-x-47-cap-washed-black
2026-09-08 08:41:00,966 [ERROR] Failed to fetch product page https://uk.representclo.com/products/resent-hoodie-ash: 429 Client Error: Too Many Requests for url: https://uk.representclo.com/products/resent-hoodie-ash
2026-09-08 08:41:01,509 [ERROR] Failed to fetch product page https://uk.representclo.com/products/resent-plaid-shirt-dark-green: 429 Client Error: Too Many Requests for url: https://uk.representclo.com/products/resent-plaid-shirt-dark-green
2026-09-08 08:41:02,058 [ERROR] Failed to fetch product page https://uk.representclo.com/products/resent-t-shirt-ash: 429 Client Error: Too Many Requests for url: https://uk.representclo.com/products/resent-t-shirt-ash
2026-09-08 08:41:02,616 [ERROR] Failed to fetch product page https://uk.representclo.com/products/retro-football-long-sleeve-t-shirt-shell: 429 Client Error: Too Many Requests for url: https://uk.representclo.com/products/retro-football-long-sleeve-t-shirt-shell
2026-09-08 08:41:03,163 [ERROR] Failed to fetch product page https://uk.representclo.com/products/revere-manor-t-shirt-aged-white: 429 Client Error: Too Many Requests for url: https://uk.representclo.com/products/revere-manor-t-shirt-aged-white
2026-09-08 08:41:03,712 [ERROR] Failed to fetch product page https://uk.representclo.com/products/revere-manor-t-shirt-stained-black: 429 Client Error: Too Many Requests for url: https://uk.representclo.com/products/revere-manor-t-shirt-stained-black
2026-09-08 08:41:04,254 [ERROR] Failed to fetch product page https://uk.representclo.com/products/reverse-resent-t-shirt-flat-white: 429 Client Error: Too Many Requests for url: https://uk.representclo.com/products/reverse-resent-t-shirt-flat-white
2026-09-08 08:41:04,808 [ERROR] Failed to fetch product page https://uk.representclo.com/products/reversible-living-legacy-tour-long-sleeve-t-shirt-sun-fade-grey: 429 Client Error: Too Many Requests for url: https://uk.representclo.com/products/reversible-living-legacy-tour-long-sleeve-t-shirt-sun-fade-grey
2026-09-08 08:41:05,360 [ERROR] Failed to fetch product page https://uk.representclo.com/products/reversible-living-legacy-tour-t-shirt-flat-white: 429 Client Error: Too Many Requests for url: https://uk.representclo.com/products/reversible-living-legacy-tour-t-shirt-flat-white
2026-09-08 08:41:05,912 [ERROR] Failed to fetch product page https://uk.representclo.com/products/reversible-living-legacy-tour-t-shirt-nero: 429 Client Error: Too Many Requests for url: https://uk.representclo.com/products/reversible-living-legacy-tour-t-shirt-nero
2026-09-08 08:41:06,474 [ERROR] Failed to fetch product page https://uk.representclo.com/products/riot-puffer-black: 429 Client Error: Too Many Requests for url: https://uk.representclo.com/products/riot-puffer-black
2026-09-08 08:41:07,025 [ERROR] Failed to fetch product page https://uk.representclo.com/products/riot-puffer-khaki: 429 Client Error: Too Many Requests for url: https://uk.representclo.com/products/riot-puffer-khaki
2026-09-08 08:41:07,578 [ERROR] Failed to fetch product page https://uk.representclo.com/products/romance-hoodie-vintage-black: 429 Client Error: Too Many Requests for url: https://uk.representclo.com/products/romance-hoodie-vintage-black
2026-09-08 08:41:08,127 [ERROR] Failed to fetch product page https://uk.representclo.com/products/romance-t-shirt-vintage-black: 429 Client Error: Too Many Requests for url: https://uk.representclo.com/products/romance-t-shirt-vintage-black
2026-09-08 08:41:08,679 [ERROR] Failed to fetch product page https://uk.representclo.com/products/santa-monica-x-47-cap-light-blue: 429 Client Error: Too Many Requests for url: https://uk.representclo.com/products/santa-monica-x-47-cap-light-blue
2026-09-08 08:41:09,226 [ERROR] Failed to fetch product page https://uk.representclo.com/products/serif-logo-t-shirt-flat-white: 429 Client Error: Too Many Requests for url: https://uk.representclo.com/products/serif-logo-t-shirt-flat-white
2026-09-08 08:41:09,775 [ERROR] Failed to fetch product page https://uk.representclo.com/products/serif-logo-t-shirt-jet-black: 429 Client Error: Too Many Requests for url: https://uk.representclo.com/products/serif-logo-t-shirt-jet-black
2026-09-08 08:41:10,322 [ERROR] Failed to fetch product page https://uk.representclo.com/products/shadow-247-x-research-studio-eyewear-sunglasses-jet-black: 429 Client Error: Too Many Requests for url: https://uk.representclo.com/products/shadow-247-x-research-studio-eyewear-sunglasses-jet-black
2026-09-08 08:41:10,871 [ERROR] Failed to fetch product page https://uk.representclo.com/products/shark-jaws-t-shirt-flat-white: 429 Client Error: Too Many Requests for url: https://uk.representclo.com/products/shark-jaws-t-shirt-flat-white
2026-09-08 08:41:11,414 [ERROR] Failed to fetch product page https://uk.representclo.com/products/shark-jaws-t-shirt-off-black: 429 Client Error: Too Many Requests for url: https://uk.representclo.com/products/shark-jaws-t-shirt-off-black
2026-09-08 08:41:11,985 [ERROR] Failed to fetch product page https://uk.representclo.com/products/shark-jaws-t-shirt-vintage-grey: 429 Client Error: Too Many Requests for url: https://uk.representclo.com/products/shark-jaws-t-shirt-vintage-grey
2026-09-08 08:41:12,533 [ERROR] Failed to fetch product page https://uk.representclo.com/products/slub-knit-sock-grey: 429 Client Error: Too Many Requests for url: https://uk.representclo.com/products/slub-knit-sock-grey
2026-09-08 08:41:13,079 [ERROR] Failed to fetch product page https://uk.representclo.com/products/slub-script-t-shirt-ice-blue: 429 Client Error: Too Many Requests for url: https://uk.representclo.com/products/slub-script-t-shirt-ice-blue
2026-09-08 08:41:13,629 [ERROR] Failed to fetch product page https://uk.representclo.com/products/spike-jersey-flat-white: 429 Client Error: Too Many Requests for url: https://uk.representclo.com/products/spike-jersey-flat-white
2026-09-08 08:41:14,178 [ERROR] Failed to fetch product page https://uk.representclo.com/products/spirits-of-summer-t-shirt-sunrise: 429 Client Error: Too Many Requests for url: https://uk.representclo.com/products/spirits-of-summer-t-shirt-sunrise
2026-09-08 08:41:14,760 [ERROR] Failed to fetch product page https://uk.representclo.com/products/star-long-sleeve-jersey-jet-black: 429 Client Error: Too Many Requests for url: https://uk.representclo.com/products/star-long-sleeve-jersey-jet-black
2026-09-08 08:41:15,311 [ERROR] Failed to fetch product page https://uk.representclo.com/products/stepped-hem-hoodie-stained-black: 429 Client Error: Too Many Requests for url: https://uk.representclo.com/products/stepped-hem-hoodie-stained-black
2026-09-08 08:41:15,864 [ERROR] Failed to fetch product page https://uk.representclo.com/products/storms-in-heaven-t-shirt-black: 429 Client Error: Too Many Requests for url: https://uk.representclo.com/products/storms-in-heaven-t-shirt-black
2026-09-08 08:41:16,418 [ERROR] Failed to fetch product page https://uk.representclo.com/products/storms-in-heaven-t-shirt-flat-white: 429 Client Error: Too Many Requests for url: https://uk.representclo.com/products/storms-in-heaven-t-shirt-flat-white
2026-09-08 08:41:16,965 [ERROR] Failed to fetch product page https://uk.representclo.com/products/suede-watch-strap-jet-black: 429 Client Error: Too Many Requests for url: https://uk.representclo.com/products/suede-watch-strap-jet-black
2026-09-08 08:41:17,510 [ERROR] Failed to fetch product page https://uk.representclo.com/products/sunglasses-crossbody-bag-jet-black: 429 Client Error: Too Many Requests for url: https://uk.representclo.com/products/sunglasses-crossbody-bag-jet-black
2026-09-08 08:41:18,053 [ERROR] Failed to fetch product page https://uk.representclo.com/products/team-247-2-in-1-shorts-black: 429 Client Error: Too Many Requests for url: https://uk.representclo.com/products/team-247-2-in-1-shorts-black
2026-09-08 08:41:18,626 [ERROR] Failed to fetch product page https://uk.representclo.com/products/team-247-aero-short-black: 429 Client Error: Too Many Requests for url: https://uk.representclo.com/products/team-247-aero-short-black
2026-09-08 08:41:19,168 [ERROR] Failed to fetch product page https://uk.representclo.com/products/team-247-arm-warmers-black: 429 Client Error: Too Many Requests for url: https://uk.representclo.com/products/team-247-arm-warmers-black
2026-09-08 08:41:19,718 [ERROR] Failed to fetch product page https://uk.representclo.com/products/team-247-chest-rig-black: 429 Client Error: Too Many Requests for url: https://uk.representclo.com/products/team-247-chest-rig-black
2026-09-08 08:41:20,267 [ERROR] Failed to fetch product page https://uk.representclo.com/products/team-247-fused-short-graphene: 429 Client Error: Too Many Requests for url: https://uk.representclo.com/products/team-247-fused-short-graphene
2026-09-08 08:41:20,818 [ERROR] Failed to fetch product page https://uk.representclo.com/products/team-247-fused-shorts-black: 429 Client Error: Too Many Requests for url: https://uk.representclo.com/products/team-247-fused-shorts-black
2026-09-08 08:41:21,364 [ERROR] Failed to fetch product page https://uk.representclo.com/products/team-247-half-tight-black: 429 Client Error: Too Many Requests for url: https://uk.representclo.com/products/team-247-half-tight-black
2026-09-08 08:41:21,910 [ERROR] Failed to fetch product page https://uk.representclo.com/products/team-247-headband-black: 429 Client Error: Too Many Requests for url: https://uk.representclo.com/products/team-247-headband-black
2026-09-08 08:41:22,459 [ERROR] Failed to fetch product page https://uk.representclo.com/products/team-247-oversized-hoodie-graphene: 429 Client Error: Too Many Requests for url: https://uk.representclo.com/products/team-247-oversized-hoodie-graphene
2026-09-08 08:41:23,015 [ERROR] Failed to fetch product page https://uk.representclo.com/products/team-247-oversized-hoodie-jet-black: 429 Client Error: Too Many Requests for url: https://uk.representclo.com/products/team-247-oversized-hoodie-jet-black
2026-09-08 08:41:23,573 [ERROR] Failed to fetch product page https://uk.representclo.com/products/team-247-oversized-t-shirt-ash-grey-black: 429 Client Error: Too Many Requests for url: https://uk.representclo.com/products/team-247-oversized-t-shirt-ash-grey-black
2026-09-08 08:41:24,122 [ERROR] Failed to fetch product page https://uk.representclo.com/products/team-247-oversized-t-shirt-clay: 429 Client Error: Too Many Requests for url: https://uk.representclo.com/products/team-247-oversized-t-shirt-clay
2026-09-08 08:41:24,668 [ERROR] Failed to fetch product page https://uk.representclo.com/products/team-247-oversized-t-shirt-cream-ss26: 429 Client Error: Too Many Requests for url: https://uk.representclo.com/products/team-247-oversized-t-shirt-cream-ss26
2026-09-08 08:41:25,251 [ERROR] Failed to fetch product page https://uk.representclo.com/products/team-247-oversized-t-shirt-flat-white: 429 Client Error: Too Many Requests for url: https://uk.representclo.com/products/team-247-oversized-t-shirt-flat-white
2026-09-08 08:41:25,800 [ERROR] Failed to fetch product page https://uk.representclo.com/products/team-247-oversized-t-shirt-glacier: 429 Client Error: Too Many Requests for url: https://uk.representclo.com/products/team-247-oversized-t-shirt-glacier
2026-09-08 08:41:26,356 [ERROR] Failed to fetch product page https://uk.representclo.com/products/team-247-oversized-t-shirt-graphene: 429 Client Error: Too Many Requests for url: https://uk.representclo.com/products/team-247-oversized-t-shirt-graphene
2026-09-08 08:41:26,906 [ERROR] Failed to fetch product page https://uk.representclo.com/products/team-247-oversized-t-shirt-jet-black: 429 Client Error: Too Many Requests for url: https://uk.representclo.com/products/team-247-oversized-t-shirt-jet-black
2026-09-08 08:41:27,492 [ERROR] Failed to fetch product page https://uk.representclo.com/products/team-247-oversized-tank-ash-grey: 429 Client Error: Too Many Requests for url: https://uk.representclo.com/products/team-247-oversized-tank-ash-grey
2026-09-08 08:41:28,035 [ERROR] Failed to fetch product page https://uk.representclo.com/products/team-247-oversized-tank-clay: 429 Client Error: Too Many Requests for url: https://uk.representclo.com/products/team-247-oversized-tank-clay
2026-09-08 08:41:28,581 [ERROR] Failed to fetch product page https://uk.representclo.com/products/team-247-oversized-tank-cream-ss26: 429 Client Error: Too Many Requests for url: https://uk.representclo.com/products/team-247-oversized-tank-cream-ss26
2026-09-08 08:41:29,129 [ERROR] Failed to fetch product page https://uk.representclo.com/products/team-247-oversized-tank-fern: 429 Client Error: Too Many Requests for url: https://uk.representclo.com/products/team-247-oversized-tank-fern
2026-09-08 08:41:29,679 [ERROR] Failed to fetch product page https://uk.representclo.com/products/team-247-oversized-tank-flat-white: 429 Client Error: Too Many Requests for url: https://uk.representclo.com/products/team-247-oversized-tank-flat-white
2026-09-08 08:41:30,230 [ERROR] Failed to fetch product page https://uk.representclo.com/products/team-247-oversized-tank-glacier: 429 Client Error: Too Many Requests for url: https://uk.representclo.com/products/team-247-oversized-tank-glacier
2026-09-08 08:41:30,775 [ERROR] Failed to fetch product page https://uk.representclo.com/products/team-247-oversized-tank-graphene: 429 Client Error: Too Many Requests for url: https://uk.representclo.com/products/team-247-oversized-tank-graphene
2026-09-08 08:41:31,361 [ERROR] Failed to fetch product page https://uk.representclo.com/products/team-247-oversized-tank-jet-black: 429 Client Error: Too Many Requests for url: https://uk.representclo.com/products/team-247-oversized-tank-jet-black
2026-09-08 08:41:31,912 [ERROR] Failed to fetch product page https://uk.representclo.com/products/team-247-star-oversized-t-shirt-flat-white: 429 Client Error: Too Many Requests for url: https://uk.representclo.com/products/team-247-star-oversized-t-shirt-flat-white
2026-09-08 08:41:32,458 [ERROR] Failed to fetch product page https://uk.representclo.com/products/team-247-star-tank-flat-white: 429 Client Error: Too Many Requests for url: https://uk.representclo.com/products/team-247-star-tank-flat-white
2026-09-08 08:41:33,010 [ERROR] Failed to fetch product page https://uk.representclo.com/products/team-247-star-tank-racing-red: 429 Client Error: Too Many Requests for url: https://uk.representclo.com/products/team-247-star-tank-racing-red
2026-09-08 08:41:33,561 [ERROR] Failed to fetch product page https://uk.representclo.com/products/team-247-x-47-trucker-cap-fern: 429 Client Error: Too Many Requests for url: https://uk.representclo.com/products/team-247-x-47-trucker-cap-fern
2026-09-08 08:41:34,105 [ERROR] Failed to fetch product page https://uk.representclo.com/products/team-247-x-47-trucker-cap-graphene: 429 Client Error: Too Many Requests for url: https://uk.representclo.com/products/team-247-x-47-trucker-cap-graphene
2026-09-08 08:41:34,651 [ERROR] Failed to fetch product page https://uk.representclo.com/products/team-247-x-47-trucker-cap-jet-black: 429 Client Error: Too Many Requests for url: https://uk.representclo.com/products/team-247-x-47-trucker-cap-jet-black
2026-09-08 08:41:35,202 [ERROR] Failed to fetch product page https://uk.representclo.com/products/the-work-jacket-black: 429 Client Error: Too Many Requests for url: https://uk.representclo.com/products/the-work-jacket-black
2026-09-08 08:41:35,755 [ERROR] Failed to fetch product page https://uk.representclo.com/products/thoroughbred-hoodie-vintage-black: 429 Client Error: Too Many Requests for url: https://uk.representclo.com/products/thoroughbred-hoodie-vintage-black
2026-09-08 08:41:36,307 [ERROR] Failed to fetch product page https://uk.representclo.com/products/thoroughbred-jersey-english-rose: 429 Client Error: Too Many Requests for url: https://uk.representclo.com/products/thoroughbred-jersey-english-rose
2026-09-08 08:41:36,855 [ERROR] Failed to fetch product page https://uk.representclo.com/products/thoroughbred-t-shirt-vintage-black: 429 Client Error: Too Many Requests for url: https://uk.representclo.com/products/thoroughbred-t-shirt-vintage-black
2026-09-08 08:41:37,437 [ERROR] Failed to fetch product page https://uk.representclo.com/products/thoroughbred-t-shirt-vintage-white: 429 Client Error: Too Many Requests for url: https://uk.representclo.com/products/thoroughbred-t-shirt-vintage-white
2026-09-08 08:41:37,989 [ERROR] Failed to fetch product page https://uk.representclo.com/products/three-dogs-jersey-jet-black: 429 Client Error: Too Many Requests for url: https://uk.representclo.com/products/three-dogs-jersey-jet-black
2026-09-08 08:41:38,535 [ERROR] Failed to fetch product page https://uk.representclo.com/products/three-dogs-jersey-mid-brown: 429 Client Error: Too Many Requests for url: https://uk.representclo.com/products/three-dogs-jersey-mid-brown
2026-09-08 08:41:39,080 [ERROR] Failed to fetch product page https://uk.representclo.com/products/trucker-jacket-authentic-blue: 429 Client Error: Too Many Requests for url: https://uk.representclo.com/products/trucker-jacket-authentic-blue
2026-09-08 08:41:39,628 [ERROR] Failed to fetch product page https://uk.representclo.com/products/vandal-sweater-tobacco: 429 Client Error: Too Many Requests for url: https://uk.representclo.com/products/vandal-sweater-tobacco
2026-09-08 08:41:40,179 [ERROR] Failed to fetch product page https://uk.representclo.com/products/waffle-beanie-vintage-black: 429 Client Error: Too Many Requests for url: https://uk.representclo.com/products/waffle-beanie-vintage-black
2026-09-08 08:41:40,724 [ERROR] Failed to fetch product page https://uk.representclo.com/products/waffle-beanie-vintage-falcon: 429 Client Error: Too Many Requests for url: https://uk.representclo.com/products/waffle-beanie-vintage-falcon
2026-09-08 08:41:41,274 [ERROR] Failed to fetch product page https://uk.representclo.com/products/waffle-shorts-black: 429 Client Error: Too Many Requests for url: https://uk.representclo.com/products/waffle-shorts-black
2026-09-08 08:41:41,822 [ERROR] Failed to fetch product page https://uk.representclo.com/products/waffle-t-shirt-flat-white: 429 Client Error: Too Many Requests for url: https://uk.representclo.com/products/waffle-t-shirt-flat-white
2026-09-08 08:41:42,364 [ERROR] Failed to fetch product page https://uk.representclo.com/products/waffle-t-shirt-jet-black-1: 429 Client Error: Too Many Requests for url: https://uk.representclo.com/products/waffle-t-shirt-jet-black-1
2026-09-08 08:41:42,907 [ERROR] Failed to fetch product page https://uk.representclo.com/products/washed-mesh-shorts-washed-black: 429 Client Error: Too Many Requests for url: https://uk.representclo.com/products/washed-mesh-shorts-washed-black
2026-09-08 08:41:43,463 [ERROR] Failed to fetch product page https://uk.representclo.com/products/weekend-bag-black: 429 Client Error: Too Many Requests for url: https://uk.representclo.com/products/weekend-bag-black
2026-09-08 08:41:44,008 [ERROR] Failed to fetch product page https://uk.representclo.com/products/western-initial-t-shirt-flat-white: 429 Client Error: Too Many Requests for url: https://uk.representclo.com/products/western-initial-t-shirt-flat-white
2026-09-08 08:41:44,585 [ERROR] Failed to fetch product page https://uk.representclo.com/products/western-initial-t-shirt-mountain-blue: 429 Client Error: Too Many Requests for url: https://uk.representclo.com/products/western-initial-t-shirt-mountain-blue
2026-09-08 08:41:45,150 [ERROR] Failed to fetch product page https://uk.representclo.com/products/westside-t-shirt-flat-white: 429 Client Error: Too Many Requests for url: https://uk.representclo.com/products/westside-t-shirt-flat-white
2026-09-08 08:41:45,701 [ERROR] Failed to fetch product page https://uk.representclo.com/products/westside-t-shirt-stained-black: 429 Client Error: Too Many Requests for url: https://uk.representclo.com/products/westside-t-shirt-stained-black
2026-09-08 08:41:46,252 [ERROR] Failed to fetch product page https://uk.representclo.com/products/world-championship-t-shirt-stained-black: 429 Client Error: Too Many Requests for url: https://uk.representclo.com/products/world-championship-t-shirt-stained-black
2026-09-08 08:41:46,766 [INFO] Saved 0 rows to outputs/Чудокаталог - 08.09.2026.csv
2026-09-08 08:41:46,772 [INFO] Excel report saved to outputs/Чудокаталог - 08.09.2026.xlsx
2026-09-08 08:41:46,772 [INFO] Done. Saved 0 rows to outputs/Чудокаталог - 08.09.2026.csv and outputs/Чудокаталог - 08.09.2026.xlsx
