2026-09-07 08:54:29,162 [INFO] Catalog: 'Чудокаталог' — Date: 07.09.2026
2026-09-07 08:54:29,162 [INFO] Output file: outputs/Чудокаталог - 07.09.2026.xlsx
2026-09-07 08:54:29,162 [INFO] URL source: TARGET.txt
2026-09-07 08:54:29,162 [INFO] Collection URL(s) to scrape: ['https://uk.representclo.com/collections/all']
2026-09-07 08:54:29,162 [INFO] Collecting product URLs...
2026-09-07 08:54:31,341 [INFO] Page 1: found 66 new product URLs (total 66)
2026-09-07 08:54:33,901 [INFO] Page 2: found 58 new product URLs (total 124)
2026-09-07 08:54:37,459 [INFO] Page 3: found 59 new product URLs (total 183)
2026-09-07 08:54:41,120 [INFO] Page 4: found 60 new product URLs (total 243)
2026-09-07 08:54:44,899 [INFO] Page 5: found 60 new product URLs (total 303)
2026-09-07 08:54:47,806 [INFO] Page 6: found 58 new product URLs (total 361)
2026-09-07 08:54:51,167 [INFO] Page 7: found 60 new product URLs (total 421)
2026-09-07 08:54:51,728 [WARNING] Failed to fetch collection page https://uk.representclo.com/collections/all?page=8: 429 Client Error: Too Many Requests for url: https://uk.representclo.com/collections/all?page=8
2026-09-07 08:54:51,730 [INFO] Found 421 unique product URLs
2026-09-07 08:54:51,879 [ERROR] Failed to fetch product page https://uk.representclo.com/products/247-aero-shorts-graphene: 429 Client Error: Too Many Requests for url: https://uk.representclo.com/products/247-aero-shorts-graphene
2026-09-07 08:54:52,445 [ERROR] Failed to fetch product page https://uk.representclo.com/products/247-berlin-singlet-purple: 429 Client Error: Too Many Requests for url: https://uk.representclo.com/products/247-berlin-singlet-purple
2026-09-07 08:54:53,004 [ERROR] Failed to fetch product page https://uk.representclo.com/products/247-berlin-t-shirt-purple: 429 Client Error: Too Many Requests for url: https://uk.representclo.com/products/247-berlin-t-shirt-purple
2026-09-07 08:54:53,555 [ERROR] Failed to fetch product page https://uk.representclo.com/products/247-compound-long-sleeve-t-shirt-black: 429 Client Error: Too Many Requests for url: https://uk.representclo.com/products/247-compound-long-sleeve-t-shirt-black
2026-09-07 08:54:54,138 [ERROR] Failed to fetch product page https://uk.representclo.com/products/247-compound-t-shirt-black: 429 Client Error: Too Many Requests for url: https://uk.representclo.com/products/247-compound-t-shirt-black
2026-09-07 08:54:54,698 [ERROR] Failed to fetch product page https://uk.representclo.com/products/247-contour-run-t-shirt-titanium: 429 Client Error: Too Many Requests for url: https://uk.representclo.com/products/247-contour-run-t-shirt-titanium
2026-09-07 08:54:55,272 [ERROR] Failed to fetch product page https://uk.representclo.com/products/247-dna-graphic-t-shirt-flat-white: 429 Client Error: Too Many Requests for url: https://uk.representclo.com/products/247-dna-graphic-t-shirt-flat-white
2026-09-07 08:54:55,829 [ERROR] Failed to fetch product page https://uk.representclo.com/products/247-dna-graphic-t-shirt-flat-white-26: 429 Client Error: Too Many Requests for url: https://uk.representclo.com/products/247-dna-graphic-t-shirt-flat-white-26
2026-09-07 08:54:56,386 [ERROR] Failed to fetch product page https://uk.representclo.com/products/247-dna-graphic-t-shirt-graphene-26: 429 Client Error: Too Many Requests for url: https://uk.representclo.com/products/247-dna-graphic-t-shirt-graphene-26
2026-09-07 08:54:56,971 [ERROR] Failed to fetch product page https://uk.representclo.com/products/247-dna-graphic-t-shirt-jet-black: 429 Client Error: Too Many Requests for url: https://uk.representclo.com/products/247-dna-graphic-t-shirt-jet-black
2026-09-07 08:54:57,527 [ERROR] Failed to fetch product page https://uk.representclo.com/products/247-dna-graphic-t-shirt-jet-black-26: 429 Client Error: Too Many Requests for url: https://uk.representclo.com/products/247-dna-graphic-t-shirt-jet-black-26
2026-09-07 08:54:58,088 [ERROR] Failed to fetch product page https://uk.representclo.com/products/247-dna-mesh-t-shirt-flat-white: 429 Client Error: Too Many Requests for url: https://uk.representclo.com/products/247-dna-mesh-t-shirt-flat-white
2026-09-07 08:54:58,650 [ERROR] Failed to fetch product page https://uk.representclo.com/products/247-dna-mesh-t-shirt-graphene: 429 Client Error: Too Many Requests for url: https://uk.representclo.com/products/247-dna-mesh-t-shirt-graphene
2026-09-07 08:54:59,219 [ERROR] Failed to fetch product page https://uk.representclo.com/products/247-dna-mesh-t-shirt-jet-black: 429 Client Error: Too Many Requests for url: https://uk.representclo.com/products/247-dna-mesh-t-shirt-jet-black
2026-09-07 08:54:59,773 [ERROR] Failed to fetch product page https://uk.representclo.com/products/247-dna-mesh-vest-graphene: 429 Client Error: Too Many Requests for url: https://uk.representclo.com/products/247-dna-mesh-vest-graphene
2026-09-07 08:55:00,324 [ERROR] Failed to fetch product page https://uk.representclo.com/products/247-dna-mesh-vest-jet-black: 429 Client Error: Too Many Requests for url: https://uk.representclo.com/products/247-dna-mesh-vest-jet-black
2026-09-07 08:55:00,889 [ERROR] Failed to fetch product page https://uk.representclo.com/products/247-dna-oversized-t-shirt-graphene: 429 Client Error: Too Many Requests for url: https://uk.representclo.com/products/247-dna-oversized-t-shirt-graphene
2026-09-07 08:55:01,462 [ERROR] Failed to fetch product page https://uk.representclo.com/products/247-dna-oversized-t-shirt-jet-black-26: 429 Client Error: Too Many Requests for url: https://uk.representclo.com/products/247-dna-oversized-t-shirt-jet-black-26
2026-09-07 08:55:02,008 [ERROR] Failed to fetch product page https://uk.representclo.com/products/247-dna-oversized-tank-jet-black-26: 429 Client Error: Too Many Requests for url: https://uk.representclo.com/products/247-dna-oversized-tank-jet-black-26
2026-09-07 08:55:02,575 [ERROR] Failed to fetch product page https://uk.representclo.com/products/247-dna-seamless-t-shirt-black: 429 Client Error: Too Many Requests for url: https://uk.representclo.com/products/247-dna-seamless-t-shirt-black
2026-09-07 08:55:03,125 [ERROR] Failed to fetch product page https://uk.representclo.com/products/247-dna-tank-graphene: 429 Client Error: Too Many Requests for url: https://uk.representclo.com/products/247-dna-tank-graphene
2026-09-07 08:55:03,671 [ERROR] Failed to fetch product page https://uk.representclo.com/products/247-fallen-angel-graphic-hoodie-vintage-black: 429 Client Error: Too Many Requests for url: https://uk.representclo.com/products/247-fallen-angel-graphic-hoodie-vintage-black
2026-09-07 08:55:04,226 [ERROR] Failed to fetch product page https://uk.representclo.com/products/247-fallen-angel-graphic-t-shirt-fern: 429 Client Error: Too Many Requests for url: https://uk.representclo.com/products/247-fallen-angel-graphic-t-shirt-fern
2026-09-07 08:55:04,795 [ERROR] Failed to fetch product page https://uk.representclo.com/products/247-fallen-angel-graphic-t-shirt-vintage-black: 429 Client Error: Too Many Requests for url: https://uk.representclo.com/products/247-fallen-angel-graphic-t-shirt-vintage-black
2026-09-07 08:55:05,350 [ERROR] Failed to fetch product page https://uk.representclo.com/products/247-form-zip-hood-graphene: 429 Client Error: Too Many Requests for url: https://uk.representclo.com/products/247-form-zip-hood-graphene
2026-09-07 08:55:05,908 [ERROR] Failed to fetch product page https://uk.representclo.com/products/247-fused-shorts-black: 429 Client Error: Too Many Requests for url: https://uk.representclo.com/products/247-fused-shorts-black
2026-09-07 08:55:06,464 [ERROR] Failed to fetch product page https://uk.representclo.com/products/247-ghost-2-in-1-short-jet-black: 429 Client Error: Too Many Requests for url: https://uk.representclo.com/products/247-ghost-2-in-1-short-jet-black
2026-09-07 08:55:07,041 [ERROR] Failed to fetch product page https://uk.representclo.com/products/247-ghost-half-tight-jet-black: 429 Client Error: Too Many Requests for url: https://uk.representclo.com/products/247-ghost-half-tight-jet-black
2026-09-07 08:55:07,604 [ERROR] Failed to fetch product page https://uk.representclo.com/products/247-ghost-singlet-247-ombre: 429 Client Error: Too Many Requests for url: https://uk.representclo.com/products/247-ghost-singlet-247-ombre
2026-09-07 08:55:08,158 [ERROR] Failed to fetch product page https://uk.representclo.com/products/247-hybrid-t-shirt-black-fade-out: 429 Client Error: Too Many Requests for url: https://uk.representclo.com/products/247-hybrid-t-shirt-black-fade-out
2026-09-07 08:55:08,709 [ERROR] Failed to fetch product page https://uk.representclo.com/products/247-hybrid-t-shirt-glacier-fade-out: 429 Client Error: Too Many Requests for url: https://uk.representclo.com/products/247-hybrid-t-shirt-glacier-fade-out
2026-09-07 08:55:09,264 [ERROR] Failed to fetch product page https://uk.representclo.com/products/247-hybrid-t-shirt-red-fade-out: 429 Client Error: Too Many Requests for url: https://uk.representclo.com/products/247-hybrid-t-shirt-red-fade-out
2026-09-07 08:55:09,826 [ERROR] Failed to fetch product page https://uk.representclo.com/products/247-logo-socks-black: 429 Client Error: Too Many Requests for url: https://uk.representclo.com/products/247-logo-socks-black
2026-09-07 08:55:10,402 [ERROR] Failed to fetch product page https://uk.representclo.com/products/247-logo-socks-white: 429 Client Error: Too Many Requests for url: https://uk.representclo.com/products/247-logo-socks-white
2026-09-07 08:55:10,954 [ERROR] Failed to fetch product page https://uk.representclo.com/products/247-london-26-t-shirt-vintage-grey: 429 Client Error: Too Many Requests for url: https://uk.representclo.com/products/247-london-26-t-shirt-vintage-grey
2026-09-07 08:55:11,503 [ERROR] Failed to fetch product page https://uk.representclo.com/products/247-manchester-26-singlet-aged-black: 429 Client Error: Too Many Requests for url: https://uk.representclo.com/products/247-manchester-26-singlet-aged-black
2026-09-07 08:55:12,054 [ERROR] Failed to fetch product page https://uk.representclo.com/products/247-manchester-26-t-shirt-black: 429 Client Error: Too Many Requests for url: https://uk.representclo.com/products/247-manchester-26-t-shirt-black
2026-09-07 08:55:12,632 [ERROR] Failed to fetch product page https://uk.representclo.com/products/247-mission-series-t-shirt-2026-jet-black: 429 Client Error: Too Many Requests for url: https://uk.representclo.com/products/247-mission-series-t-shirt-2026-jet-black
2026-09-07 08:55:13,205 [ERROR] Failed to fetch product page https://uk.representclo.com/products/247-noble-long-sleeve-t-shirt-graphene: 429 Client Error: Too Many Requests for url: https://uk.representclo.com/products/247-noble-long-sleeve-t-shirt-graphene
2026-09-07 08:55:13,766 [ERROR] Failed to fetch product page https://uk.representclo.com/products/247-noble-t-shirt-graphene: 429 Client Error: Too Many Requests for url: https://uk.representclo.com/products/247-noble-t-shirt-graphene
2026-09-07 08:55:14,320 [ERROR] Failed to fetch product page https://uk.representclo.com/products/247-noble-t-shirt-jet-black: 429 Client Error: Too Many Requests for url: https://uk.representclo.com/products/247-noble-t-shirt-jet-black
2026-09-07 08:55:14,872 [ERROR] Failed to fetch product page https://uk.representclo.com/products/247-numbers-beanie-grey-marl: 429 Client Error: Too Many Requests for url: https://uk.representclo.com/products/247-numbers-beanie-grey-marl
2026-09-07 08:55:15,430 [ERROR] Failed to fetch product page https://uk.representclo.com/products/247-numbers-beanie-jet-black: 429 Client Error: Too Many Requests for url: https://uk.representclo.com/products/247-numbers-beanie-jet-black
2026-09-07 08:55:15,988 [ERROR] Failed to fetch product page https://uk.representclo.com/products/247-numbers-cap-graphene: 429 Client Error: Too Many Requests for url: https://uk.representclo.com/products/247-numbers-cap-graphene
2026-09-07 08:55:16,539 [ERROR] Failed to fetch product page https://uk.representclo.com/products/247-numbers-cap-jet-black: 429 Client Error: Too Many Requests for url: https://uk.representclo.com/products/247-numbers-cap-jet-black
2026-09-07 08:55:17,092 [ERROR] Failed to fetch product page https://uk.representclo.com/products/247-numbers-cargo-half-tight-graphene: 429 Client Error: Too Many Requests for url: https://uk.representclo.com/products/247-numbers-cargo-half-tight-graphene
2026-09-07 08:55:17,645 [ERROR] Failed to fetch product page https://uk.representclo.com/products/247-numbers-gaiter-grey-marl: 429 Client Error: Too Many Requests for url: https://uk.representclo.com/products/247-numbers-gaiter-grey-marl
2026-09-07 08:55:18,196 [ERROR] Failed to fetch product page https://uk.representclo.com/products/247-numbers-gaiter-jet-black: 429 Client Error: Too Many Requests for url: https://uk.representclo.com/products/247-numbers-gaiter-jet-black
2026-09-07 08:55:18,774 [ERROR] Failed to fetch product page https://uk.representclo.com/products/247-numbers-glove-jet-black: 429 Client Error: Too Many Requests for url: https://uk.representclo.com/products/247-numbers-glove-jet-black
2026-09-07 08:55:19,324 [ERROR] Failed to fetch product page https://uk.representclo.com/products/247-numbers-race-sock-graphene: 429 Client Error: Too Many Requests for url: https://uk.representclo.com/products/247-numbers-race-sock-graphene
2026-09-07 08:55:19,879 [ERROR] Failed to fetch product page https://uk.representclo.com/products/247-numbers-socks-flat-white: 429 Client Error: Too Many Requests for url: https://uk.representclo.com/products/247-numbers-socks-flat-white
2026-09-07 08:55:20,427 [ERROR] Failed to fetch product page https://uk.representclo.com/products/247-numbers-socks-jet-black: 429 Client Error: Too Many Requests for url: https://uk.representclo.com/products/247-numbers-socks-jet-black
2026-09-07 08:55:21,009 [ERROR] Failed to fetch product page https://uk.representclo.com/products/247-numbers-t-shirt-flat-white: 429 Client Error: Too Many Requests for url: https://uk.representclo.com/products/247-numbers-t-shirt-flat-white
2026-09-07 08:55:21,591 [ERROR] Failed to fetch product page https://uk.representclo.com/products/247-numbers-t-shirt-graphene: 429 Client Error: Too Many Requests for url: https://uk.representclo.com/products/247-numbers-t-shirt-graphene
2026-09-07 08:55:22,150 [ERROR] Failed to fetch product page https://uk.representclo.com/products/247-numbers-t-shirt-jet-black-v2: 429 Client Error: Too Many Requests for url: https://uk.representclo.com/products/247-numbers-t-shirt-jet-black-v2
2026-09-07 08:55:22,702 [ERROR] Failed to fetch product page https://uk.representclo.com/products/247-numbers-vest-flat-white: 429 Client Error: Too Many Requests for url: https://uk.representclo.com/products/247-numbers-vest-flat-white
2026-09-07 08:55:23,256 [ERROR] Failed to fetch product page https://uk.representclo.com/products/247-numbers-vest-graphene: 429 Client Error: Too Many Requests for url: https://uk.representclo.com/products/247-numbers-vest-graphene
2026-09-07 08:55:23,805 [ERROR] Failed to fetch product page https://uk.representclo.com/products/247-numbers-vest-jet-black-v2: 429 Client Error: Too Many Requests for url: https://uk.representclo.com/products/247-numbers-vest-jet-black-v2
2026-09-07 08:55:24,353 [ERROR] Failed to fetch product page https://uk.representclo.com/products/247-on-a-mission-long-sleeve-t-shirt-jet-black: 429 Client Error: Too Many Requests for url: https://uk.representclo.com/products/247-on-a-mission-long-sleeve-t-shirt-jet-black
2026-09-07 08:55:24,906 [ERROR] Failed to fetch product page https://uk.representclo.com/products/247-on-a-mission-t-shirt-jet-black: 429 Client Error: Too Many Requests for url: https://uk.representclo.com/products/247-on-a-mission-t-shirt-jet-black
2026-09-07 08:55:25,455 [ERROR] Failed to fetch product page https://uk.representclo.com/products/247-oversized-t-shirt-flat-white-1: 429 Client Error: Too Many Requests for url: https://uk.representclo.com/products/247-oversized-t-shirt-flat-white-1
2026-09-07 08:55:26,005 [ERROR] Failed to fetch product page https://uk.representclo.com/products/247-oversized-t-shirt-jet-black-1: 429 Client Error: Too Many Requests for url: https://uk.representclo.com/products/247-oversized-t-shirt-jet-black-1
2026-09-07 08:55:26,560 [ERROR] Failed to fetch product page https://uk.representclo.com/products/247-oversized-tank-flat-white-1: 429 Client Error: Too Many Requests for url: https://uk.representclo.com/products/247-oversized-tank-flat-white-1
2026-09-07 08:55:27,114 [ERROR] Failed to fetch product page https://uk.representclo.com/products/247-oversized-tank-jet-black-1: 429 Client Error: Too Many Requests for url: https://uk.representclo.com/products/247-oversized-tank-jet-black-1
2026-09-07 08:55:27,698 [ERROR] Failed to fetch product page https://uk.representclo.com/products/247-power-dry-t-shirt-ash-grey: 429 Client Error: Too Many Requests for url: https://uk.representclo.com/products/247-power-dry-t-shirt-ash-grey
2026-09-07 08:55:28,252 [ERROR] Failed to fetch product page https://uk.representclo.com/products/247-power-dry-t-shirt-jet-black: 429 Client Error: Too Many Requests for url: https://uk.representclo.com/products/247-power-dry-t-shirt-jet-black
2026-09-07 08:55:28,810 [ERROR] Failed to fetch product page https://uk.representclo.com/products/247-power-shield-windbreaker-jet-black: 429 Client Error: Too Many Requests for url: https://uk.representclo.com/products/247-power-shield-windbreaker-jet-black
2026-09-07 08:55:29,364 [ERROR] Failed to fetch product page https://uk.representclo.com/products/247-race-half-tight-washed-grey: 429 Client Error: Too Many Requests for url: https://uk.representclo.com/products/247-race-half-tight-washed-grey
2026-09-07 08:55:29,909 [ERROR] Failed to fetch product page https://uk.representclo.com/products/247-race-short-washed-grey: 429 Client Error: Too Many Requests for url: https://uk.representclo.com/products/247-race-short-washed-grey
2026-09-07 08:55:30,488 [ERROR] Failed to fetch product page https://uk.representclo.com/products/247-race-sock-2-pack-white: 429 Client Error: Too Many Requests for url: https://uk.representclo.com/products/247-race-sock-2-pack-white
2026-09-07 08:55:31,044 [ERROR] Failed to fetch product page https://uk.representclo.com/products/247-race-sock-white: 429 Client Error: Too Many Requests for url: https://uk.representclo.com/products/247-race-sock-white
2026-09-07 08:55:31,592 [ERROR] Failed to fetch product page https://uk.representclo.com/products/247-reflex-run-cap-jet-black: 429 Client Error: Too Many Requests for url: https://uk.representclo.com/products/247-reflex-run-cap-jet-black
2026-09-07 08:55:32,140 [ERROR] Failed to fetch product page https://uk.representclo.com/products/247-reflex-run-socks-flat-white: 429 Client Error: Too Many Requests for url: https://uk.representclo.com/products/247-reflex-run-socks-flat-white
2026-09-07 08:55:32,691 [ERROR] Failed to fetch product page https://uk.representclo.com/products/247-reflex-run-socks-jet-black: 429 Client Error: Too Many Requests for url: https://uk.representclo.com/products/247-reflex-run-socks-jet-black
2026-09-07 08:55:33,248 [ERROR] Failed to fetch product page https://uk.representclo.com/products/247-ripstop-cap-black-reflective: 429 Client Error: Too Many Requests for url: https://uk.representclo.com/products/247-ripstop-cap-black-reflective
2026-09-07 08:55:33,815 [ERROR] Failed to fetch product page https://uk.representclo.com/products/247-skull-cap-jet-black: 429 Client Error: Too Many Requests for url: https://uk.representclo.com/products/247-skull-cap-jet-black
2026-09-07 08:55:34,370 [ERROR] Failed to fetch product page https://uk.representclo.com/products/247-stratum-sunglasses-flat-white: 429 Client Error: Too Many Requests for url: https://uk.representclo.com/products/247-stratum-sunglasses-flat-white
2026-09-07 08:55:34,928 [ERROR] Failed to fetch product page https://uk.representclo.com/products/247-stratum-sunglasses-jet-black: 429 Client Error: Too Many Requests for url: https://uk.representclo.com/products/247-stratum-sunglasses-jet-black
2026-09-07 08:55:35,476 [ERROR] Failed to fetch product page https://uk.representclo.com/products/247-sydney-cap-washed-grey: 429 Client Error: Too Many Requests for url: https://uk.representclo.com/products/247-sydney-cap-washed-grey
2026-09-07 08:55:36,043 [ERROR] Failed to fetch product page https://uk.representclo.com/products/247-sydney-hoodie-washed-grey: 429 Client Error: Too Many Requests for url: https://uk.representclo.com/products/247-sydney-hoodie-washed-grey
2026-09-07 08:55:36,589 [ERROR] Failed to fetch product page https://uk.representclo.com/products/247-sydney-singlet-washed-grey: 429 Client Error: Too Many Requests for url: https://uk.representclo.com/products/247-sydney-singlet-washed-grey
2026-09-07 08:55:37,142 [ERROR] Failed to fetch product page https://uk.representclo.com/products/247-sydney-t-shirt-washed-grey: 429 Client Error: Too Many Requests for url: https://uk.representclo.com/products/247-sydney-t-shirt-washed-grey
2026-09-07 08:55:37,691 [ERROR] Failed to fetch product page https://uk.representclo.com/products/247-sydney-tank-washed-grey: 429 Client Error: Too Many Requests for url: https://uk.representclo.com/products/247-sydney-tank-washed-grey
2026-09-07 08:55:38,242 [ERROR] Failed to fetch product page https://uk.representclo.com/products/247-torch-boxy-long-sleeve-t-shirt-bleach-wash: 429 Client Error: Too Many Requests for url: https://uk.representclo.com/products/247-torch-boxy-long-sleeve-t-shirt-bleach-wash
2026-09-07 08:55:38,798 [ERROR] Failed to fetch product page https://uk.representclo.com/products/247-torch-boxy-long-sleeve-t-shirt-washed-black: 429 Client Error: Too Many Requests for url: https://uk.representclo.com/products/247-torch-boxy-long-sleeve-t-shirt-washed-black
2026-09-07 08:55:39,345 [ERROR] Failed to fetch product page https://uk.representclo.com/products/247-torch-boxy-t-shirt-bleach-wash: 429 Client Error: Too Many Requests for url: https://uk.representclo.com/products/247-torch-boxy-t-shirt-bleach-wash
2026-09-07 08:55:39,896 [ERROR] Failed to fetch product page https://uk.representclo.com/products/247-torch-boxy-t-shirt-washed-black: 429 Client Error: Too Many Requests for url: https://uk.representclo.com/products/247-torch-boxy-t-shirt-washed-black
2026-09-07 08:55:40,461 [ERROR] Failed to fetch product page https://uk.representclo.com/products/247-torch-boxy-tank-bleach-wash: 429 Client Error: Too Many Requests for url: https://uk.representclo.com/products/247-torch-boxy-tank-bleach-wash
2026-09-07 08:55:41,011 [ERROR] Failed to fetch product page https://uk.representclo.com/products/247-torch-boxy-tank-washed-black: 429 Client Error: Too Many Requests for url: https://uk.representclo.com/products/247-torch-boxy-tank-washed-black
2026-09-07 08:55:41,564 [ERROR] Failed to fetch product page https://uk.representclo.com/products/247-trail-long-sleeve-t-shirt-black: 429 Client Error: Too Many Requests for url: https://uk.representclo.com/products/247-trail-long-sleeve-t-shirt-black
2026-09-07 08:55:42,109 [ERROR] Failed to fetch product page https://uk.representclo.com/products/247-trail-long-sleeve-t-shirt-chocolate: 429 Client Error: Too Many Requests for url: https://uk.representclo.com/products/247-trail-long-sleeve-t-shirt-chocolate
2026-09-07 08:55:42,657 [ERROR] Failed to fetch product page https://uk.representclo.com/products/247-trail-long-sleeve-t-shirt-steel: 429 Client Error: Too Many Requests for url: https://uk.representclo.com/products/247-trail-long-sleeve-t-shirt-steel
2026-09-07 08:55:43,216 [ERROR] Failed to fetch product page https://uk.representclo.com/products/247-trail-short-graphene: 429 Client Error: Too Many Requests for url: https://uk.representclo.com/products/247-trail-short-graphene
2026-09-07 08:55:43,773 [ERROR] Failed to fetch product page https://uk.representclo.com/products/247-trail-short-jet-black: 429 Client Error: Too Many Requests for url: https://uk.representclo.com/products/247-trail-short-jet-black
2026-09-07 08:55:44,324 [ERROR] Failed to fetch product page https://uk.representclo.com/products/247-trail-t-shirt-black: 429 Client Error: Too Many Requests for url: https://uk.representclo.com/products/247-trail-t-shirt-black
2026-09-07 08:55:44,876 [ERROR] Failed to fetch product page https://uk.representclo.com/products/247-trail-t-shirt-chocolate: 429 Client Error: Too Many Requests for url: https://uk.representclo.com/products/247-trail-t-shirt-chocolate
2026-09-07 08:55:45,438 [ERROR] Failed to fetch product page https://uk.representclo.com/products/247-trail-tank-black: 429 Client Error: Too Many Requests for url: https://uk.representclo.com/products/247-trail-tank-black
2026-09-07 08:55:45,986 [ERROR] Failed to fetch product page https://uk.representclo.com/products/247-ultra-singlet-black-fade-out: 429 Client Error: Too Many Requests for url: https://uk.representclo.com/products/247-ultra-singlet-black-fade-out
2026-09-07 08:55:46,538 [ERROR] Failed to fetch product page https://uk.representclo.com/products/247-uprising-long-sleeve-seamless-t-shirt-chocolate: 429 Client Error: Too Many Requests for url: https://uk.representclo.com/products/247-uprising-long-sleeve-seamless-t-shirt-chocolate
2026-09-07 08:55:47,092 [ERROR] Failed to fetch product page https://uk.representclo.com/products/247-waffle-beanie-jet-black: 429 Client Error: Too Many Requests for url: https://uk.representclo.com/products/247-waffle-beanie-jet-black
2026-09-07 08:55:47,642 [ERROR] Failed to fetch product page https://uk.representclo.com/products/247-x-avenged-sevenfold-city-of-evil-tank-aged-black: 429 Client Error: Too Many Requests for url: https://uk.representclo.com/products/247-x-avenged-sevenfold-city-of-evil-tank-aged-black
2026-09-07 08:55:48,188 [ERROR] Failed to fetch product page https://uk.representclo.com/products/247-x-avenged-sevenfold-death-bat-singlet-washed-grey: 429 Client Error: Too Many Requests for url: https://uk.representclo.com/products/247-x-avenged-sevenfold-death-bat-singlet-washed-grey
2026-09-07 08:55:48,742 [ERROR] Failed to fetch product page https://uk.representclo.com/products/247-x-avenged-sevenfold-death-bat-t-shirt-dirty-white: 429 Client Error: Too Many Requests for url: https://uk.representclo.com/products/247-x-avenged-sevenfold-death-bat-t-shirt-dirty-white
2026-09-07 08:55:49,296 [ERROR] Failed to fetch product page https://uk.representclo.com/products/247-x-avenged-sevenfold-nightmare-long-sleeve-t-shirt-aged-black: 429 Client Error: Too Many Requests for url: https://uk.representclo.com/products/247-x-avenged-sevenfold-nightmare-long-sleeve-t-shirt-aged-black
2026-09-07 08:55:49,877 [ERROR] Failed to fetch product page https://uk.representclo.com/products/247-x-avenged-sevenfold-nightmare-t-shirt-aged-black: 429 Client Error: Too Many Requests for url: https://uk.representclo.com/products/247-x-avenged-sevenfold-nightmare-t-shirt-aged-black
2026-09-07 08:55:50,421 [ERROR] Failed to fetch product page https://uk.representclo.com/products/american-football-jersey-chalk: 429 Client Error: Too Many Requests for url: https://uk.representclo.com/products/american-football-jersey-chalk
2026-09-07 08:55:50,983 [ERROR] Failed to fetch product page https://uk.representclo.com/products/angel-border-t-shirt-stained-black: 429 Client Error: Too Many Requests for url: https://uk.representclo.com/products/angel-border-t-shirt-stained-black
2026-09-07 08:55:51,538 [ERROR] Failed to fetch product page https://uk.representclo.com/products/angel-border-t-shirt-washed-ecru: 429 Client Error: Too Many Requests for url: https://uk.representclo.com/products/angel-border-t-shirt-washed-ecru
2026-09-07 08:55:52,122 [ERROR] Failed to fetch product page https://uk.representclo.com/products/british-cowboys-t-shirt-dusty-brown: 429 Client Error: Too Many Requests for url: https://uk.representclo.com/products/british-cowboys-t-shirt-dusty-brown
2026-09-07 08:55:52,682 [ERROR] Failed to fetch product page https://uk.representclo.com/products/british-cowboys-t-shirt-stained-black: 429 Client Error: Too Many Requests for url: https://uk.representclo.com/products/british-cowboys-t-shirt-stained-black
2026-09-07 08:55:53,241 [ERROR] Failed to fetch product page https://uk.representclo.com/products/british-cowboys-t-shirt-washed-ecru: 429 Client Error: Too Many Requests for url: https://uk.representclo.com/products/british-cowboys-t-shirt-washed-ecru
2026-09-07 08:55:53,792 [ERROR] Failed to fetch product page https://uk.representclo.com/products/busy-doing-nothing-t-shirt-flat-white: 429 Client Error: Too Many Requests for url: https://uk.representclo.com/products/busy-doing-nothing-t-shirt-flat-white
2026-09-07 08:55:54,352 [ERROR] Failed to fetch product page https://uk.representclo.com/products/calfornia-striped-t-shirt-jet-black-grey-marl: 429 Client Error: Too Many Requests for url: https://uk.representclo.com/products/calfornia-striped-t-shirt-jet-black-grey-marl
2026-09-07 08:55:54,905 [ERROR] Failed to fetch product page https://uk.representclo.com/products/california-striped-knitted-polo-jet-black: 429 Client Error: Too Many Requests for url: https://uk.representclo.com/products/california-striped-knitted-polo-jet-black
2026-09-07 08:55:55,466 [ERROR] Failed to fetch product page https://uk.representclo.com/products/cargo-pant-riot-camo: 429 Client Error: Too Many Requests for url: https://uk.representclo.com/products/cargo-pant-riot-camo
2026-09-07 08:55:56,016 [ERROR] Failed to fetch product page https://uk.representclo.com/products/cargo-pant-vintage-brown: 429 Client Error: Too Many Requests for url: https://uk.representclo.com/products/cargo-pant-vintage-brown
2026-09-07 08:55:56,569 [ERROR] Failed to fetch product page https://uk.representclo.com/products/classic-parts-t-shirt-aged-black: 429 Client Error: Too Many Requests for url: https://uk.representclo.com/products/classic-parts-t-shirt-aged-black
2026-09-07 08:55:57,119 [ERROR] Failed to fetch product page https://uk.representclo.com/products/classic-parts-t-shirt-flat-white: 429 Client Error: Too Many Requests for url: https://uk.representclo.com/products/classic-parts-t-shirt-flat-white
2026-09-07 08:55:57,705 [ERROR] Failed to fetch product page https://uk.representclo.com/products/crest-t-shirt-vintage-black: 429 Client Error: Too Many Requests for url: https://uk.representclo.com/products/crest-t-shirt-vintage-black
2026-09-07 08:55:58,251 [ERROR] Failed to fetch product page https://uk.representclo.com/products/dallas-cowboys-x-represent-t-shirt-washed-ecru: 429 Client Error: Too Many Requests for url: https://uk.representclo.com/products/dallas-cowboys-x-represent-t-shirt-washed-ecru
2026-09-07 08:55:58,807 [ERROR] Failed to fetch product page https://uk.representclo.com/products/dallas-cowboys-x-represent-x-47-cap-antique-white: 429 Client Error: Too Many Requests for url: https://uk.representclo.com/products/dallas-cowboys-x-represent-x-47-cap-antique-white
2026-09-07 08:55:59,359 [ERROR] Failed to fetch product page https://uk.representclo.com/products/decade-of-speed-t-shirt-cream: 429 Client Error: Too Many Requests for url: https://uk.representclo.com/products/decade-of-speed-t-shirt-cream
2026-09-07 08:55:59,917 [ERROR] Failed to fetch product page https://uk.representclo.com/products/destructive-appetite-t-shirt-vintage-grey: 429 Client Error: Too Many Requests for url: https://uk.representclo.com/products/destructive-appetite-t-shirt-vintage-grey
2026-09-07 08:56:00,471 [ERROR] Failed to fetch product page https://uk.representclo.com/products/distress-knit-sweater-taupe: 429 Client Error: Too Many Requests for url: https://uk.representclo.com/products/distress-knit-sweater-taupe
2026-09-07 08:56:01,034 [ERROR] Failed to fetch product page https://uk.representclo.com/products/distress-knit-sweater-washed-pink: 429 Client Error: Too Many Requests for url: https://uk.representclo.com/products/distress-knit-sweater-washed-pink
2026-09-07 08:56:01,592 [ERROR] Failed to fetch product page https://uk.representclo.com/products/double-distilled-t-shirt-flat-white: 429 Client Error: Too Many Requests for url: https://uk.representclo.com/products/double-distilled-t-shirt-flat-white
2026-09-07 08:56:02,156 [ERROR] Failed to fetch product page https://uk.representclo.com/products/double-distilled-t-shirt-off-black: 429 Client Error: Too Many Requests for url: https://uk.representclo.com/products/double-distilled-t-shirt-off-black
2026-09-07 08:56:02,702 [ERROR] Failed to fetch product page https://uk.representclo.com/products/dream-on-tour-t-shirt-sun-fade-grey: 429 Client Error: Too Many Requests for url: https://uk.representclo.com/products/dream-on-tour-t-shirt-sun-fade-grey
2026-09-07 08:56:03,282 [ERROR] Failed to fetch product page https://uk.representclo.com/products/dream-on-tour-t-shirt-washed-ecru: 429 Client Error: Too Many Requests for url: https://uk.representclo.com/products/dream-on-tour-t-shirt-washed-ecru
2026-09-07 08:56:03,832 [ERROR] Failed to fetch product page https://uk.representclo.com/products/dual-layer-script-t-shirt-candy: 429 Client Error: Too Many Requests for url: https://uk.representclo.com/products/dual-layer-script-t-shirt-candy
2026-09-07 08:56:04,376 [ERROR] Failed to fetch product page https://uk.representclo.com/products/dual-layer-script-t-shirt-jet-black: 429 Client Error: Too Many Requests for url: https://uk.representclo.com/products/dual-layer-script-t-shirt-jet-black
2026-09-07 08:56:04,929 [ERROR] Failed to fetch product page https://uk.representclo.com/products/eagle-long-sleeve-t-shirt-black: 429 Client Error: Too Many Requests for url: https://uk.representclo.com/products/eagle-long-sleeve-t-shirt-black
2026-09-07 08:56:05,479 [ERROR] Failed to fetch product page https://uk.representclo.com/products/eagle-t-shirt-sand: 429 Client Error: Too Many Requests for url: https://uk.representclo.com/products/eagle-t-shirt-sand
2026-09-07 08:56:06,036 [ERROR] Failed to fetch product page https://uk.representclo.com/products/elegance-in-motion-t-shirt-flat-white: 429 Client Error: Too Many Requests for url: https://uk.representclo.com/products/elegance-in-motion-t-shirt-flat-white
2026-09-07 08:56:06,586 [ERROR] Failed to fetch product page https://uk.representclo.com/products/embellished-represent-t-shirt-vintage-khaki: 429 Client Error: Too Many Requests for url: https://uk.representclo.com/products/embellished-represent-t-shirt-vintage-khaki
2026-09-07 08:56:07,138 [ERROR] Failed to fetch product page https://uk.representclo.com/products/enemy-hoodie-washed-black: 429 Client Error: Too Many Requests for url: https://uk.representclo.com/products/enemy-hoodie-washed-black
2026-09-07 08:56:07,689 [ERROR] Failed to fetch product page https://uk.representclo.com/products/enemy-t-shirt-flat-white: 429 Client Error: Too Many Requests for url: https://uk.representclo.com/products/enemy-t-shirt-flat-white
2026-09-07 08:56:08,259 [ERROR] Failed to fetch product page https://uk.representclo.com/products/enemy-t-shirt-washed-black: 429 Client Error: Too Many Requests for url: https://uk.representclo.com/products/enemy-t-shirt-washed-black
2026-09-07 08:56:08,813 [ERROR] Failed to fetch product page https://uk.representclo.com/products/england-long-sleeve-t-shirt-washed-brown: 429 Client Error: Too Many Requests for url: https://uk.representclo.com/products/england-long-sleeve-t-shirt-washed-brown
2026-09-07 08:56:09,370 [ERROR] Failed to fetch product page https://uk.representclo.com/products/england-long-sleeve-t-shirt-washed-white-real-tree-camo: 429 Client Error: Too Many Requests for url: https://uk.representclo.com/products/england-long-sleeve-t-shirt-washed-white-real-tree-camo
2026-09-07 08:56:09,917 [ERROR] Failed to fetch product page https://uk.representclo.com/products/england-t-shirt-flat-white: 429 Client Error: Too Many Requests for url: https://uk.representclo.com/products/england-t-shirt-flat-white
2026-09-07 08:56:10,472 [ERROR] Failed to fetch product page https://uk.representclo.com/products/england-t-shirt-jet-black: 429 Client Error: Too Many Requests for url: https://uk.representclo.com/products/england-t-shirt-jet-black
2026-09-07 08:56:11,025 [ERROR] Failed to fetch product page https://uk.representclo.com/products/england-t-shirt-washed-brown: 429 Client Error: Too Many Requests for url: https://uk.representclo.com/products/england-t-shirt-washed-brown
2026-09-07 08:56:11,593 [ERROR] Failed to fetch product page https://uk.representclo.com/products/fw25-represent-owners-club-t-shirt-buttercream: 429 Client Error: Too Many Requests for url: https://uk.representclo.com/products/fw25-represent-owners-club-t-shirt-buttercream
2026-09-07 08:56:12,146 [ERROR] Failed to fetch product page https://uk.representclo.com/products/fw25-represent-owners-club-t-shirt-faded-black: 429 Client Error: Too Many Requests for url: https://uk.representclo.com/products/fw25-represent-owners-club-t-shirt-faded-black
2026-09-07 08:56:12,699 [ERROR] Failed to fetch product page https://uk.representclo.com/products/fw25-represent-owners-club-t-shirt-flat-white: 429 Client Error: Too Many Requests for url: https://uk.representclo.com/products/fw25-represent-owners-club-t-shirt-flat-white
2026-09-07 08:56:13,249 [ERROR] Failed to fetch product page https://uk.representclo.com/products/gh-knitted-long-sleeve-top-jet-black: 429 Client Error: Too Many Requests for url: https://uk.representclo.com/products/gh-knitted-long-sleeve-top-jet-black
2026-09-07 08:56:13,795 [ERROR] Failed to fetch product page https://uk.representclo.com/products/gh-t-shirt-flat-white: 429 Client Error: Too Many Requests for url: https://uk.representclo.com/products/gh-t-shirt-flat-white
2026-09-07 08:56:14,349 [ERROR] Failed to fetch product page https://uk.representclo.com/products/gh-t-shirt-jet-black: 429 Client Error: Too Many Requests for url: https://uk.representclo.com/products/gh-t-shirt-jet-black
2026-09-07 08:56:14,895 [ERROR] Failed to fetch product page https://uk.representclo.com/products/gh-t-shirt-vintage-grey: 429 Client Error: Too Many Requests for url: https://uk.representclo.com/products/gh-t-shirt-vintage-grey
2026-09-07 08:56:15,454 [ERROR] Failed to fetch product page https://uk.representclo.com/products/gift-card: 429 Client Error: Too Many Requests for url: https://uk.representclo.com/products/gift-card
2026-09-07 08:56:16,006 [ERROR] Failed to fetch product page https://uk.representclo.com/products/golden-tour-t-shirt-sun-fade-grey: 429 Client Error: Too Many Requests for url: https://uk.representclo.com/products/golden-tour-t-shirt-sun-fade-grey
2026-09-07 08:56:16,561 [ERROR] Failed to fetch product page https://uk.representclo.com/products/gran-cru-classe-cap-jet-black: 429 Client Error: Too Many Requests for url: https://uk.representclo.com/products/gran-cru-classe-cap-jet-black
2026-09-07 08:56:17,138 [ERROR] Failed to fetch product page https://uk.representclo.com/products/grand-vintage-hand-drawn-t-shirt-aged-white: 429 Client Error: Too Many Requests for url: https://uk.representclo.com/products/grand-vintage-hand-drawn-t-shirt-aged-white
2026-09-07 08:56:17,693 [ERROR] Failed to fetch product page https://uk.representclo.com/products/grand-vintage-hand-drawn-t-shirt-jet-black: 429 Client Error: Too Many Requests for url: https://uk.representclo.com/products/grand-vintage-hand-drawn-t-shirt-jet-black
2026-09-07 08:56:18,247 [ERROR] Failed to fetch product page https://uk.representclo.com/products/hand-drawn-horses-t-shirt-aged-black: 429 Client Error: Too Many Requests for url: https://uk.representclo.com/products/hand-drawn-horses-t-shirt-aged-black
2026-09-07 08:56:18,801 [ERROR] Failed to fetch product page https://uk.representclo.com/products/hand-drawn-horses-t-shirt-flat-white: 429 Client Error: Too Many Requests for url: https://uk.representclo.com/products/hand-drawn-horses-t-shirt-flat-white
2026-09-07 08:56:19,366 [ERROR] Failed to fetch product page https://uk.representclo.com/products/hand-drawn-thoroughbred-t-shirt-aged-black: 429 Client Error: Too Many Requests for url: https://uk.representclo.com/products/hand-drawn-thoroughbred-t-shirt-aged-black
2026-09-07 08:56:19,918 [ERROR] Failed to fetch product page https://uk.representclo.com/products/hand-drawn-thoroughbred-t-shirt-flat-white: 429 Client Error: Too Many Requests for url: https://uk.representclo.com/products/hand-drawn-thoroughbred-t-shirt-flat-white
2026-09-07 08:56:20,476 [ERROR] Failed to fetch product page https://uk.representclo.com/products/heaton-jean-authentic-blue: 429 Client Error: Too Many Requests for url: https://uk.representclo.com/products/heaton-jean-authentic-blue
2026-09-07 08:56:21,022 [ERROR] Failed to fetch product page https://uk.representclo.com/products/heaton-jean-diffused-black: 429 Client Error: Too Many Requests for url: https://uk.representclo.com/products/heaton-jean-diffused-black
2026-09-07 08:56:21,570 [ERROR] Failed to fetch product page https://uk.representclo.com/products/heaton-jean-light-vintage-blue: 429 Client Error: Too Many Requests for url: https://uk.representclo.com/products/heaton-jean-light-vintage-blue
2026-09-07 08:56:22,120 [ERROR] Failed to fetch product page https://uk.representclo.com/products/heavier-than-the-heavens-long-sleeve-t-shirt-washed-black: 429 Client Error: Too Many Requests for url: https://uk.representclo.com/products/heavier-than-the-heavens-long-sleeve-t-shirt-washed-black
2026-09-07 08:56:22,705 [ERROR] Failed to fetch product page https://uk.representclo.com/products/heavier-than-the-heavens-t-shirt-antique-white: 429 Client Error: Too Many Requests for url: https://uk.representclo.com/products/heavier-than-the-heavens-t-shirt-antique-white
2026-09-07 08:56:23,259 [ERROR] Failed to fetch product page https://uk.representclo.com/products/heavyweight-henley-sweater-vintage-black: 429 Client Error: Too Many Requests for url: https://uk.representclo.com/products/heavyweight-henley-sweater-vintage-black
2026-09-07 08:56:23,813 [ERROR] Failed to fetch product page https://uk.representclo.com/products/heavyweight-henley-sweater-vintage-falcon: 429 Client Error: Too Many Requests for url: https://uk.representclo.com/products/heavyweight-henley-sweater-vintage-falcon
2026-09-07 08:56:24,370 [ERROR] Failed to fetch product page https://uk.representclo.com/products/heavyweight-hoodie-jet-black: 429 Client Error: Too Many Requests for url: https://uk.representclo.com/products/heavyweight-hoodie-jet-black
2026-09-07 08:56:24,922 [ERROR] Failed to fetch product page https://uk.representclo.com/products/heavyweight-sweater-ash-grey: 429 Client Error: Too Many Requests for url: https://uk.representclo.com/products/heavyweight-sweater-ash-grey
2026-09-07 08:56:25,476 [ERROR] Failed to fetch product page https://uk.representclo.com/products/heavyweight-sweatpant-ash-grey: 429 Client Error: Too Many Requests for url: https://uk.representclo.com/products/heavyweight-sweatpant-ash-grey
2026-09-07 08:56:26,027 [ERROR] Failed to fetch product page https://uk.representclo.com/products/heavyweight-sweatpant-jet-black: 429 Client Error: Too Many Requests for url: https://uk.representclo.com/products/heavyweight-sweatpant-jet-black
2026-09-07 08:56:26,578 [ERROR] Failed to fetch product page https://uk.representclo.com/products/hermes-t-shirt-flat-white: 429 Client Error: Too Many Requests for url: https://uk.representclo.com/products/hermes-t-shirt-flat-white
2026-09-07 08:56:27,136 [ERROR] Failed to fetch product page https://uk.representclo.com/products/hudson-tote-dark-brown: 429 Client Error: Too Many Requests for url: https://uk.representclo.com/products/hudson-tote-dark-brown
2026-09-07 08:56:27,681 [ERROR] Failed to fetch product page https://uk.representclo.com/products/icarus-t-shirt-jet-black: 429 Client Error: Too Many Requests for url: https://uk.representclo.com/products/icarus-t-shirt-jet-black
2026-09-07 08:56:28,262 [ERROR] Failed to fetch product page https://uk.representclo.com/products/icarus-t-shirt-sky-blue: 429 Client Error: Too Many Requests for url: https://uk.representclo.com/products/icarus-t-shirt-sky-blue
2026-09-07 08:56:28,816 [ERROR] Failed to fetch product page https://uk.representclo.com/products/icarus-t-shirt-taupe: 429 Client Error: Too Many Requests for url: https://uk.representclo.com/products/icarus-t-shirt-taupe
2026-09-07 08:56:29,405 [ERROR] Failed to fetch product page https://uk.representclo.com/products/initial-boxy-hoodie-vintage-grey-v2: 429 Client Error: Too Many Requests for url: https://uk.representclo.com/products/initial-boxy-hoodie-vintage-grey-v2
2026-09-07 08:56:29,958 [ERROR] Failed to fetch product page https://uk.representclo.com/products/initial-boxy-t-shirt-army-green: 429 Client Error: Too Many Requests for url: https://uk.representclo.com/products/initial-boxy-t-shirt-army-green
2026-09-07 08:56:30,512 [ERROR] Failed to fetch product page https://uk.representclo.com/products/initial-boxy-t-shirt-black: 429 Client Error: Too Many Requests for url: https://uk.representclo.com/products/initial-boxy-t-shirt-black
2026-09-07 08:56:31,060 [ERROR] Failed to fetch product page https://uk.representclo.com/products/initial-boxy-t-shirt-canary-yellow: 429 Client Error: Too Many Requests for url: https://uk.representclo.com/products/initial-boxy-t-shirt-canary-yellow
2026-09-07 08:56:31,615 [ERROR] Failed to fetch product page https://uk.representclo.com/products/initial-boxy-t-shirt-coffee: 429 Client Error: Too Many Requests for url: https://uk.representclo.com/products/initial-boxy-t-shirt-coffee
2026-09-07 08:56:32,176 [ERROR] Failed to fetch product page https://uk.representclo.com/products/initial-boxy-t-shirt-dune: 429 Client Error: Too Many Requests for url: https://uk.representclo.com/products/initial-boxy-t-shirt-dune
2026-09-07 08:56:32,725 [ERROR] Failed to fetch product page https://uk.representclo.com/products/initial-boxy-t-shirt-flat-white: 429 Client Error: Too Many Requests for url: https://uk.representclo.com/products/initial-boxy-t-shirt-flat-white
2026-09-07 08:56:33,279 [ERROR] Failed to fetch product page https://uk.representclo.com/products/initial-boxy-t-shirt-ice-grey-marl: 429 Client Error: Too Many Requests for url: https://uk.representclo.com/products/initial-boxy-t-shirt-ice-grey-marl
2026-09-07 08:56:33,834 [ERROR] Failed to fetch product page https://uk.representclo.com/products/initial-boxy-t-shirt-vintage-grey: 429 Client Error: Too Many Requests for url: https://uk.representclo.com/products/initial-boxy-t-shirt-vintage-grey
2026-09-07 08:56:34,392 [ERROR] Failed to fetch product page https://uk.representclo.com/products/initial-boxy-tank-flat-white: 429 Client Error: Too Many Requests for url: https://uk.representclo.com/products/initial-boxy-tank-flat-white
2026-09-07 08:56:34,947 [ERROR] Failed to fetch product page https://uk.representclo.com/products/initial-boxy-tank-flat-white-ss26: 429 Client Error: Too Many Requests for url: https://uk.representclo.com/products/initial-boxy-tank-flat-white-ss26
2026-09-07 08:56:35,507 [ERROR] Failed to fetch product page https://uk.representclo.com/products/initial-henley-waffle-long-sleeve-t-shirt-flat-white: 429 Client Error: Too Many Requests for url: https://uk.representclo.com/products/initial-henley-waffle-long-sleeve-t-shirt-flat-white
2026-09-07 08:56:36,058 [ERROR] Failed to fetch product page https://uk.representclo.com/products/initial-henley-waffle-long-sleeve-t-shirt-ice-grey-marl: 429 Client Error: Too Many Requests for url: https://uk.representclo.com/products/initial-henley-waffle-long-sleeve-t-shirt-ice-grey-marl
2026-09-07 08:56:36,611 [ERROR] Failed to fetch product page https://uk.representclo.com/products/initial-henley-waffle-long-sleeve-t-shirt-jet-black: 429 Client Error: Too Many Requests for url: https://uk.representclo.com/products/initial-henley-waffle-long-sleeve-t-shirt-jet-black
2026-09-07 08:56:37,163 [ERROR] Failed to fetch product page https://uk.representclo.com/products/initial-henley-waffle-long-sleeve-t-shirt-midnight-navy: 429 Client Error: Too Many Requests for url: https://uk.representclo.com/products/initial-henley-waffle-long-sleeve-t-shirt-midnight-navy
2026-09-07 08:56:37,711 [ERROR] Failed to fetch product page https://uk.representclo.com/products/initial-long-sleeve-t-shirt-black: 429 Client Error: Too Many Requests for url: https://uk.representclo.com/products/initial-long-sleeve-t-shirt-black
2026-09-07 08:56:38,261 [ERROR] Failed to fetch product page https://uk.representclo.com/products/initial-long-sleeve-t-shirt-flat-white: 429 Client Error: Too Many Requests for url: https://uk.representclo.com/products/initial-long-sleeve-t-shirt-flat-white
2026-09-07 08:56:38,850 [ERROR] Failed to fetch product page https://uk.representclo.com/products/initial-long-sleeve-t-shirt-ice-grey-marl: 429 Client Error: Too Many Requests for url: https://uk.representclo.com/products/initial-long-sleeve-t-shirt-ice-grey-marl
2026-09-07 08:56:39,401 [ERROR] Failed to fetch product page https://uk.representclo.com/products/initial-overdye-realtree-boxy-t-shirt-overdyed-black: 429 Client Error: Too Many Requests for url: https://uk.representclo.com/products/initial-overdye-realtree-boxy-t-shirt-overdyed-black
2026-09-07 08:56:39,951 [ERROR] Failed to fetch product page https://uk.representclo.com/products/initial-overdye-realtree-long-sleeve-t-shirt-overdyed-black: 429 Client Error: Too Many Requests for url: https://uk.representclo.com/products/initial-overdye-realtree-long-sleeve-t-shirt-overdyed-black
2026-09-07 08:56:40,538 [ERROR] Failed to fetch product page https://uk.representclo.com/products/initial-overdye-realtree-oversized-t-shirt-overdyed-black: 429 Client Error: Too Many Requests for url: https://uk.representclo.com/products/initial-overdye-realtree-oversized-t-shirt-overdyed-black
2026-09-07 08:56:41,084 [ERROR] Failed to fetch product page https://uk.representclo.com/products/initial-oversized-t-shirt-army-green: 429 Client Error: Too Many Requests for url: https://uk.representclo.com/products/initial-oversized-t-shirt-army-green
2026-09-07 08:56:41,642 [ERROR] Failed to fetch product page https://uk.representclo.com/products/initial-oversized-t-shirt-black: 429 Client Error: Too Many Requests for url: https://uk.representclo.com/products/initial-oversized-t-shirt-black
2026-09-07 08:56:42,203 [ERROR] Failed to fetch product page https://uk.representclo.com/products/initial-oversized-t-shirt-coffee: 429 Client Error: Too Many Requests for url: https://uk.representclo.com/products/initial-oversized-t-shirt-coffee
2026-09-07 08:56:42,753 [ERROR] Failed to fetch product page https://uk.representclo.com/products/initial-oversized-t-shirt-dune: 429 Client Error: Too Many Requests for url: https://uk.representclo.com/products/initial-oversized-t-shirt-dune
2026-09-07 08:56:43,318 [ERROR] Failed to fetch product page https://uk.representclo.com/products/initial-oversized-t-shirt-flat-white: 429 Client Error: Too Many Requests for url: https://uk.representclo.com/products/initial-oversized-t-shirt-flat-white
2026-09-07 08:56:43,895 [ERROR] Failed to fetch product page https://uk.representclo.com/products/initial-oversized-t-shirt-ice-grey-marl: 429 Client Error: Too Many Requests for url: https://uk.representclo.com/products/initial-oversized-t-shirt-ice-grey-marl
2026-09-07 08:56:44,443 [ERROR] Failed to fetch product page https://uk.representclo.com/products/initial-oversized-t-shirt-midnight-navy: 429 Client Error: Too Many Requests for url: https://uk.representclo.com/products/initial-oversized-t-shirt-midnight-navy
2026-09-07 08:56:44,995 [ERROR] Failed to fetch product page https://uk.representclo.com/products/initial-oversized-t-shirt-mist: 429 Client Error: Too Many Requests for url: https://uk.representclo.com/products/initial-oversized-t-shirt-mist
2026-09-07 08:56:45,547 [ERROR] Failed to fetch product page https://uk.representclo.com/products/initial-rib-vest-black: 429 Client Error: Too Many Requests for url: https://uk.representclo.com/products/initial-rib-vest-black
2026-09-07 08:56:46,101 [ERROR] Failed to fetch product page https://uk.representclo.com/products/initial-rib-vest-flat-white: 429 Client Error: Too Many Requests for url: https://uk.representclo.com/products/initial-rib-vest-flat-white
2026-09-07 08:56:46,654 [ERROR] Failed to fetch product page https://uk.representclo.com/products/initial-sheer-rib-long-sleeve-t-shirt-flat-white: 429 Client Error: Too Many Requests for url: https://uk.representclo.com/products/initial-sheer-rib-long-sleeve-t-shirt-flat-white
2026-09-07 08:56:47,204 [ERROR] Failed to fetch product page https://uk.representclo.com/products/initial-sheer-rib-long-sleeve-t-shirt-jet-black: 429 Client Error: Too Many Requests for url: https://uk.representclo.com/products/initial-sheer-rib-long-sleeve-t-shirt-jet-black
2026-09-07 08:56:47,750 [ERROR] Failed to fetch product page https://uk.representclo.com/products/initial-star-t-shirt-flat-white: 429 Client Error: Too Many Requests for url: https://uk.representclo.com/products/initial-star-t-shirt-flat-white
2026-09-07 08:56:48,301 [ERROR] Failed to fetch product page https://uk.representclo.com/products/initial-sweatpant-black: 429 Client Error: Too Many Requests for url: https://uk.representclo.com/products/initial-sweatpant-black
2026-09-07 08:56:48,853 [ERROR] Failed to fetch product page https://uk.representclo.com/products/initial-sweatshorts-jet-black-v2: 429 Client Error: Too Many Requests for url: https://uk.representclo.com/products/initial-sweatshorts-jet-black-v2
2026-09-07 08:56:49,404 [ERROR] Failed to fetch product page https://uk.representclo.com/products/initial-t-shirt-dune: 429 Client Error: Too Many Requests for url: https://uk.representclo.com/products/initial-t-shirt-dune
2026-09-07 08:56:49,963 [ERROR] Failed to fetch product page https://uk.representclo.com/products/initial-t-shirt-flat-white: 429 Client Error: Too Many Requests for url: https://uk.representclo.com/products/initial-t-shirt-flat-white
2026-09-07 08:56:50,518 [ERROR] Failed to fetch product page https://uk.representclo.com/products/initial-t-shirt-ice-grey-marl: 429 Client Error: Too Many Requests for url: https://uk.representclo.com/products/initial-t-shirt-ice-grey-marl
2026-09-07 08:56:51,074 [ERROR] Failed to fetch product page https://uk.representclo.com/products/initial-t-shirt-vintage-grey: 429 Client Error: Too Many Requests for url: https://uk.representclo.com/products/initial-t-shirt-vintage-grey
2026-09-07 08:56:51,618 [ERROR] Failed to fetch product page https://uk.representclo.com/products/initial-tape-pant-jet-black: 429 Client Error: Too Many Requests for url: https://uk.representclo.com/products/initial-tape-pant-jet-black
2026-09-07 08:56:52,205 [ERROR] Failed to fetch product page https://uk.representclo.com/products/legacy-crest-cap-black: 429 Client Error: Too Many Requests for url: https://uk.representclo.com/products/legacy-crest-cap-black
2026-09-07 08:56:52,753 [ERROR] Failed to fetch product page https://uk.representclo.com/products/legacy-crest-long-sleeve-t-shirt-stained-black: 429 Client Error: Too Many Requests for url: https://uk.representclo.com/products/legacy-crest-long-sleeve-t-shirt-stained-black
2026-09-07 08:56:53,314 [ERROR] Failed to fetch product page https://uk.representclo.com/products/legacy-crest-t-shirt-stained-black: 429 Client Error: Too Many Requests for url: https://uk.representclo.com/products/legacy-crest-t-shirt-stained-black
2026-09-07 08:56:53,864 [ERROR] Failed to fetch product page https://uk.representclo.com/products/loaded-with-love-t-shirt-buttercream: 429 Client Error: Too Many Requests for url: https://uk.representclo.com/products/loaded-with-love-t-shirt-buttercream
2026-09-07 08:56:54,442 [ERROR] Failed to fetch product page https://uk.representclo.com/products/loaded-with-love-t-shirt-stained-black: 429 Client Error: Too Many Requests for url: https://uk.representclo.com/products/loaded-with-love-t-shirt-stained-black
2026-09-07 08:56:55,006 [ERROR] Failed to fetch product page https://uk.representclo.com/products/logo-quilted-shirt-black: 429 Client Error: Too Many Requests for url: https://uk.representclo.com/products/logo-quilted-shirt-black
2026-09-07 08:56:55,565 [ERROR] Failed to fetch product page https://uk.representclo.com/products/london-store-t-shirt-flat-white: 429 Client Error: Too Many Requests for url: https://uk.representclo.com/products/london-store-t-shirt-flat-white
2026-09-07 08:56:56,118 [ERROR] Failed to fetch product page https://uk.representclo.com/products/london-store-t-shirt-jet-black: 429 Client Error: Too Many Requests for url: https://uk.representclo.com/products/london-store-t-shirt-jet-black
2026-09-07 08:56:56,680 [ERROR] Failed to fetch product page https://uk.representclo.com/products/los-angeles-dodgers-x-represent-47-cap-dust-blue: 429 Client Error: Too Many Requests for url: https://uk.representclo.com/products/los-angeles-dodgers-x-represent-47-cap-dust-blue
2026-09-07 08:56:57,233 [ERROR] Failed to fetch product page https://uk.representclo.com/products/los-angeles-dodgers-x-represent-t-shirt-stained-black: 429 Client Error: Too Many Requests for url: https://uk.representclo.com/products/los-angeles-dodgers-x-represent-t-shirt-stained-black
2026-09-07 08:56:57,787 [ERROR] Failed to fetch product page https://uk.representclo.com/products/los-angeles-rams-x-represent-t-shirt-stained-black: 429 Client Error: Too Many Requests for url: https://uk.representclo.com/products/los-angeles-rams-x-represent-t-shirt-stained-black
2026-09-07 08:56:58,330 [ERROR] Failed to fetch product page https://uk.representclo.com/products/los-angeles-rams-x-represent-x-47-cap-washed-aged-black: 429 Client Error: Too Many Requests for url: https://uk.representclo.com/products/los-angeles-rams-x-represent-x-47-cap-washed-aged-black
2026-09-07 08:56:58,877 [ERROR] Failed to fetch product page https://uk.representclo.com/products/los-angeles-x-represent-47-cap-vintage-green: 429 Client Error: Too Many Requests for url: https://uk.representclo.com/products/los-angeles-x-represent-47-cap-vintage-green
2026-09-07 08:56:59,434 [ERROR] Failed to fetch product page https://uk.representclo.com/products/low-pro-leather-jet-black: 429 Client Error: Too Many Requests for url: https://uk.representclo.com/products/low-pro-leather-jet-black
2026-09-07 08:56:59,985 [ERROR] Failed to fetch product page https://uk.representclo.com/products/lowercase-logo-long-sleeve-t-shirt-flat-white: 429 Client Error: Too Many Requests for url: https://uk.representclo.com/products/lowercase-logo-long-sleeve-t-shirt-flat-white
2026-09-07 08:57:00,547 [ERROR] Failed to fetch product page https://uk.representclo.com/products/lowercase-logo-t-shirt-flat-white: 429 Client Error: Too Many Requests for url: https://uk.representclo.com/products/lowercase-logo-t-shirt-flat-white
2026-09-07 08:57:01,101 [ERROR] Failed to fetch product page https://uk.representclo.com/products/manchester-store-t-shirt-black: 429 Client Error: Too Many Requests for url: https://uk.representclo.com/products/manchester-store-t-shirt-black
2026-09-07 08:57:01,648 [ERROR] Failed to fetch product page https://uk.representclo.com/products/manchester-store-t-shirt-flat-white: 429 Client Error: Too Many Requests for url: https://uk.representclo.com/products/manchester-store-t-shirt-flat-white
2026-09-07 08:57:02,206 [ERROR] Failed to fetch product page https://uk.representclo.com/products/mesh-pegasus-long-sleeve-t-shirt-flat-white: 429 Client Error: Too Many Requests for url: https://uk.representclo.com/products/mesh-pegasus-long-sleeve-t-shirt-flat-white
2026-09-07 08:57:02,767 [ERROR] Failed to fetch product page https://uk.representclo.com/products/mesh-pegasus-long-sleeve-t-shirt-jet-black: 429 Client Error: Too Many Requests for url: https://uk.representclo.com/products/mesh-pegasus-long-sleeve-t-shirt-jet-black
2026-09-07 08:57:03,324 [ERROR] Failed to fetch product page https://uk.representclo.com/products/mh-t-shirt-flat-white: 429 Client Error: Too Many Requests for url: https://uk.representclo.com/products/mh-t-shirt-flat-white
2026-09-07 08:57:03,908 [ERROR] Failed to fetch product page https://uk.representclo.com/products/mh-t-shirt-jet-black: 429 Client Error: Too Many Requests for url: https://uk.representclo.com/products/mh-t-shirt-jet-black
2026-09-07 08:57:04,461 [ERROR] Failed to fetch product page https://uk.representclo.com/products/mh-t-shirt-v2-ash-white: 429 Client Error: Too Many Requests for url: https://uk.representclo.com/products/mh-t-shirt-v2-ash-white
2026-09-07 08:57:05,007 [ERROR] Failed to fetch product page https://uk.representclo.com/products/micro-owners-club-cap-jet-black: 429 Client Error: Too Many Requests for url: https://uk.representclo.com/products/micro-owners-club-cap-jet-black
2026-09-07 08:57:05,560 [ERROR] Failed to fetch product page https://uk.representclo.com/products/micro-owners-club-t-shirt-cream-marl: 429 Client Error: Too Many Requests for url: https://uk.representclo.com/products/micro-owners-club-t-shirt-cream-marl
2026-09-07 08:57:06,115 [ERROR] Failed to fetch product page https://uk.representclo.com/products/micro-owners-club-t-shirt-flat-white: 429 Client Error: Too Many Requests for url: https://uk.representclo.com/products/micro-owners-club-t-shirt-flat-white
2026-09-07 08:57:06,664 [ERROR] Failed to fetch product page https://uk.representclo.com/products/micro-owners-club-t-shirt-jet-black: 429 Client Error: Too Many Requests for url: https://uk.representclo.com/products/micro-owners-club-t-shirt-jet-black
2026-09-07 08:57:07,221 [ERROR] Failed to fetch product page https://uk.representclo.com/products/micro-owners-club-t-shirt-pink: 429 Client Error: Too Many Requests for url: https://uk.representclo.com/products/micro-owners-club-t-shirt-pink
2026-09-07 08:57:07,782 [ERROR] Failed to fetch product page https://uk.representclo.com/products/new-york-yankees-x-represent-47-cap-graphite: 429 Client Error: Too Many Requests for url: https://uk.representclo.com/products/new-york-yankees-x-represent-47-cap-graphite
2026-09-07 08:57:08,331 [ERROR] Failed to fetch product page https://uk.representclo.com/products/new-york-yankees-x-represent-47-cap-midnight-navy: 429 Client Error: Too Many Requests for url: https://uk.representclo.com/products/new-york-yankees-x-represent-47-cap-midnight-navy
2026-09-07 08:57:08,882 [ERROR] Failed to fetch product page https://uk.representclo.com/products/new-york-yankees-x-represent-t-shirt-flat-white: 429 Client Error: Too Many Requests for url: https://uk.representclo.com/products/new-york-yankees-x-represent-t-shirt-flat-white
2026-09-07 08:57:09,432 [ERROR] Failed to fetch product page https://uk.representclo.com/products/nothing-faster-t-shirt-flat-white: 429 Client Error: Too Many Requests for url: https://uk.representclo.com/products/nothing-faster-t-shirt-flat-white
2026-09-07 08:57:09,986 [ERROR] Failed to fetch product page https://uk.representclo.com/products/nothing-faster-t-shirt-indigo: 429 Client Error: Too Many Requests for url: https://uk.representclo.com/products/nothing-faster-t-shirt-indigo
2026-09-07 08:57:10,532 [ERROR] Failed to fetch product page https://uk.representclo.com/products/nothing-faster-t-shirt-stained-black: 429 Client Error: Too Many Requests for url: https://uk.representclo.com/products/nothing-faster-t-shirt-stained-black
2026-09-07 08:57:11,087 [ERROR] Failed to fetch product page https://uk.representclo.com/products/nylon-cargo-pant-black: 429 Client Error: Too Many Requests for url: https://uk.representclo.com/products/nylon-cargo-pant-black
2026-09-07 08:57:11,634 [ERROR] Failed to fetch product page https://uk.representclo.com/products/nylon-cargo-short-black: 429 Client Error: Too Many Requests for url: https://uk.representclo.com/products/nylon-cargo-short-black
2026-09-07 08:57:12,222 [ERROR] Failed to fetch product page https://uk.representclo.com/products/out-of-the-shadows-t-shirt-flat-white: 429 Client Error: Too Many Requests for url: https://uk.representclo.com/products/out-of-the-shadows-t-shirt-flat-white
2026-09-07 08:57:12,780 [ERROR] Failed to fetch product page https://uk.representclo.com/products/outlander-parka-olive-night: 429 Client Error: Too Many Requests for url: https://uk.representclo.com/products/outlander-parka-olive-night
2026-09-07 08:57:13,337 [ERROR] Failed to fetch product page https://uk.representclo.com/products/owners-club-cafe-t-shirt-antique-white: 429 Client Error: Too Many Requests for url: https://uk.representclo.com/products/owners-club-cafe-t-shirt-antique-white
2026-09-07 08:57:13,887 [ERROR] Failed to fetch product page https://uk.representclo.com/products/owners-club-cafe-t-shirt-black-coffee: 429 Client Error: Too Many Requests for url: https://uk.representclo.com/products/owners-club-cafe-t-shirt-black-coffee
2026-09-07 08:57:14,437 [ERROR] Failed to fetch product page https://uk.representclo.com/products/owners-club-hoodie-washed-black: 429 Client Error: Too Many Requests for url: https://uk.representclo.com/products/owners-club-hoodie-washed-black
2026-09-07 08:57:14,986 [ERROR] Failed to fetch product page https://uk.representclo.com/products/owners-club-script-hoodie-truffle: 429 Client Error: Too Many Requests for url: https://uk.representclo.com/products/owners-club-script-hoodie-truffle
2026-09-07 08:57:15,541 [ERROR] Failed to fetch product page https://uk.representclo.com/products/owners-club-script-mesh-shorts-truffle: 429 Client Error: Too Many Requests for url: https://uk.representclo.com/products/owners-club-script-mesh-shorts-truffle
2026-09-07 08:57:16,095 [ERROR] Failed to fetch product page https://uk.representclo.com/products/philadelphia-eagles-x-represent-t-shirt-vintage-grey: 429 Client Error: Too Many Requests for url: https://uk.representclo.com/products/philadelphia-eagles-x-represent-t-shirt-vintage-grey
2026-09-07 08:57:16,656 [ERROR] Failed to fetch product page https://uk.representclo.com/products/printed-long-sleeve-t-shirt-flat-white: 429 Client Error: Too Many Requests for url: https://uk.representclo.com/products/printed-long-sleeve-t-shirt-flat-white
2026-09-07 08:57:17,238 [ERROR] Failed to fetch product page https://uk.representclo.com/products/private-members-t-shirt-flat-white: 429 Client Error: Too Many Requests for url: https://uk.representclo.com/products/private-members-t-shirt-flat-white
2026-09-07 08:57:17,796 [ERROR] Failed to fetch product page https://uk.representclo.com/products/private-members-t-shirt-stained-black: 429 Client Error: Too Many Requests for url: https://uk.representclo.com/products/private-members-t-shirt-stained-black
2026-09-07 08:57:18,354 [ERROR] Failed to fetch product page https://uk.representclo.com/products/pure-breed-t-shirt-vintage-black: 429 Client Error: Too Many Requests for url: https://uk.representclo.com/products/pure-breed-t-shirt-vintage-black
2026-09-07 08:57:18,909 [ERROR] Failed to fetch product page https://uk.representclo.com/products/r2-carpenter-panel-denim-rinse-blue: 429 Client Error: Too Many Requests for url: https://uk.representclo.com/products/r2-carpenter-panel-denim-rinse-blue
2026-09-07 08:57:19,453 [ERROR] Failed to fetch product page https://uk.representclo.com/products/r3-baggy-jean-moss-blue: 429 Client Error: Too Many Requests for url: https://uk.representclo.com/products/r3-baggy-jean-moss-blue
2026-09-07 08:57:19,999 [ERROR] Failed to fetch product page https://uk.representclo.com/products/raceway-cap-antique-white-barley: 429 Client Error: Too Many Requests for url: https://uk.representclo.com/products/raceway-cap-antique-white-barley
2026-09-07 08:57:20,583 [ERROR] Failed to fetch product page https://uk.representclo.com/products/rally-suede-grey: 429 Client Error: Too Many Requests for url: https://uk.representclo.com/products/rally-suede-grey
2026-09-07 08:57:21,139 [ERROR] Failed to fetch product page https://uk.representclo.com/products/rally-suede-tan: 429 Client Error: Too Many Requests for url: https://uk.representclo.com/products/rally-suede-tan
2026-09-07 08:57:21,687 [ERROR] Failed to fetch product page https://uk.representclo.com/products/rep-applique-t-shirt-flat-white: 429 Client Error: Too Many Requests for url: https://uk.representclo.com/products/rep-applique-t-shirt-flat-white
2026-09-07 08:57:22,237 [ERROR] Failed to fetch product page https://uk.representclo.com/products/rep-applique-t-shirt-vintage-black: 429 Client Error: Too Many Requests for url: https://uk.representclo.com/products/rep-applique-t-shirt-vintage-black
2026-09-07 08:57:22,788 [ERROR] Failed to fetch product page https://uk.representclo.com/products/rep-cap-distressed-leather-dark-brown: 429 Client Error: Too Many Requests for url: https://uk.representclo.com/products/rep-cap-distressed-leather-dark-brown
2026-09-07 08:57:23,339 [ERROR] Failed to fetch product page https://uk.representclo.com/products/rep-cap-jet-black: 429 Client Error: Too Many Requests for url: https://uk.representclo.com/products/rep-cap-jet-black
2026-09-07 08:57:24,027 [ERROR] Failed to fetch product page https://uk.representclo.com/products/rep-cap-leather-flat-white: 429 Client Error: Too Many Requests for url: https://uk.representclo.com/products/rep-cap-leather-flat-white
2026-09-07 08:57:24,588 [ERROR] Failed to fetch product page https://uk.representclo.com/products/represent-owners-club-cap-black: 429 Client Error: Too Many Requests for url: https://uk.representclo.com/products/represent-owners-club-cap-black
2026-09-07 08:57:25,142 [ERROR] Failed to fetch product page https://uk.representclo.com/products/represent-owners-club-flocked-t-shirt-black: 429 Client Error: Too Many Requests for url: https://uk.representclo.com/products/represent-owners-club-flocked-t-shirt-black
2026-09-07 08:57:25,693 [ERROR] Failed to fetch product page https://uk.representclo.com/products/represent-owners-club-flocking-cap-black: 429 Client Error: Too Many Requests for url: https://uk.representclo.com/products/represent-owners-club-flocking-cap-black
2026-09-07 08:57:26,249 [ERROR] Failed to fetch product page https://uk.representclo.com/products/represent-owners-club-hoodie-ash-grey: 429 Client Error: Too Many Requests for url: https://uk.representclo.com/products/represent-owners-club-hoodie-ash-grey
2026-09-07 08:57:26,806 [ERROR] Failed to fetch product page https://uk.representclo.com/products/represent-owners-club-hoodie-black: 429 Client Error: Too Many Requests for url: https://uk.representclo.com/products/represent-owners-club-hoodie-black
2026-09-07 08:57:27,361 [ERROR] Failed to fetch product page https://uk.representclo.com/products/represent-owners-club-hoodie-black-matte: 429 Client Error: Too Many Requests for url: https://uk.representclo.com/products/represent-owners-club-hoodie-black-matte
2026-09-07 08:57:27,907 [ERROR] Failed to fetch product page https://uk.representclo.com/products/represent-owners-club-hoodie-bubblegum-pink: 429 Client Error: Too Many Requests for url: https://uk.representclo.com/products/represent-owners-club-hoodie-bubblegum-pink
2026-09-07 08:57:28,468 [ERROR] Failed to fetch product page https://uk.representclo.com/products/represent-owners-club-hoodie-buttercream: 429 Client Error: Too Many Requests for url: https://uk.representclo.com/products/represent-owners-club-hoodie-buttercream
2026-09-07 08:57:29,020 [ERROR] Failed to fetch product page https://uk.representclo.com/products/represent-owners-club-hoodie-cobalt: 429 Client Error: Too Many Requests for url: https://uk.representclo.com/products/represent-owners-club-hoodie-cobalt
2026-09-07 08:57:29,569 [ERROR] Failed to fetch product page https://uk.representclo.com/products/represent-owners-club-hoodie-flat-white: 429 Client Error: Too Many Requests for url: https://uk.representclo.com/products/represent-owners-club-hoodie-flat-white
2026-09-07 08:57:30,119 [ERROR] Failed to fetch product page https://uk.representclo.com/products/represent-owners-club-hoodie-jet-black: 429 Client Error: Too Many Requests for url: https://uk.representclo.com/products/represent-owners-club-hoodie-jet-black
2026-09-07 08:57:30,672 [ERROR] Failed to fetch product page https://uk.representclo.com/products/represent-owners-club-hoodie-mushroom: 429 Client Error: Too Many Requests for url: https://uk.representclo.com/products/represent-owners-club-hoodie-mushroom
2026-09-07 08:57:31,226 [ERROR] Failed to fetch product page https://uk.representclo.com/products/represent-owners-club-hoodie-olive-bf: 429 Client Error: Too Many Requests for url: https://uk.representclo.com/products/represent-owners-club-hoodie-olive-bf
2026-09-07 08:57:31,779 [ERROR] Failed to fetch product page https://uk.representclo.com/products/represent-owners-club-hoodie-pastel-lilac-bf: 429 Client Error: Too Many Requests for url: https://uk.representclo.com/products/represent-owners-club-hoodie-pastel-lilac-bf
2026-09-07 08:57:32,332 [ERROR] Failed to fetch product page https://uk.representclo.com/products/represent-owners-club-hoodie-powder-blue: 429 Client Error: Too Many Requests for url: https://uk.representclo.com/products/represent-owners-club-hoodie-powder-blue
2026-09-07 08:57:32,886 [ERROR] Failed to fetch product page https://uk.representclo.com/products/represent-owners-club-hoodie-racing-green: 429 Client Error: Too Many Requests for url: https://uk.representclo.com/products/represent-owners-club-hoodie-racing-green
2026-09-07 08:57:33,434 [ERROR] Failed to fetch product page https://uk.representclo.com/products/represent-owners-club-hoodie-storm: 429 Client Error: Too Many Requests for url: https://uk.representclo.com/products/represent-owners-club-hoodie-storm
2026-09-07 08:57:33,986 [ERROR] Failed to fetch product page https://uk.representclo.com/products/represent-owners-club-hoodie-vista-blue: 429 Client Error: Too Many Requests for url: https://uk.representclo.com/products/represent-owners-club-hoodie-vista-blue
2026-09-07 08:57:34,566 [ERROR] Failed to fetch product page https://uk.representclo.com/products/represent-owners-club-hoodie-washed-aloe: 429 Client Error: Too Many Requests for url: https://uk.representclo.com/products/represent-owners-club-hoodie-washed-aloe
2026-09-07 08:57:35,115 [ERROR] Failed to fetch product page https://uk.representclo.com/products/represent-owners-club-long-sleeve-t-shirt-chalk: 429 Client Error: Too Many Requests for url: https://uk.representclo.com/products/represent-owners-club-long-sleeve-t-shirt-chalk
2026-09-07 08:57:35,667 [ERROR] Failed to fetch product page https://uk.representclo.com/products/represent-owners-club-script-cap-black: 429 Client Error: Too Many Requests for url: https://uk.representclo.com/products/represent-owners-club-script-cap-black
2026-09-07 08:57:36,220 [ERROR] Failed to fetch product page https://uk.representclo.com/products/represent-owners-club-script-t-shirt-truffle: 429 Client Error: Too Many Requests for url: https://uk.representclo.com/products/represent-owners-club-script-t-shirt-truffle
2026-09-07 08:57:36,769 [ERROR] Failed to fetch product page https://uk.representclo.com/products/represent-owners-club-shorts-washed-black: 429 Client Error: Too Many Requests for url: https://uk.representclo.com/products/represent-owners-club-shorts-washed-black
2026-09-07 08:57:37,323 [ERROR] Failed to fetch product page https://uk.representclo.com/products/represent-owners-club-sweatpant-washed-black: 429 Client Error: Too Many Requests for url: https://uk.representclo.com/products/represent-owners-club-sweatpant-washed-black
2026-09-07 08:57:37,896 [ERROR] Failed to fetch product page https://uk.representclo.com/products/represent-owners-club-t-shirt-aged-black: 429 Client Error: Too Many Requests for url: https://uk.representclo.com/products/represent-owners-club-t-shirt-aged-black
2026-09-07 08:57:38,481 [ERROR] Failed to fetch product page https://uk.representclo.com/products/represent-owners-club-t-shirt-ash-grey: 429 Client Error: Too Many Requests for url: https://uk.representclo.com/products/represent-owners-club-t-shirt-ash-grey
2026-09-07 08:57:39,033 [ERROR] Failed to fetch product page https://uk.representclo.com/products/represent-owners-club-t-shirt-black: 429 Client Error: Too Many Requests for url: https://uk.representclo.com/products/represent-owners-club-t-shirt-black
2026-09-07 08:57:39,599 [ERROR] Failed to fetch product page https://uk.representclo.com/products/represent-owners-club-t-shirt-black-matte: 429 Client Error: Too Many Requests for url: https://uk.representclo.com/products/represent-owners-club-t-shirt-black-matte
2026-09-07 08:57:40,152 [ERROR] Failed to fetch product page https://uk.representclo.com/products/represent-owners-club-t-shirt-brown-bf: 429 Client Error: Too Many Requests for url: https://uk.representclo.com/products/represent-owners-club-t-shirt-brown-bf
2026-09-07 08:57:40,702 [ERROR] Failed to fetch product page https://uk.representclo.com/products/represent-owners-club-t-shirt-bubblegum-pink-bf: 429 Client Error: Too Many Requests for url: https://uk.representclo.com/products/represent-owners-club-t-shirt-bubblegum-pink-bf
2026-09-07 08:57:41,256 [ERROR] Failed to fetch product page https://uk.representclo.com/products/represent-owners-club-t-shirt-buttercream: 429 Client Error: Too Many Requests for url: https://uk.representclo.com/products/represent-owners-club-t-shirt-buttercream
2026-09-07 08:57:41,816 [ERROR] Failed to fetch product page https://uk.representclo.com/products/represent-owners-club-t-shirt-chalk: 429 Client Error: Too Many Requests for url: https://uk.representclo.com/products/represent-owners-club-t-shirt-chalk
2026-09-07 08:57:42,388 [ERROR] Failed to fetch product page https://uk.representclo.com/products/represent-owners-club-t-shirt-cobalt: 429 Client Error: Too Many Requests for url: https://uk.representclo.com/products/represent-owners-club-t-shirt-cobalt
2026-09-07 08:57:42,940 [ERROR] Failed to fetch product page https://uk.representclo.com/products/represent-owners-club-t-shirt-flat-white: 429 Client Error: Too Many Requests for url: https://uk.representclo.com/products/represent-owners-club-t-shirt-flat-white
2026-09-07 08:57:43,490 [ERROR] Failed to fetch product page https://uk.representclo.com/products/represent-owners-club-t-shirt-jet-black: 429 Client Error: Too Many Requests for url: https://uk.representclo.com/products/represent-owners-club-t-shirt-jet-black
2026-09-07 08:57:44,060 [ERROR] Failed to fetch product page https://uk.representclo.com/products/represent-owners-club-t-shirt-mushroom: 429 Client Error: Too Many Requests for url: https://uk.representclo.com/products/represent-owners-club-t-shirt-mushroom
2026-09-07 08:57:44,617 [ERROR] Failed to fetch product page https://uk.representclo.com/products/represent-owners-club-t-shirt-pastel-lilac-bf: 429 Client Error: Too Many Requests for url: https://uk.representclo.com/products/represent-owners-club-t-shirt-pastel-lilac-bf
2026-09-07 08:57:45,167 [ERROR] Failed to fetch product page https://uk.representclo.com/products/represent-owners-club-t-shirt-racing-green: 429 Client Error: Too Many Requests for url: https://uk.representclo.com/products/represent-owners-club-t-shirt-racing-green
2026-09-07 08:57:45,719 [ERROR] Failed to fetch product page https://uk.representclo.com/products/represent-owners-club-t-shirt-sienna: 429 Client Error: Too Many Requests for url: https://uk.representclo.com/products/represent-owners-club-t-shirt-sienna
2026-09-07 08:57:46,268 [ERROR] Failed to fetch product page https://uk.representclo.com/products/represent-owners-club-t-shirt-sky-blue: 429 Client Error: Too Many Requests for url: https://uk.representclo.com/products/represent-owners-club-t-shirt-sky-blue
2026-09-07 08:57:46,816 [ERROR] Failed to fetch product page https://uk.representclo.com/products/represent-owners-club-t-shirt-storm: 429 Client Error: Too Many Requests for url: https://uk.representclo.com/products/represent-owners-club-t-shirt-storm
2026-09-07 08:57:47,368 [ERROR] Failed to fetch product page https://uk.representclo.com/products/represent-owners-club-t-shirt-washed-aloe: 429 Client Error: Too Many Requests for url: https://uk.representclo.com/products/represent-owners-club-t-shirt-washed-aloe
2026-09-07 08:57:47,927 [ERROR] Failed to fetch product page https://uk.representclo.com/products/represent-owners-club-t-shirt-washed-black: 429 Client Error: Too Many Requests for url: https://uk.representclo.com/products/represent-owners-club-t-shirt-washed-black
2026-09-07 08:57:48,512 [ERROR] Failed to fetch product page https://uk.representclo.com/products/represent-owners-club-zip-hoodie-washed-black: 429 Client Error: Too Many Requests for url: https://uk.representclo.com/products/represent-owners-club-zip-hoodie-washed-black
2026-09-07 08:57:49,063 [ERROR] Failed to fetch product page https://uk.representclo.com/products/represent-ringer-t-shirt-stained-black: 429 Client Error: Too Many Requests for url: https://uk.representclo.com/products/represent-ringer-t-shirt-stained-black
2026-09-07 08:57:49,618 [ERROR] Failed to fetch product page https://uk.representclo.com/products/represent-x-47-england-cap-aged-black: 429 Client Error: Too Many Requests for url: https://uk.representclo.com/products/represent-x-47-england-cap-aged-black
2026-09-07 08:57:50,164 [ERROR] Failed to fetch product page https://uk.representclo.com/products/represent-x-47-england-old-english-cap-jet-black: 429 Client Error: Too Many Requests for url: https://uk.representclo.com/products/represent-x-47-england-old-english-cap-jet-black
2026-09-07 08:57:50,713 [ERROR] Failed to fetch product page https://uk.representclo.com/products/represent-x-47-initial-cap-jet-black: 429 Client Error: Too Many Requests for url: https://uk.representclo.com/products/represent-x-47-initial-cap-jet-black
2026-09-07 08:57:51,268 [ERROR] Failed to fetch product page https://uk.representclo.com/products/represent-x-47-mlb-brooklyn-cap-washed-red: 429 Client Error: Too Many Requests for url: https://uk.representclo.com/products/represent-x-47-mlb-brooklyn-cap-washed-red
2026-09-07 08:57:51,817 [ERROR] Failed to fetch product page https://uk.representclo.com/products/represent-x-47-mlb-la-cap-vintage-blue: 429 Client Error: Too Many Requests for url: https://uk.representclo.com/products/represent-x-47-mlb-la-cap-vintage-blue
2026-09-07 08:57:52,390 [ERROR] Failed to fetch product page https://uk.representclo.com/products/represent-x-47-mlb-mini-ny-cap-washed-navy: 429 Client Error: Too Many Requests for url: https://uk.representclo.com/products/represent-x-47-mlb-mini-ny-cap-washed-navy
2026-09-07 08:57:52,937 [ERROR] Failed to fetch product page https://uk.representclo.com/products/represent-x-47-mlb-mini-ny-plain-cap-washed-black: 429 Client Error: Too Many Requests for url: https://uk.representclo.com/products/represent-x-47-mlb-mini-ny-plain-cap-washed-black
2026-09-07 08:57:53,518 [ERROR] Failed to fetch product page https://uk.representclo.com/products/represent-x-47-mlb-ny-cap-washed-black: 429 Client Error: Too Many Requests for url: https://uk.representclo.com/products/represent-x-47-mlb-ny-cap-washed-black
2026-09-07 08:57:54,075 [ERROR] Failed to fetch product page https://uk.representclo.com/products/represent-x-47-mlb-ny-cap-washed-brown: 429 Client Error: Too Many Requests for url: https://uk.representclo.com/products/represent-x-47-mlb-ny-cap-washed-brown
2026-09-07 08:57:54,641 [ERROR] Failed to fetch product page https://uk.representclo.com/products/represent-x-47-resent-cap-washed-black: 429 Client Error: Too Many Requests for url: https://uk.representclo.com/products/represent-x-47-resent-cap-washed-black
2026-09-07 08:57:55,224 [ERROR] Failed to fetch product page https://uk.representclo.com/products/represent-x-beach-boys-americas-band-t-shirt-flat-white: 429 Client Error: Too Many Requests for url: https://uk.representclo.com/products/represent-x-beach-boys-americas-band-t-shirt-flat-white
2026-09-07 08:57:55,779 [ERROR] Failed to fetch product page https://uk.representclo.com/products/represent-x-beach-boys-endless-summer-t-shirt-stained-black: 429 Client Error: Too Many Requests for url: https://uk.representclo.com/products/represent-x-beach-boys-endless-summer-t-shirt-stained-black
2026-09-07 08:57:56,329 [ERROR] Failed to fetch product page https://uk.representclo.com/products/represent-x-beach-boys-pet-sounds-t-shirt-flat-white: 429 Client Error: Too Many Requests for url: https://uk.representclo.com/products/represent-x-beach-boys-pet-sounds-t-shirt-flat-white
2026-09-07 08:57:56,879 [ERROR] Failed to fetch product page https://uk.representclo.com/products/represent-x-beach-boys-pet-sounds-t-shirt-sunfade-grey: 429 Client Error: Too Many Requests for url: https://uk.representclo.com/products/represent-x-beach-boys-pet-sounds-t-shirt-sunfade-grey
2026-09-07 08:57:57,438 [ERROR] Failed to fetch product page https://uk.representclo.com/products/represent-x-beach-boys-script-t-shirt-blue-tie-dye: 429 Client Error: Too Many Requests for url: https://uk.representclo.com/products/represent-x-beach-boys-script-t-shirt-blue-tie-dye
2026-09-07 08:57:57,991 [ERROR] Failed to fetch product page https://uk.representclo.com/products/represent-x-beach-boys-tour-t-shirt-washed-ecru: 429 Client Error: Too Many Requests for url: https://uk.representclo.com/products/represent-x-beach-boys-tour-t-shirt-washed-ecru
2026-09-07 08:57:58,546 [ERROR] Failed to fetch product page https://uk.representclo.com/products/represent-x-belstaff-born-to-bike-t-shirt-aged-black: 429 Client Error: Too Many Requests for url: https://uk.representclo.com/products/represent-x-belstaff-born-to-bike-t-shirt-aged-black
2026-09-07 08:57:59,100 [ERROR] Failed to fetch product page https://uk.representclo.com/products/represent-x-belstaff-born-to-bike-t-shirt-flat-white: 429 Client Error: Too Many Requests for url: https://uk.representclo.com/products/represent-x-belstaff-born-to-bike-t-shirt-flat-white
2026-09-07 08:57:59,650 [ERROR] Failed to fetch product page https://uk.representclo.com/products/represent-x-belstaff-long-sleeve-racing-t-shirt-dark-grey: 429 Client Error: Too Many Requests for url: https://uk.representclo.com/products/represent-x-belstaff-long-sleeve-racing-t-shirt-dark-grey
2026-09-07 08:58:00,195 [ERROR] Failed to fetch product page https://uk.representclo.com/products/represent-x-guns-n-roses-cross-t-shirt-stained-black: 429 Client Error: Too Many Requests for url: https://uk.representclo.com/products/represent-x-guns-n-roses-cross-t-shirt-stained-black
2026-09-07 08:58:00,746 [ERROR] Failed to fetch product page https://uk.representclo.com/products/represent-x-guns-n-roses-cross-zip-through-hoodie-stained-black: 429 Client Error: Too Many Requests for url: https://uk.representclo.com/products/represent-x-guns-n-roses-cross-zip-through-hoodie-stained-black
2026-09-07 08:58:01,305 [ERROR] Failed to fetch product page https://uk.representclo.com/products/represent-x-guns-n-roses-lock-up-t-shirt-vintage-black: 429 Client Error: Too Many Requests for url: https://uk.representclo.com/products/represent-x-guns-n-roses-lock-up-t-shirt-vintage-black
2026-09-07 08:58:01,860 [ERROR] Failed to fetch product page https://uk.representclo.com/products/represent-x-guns-n-roses-pasadena-t-shirt-washed-ecru: 429 Client Error: Too Many Requests for url: https://uk.representclo.com/products/represent-x-guns-n-roses-pasadena-t-shirt-washed-ecru
2026-09-07 08:58:02,416 [ERROR] Failed to fetch product page https://uk.representclo.com/products/represent-x-guns-n-roses-revolver-t-shirt-flat-white: 429 Client Error: Too Many Requests for url: https://uk.representclo.com/products/represent-x-guns-n-roses-revolver-t-shirt-flat-white
2026-09-07 08:58:02,975 [ERROR] Failed to fetch product page https://uk.representclo.com/products/represent-x-iron-maiden-a-real-live-one-t-shirt-stained-brown: 429 Client Error: Too Many Requests for url: https://uk.representclo.com/products/represent-x-iron-maiden-a-real-live-one-t-shirt-stained-brown
2026-09-07 08:58:03,533 [ERROR] Failed to fetch product page https://uk.representclo.com/products/represent-x-iron-maiden-anniversary-t-shirt-stained-black: 429 Client Error: Too Many Requests for url: https://uk.representclo.com/products/represent-x-iron-maiden-anniversary-t-shirt-stained-black
2026-09-07 08:58:04,086 [ERROR] Failed to fetch product page https://uk.representclo.com/products/represent-x-iron-maiden-anniversary-t-shirt-washed-ecru: 429 Client Error: Too Many Requests for url: https://uk.representclo.com/products/represent-x-iron-maiden-anniversary-t-shirt-washed-ecru
2026-09-07 08:58:04,643 [ERROR] Failed to fetch product page https://uk.representclo.com/products/represent-x-iron-maiden-british-metal-t-shirt-stained-brown: 429 Client Error: Too Many Requests for url: https://uk.representclo.com/products/represent-x-iron-maiden-british-metal-t-shirt-stained-brown
2026-09-07 08:58:05,189 [ERROR] Failed to fetch product page https://uk.representclo.com/products/represent-x-iron-maiden-holy-smoke-t-shirt-sunfade-grey: 429 Client Error: Too Many Requests for url: https://uk.representclo.com/products/represent-x-iron-maiden-holy-smoke-t-shirt-sunfade-grey
2026-09-07 08:58:05,747 [ERROR] Failed to fetch product page https://uk.representclo.com/products/represent-x-iron-maiden-infinite-dreams-t-shirt-aged-black: 429 Client Error: Too Many Requests for url: https://uk.representclo.com/products/represent-x-iron-maiden-infinite-dreams-t-shirt-aged-black
2026-09-07 08:58:06,306 [ERROR] Failed to fetch product page https://uk.representclo.com/products/represent-x-iron-maiden-number-of-beast-t-shirt-sunfade-grey: 429 Client Error: Too Many Requests for url: https://uk.representclo.com/products/represent-x-iron-maiden-number-of-beast-t-shirt-sunfade-grey
2026-09-07 08:58:06,858 [ERROR] Failed to fetch product page https://uk.representclo.com/products/represent-x-iron-maiden-steed-t-shirt-flat-white: 429 Client Error: Too Many Requests for url: https://uk.representclo.com/products/represent-x-iron-maiden-steed-t-shirt-flat-white
2026-09-07 08:58:07,413 [ERROR] Failed to fetch product page https://uk.representclo.com/products/represent-x-iron-maiden-steed-t-shirt-stained-black: 429 Client Error: Too Many Requests for url: https://uk.representclo.com/products/represent-x-iron-maiden-steed-t-shirt-stained-black
2026-09-07 08:58:07,979 [ERROR] Failed to fetch product page https://uk.representclo.com/products/represent-x-mels-diner-t-shirt-flat-white: 429 Client Error: Too Many Requests for url: https://uk.representclo.com/products/represent-x-mels-diner-t-shirt-flat-white
2026-09-07 08:58:08,536 [ERROR] Failed to fetch product page https://uk.representclo.com/products/represent-x-mels-diner-t-shirt-jet-black: 429 Client Error: Too Many Requests for url: https://uk.representclo.com/products/represent-x-mels-diner-t-shirt-jet-black
2026-09-07 08:58:09,094 [ERROR] Failed to fetch product page https://uk.representclo.com/products/represent-x-metallica-local-crew-vest-flat-white: 429 Client Error: Too Many Requests for url: https://uk.representclo.com/products/represent-x-metallica-local-crew-vest-flat-white
2026-09-07 08:58:09,651 [ERROR] Failed to fetch product page https://uk.representclo.com/products/represent-x-metallica-local-crew-vest-jet-black: 429 Client Error: Too Many Requests for url: https://uk.representclo.com/products/represent-x-metallica-local-crew-vest-jet-black
2026-09-07 08:58:10,199 [ERROR] Failed to fetch product page https://uk.representclo.com/products/represent-x-oasis-owners-club-hoodie-stained-black: 429 Client Error: Too Many Requests for url: https://uk.representclo.com/products/represent-x-oasis-owners-club-hoodie-stained-black
2026-09-07 08:58:10,750 [ERROR] Failed to fetch product page https://uk.representclo.com/products/represent-x-oasis-owners-club-t-shirt-flat-white: 429 Client Error: Too Many Requests for url: https://uk.representclo.com/products/represent-x-oasis-owners-club-t-shirt-flat-white
2026-09-07 08:58:11,303 [ERROR] Failed to fetch product page https://uk.representclo.com/products/represent-x-oasis-owners-club-t-shirt-stained-black: 429 Client Error: Too Many Requests for url: https://uk.representclo.com/products/represent-x-oasis-owners-club-t-shirt-stained-black
2026-09-07 08:58:11,895 [ERROR] Failed to fetch product page https://uk.representclo.com/products/represent-x-the-viper-room-dice-t-shirt-flat-white: 429 Client Error: Too Many Requests for url: https://uk.representclo.com/products/represent-x-the-viper-room-dice-t-shirt-flat-white
2026-09-07 08:58:12,446 [ERROR] Failed to fetch product page https://uk.representclo.com/products/represent-x-the-viper-room-dice-t-shirt-vintage-grey: 429 Client Error: Too Many Requests for url: https://uk.representclo.com/products/represent-x-the-viper-room-dice-t-shirt-vintage-grey
2026-09-07 08:58:12,994 [ERROR] Failed to fetch product page https://uk.representclo.com/products/represent-x-the-viper-room-glow-t-shirt-vintage-black: 429 Client Error: Too Many Requests for url: https://uk.representclo.com/products/represent-x-the-viper-room-glow-t-shirt-vintage-black
2026-09-07 08:58:13,541 [ERROR] Failed to fetch product page https://uk.representclo.com/products/represent-x-viper-room-x-47-cap-washed-black: 429 Client Error: Too Many Requests for url: https://uk.representclo.com/products/represent-x-viper-room-x-47-cap-washed-black
2026-09-07 08:58:14,094 [ERROR] Failed to fetch product page https://uk.representclo.com/products/resent-hoodie-ash: 429 Client Error: Too Many Requests for url: https://uk.representclo.com/products/resent-hoodie-ash
2026-09-07 08:58:14,678 [ERROR] Failed to fetch product page https://uk.representclo.com/products/resent-plaid-shirt-dark-green: 429 Client Error: Too Many Requests for url: https://uk.representclo.com/products/resent-plaid-shirt-dark-green
2026-09-07 08:58:15,234 [ERROR] Failed to fetch product page https://uk.representclo.com/products/resent-t-shirt-ash: 429 Client Error: Too Many Requests for url: https://uk.representclo.com/products/resent-t-shirt-ash
2026-09-07 08:58:15,789 [ERROR] Failed to fetch product page https://uk.representclo.com/products/retro-football-long-sleeve-t-shirt-shell: 429 Client Error: Too Many Requests for url: https://uk.representclo.com/products/retro-football-long-sleeve-t-shirt-shell
2026-09-07 08:58:16,342 [ERROR] Failed to fetch product page https://uk.representclo.com/products/revere-manor-t-shirt-aged-white: 429 Client Error: Too Many Requests for url: https://uk.representclo.com/products/revere-manor-t-shirt-aged-white
2026-09-07 08:58:16,922 [ERROR] Failed to fetch product page https://uk.representclo.com/products/revere-manor-t-shirt-stained-black: 429 Client Error: Too Many Requests for url: https://uk.representclo.com/products/revere-manor-t-shirt-stained-black
2026-09-07 08:58:17,467 [ERROR] Failed to fetch product page https://uk.representclo.com/products/reverse-resent-t-shirt-flat-white: 429 Client Error: Too Many Requests for url: https://uk.representclo.com/products/reverse-resent-t-shirt-flat-white
2026-09-07 08:58:18,020 [ERROR] Failed to fetch product page https://uk.representclo.com/products/reversible-living-legacy-tour-t-shirt-flat-white: 429 Client Error: Too Many Requests for url: https://uk.representclo.com/products/reversible-living-legacy-tour-t-shirt-flat-white
2026-09-07 08:58:18,570 [ERROR] Failed to fetch product page https://uk.representclo.com/products/reversible-living-legacy-tour-t-shirt-nero: 429 Client Error: Too Many Requests for url: https://uk.representclo.com/products/reversible-living-legacy-tour-t-shirt-nero
2026-09-07 08:58:19,119 [ERROR] Failed to fetch product page https://uk.representclo.com/products/riot-puffer-black: 429 Client Error: Too Many Requests for url: https://uk.representclo.com/products/riot-puffer-black
2026-09-07 08:58:19,671 [ERROR] Failed to fetch product page https://uk.representclo.com/products/riot-puffer-khaki: 429 Client Error: Too Many Requests for url: https://uk.representclo.com/products/riot-puffer-khaki
2026-09-07 08:58:20,222 [ERROR] Failed to fetch product page https://uk.representclo.com/products/romance-hoodie-vintage-black: 429 Client Error: Too Many Requests for url: https://uk.representclo.com/products/romance-hoodie-vintage-black
2026-09-07 08:58:20,768 [ERROR] Failed to fetch product page https://uk.representclo.com/products/romance-t-shirt-vintage-black: 429 Client Error: Too Many Requests for url: https://uk.representclo.com/products/romance-t-shirt-vintage-black
2026-09-07 08:58:21,340 [ERROR] Failed to fetch product page https://uk.representclo.com/products/serif-logo-t-shirt-flat-white: 429 Client Error: Too Many Requests for url: https://uk.representclo.com/products/serif-logo-t-shirt-flat-white
2026-09-07 08:58:21,884 [ERROR] Failed to fetch product page https://uk.representclo.com/products/serif-logo-t-shirt-jet-black: 429 Client Error: Too Many Requests for url: https://uk.representclo.com/products/serif-logo-t-shirt-jet-black
2026-09-07 08:58:22,435 [ERROR] Failed to fetch product page https://uk.representclo.com/products/shadow-247-x-research-studio-eyewear-sunglasses-jet-black: 429 Client Error: Too Many Requests for url: https://uk.representclo.com/products/shadow-247-x-research-studio-eyewear-sunglasses-jet-black
2026-09-07 08:58:22,992 [ERROR] Failed to fetch product page https://uk.representclo.com/products/shark-jaws-t-shirt-flat-white: 429 Client Error: Too Many Requests for url: https://uk.representclo.com/products/shark-jaws-t-shirt-flat-white
2026-09-07 08:58:23,576 [ERROR] Failed to fetch product page https://uk.representclo.com/products/shark-jaws-t-shirt-off-black: 429 Client Error: Too Many Requests for url: https://uk.representclo.com/products/shark-jaws-t-shirt-off-black
2026-09-07 08:58:24,122 [ERROR] Failed to fetch product page https://uk.representclo.com/products/shark-jaws-t-shirt-vintage-grey: 429 Client Error: Too Many Requests for url: https://uk.representclo.com/products/shark-jaws-t-shirt-vintage-grey
2026-09-07 08:58:24,690 [ERROR] Failed to fetch product page https://uk.representclo.com/products/slub-script-t-shirt-ice-blue: 429 Client Error: Too Many Requests for url: https://uk.representclo.com/products/slub-script-t-shirt-ice-blue
2026-09-07 08:58:25,244 [ERROR] Failed to fetch product page https://uk.representclo.com/products/spike-jersey-flat-white: 429 Client Error: Too Many Requests for url: https://uk.representclo.com/products/spike-jersey-flat-white
2026-09-07 08:58:25,798 [ERROR] Failed to fetch product page https://uk.representclo.com/products/spirits-of-summer-t-shirt-sunrise: 429 Client Error: Too Many Requests for url: https://uk.representclo.com/products/spirits-of-summer-t-shirt-sunrise
2026-09-07 08:58:26,350 [ERROR] Failed to fetch product page https://uk.representclo.com/products/star-long-sleeve-jersey-jet-black: 429 Client Error: Too Many Requests for url: https://uk.representclo.com/products/star-long-sleeve-jersey-jet-black
2026-09-07 08:58:26,904 [ERROR] Failed to fetch product page https://uk.representclo.com/products/storms-in-heaven-t-shirt-black: 429 Client Error: Too Many Requests for url: https://uk.representclo.com/products/storms-in-heaven-t-shirt-black
2026-09-07 08:58:27,462 [ERROR] Failed to fetch product page https://uk.representclo.com/products/storms-in-heaven-t-shirt-flat-white: 429 Client Error: Too Many Requests for url: https://uk.representclo.com/products/storms-in-heaven-t-shirt-flat-white
2026-09-07 08:58:28,049 [ERROR] Failed to fetch product page https://uk.representclo.com/products/team-247-oversized-t-shirt-ash-grey-black: 429 Client Error: Too Many Requests for url: https://uk.representclo.com/products/team-247-oversized-t-shirt-ash-grey-black
2026-09-07 08:58:28,604 [ERROR] Failed to fetch product page https://uk.representclo.com/products/team-247-oversized-t-shirt-clay: 429 Client Error: Too Many Requests for url: https://uk.representclo.com/products/team-247-oversized-t-shirt-clay
2026-09-07 08:58:29,157 [ERROR] Failed to fetch product page https://uk.representclo.com/products/team-247-oversized-t-shirt-cream-ss26: 429 Client Error: Too Many Requests for url: https://uk.representclo.com/products/team-247-oversized-t-shirt-cream-ss26
2026-09-07 08:58:29,708 [ERROR] Failed to fetch product page https://uk.representclo.com/products/team-247-oversized-t-shirt-flat-white: 429 Client Error: Too Many Requests for url: https://uk.representclo.com/products/team-247-oversized-t-shirt-flat-white
2026-09-07 08:58:30,255 [ERROR] Failed to fetch product page https://uk.representclo.com/products/team-247-oversized-t-shirt-glacier: 429 Client Error: Too Many Requests for url: https://uk.representclo.com/products/team-247-oversized-t-shirt-glacier
2026-09-07 08:58:30,809 [ERROR] Failed to fetch product page https://uk.representclo.com/products/team-247-oversized-t-shirt-graphene: 429 Client Error: Too Many Requests for url: https://uk.representclo.com/products/team-247-oversized-t-shirt-graphene
2026-09-07 08:58:31,359 [ERROR] Failed to fetch product page https://uk.representclo.com/products/team-247-oversized-t-shirt-jet-black: 429 Client Error: Too Many Requests for url: https://uk.representclo.com/products/team-247-oversized-t-shirt-jet-black
2026-09-07 08:58:31,905 [ERROR] Failed to fetch product page https://uk.representclo.com/products/team-247-oversized-tank-cream-ss26: 429 Client Error: Too Many Requests for url: https://uk.representclo.com/products/team-247-oversized-tank-cream-ss26
2026-09-07 08:58:32,458 [ERROR] Failed to fetch product page https://uk.representclo.com/products/team-247-oversized-tank-flat-white: 429 Client Error: Too Many Requests for url: https://uk.representclo.com/products/team-247-oversized-tank-flat-white
2026-09-07 08:58:33,012 [ERROR] Failed to fetch product page https://uk.representclo.com/products/team-247-oversized-tank-graphene: 429 Client Error: Too Many Requests for url: https://uk.representclo.com/products/team-247-oversized-tank-graphene
2026-09-07 08:58:33,565 [ERROR] Failed to fetch product page https://uk.representclo.com/products/team-247-oversized-tank-jet-black: 429 Client Error: Too Many Requests for url: https://uk.representclo.com/products/team-247-oversized-tank-jet-black
2026-09-07 08:58:34,134 [ERROR] Failed to fetch product page https://uk.representclo.com/products/team-247-star-oversized-t-shirt-flat-white: 429 Client Error: Too Many Requests for url: https://uk.representclo.com/products/team-247-star-oversized-t-shirt-flat-white
2026-09-07 08:58:34,687 [ERROR] Failed to fetch product page https://uk.representclo.com/products/team-247-star-tank-flat-white: 429 Client Error: Too Many Requests for url: https://uk.representclo.com/products/team-247-star-tank-flat-white
2026-09-07 08:58:35,271 [ERROR] Failed to fetch product page https://uk.representclo.com/products/team-247-x-47-trucker-cap-jet-black: 429 Client Error: Too Many Requests for url: https://uk.representclo.com/products/team-247-x-47-trucker-cap-jet-black
2026-09-07 08:58:35,825 [ERROR] Failed to fetch product page https://uk.representclo.com/products/the-work-jacket-black: 429 Client Error: Too Many Requests for url: https://uk.representclo.com/products/the-work-jacket-black
2026-09-07 08:58:36,377 [ERROR] Failed to fetch product page https://uk.representclo.com/products/thoroughbred-jersey-washed-black: 429 Client Error: Too Many Requests for url: https://uk.representclo.com/products/thoroughbred-jersey-washed-black
2026-09-07 08:58:36,924 [ERROR] Failed to fetch product page https://uk.representclo.com/products/thoroughbred-t-shirt-vintage-black: 429 Client Error: Too Many Requests for url: https://uk.representclo.com/products/thoroughbred-t-shirt-vintage-black
2026-09-07 08:58:37,474 [ERROR] Failed to fetch product page https://uk.representclo.com/products/thoroughbred-t-shirt-vintage-white: 429 Client Error: Too Many Requests for url: https://uk.representclo.com/products/thoroughbred-t-shirt-vintage-white
2026-09-07 08:58:38,031 [ERROR] Failed to fetch product page https://uk.representclo.com/products/three-dogs-jersey-jet-black: 429 Client Error: Too Many Requests for url: https://uk.representclo.com/products/three-dogs-jersey-jet-black
2026-09-07 08:58:38,584 [ERROR] Failed to fetch product page https://uk.representclo.com/products/three-dogs-jersey-mid-brown: 429 Client Error: Too Many Requests for url: https://uk.representclo.com/products/three-dogs-jersey-mid-brown
2026-09-07 08:58:39,137 [ERROR] Failed to fetch product page https://uk.representclo.com/products/trucker-jacket-authentic-blue: 429 Client Error: Too Many Requests for url: https://uk.representclo.com/products/trucker-jacket-authentic-blue
2026-09-07 08:58:39,700 [ERROR] Failed to fetch product page https://uk.representclo.com/products/vandal-sweater-tobacco: 429 Client Error: Too Many Requests for url: https://uk.representclo.com/products/vandal-sweater-tobacco
2026-09-07 08:58:40,245 [ERROR] Failed to fetch product page https://uk.representclo.com/products/waffle-beanie-vintage-black: 429 Client Error: Too Many Requests for url: https://uk.representclo.com/products/waffle-beanie-vintage-black
2026-09-07 08:58:40,797 [ERROR] Failed to fetch product page https://uk.representclo.com/products/waffle-beanie-vintage-falcon: 429 Client Error: Too Many Requests for url: https://uk.representclo.com/products/waffle-beanie-vintage-falcon
2026-09-07 08:58:41,376 [ERROR] Failed to fetch product page https://uk.representclo.com/products/waffle-t-shirt-flat-white: 429 Client Error: Too Many Requests for url: https://uk.representclo.com/products/waffle-t-shirt-flat-white
2026-09-07 08:58:41,927 [ERROR] Failed to fetch product page https://uk.representclo.com/products/waffle-t-shirt-jet-black-1: 429 Client Error: Too Many Requests for url: https://uk.representclo.com/products/waffle-t-shirt-jet-black-1
2026-09-07 08:58:42,482 [ERROR] Failed to fetch product page https://uk.representclo.com/products/weekend-bag-black: 429 Client Error: Too Many Requests for url: https://uk.representclo.com/products/weekend-bag-black
2026-09-07 08:58:43,099 [ERROR] Failed to fetch product page https://uk.representclo.com/products/western-initial-t-shirt-flat-white: 429 Client Error: Too Many Requests for url: https://uk.representclo.com/products/western-initial-t-shirt-flat-white
2026-09-07 08:58:43,649 [ERROR] Failed to fetch product page https://uk.representclo.com/products/western-initial-t-shirt-mountain-blue: 429 Client Error: Too Many Requests for url: https://uk.representclo.com/products/western-initial-t-shirt-mountain-blue
2026-09-07 08:58:44,237 [ERROR] Failed to fetch product page https://uk.representclo.com/products/westside-t-shirt-flat-white: 429 Client Error: Too Many Requests for url: https://uk.representclo.com/products/westside-t-shirt-flat-white
2026-09-07 08:58:44,790 [ERROR] Failed to fetch product page https://uk.representclo.com/products/westside-t-shirt-stained-black: 429 Client Error: Too Many Requests for url: https://uk.representclo.com/products/westside-t-shirt-stained-black
2026-09-07 08:58:45,338 [ERROR] Failed to fetch product page https://uk.representclo.com/products/world-championship-t-shirt-stained-black: 429 Client Error: Too Many Requests for url: https://uk.representclo.com/products/world-championship-t-shirt-stained-black
2026-09-07 08:58:45,888 [ERROR] Failed to fetch product page https://uk.representclo.com/products/your-times-up-t-shirt-vintage-grey-vintage-black: 429 Client Error: Too Many Requests for url: https://uk.representclo.com/products/your-times-up-t-shirt-vintage-grey-vintage-black
2026-09-07 08:58:46,402 [INFO] Saved 0 rows to outputs/Чудокаталог - 07.09.2026.csv
2026-09-07 08:58:46,408 [INFO] Excel report saved to outputs/Чудокаталог - 07.09.2026.xlsx
2026-09-07 08:58:46,408 [INFO] Done. Saved 0 rows to outputs/Чудокаталог - 07.09.2026.csv and outputs/Чудокаталог - 07.09.2026.xlsx
