product_url,name,size,available,price,compare_at_price,image_url
https://uk.representclo.com/products/247-aero-shorts-graphene,247 Aero Shorts - Graphene,XXS,False,90.0,,https://scdn.speedsize.com/fbaf6506-81e1-43a2-bcc1-80e18c7b0146/uk.representclo.com/cdn/shop/files/u6Fy8fvZ1d8GDtUhzHMbeW2G7kkvU6QVLd5bQQojrpY.jpg?crop=center&height=1200&v=1785506290&width=1200
https://uk.representclo.com/products/247-aero-shorts-graphene,247 Aero Shorts - Graphene,XS,True,90.0,,https://scdn.speedsize.com/fbaf6506-81e1-43a2-bcc1-80e18c7b0146/uk.representclo.com/cdn/shop/files/u6Fy8fvZ1d8GDtUhzHMbeW2G7kkvU6QVLd5bQQojrpY.jpg?crop=center&height=1200&v=1785506290&width=1200
https://uk.representclo.com/products/247-aero-shorts-graphene,247 Aero Shorts - Graphene,S,True,90.0,,https://scdn.speedsize.com/fbaf6506-81e1-43a2-bcc1-80e18c7b0146/uk.representclo.com/cdn/shop/files/u6Fy8fvZ1d8GDtUhzHMbeW2G7kkvU6QVLd5bQQojrpY.jpg?crop=center&height=1200&v=1785506290&width=1200
https://uk.representclo.com/products/247-aero-shorts-graphene,247 Aero Shorts - Graphene,M,True,90.0,,https://scdn.speedsize.com/fbaf6506-81e1-43a2-bcc1-80e18c7b0146/uk.representclo.com/cdn/shop/files/u6Fy8fvZ1d8GDtUhzHMbeW2G7kkvU6QVLd5bQQojrpY.jpg?crop=center&height=1200&v=1785506290&width=1200
https://uk.representclo.com/products/247-aero-shorts-graphene,247 Aero Shorts - Graphene,L,True,90.0,,https://scdn.speedsize.com/fbaf6506-81e1-43a2-bcc1-80e18c7b0146/uk.representclo.com/cdn/shop/files/u6Fy8fvZ1d8GDtUhzHMbeW2G7kkvU6QVLd5bQQojrpY.jpg?crop=center&height=1200&v=1785506290&width=1200
https://uk.representclo.com/products/247-aero-shorts-graphene,247 Aero Shorts - Graphene,XL,True,90.0,,https://scdn.speedsize.com/fbaf6506-81e1-43a2-bcc1-80e18c7b0146/uk.representclo.com/cdn/shop/files/u6Fy8fvZ1d8GDtUhzHMbeW2G7kkvU6QVLd5bQQojrpY.jpg?crop=center&height=1200&v=1785506290&width=1200
https://uk.representclo.com/products/247-aero-shorts-graphene,247 Aero Shorts - Graphene,XXL,True,90.0,,https://scdn.speedsize.com/fbaf6506-81e1-43a2-bcc1-80e18c7b0146/uk.representclo.com/cdn/shop/files/u6Fy8fvZ1d8GDtUhzHMbeW2G7kkvU6QVLd5bQQojrpY.jpg?crop=center&height=1200&v=1785506290&width=1200
https://uk.representclo.com/products/247-aero-shorts-jet-black,247 Aero Shorts - Jet Black,XXS,False,90.0,,https://scdn.speedsize.com/fbaf6506-81e1-43a2-bcc1-80e18c7b0146/uk.representclo.com/cdn/shop/files/Fm5A2fGFL1ypImCawbGnFsRf9s55zHLovcOU0mxi1dM.jpg?crop=center&height=1200&v=1773248799&width=1200
https://uk.representclo.com/products/247-aero-shorts-jet-black,247 Aero Shorts - Jet Black,XS,True,90.0,,https://scdn.speedsize.com/fbaf6506-81e1-43a2-bcc1-80e18c7b0146/uk.representclo.com/cdn/shop/files/Fm5A2fGFL1ypImCawbGnFsRf9s55zHLovcOU0mxi1dM.jpg?crop=center&height=1200&v=1773248799&width=1200
https://uk.representclo.com/products/247-aero-shorts-jet-black,247 Aero Shorts - Jet Black,S,True,90.0,,https://scdn.speedsize.com/fbaf6506-81e1-43a2-bcc1-80e18c7b0146/uk.representclo.com/cdn/shop/files/Fm5A2fGFL1ypImCawbGnFsRf9s55zHLovcOU0mxi1dM.jpg?crop=center&height=1200&v=1773248799&width=1200
https://uk.representclo.com/products/247-aero-shorts-jet-black,247 Aero Shorts - Jet Black,M,True,90.0,,https://scdn.speedsize.com/fbaf6506-81e1-43a2-bcc1-80e18c7b0146/uk.representclo.com/cdn/shop/files/Fm5A2fGFL1ypImCawbGnFsRf9s55zHLovcOU0mxi1dM.jpg?crop=center&height=1200&v=1773248799&width=1200
https://uk.representclo.com/products/247-aero-shorts-jet-black,247 Aero Shorts - Jet Black,L,True,90.0,,https://scdn.speedsize.com/fbaf6506-81e1-43a2-bcc1-80e18c7b0146/uk.representclo.com/cdn/shop/files/Fm5A2fGFL1ypImCawbGnFsRf9s55zHLovcOU0mxi1dM.jpg?crop=center&height=1200&v=1773248799&width=1200
https://uk.representclo.com/products/247-aero-shorts-jet-black,247 Aero Shorts - Jet Black,XL,True,90.0,,https://scdn.speedsize.com/fbaf6506-81e1-43a2-bcc1-80e18c7b0146/uk.representclo.com/cdn/shop/files/Fm5A2fGFL1ypImCawbGnFsRf9s55zHLovcOU0mxi1dM.jpg?crop=center&height=1200&v=1773248799&width=1200
https://uk.representclo.com/products/247-aero-shorts-jet-black,247 Aero Shorts - Jet Black,XXL,True,90.0,,https://scdn.speedsize.com/fbaf6506-81e1-43a2-bcc1-80e18c7b0146/uk.representclo.com/cdn/shop/files/Fm5A2fGFL1ypImCawbGnFsRf9s55zHLovcOU0mxi1dM.jpg?crop=center&height=1200&v=1773248799&width=1200
https://uk.representclo.com/products/247-aero-shorts-pebble,Team 247 Aero Shorts - Pebble,XS,True,90.0,,https://scdn.speedsize.com/fbaf6506-81e1-43a2-bcc1-80e18c7b0146/uk.representclo.com/cdn/shop/files/BC73ACn-2nPGOKn8cbkAA7G_Obu-9w0632pH8vMB5SQ_a2c24f9e-1f21-45fa-b153-ac392f203d3e.jpg?crop=center&height=1200&v=1740601043&width=1200
https://uk.representclo.com/products/247-aero-shorts-pebble,Team 247 Aero Shorts - Pebble,S,False,90.0,,https://scdn.speedsize.com/fbaf6506-81e1-43a2-bcc1-80e18c7b0146/uk.representclo.com/cdn/shop/files/BC73ACn-2nPGOKn8cbkAA7G_Obu-9w0632pH8vMB5SQ_a2c24f9e-1f21-45fa-b153-ac392f203d3e.jpg?crop=center&height=1200&v=1740601043&width=1200
https://uk.representclo.com/products/247-aero-shorts-pebble,Team 247 Aero Shorts - Pebble,M,False,90.0,,https://scdn.speedsize.com/fbaf6506-81e1-43a2-bcc1-80e18c7b0146/uk.representclo.com/cdn/shop/files/BC73ACn-2nPGOKn8cbkAA7G_Obu-9w0632pH8vMB5SQ_a2c24f9e-1f21-45fa-b153-ac392f203d3e.jpg?crop=center&height=1200&v=1740601043&width=1200
https://uk.representclo.com/products/247-aero-shorts-pebble,Team 247 Aero Shorts - Pebble,L,False,90.0,,https://scdn.speedsize.com/fbaf6506-81e1-43a2-bcc1-80e18c7b0146/uk.representclo.com/cdn/shop/files/BC73ACn-2nPGOKn8cbkAA7G_Obu-9w0632pH8vMB5SQ_a2c24f9e-1f21-45fa-b153-ac392f203d3e.jpg?crop=center&height=1200&v=1740601043&width=1200
https://uk.representclo.com/products/247-aero-shorts-pebble,Team 247 Aero Shorts - Pebble,XL,False,90.0,,https://scdn.speedsize.com/fbaf6506-81e1-43a2-bcc1-80e18c7b0146/uk.representclo.com/cdn/shop/files/BC73ACn-2nPGOKn8cbkAA7G_Obu-9w0632pH8vMB5SQ_a2c24f9e-1f21-45fa-b153-ac392f203d3e.jpg?crop=center&height=1200&v=1740601043&width=1200
https://uk.representclo.com/products/247-aero-shorts-pebble,Team 247 Aero Shorts - Pebble,XXL,True,90.0,,https://scdn.speedsize.com/fbaf6506-81e1-43a2-bcc1-80e18c7b0146/uk.representclo.com/cdn/shop/files/BC73ACn-2nPGOKn8cbkAA7G_Obu-9w0632pH8vMB5SQ_a2c24f9e-1f21-45fa-b153-ac392f203d3e.jpg?crop=center&height=1200&v=1740601043&width=1200
https://uk.representclo.com/products/247-aero-shorts-rust,Team 247 Aero Shorts - Rust,XS,True,90.0,,https://scdn.speedsize.com/fbaf6506-81e1-43a2-bcc1-80e18c7b0146/uk.representclo.com/cdn/shop/files/CdFEEtTKVdJwtuer3Kd1UNiWzl0ZRJtTv3LgYUACo0U.jpg?crop=center&height=1200&v=1740587536&width=1200
https://uk.representclo.com/products/247-aero-shorts-rust,Team 247 Aero Shorts - Rust,S,True,90.0,,https://scdn.speedsize.com/fbaf6506-81e1-43a2-bcc1-80e18c7b0146/uk.representclo.com/cdn/shop/files/CdFEEtTKVdJwtuer3Kd1UNiWzl0ZRJtTv3LgYUACo0U.jpg?crop=center&height=1200&v=1740587536&width=1200
https://uk.representclo.com/products/247-aero-shorts-rust,Team 247 Aero Shorts - Rust,M,True,90.0,,https://scdn.speedsize.com/fbaf6506-81e1-43a2-bcc1-80e18c7b0146/uk.representclo.com/cdn/shop/files/CdFEEtTKVdJwtuer3Kd1UNiWzl0ZRJtTv3LgYUACo0U.jpg?crop=center&height=1200&v=1740587536&width=1200
https://uk.representclo.com/products/247-aero-shorts-rust,Team 247 Aero Shorts - Rust,L,False,90.0,,https://scdn.speedsize.com/fbaf6506-81e1-43a2-bcc1-80e18c7b0146/uk.representclo.com/cdn/shop/files/CdFEEtTKVdJwtuer3Kd1UNiWzl0ZRJtTv3LgYUACo0U.jpg?crop=center&height=1200&v=1740587536&width=1200
https://uk.representclo.com/products/247-aero-shorts-rust,Team 247 Aero Shorts - Rust,XL,False,90.0,,https://scdn.speedsize.com/fbaf6506-81e1-43a2-bcc1-80e18c7b0146/uk.representclo.com/cdn/shop/files/CdFEEtTKVdJwtuer3Kd1UNiWzl0ZRJtTv3LgYUACo0U.jpg?crop=center&height=1200&v=1740587536&width=1200
https://uk.representclo.com/products/247-aero-shorts-rust,Team 247 Aero Shorts - Rust,XXL,True,90.0,,https://scdn.speedsize.com/fbaf6506-81e1-43a2-bcc1-80e18c7b0146/uk.representclo.com/cdn/shop/files/CdFEEtTKVdJwtuer3Kd1UNiWzl0ZRJtTv3LgYUACo0U.jpg?crop=center&height=1200&v=1740587536&width=1200
https://uk.representclo.com/products/247-aero-shorts-teal,247 Aero Shorts - Teal,XXS,False,90.0,,https://scdn.speedsize.com/fbaf6506-81e1-43a2-bcc1-80e18c7b0146/uk.representclo.com/cdn/shop/files/247NUMBERS_AREOSHORT_1.jpg?crop=center&height=1200&v=1775556033&width=1200
https://uk.representclo.com/products/247-aero-shorts-teal,247 Aero Shorts - Teal,XS,True,90.0,,https://scdn.speedsize.com/fbaf6506-81e1-43a2-bcc1-80e18c7b0146/uk.representclo.com/cdn/shop/files/247NUMBERS_AREOSHORT_1.jpg?crop=center&height=1200&v=1775556033&width=1200
https://uk.representclo.com/products/247-aero-shorts-teal,247 Aero Shorts - Teal,S,False,90.0,,https://scdn.speedsize.com/fbaf6506-81e1-43a2-bcc1-80e18c7b0146/uk.representclo.com/cdn/shop/files/247NUMBERS_AREOSHORT_1.jpg?crop=center&height=1200&v=1775556033&width=1200
https://uk.representclo.com/products/247-aero-shorts-teal,247 Aero Shorts - Teal,M,True,90.0,,https://scdn.speedsize.com/fbaf6506-81e1-43a2-bcc1-80e18c7b0146/uk.representclo.com/cdn/shop/files/247NUMBERS_AREOSHORT_1.jpg?crop=center&height=1200&v=1775556033&width=1200
https://uk.representclo.com/products/247-aero-shorts-teal,247 Aero Shorts - Teal,L,False,90.0,,https://scdn.speedsize.com/fbaf6506-81e1-43a2-bcc1-80e18c7b0146/uk.representclo.com/cdn/shop/files/247NUMBERS_AREOSHORT_1.jpg?crop=center&height=1200&v=1775556033&width=1200
https://uk.representclo.com/products/247-aero-shorts-teal,247 Aero Shorts - Teal,XL,False,90.0,,https://scdn.speedsize.com/fbaf6506-81e1-43a2-bcc1-80e18c7b0146/uk.representclo.com/cdn/shop/files/247NUMBERS_AREOSHORT_1.jpg?crop=center&height=1200&v=1775556033&width=1200
https://uk.representclo.com/products/247-aero-shorts-teal,247 Aero Shorts - Teal,XXL,True,90.0,,https://scdn.speedsize.com/fbaf6506-81e1-43a2-bcc1-80e18c7b0146/uk.representclo.com/cdn/shop/files/247NUMBERS_AREOSHORT_1.jpg?crop=center&height=1200&v=1775556033&width=1200
https://uk.representclo.com/products/247-apple-watch-strap-black-reflective,247 Apple Watch Strap - Black Reflective,One Size,True,50.0,,https://scdn.speedsize.com/fbaf6506-81e1-43a2-bcc1-80e18c7b0146/uk.representclo.com/cdn/shop/files/E26A1F37-1712-478C-A267-965F5A4E0E29.jpg?crop=center&height=1200&v=1762508047&width=1200
https://uk.representclo.com/products/247-arc-1-runner-black,247 Arc-1 Runner - Black,UK6 / EU39 / US7 / USW8,True,185.0,,https://scdn.speedsize.com/fbaf6506-81e1-43a2-bcc1-80e18c7b0146/cdn.shopify.com/s/files/1/0181/2235/files/eF1ZCbnMTvAAFTxLDv8ULXfG1V9dcmvZW6dvIQNeHcY.jpg?crop=center&height=1200&v=1767965078&width=1200
https://uk.representclo.com/products/247-arc-1-runner-black,247 Arc-1 Runner - Black,UK6.5 / EU40 / US7.5 / USW8.5,True,185.0,,https://scdn.speedsize.com/fbaf6506-81e1-43a2-bcc1-80e18c7b0146/cdn.shopify.com/s/files/1/0181/2235/files/eF1ZCbnMTvAAFTxLDv8ULXfG1V9dcmvZW6dvIQNeHcY.jpg?crop=center&height=1200&v=1767965078&width=1200
https://uk.representclo.com/products/247-arc-1-runner-black,247 Arc-1 Runner - Black,UK7 / EU40.5 / US8 / USW9,True,185.0,,https://scdn.speedsize.com/fbaf6506-81e1-43a2-bcc1-80e18c7b0146/cdn.shopify.com/s/files/1/0181/2235/files/eF1ZCbnMTvAAFTxLDv8ULXfG1V9dcmvZW6dvIQNeHcY.jpg?crop=center&height=1200&v=1767965078&width=1200
https://uk.representclo.com/products/247-arc-1-runner-black,247 Arc-1 Runner - Black,UK7.5 / EU41 / US8.5 / USW9.5,False,185.0,,https://scdn.speedsize.com/fbaf6506-81e1-43a2-bcc1-80e18c7b0146/cdn.shopify.com/s/files/1/0181/2235/files/eF1ZCbnMTvAAFTxLDv8ULXfG1V9dcmvZW6dvIQNeHcY.jpg?crop=center&height=1200&v=1767965078&width=1200
https://uk.representclo.com/products/247-arc-1-runner-black,247 Arc-1 Runner - Black,UK8 / EU42 / US9 / USW10,True,185.0,,https://scdn.speedsize.com/fbaf6506-81e1-43a2-bcc1-80e18c7b0146/cdn.shopify.com/s/files/1/0181/2235/files/eF1ZCbnMTvAAFTxLDv8ULXfG1V9dcmvZW6dvIQNeHcY.jpg?crop=center&height=1200&v=1767965078&width=1200
https://uk.representclo.com/products/247-arc-1-runner-black,247 Arc-1 Runner - Black,UK8.5 / EU42.5 / US9.5,False,185.0,,https://scdn.speedsize.com/fbaf6506-81e1-43a2-bcc1-80e18c7b0146/cdn.shopify.com/s/files/1/0181/2235/files/eF1ZCbnMTvAAFTxLDv8ULXfG1V9dcmvZW6dvIQNeHcY.jpg?crop=center&height=1200&v=1767965078&width=1200
https://uk.representclo.com/products/247-arc-1-runner-black,247 Arc-1 Runner - Black,UK9 / EU43 / US10,True,185.0,,https://scdn.speedsize.com/fbaf6506-81e1-43a2-bcc1-80e18c7b0146/cdn.shopify.com/s/files/1/0181/2235/files/eF1ZCbnMTvAAFTxLDv8ULXfG1V9dcmvZW6dvIQNeHcY.jpg?crop=center&height=1200&v=1767965078&width=1200
https://uk.representclo.com/products/247-arc-1-runner-black,247 Arc-1 Runner - Black,UK9.5 / EU44 / US10.5,False,185.0,,https://scdn.speedsize.com/fbaf6506-81e1-43a2-bcc1-80e18c7b0146/cdn.shopify.com/s/files/1/0181/2235/files/eF1ZCbnMTvAAFTxLDv8ULXfG1V9dcmvZW6dvIQNeHcY.jpg?crop=center&height=1200&v=1767965078&width=1200
https://uk.representclo.com/products/247-arc-1-runner-black,247 Arc-1 Runner - Black,UK10 / EU44.5 / US11,True,185.0,,https://scdn.speedsize.com/fbaf6506-81e1-43a2-bcc1-80e18c7b0146/cdn.shopify.com/s/files/1/0181/2235/files/eF1ZCbnMTvAAFTxLDv8ULXfG1V9dcmvZW6dvIQNeHcY.jpg?crop=center&height=1200&v=1767965078&width=1200
https://uk.representclo.com/products/247-arc-1-runner-black,247 Arc-1 Runner - Black,UK10.5 / EU45 / US11.5,True,185.0,,https://scdn.speedsize.com/fbaf6506-81e1-43a2-bcc1-80e18c7b0146/cdn.shopify.com/s/files/1/0181/2235/files/eF1ZCbnMTvAAFTxLDv8ULXfG1V9dcmvZW6dvIQNeHcY.jpg?crop=center&height=1200&v=1767965078&width=1200
https://uk.representclo.com/products/247-arc-1-runner-black,247 Arc-1 Runner - Black,UK11 / EU46 / US12,True,185.0,,https://scdn.speedsize.com/fbaf6506-81e1-43a2-bcc1-80e18c7b0146/cdn.shopify.com/s/files/1/0181/2235/files/eF1ZCbnMTvAAFTxLDv8ULXfG1V9dcmvZW6dvIQNeHcY.jpg?crop=center&height=1200&v=1767965078&width=1200
https://uk.representclo.com/products/247-arc-1-runner-black,247 Arc-1 Runner - Black,UK11.5 / EU46.5 / US12.5,False,185.0,,https://scdn.speedsize.com/fbaf6506-81e1-43a2-bcc1-80e18c7b0146/cdn.shopify.com/s/files/1/0181/2235/files/eF1ZCbnMTvAAFTxLDv8ULXfG1V9dcmvZW6dvIQNeHcY.jpg?crop=center&height=1200&v=1767965078&width=1200
https://uk.representclo.com/products/247-arc-1-runner-black,247 Arc-1 Runner - Black,UK12 / EU47 / US13,False,185.0,,https://scdn.speedsize.com/fbaf6506-81e1-43a2-bcc1-80e18c7b0146/cdn.shopify.com/s/files/1/0181/2235/files/eF1ZCbnMTvAAFTxLDv8ULXfG1V9dcmvZW6dvIQNeHcY.jpg?crop=center&height=1200&v=1767965078&width=1200
https://uk.representclo.com/products/247-arc-1-runner-black,247 Arc-1 Runner - Black,UK12.5 / EU47.5 / US13.5,True,185.0,,https://scdn.speedsize.com/fbaf6506-81e1-43a2-bcc1-80e18c7b0146/cdn.shopify.com/s/files/1/0181/2235/files/eF1ZCbnMTvAAFTxLDv8ULXfG1V9dcmvZW6dvIQNeHcY.jpg?crop=center&height=1200&v=1767965078&width=1200
https://uk.representclo.com/products/247-arc-1-runner-black,247 Arc-1 Runner - Black,UK13 / EU48 / US14,True,185.0,,https://scdn.speedsize.com/fbaf6506-81e1-43a2-bcc1-80e18c7b0146/cdn.shopify.com/s/files/1/0181/2235/files/eF1ZCbnMTvAAFTxLDv8ULXfG1V9dcmvZW6dvIQNeHcY.jpg?crop=center&height=1200&v=1767965078&width=1200
https://uk.representclo.com/products/247-arc-1-runner-black,247 Arc-1 Runner - Black,UK5 / EU38 / US6 / USW7,True,185.0,,https://scdn.speedsize.com/fbaf6506-81e1-43a2-bcc1-80e18c7b0146/cdn.shopify.com/s/files/1/0181/2235/files/eF1ZCbnMTvAAFTxLDv8ULXfG1V9dcmvZW6dvIQNeHcY.jpg?crop=center&height=1200&v=1767965078&width=1200
https://uk.representclo.com/products/247-arc-1-runner-black,247 Arc-1 Runner - Black,UK4 / EU37 / US5 / USW6,True,185.0,,https://scdn.speedsize.com/fbaf6506-81e1-43a2-bcc1-80e18c7b0146/cdn.shopify.com/s/files/1/0181/2235/files/eF1ZCbnMTvAAFTxLDv8ULXfG1V9dcmvZW6dvIQNeHcY.jpg?crop=center&height=1200&v=1767965078&width=1200
https://uk.representclo.com/products/247-arc-1-runner-black,247 Arc-1 Runner - Black,UK3 / EU36 / US4 / USW5,True,185.0,,https://scdn.speedsize.com/fbaf6506-81e1-43a2-bcc1-80e18c7b0146/cdn.shopify.com/s/files/1/0181/2235/files/eF1ZCbnMTvAAFTxLDv8ULXfG1V9dcmvZW6dvIQNeHcY.jpg?crop=center&height=1200&v=1767965078&width=1200
https://uk.representclo.com/products/247-arc-1-runner-black-purple-fade,247 Arc-1 Runner - Black Purple Fade,UK6 / EU39 / US7 / USW8,False,185.0,,https://scdn.speedsize.com/fbaf6506-81e1-43a2-bcc1-80e18c7b0146/uk.representclo.com/cdn/shop/files/fqz3oPGbD8LT2DQMjO17ZwpVBmzIoqmVjdqMVFpfgKk.jpg?crop=center&height=1200&v=1752827528&width=1200
https://uk.representclo.com/products/247-arc-1-runner-black-purple-fade,247 Arc-1 Runner - Black Purple Fade,UK6.5 / EU40 / US7.5 / USW8.5,False,185.0,,https://scdn.speedsize.com/fbaf6506-81e1-43a2-bcc1-80e18c7b0146/uk.representclo.com/cdn/shop/files/fqz3oPGbD8LT2DQMjO17ZwpVBmzIoqmVjdqMVFpfgKk.jpg?crop=center&height=1200&v=1752827528&width=1200
https://uk.representclo.com/products/247-arc-1-runner-black-purple-fade,247 Arc-1 Runner - Black Purple Fade,UK7 / EU40.5 / US8 / USW9,True,185.0,,https://scdn.speedsize.com/fbaf6506-81e1-43a2-bcc1-80e18c7b0146/uk.representclo.com/cdn/shop/files/fqz3oPGbD8LT2DQMjO17ZwpVBmzIoqmVjdqMVFpfgKk.jpg?crop=center&height=1200&v=1752827528&width=1200
https://uk.representclo.com/products/247-arc-1-runner-black-purple-fade,247 Arc-1 Runner - Black Purple Fade,UK7.5 / EU41 / US8.5 / USW9.5,False,185.0,,https://scdn.speedsize.com/fbaf6506-81e1-43a2-bcc1-80e18c7b0146/uk.representclo.com/cdn/shop/files/fqz3oPGbD8LT2DQMjO17ZwpVBmzIoqmVjdqMVFpfgKk.jpg?crop=center&height=1200&v=1752827528&width=1200
https://uk.representclo.com/products/247-arc-1-runner-black-purple-fade,247 Arc-1 Runner - Black Purple Fade,UK8 / EU42 / US9 / USW10,True,185.0,,https://scdn.speedsize.com/fbaf6506-81e1-43a2-bcc1-80e18c7b0146/uk.representclo.com/cdn/shop/files/fqz3oPGbD8LT2DQMjO17ZwpVBmzIoqmVjdqMVFpfgKk.jpg?crop=center&height=1200&v=1752827528&width=1200
https://uk.representclo.com/products/247-arc-1-runner-black-purple-fade,247 Arc-1 Runner - Black Purple Fade,UK8.5 / EU42.5 / US9.5,False,185.0,,https://scdn.speedsize.com/fbaf6506-81e1-43a2-bcc1-80e18c7b0146/uk.representclo.com/cdn/shop/files/fqz3oPGbD8LT2DQMjO17ZwpVBmzIoqmVjdqMVFpfgKk.jpg?crop=center&height=1200&v=1752827528&width=1200
https://uk.representclo.com/products/247-arc-1-runner-black-purple-fade,247 Arc-1 Runner - Black Purple Fade,UK9 / EU43 / US10,True,185.0,,https://scdn.speedsize.com/fbaf6506-81e1-43a2-bcc1-80e18c7b0146/uk.representclo.com/cdn/shop/files/fqz3oPGbD8LT2DQMjO17ZwpVBmzIoqmVjdqMVFpfgKk.jpg?crop=center&height=1200&v=1752827528&width=1200
https://uk.representclo.com/products/247-arc-1-runner-black-purple-fade,247 Arc-1 Runner - Black Purple Fade,UK9.5 / EU44 / US10.5,False,185.0,,https://scdn.speedsize.com/fbaf6506-81e1-43a2-bcc1-80e18c7b0146/uk.representclo.com/cdn/shop/files/fqz3oPGbD8LT2DQMjO17ZwpVBmzIoqmVjdqMVFpfgKk.jpg?crop=center&height=1200&v=1752827528&width=1200
https://uk.representclo.com/products/247-arc-1-runner-black-purple-fade,247 Arc-1 Runner - Black Purple Fade,UK10 / EU44.5 / US11,True,185.0,,https://scdn.speedsize.com/fbaf6506-81e1-43a2-bcc1-80e18c7b0146/uk.representclo.com/cdn/shop/files/fqz3oPGbD8LT2DQMjO17ZwpVBmzIoqmVjdqMVFpfgKk.jpg?crop=center&height=1200&v=1752827528&width=1200
https://uk.representclo.com/products/247-arc-1-runner-black-purple-fade,247 Arc-1 Runner - Black Purple Fade,UK10.5 / EU45 / US11.5,False,185.0,,https://scdn.speedsize.com/fbaf6506-81e1-43a2-bcc1-80e18c7b0146/uk.representclo.com/cdn/shop/files/fqz3oPGbD8LT2DQMjO17ZwpVBmzIoqmVjdqMVFpfgKk.jpg?crop=center&height=1200&v=1752827528&width=1200
https://uk.representclo.com/products/247-arc-1-runner-black-purple-fade,247 Arc-1 Runner - Black Purple Fade,UK11 / EU46 / US12,False,185.0,,https://scdn.speedsize.com/fbaf6506-81e1-43a2-bcc1-80e18c7b0146/uk.representclo.com/cdn/shop/files/fqz3oPGbD8LT2DQMjO17ZwpVBmzIoqmVjdqMVFpfgKk.jpg?crop=center&height=1200&v=1752827528&width=1200
https://uk.representclo.com/products/247-arc-1-runner-black-purple-fade,247 Arc-1 Runner - Black Purple Fade,UK11.5 / EU46.5 / US12.5,False,185.0,,https://scdn.speedsize.com/fbaf6506-81e1-43a2-bcc1-80e18c7b0146/uk.representclo.com/cdn/shop/files/fqz3oPGbD8LT2DQMjO17ZwpVBmzIoqmVjdqMVFpfgKk.jpg?crop=center&height=1200&v=1752827528&width=1200
https://uk.representclo.com/products/247-arc-1-runner-black-purple-fade,247 Arc-1 Runner - Black Purple Fade,UK12 / EU47 / US13,False,185.0,,https://scdn.speedsize.com/fbaf6506-81e1-43a2-bcc1-80e18c7b0146/uk.representclo.com/cdn/shop/files/fqz3oPGbD8LT2DQMjO17ZwpVBmzIoqmVjdqMVFpfgKk.jpg?crop=center&height=1200&v=1752827528&width=1200
https://uk.representclo.com/products/247-arc-1-runner-black-purple-fade,247 Arc-1 Runner - Black Purple Fade,UK12.5 / EU47.5 / US13.5,False,185.0,,https://scdn.speedsize.com/fbaf6506-81e1-43a2-bcc1-80e18c7b0146/uk.representclo.com/cdn/shop/files/fqz3oPGbD8LT2DQMjO17ZwpVBmzIoqmVjdqMVFpfgKk.jpg?crop=center&height=1200&v=1752827528&width=1200
https://uk.representclo.com/products/247-arc-1-runner-black-purple-fade,247 Arc-1 Runner - Black Purple Fade,UK13 / EU48 / US14,False,185.0,,https://scdn.speedsize.com/fbaf6506-81e1-43a2-bcc1-80e18c7b0146/uk.representclo.com/cdn/shop/files/fqz3oPGbD8LT2DQMjO17ZwpVBmzIoqmVjdqMVFpfgKk.jpg?crop=center&height=1200&v=1752827528&width=1200
https://uk.representclo.com/products/247-arc-1-runner-cream,247 Arc-1 Runner - Cream,UK3 / EU36 / US4 / USW5,True,185.0,,https://scdn.speedsize.com/fbaf6506-81e1-43a2-bcc1-80e18c7b0146/cdn.shopify.com/s/files/1/0181/2235/files/s8kGFoByD-P4KwdDeA-GPSeEqslqWEeP_FAKW2Qq2Gw.jpg?crop=center&height=1200&v=1744816143&width=1200
https://uk.representclo.com/products/247-arc-1-runner-cream,247 Arc-1 Runner - Cream,UK4 / EU37 / US5 / USW6,True,185.0,,https://scdn.speedsize.com/fbaf6506-81e1-43a2-bcc1-80e18c7b0146/cdn.shopify.com/s/files/1/0181/2235/files/s8kGFoByD-P4KwdDeA-GPSeEqslqWEeP_FAKW2Qq2Gw.jpg?crop=center&height=1200&v=1744816143&width=1200
https://uk.representclo.com/products/247-arc-1-runner-cream,247 Arc-1 Runner - Cream,UK5 / EU38 / US6 / USW7,True,185.0,,https://scdn.speedsize.com/fbaf6506-81e1-43a2-bcc1-80e18c7b0146/cdn.shopify.com/s/files/1/0181/2235/files/s8kGFoByD-P4KwdDeA-GPSeEqslqWEeP_FAKW2Qq2Gw.jpg?crop=center&height=1200&v=1744816143&width=1200
https://uk.representclo.com/products/247-arc-1-runner-cream,247 Arc-1 Runner - Cream,UK6 / EU39 / US7 / USW8,True,185.0,,https://scdn.speedsize.com/fbaf6506-81e1-43a2-bcc1-80e18c7b0146/cdn.shopify.com/s/files/1/0181/2235/files/s8kGFoByD-P4KwdDeA-GPSeEqslqWEeP_FAKW2Qq2Gw.jpg?crop=center&height=1200&v=1744816143&width=1200
https://uk.representclo.com/products/247-arc-1-runner-cream,247 Arc-1 Runner - Cream,UK6.5 / EU40 / US7.5 / USW8.5,True,185.0,,https://scdn.speedsize.com/fbaf6506-81e1-43a2-bcc1-80e18c7b0146/cdn.shopify.com/s/files/1/0181/2235/files/s8kGFoByD-P4KwdDeA-GPSeEqslqWEeP_FAKW2Qq2Gw.jpg?crop=center&height=1200&v=1744816143&width=1200
https://uk.representclo.com/products/247-arc-1-runner-cream,247 Arc-1 Runner - Cream,UK7 / EU40.5 / US8 / USW9,True,185.0,,https://scdn.speedsize.com/fbaf6506-81e1-43a2-bcc1-80e18c7b0146/cdn.shopify.com/s/files/1/0181/2235/files/s8kGFoByD-P4KwdDeA-GPSeEqslqWEeP_FAKW2Qq2Gw.jpg?crop=center&height=1200&v=1744816143&width=1200
https://uk.representclo.com/products/247-arc-1-runner-cream,247 Arc-1 Runner - Cream,UK7.5 / EU41 / US8.5 / USW9.5,True,185.0,,https://scdn.speedsize.com/fbaf6506-81e1-43a2-bcc1-80e18c7b0146/cdn.shopify.com/s/files/1/0181/2235/files/s8kGFoByD-P4KwdDeA-GPSeEqslqWEeP_FAKW2Qq2Gw.jpg?crop=center&height=1200&v=1744816143&width=1200
https://uk.representclo.com/products/247-arc-1-runner-cream,247 Arc-1 Runner - Cream,UK8 / EU42 / US9 / USW10,True,185.0,,https://scdn.speedsize.com/fbaf6506-81e1-43a2-bcc1-80e18c7b0146/cdn.shopify.com/s/files/1/0181/2235/files/s8kGFoByD-P4KwdDeA-GPSeEqslqWEeP_FAKW2Qq2Gw.jpg?crop=center&height=1200&v=1744816143&width=1200
https://uk.representclo.com/products/247-arc-1-runner-cream,247 Arc-1 Runner - Cream,UK8.5 / EU42.5 / US9.5,True,185.0,,https://scdn.speedsize.com/fbaf6506-81e1-43a2-bcc1-80e18c7b0146/cdn.shopify.com/s/files/1/0181/2235/files/s8kGFoByD-P4KwdDeA-GPSeEqslqWEeP_FAKW2Qq2Gw.jpg?crop=center&height=1200&v=1744816143&width=1200
https://uk.representclo.com/products/247-arc-1-runner-cream,247 Arc-1 Runner - Cream,UK9 / EU43 / US10,True,185.0,,https://scdn.speedsize.com/fbaf6506-81e1-43a2-bcc1-80e18c7b0146/cdn.shopify.com/s/files/1/0181/2235/files/s8kGFoByD-P4KwdDeA-GPSeEqslqWEeP_FAKW2Qq2Gw.jpg?crop=center&height=1200&v=1744816143&width=1200
https://uk.representclo.com/products/247-arc-1-runner-cream,247 Arc-1 Runner - Cream,UK9.5 / EU43.5 / US10.5,True,185.0,,https://scdn.speedsize.com/fbaf6506-81e1-43a2-bcc1-80e18c7b0146/cdn.shopify.com/s/files/1/0181/2235/files/s8kGFoByD-P4KwdDeA-GPSeEqslqWEeP_FAKW2Qq2Gw.jpg?crop=center&height=1200&v=1744816143&width=1200
https://uk.representclo.com/products/247-arc-1-runner-cream,247 Arc-1 Runner - Cream,UK10 / EU44 / US11,True,185.0,,https://scdn.speedsize.com/fbaf6506-81e1-43a2-bcc1-80e18c7b0146/cdn.shopify.com/s/files/1/0181/2235/files/s8kGFoByD-P4KwdDeA-GPSeEqslqWEeP_FAKW2Qq2Gw.jpg?crop=center&height=1200&v=1744816143&width=1200
https://uk.representclo.com/products/247-arc-1-runner-cream,247 Arc-1 Runner - Cream,UK10.5 / EU44.5 / US11.5,True,185.0,,https://scdn.speedsize.com/fbaf6506-81e1-43a2-bcc1-80e18c7b0146/cdn.shopify.com/s/files/1/0181/2235/files/s8kGFoByD-P4KwdDeA-GPSeEqslqWEeP_FAKW2Qq2Gw.jpg?crop=center&height=1200&v=1744816143&width=1200
https://uk.representclo.com/products/247-arc-1-runner-cream,247 Arc-1 Runner - Cream,UK11 / EU45 / US12,True,185.0,,https://scdn.speedsize.com/fbaf6506-81e1-43a2-bcc1-80e18c7b0146/cdn.shopify.com/s/files/1/0181/2235/files/s8kGFoByD-P4KwdDeA-GPSeEqslqWEeP_FAKW2Qq2Gw.jpg?crop=center&height=1200&v=1744816143&width=1200
https://uk.representclo.com/products/247-arc-1-runner-cream,247 Arc-1 Runner - Cream,UK11.5 / EU45.5 / US12.5,True,185.0,,https://scdn.speedsize.com/fbaf6506-81e1-43a2-bcc1-80e18c7b0146/cdn.shopify.com/s/files/1/0181/2235/files/s8kGFoByD-P4KwdDeA-GPSeEqslqWEeP_FAKW2Qq2Gw.jpg?crop=center&height=1200&v=1744816143&width=1200
https://uk.representclo.com/products/247-arc-1-runner-cream,247 Arc-1 Runner - Cream,UK12 / EU46 / US13,True,185.0,,https://scdn.speedsize.com/fbaf6506-81e1-43a2-bcc1-80e18c7b0146/cdn.shopify.com/s/files/1/0181/2235/files/s8kGFoByD-P4KwdDeA-GPSeEqslqWEeP_FAKW2Qq2Gw.jpg?crop=center&height=1200&v=1744816143&width=1200
https://uk.representclo.com/products/247-arc-1-runner-cream,247 Arc-1 Runner - Cream,UK12.5 / EU46.5 / US13.5,True,185.0,,https://scdn.speedsize.com/fbaf6506-81e1-43a2-bcc1-80e18c7b0146/cdn.shopify.com/s/files/1/0181/2235/files/s8kGFoByD-P4KwdDeA-GPSeEqslqWEeP_FAKW2Qq2Gw.jpg?crop=center&height=1200&v=1744816143&width=1200
https://uk.representclo.com/products/247-arc-1-runner-cream,247 Arc-1 Runner - Cream,UK13 / EU47 / US14,True,185.0,,https://scdn.speedsize.com/fbaf6506-81e1-43a2-bcc1-80e18c7b0146/cdn.shopify.com/s/files/1/0181/2235/files/s8kGFoByD-P4KwdDeA-GPSeEqslqWEeP_FAKW2Qq2Gw.jpg?crop=center&height=1200&v=1744816143&width=1200
https://uk.representclo.com/products/247-arc-1-runner-flat-white,247 Arc-1 Runner - Flat White,UK6 / EU39 / US7 / USW8,True,185.0,,https://scdn.speedsize.com/fbaf6506-81e1-43a2-bcc1-80e18c7b0146/uk.representclo.com/cdn/shop/files/ARC_RUNNER_WHITE_7.jpg?crop=center&height=1200&v=1737565292&width=1200
https://uk.representclo.com/products/247-arc-1-runner-flat-white,247 Arc-1 Runner - Flat White,UK6.5 / EU40 / US7.5 / USW8.5,True,185.0,,https://scdn.speedsize.com/fbaf6506-81e1-43a2-bcc1-80e18c7b0146/uk.representclo.com/cdn/shop/files/ARC_RUNNER_WHITE_7.jpg?crop=center&height=1200&v=1737565292&width=1200
https://uk.representclo.com/products/247-arc-1-runner-flat-white,247 Arc-1 Runner - Flat White,UK7 / EU40.5 / US8 / USW9,True,185.0,,https://scdn.speedsize.com/fbaf6506-81e1-43a2-bcc1-80e18c7b0146/uk.representclo.com/cdn/shop/files/ARC_RUNNER_WHITE_7.jpg?crop=center&height=1200&v=1737565292&width=1200
https://uk.representclo.com/products/247-arc-1-runner-flat-white,247 Arc-1 Runner - Flat White,UK7.5 / EU41 / US8.5 / USW9.5,False,185.0,,https://scdn.speedsize.com/fbaf6506-81e1-43a2-bcc1-80e18c7b0146/uk.representclo.com/cdn/shop/files/ARC_RUNNER_WHITE_7.jpg?crop=center&height=1200&v=1737565292&width=1200
https://uk.representclo.com/products/247-arc-1-runner-flat-white,247 Arc-1 Runner - Flat White,UK8 / EU42 / US9 / USW10,True,185.0,,https://scdn.speedsize.com/fbaf6506-81e1-43a2-bcc1-80e18c7b0146/uk.representclo.com/cdn/shop/files/ARC_RUNNER_WHITE_7.jpg?crop=center&height=1200&v=1737565292&width=1200
https://uk.representclo.com/products/247-arc-1-runner-flat-white,247 Arc-1 Runner - Flat White,UK8.5 / EU42.5 / US9.5,True,185.0,,https://scdn.speedsize.com/fbaf6506-81e1-43a2-bcc1-80e18c7b0146/uk.representclo.com/cdn/shop/files/ARC_RUNNER_WHITE_7.jpg?crop=center&height=1200&v=1737565292&width=1200
https://uk.representclo.com/products/247-arc-1-runner-flat-white,247 Arc-1 Runner - Flat White,UK9 / EU43 / US10,True,185.0,,https://scdn.speedsize.com/fbaf6506-81e1-43a2-bcc1-80e18c7b0146/uk.representclo.com/cdn/shop/files/ARC_RUNNER_WHITE_7.jpg?crop=center&height=1200&v=1737565292&width=1200
https://uk.representclo.com/products/247-arc-1-runner-flat-white,247 Arc-1 Runner - Flat White,UK9.5 / EU44 / US10.5,False,185.0,,https://scdn.speedsize.com/fbaf6506-81e1-43a2-bcc1-80e18c7b0146/uk.representclo.com/cdn/shop/files/ARC_RUNNER_WHITE_7.jpg?crop=center&height=1200&v=1737565292&width=1200
https://uk.representclo.com/products/247-arc-1-runner-flat-white,247 Arc-1 Runner - Flat White,UK10 / EU44.5 / US11,True,185.0,,https://scdn.speedsize.com/fbaf6506-81e1-43a2-bcc1-80e18c7b0146/uk.representclo.com/cdn/shop/files/ARC_RUNNER_WHITE_7.jpg?crop=center&height=1200&v=1737565292&width=1200
https://uk.representclo.com/products/247-arc-1-runner-flat-white,247 Arc-1 Runner - Flat White,UK10.5 / EU45 / US11.5,True,185.0,,https://scdn.speedsize.com/fbaf6506-81e1-43a2-bcc1-80e18c7b0146/uk.representclo.com/cdn/shop/files/ARC_RUNNER_WHITE_7.jpg?crop=center&height=1200&v=1737565292&width=1200
https://uk.representclo.com/products/247-arc-1-runner-flat-white,247 Arc-1 Runner - Flat White,UK11 / EU46 / US12,True,185.0,,https://scdn.speedsize.com/fbaf6506-81e1-43a2-bcc1-80e18c7b0146/uk.representclo.com/cdn/shop/files/ARC_RUNNER_WHITE_7.jpg?crop=center&height=1200&v=1737565292&width=1200
https://uk.representclo.com/products/247-arc-1-runner-flat-white,247 Arc-1 Runner - Flat White,UK11.5 / EU46.5 / US12.5,True,185.0,,https://scdn.speedsize.com/fbaf6506-81e1-43a2-bcc1-80e18c7b0146/uk.representclo.com/cdn/shop/files/ARC_RUNNER_WHITE_7.jpg?crop=center&height=1200&v=1737565292&width=1200
https://uk.representclo.com/products/247-arc-1-runner-flat-white,247 Arc-1 Runner - Flat White,UK12 / EU47 / US13,True,185.0,,https://scdn.speedsize.com/fbaf6506-81e1-43a2-bcc1-80e18c7b0146/uk.representclo.com/cdn/shop/files/ARC_RUNNER_WHITE_7.jpg?crop=center&height=1200&v=1737565292&width=1200
https://uk.representclo.com/products/247-arc-1-runner-flat-white,247 Arc-1 Runner - Flat White,UK12.5 / EU47.5 / US13.5,True,185.0,,https://scdn.speedsize.com/fbaf6506-81e1-43a2-bcc1-80e18c7b0146/uk.representclo.com/cdn/shop/files/ARC_RUNNER_WHITE_7.jpg?crop=center&height=1200&v=1737565292&width=1200
https://uk.representclo.com/products/247-arc-1-runner-flat-white,247 Arc-1 Runner - Flat White,UK13 / EU48 / US14,True,185.0,,https://scdn.speedsize.com/fbaf6506-81e1-43a2-bcc1-80e18c7b0146/uk.representclo.com/cdn/shop/files/ARC_RUNNER_WHITE_7.jpg?crop=center&height=1200&v=1737565292&width=1200
https://uk.representclo.com/products/247-arc-1-runner-flat-white,247 Arc-1 Runner - Flat White,UK5 / EU38 / US6 / USW7,True,185.0,,https://scdn.speedsize.com/fbaf6506-81e1-43a2-bcc1-80e18c7b0146/uk.representclo.com/cdn/shop/files/ARC_RUNNER_WHITE_7.jpg?crop=center&height=1200&v=1737565292&width=1200
https://uk.representclo.com/products/247-arc-1-runner-flat-white,247 Arc-1 Runner - Flat White,UK4 / EU37 / US5 / USW6,True,185.0,,https://scdn.speedsize.com/fbaf6506-81e1-43a2-bcc1-80e18c7b0146/uk.representclo.com/cdn/shop/files/ARC_RUNNER_WHITE_7.jpg?crop=center&height=1200&v=1737565292&width=1200
https://uk.representclo.com/products/247-arc-1-runner-flat-white,247 Arc-1 Runner - Flat White,UK3 / EU36 / US4 / USW5,True,185.0,,https://scdn.speedsize.com/fbaf6506-81e1-43a2-bcc1-80e18c7b0146/uk.representclo.com/cdn/shop/files/ARC_RUNNER_WHITE_7.jpg?crop=center&height=1200&v=1737565292&width=1200
https://uk.representclo.com/products/247-arc-1-runner-flat-white-purple-fade,247 Arc-1 Runner - Flat White Purple Fade,UK6 / EU39 / US7 / USW8,True,185.0,,https://scdn.speedsize.com/fbaf6506-81e1-43a2-bcc1-80e18c7b0146/uk.representclo.com/cdn/shop/files/9SZX5s1We1gbNas0ZlQZ-ZK5ehQT87oxSNvi6rJ7xYE.jpg?crop=center&height=1200&v=1752827552&width=1200
https://uk.representclo.com/products/247-arc-1-runner-flat-white-purple-fade,247 Arc-1 Runner - Flat White Purple Fade,UK6.5 / EU40 / US7.5 / USW8.5,False,185.0,,https://scdn.speedsize.com/fbaf6506-81e1-43a2-bcc1-80e18c7b0146/uk.representclo.com/cdn/shop/files/9SZX5s1We1gbNas0ZlQZ-ZK5ehQT87oxSNvi6rJ7xYE.jpg?crop=center&height=1200&v=1752827552&width=1200
https://uk.representclo.com/products/247-arc-1-runner-flat-white-purple-fade,247 Arc-1 Runner - Flat White Purple Fade,UK7 / EU40.5 / US8 / USW9,False,185.0,,https://scdn.speedsize.com/fbaf6506-81e1-43a2-bcc1-80e18c7b0146/uk.representclo.com/cdn/shop/files/9SZX5s1We1gbNas0ZlQZ-ZK5ehQT87oxSNvi6rJ7xYE.jpg?crop=center&height=1200&v=1752827552&width=1200
https://uk.representclo.com/products/247-arc-1-runner-flat-white-purple-fade,247 Arc-1 Runner - Flat White Purple Fade,UK7.5 / EU41 / US8.5 / USW9.5,False,185.0,,https://scdn.speedsize.com/fbaf6506-81e1-43a2-bcc1-80e18c7b0146/uk.representclo.com/cdn/shop/files/9SZX5s1We1gbNas0ZlQZ-ZK5ehQT87oxSNvi6rJ7xYE.jpg?crop=center&height=1200&v=1752827552&width=1200
https://uk.representclo.com/products/247-arc-1-runner-flat-white-purple-fade,247 Arc-1 Runner - Flat White Purple Fade,UK8 / EU42 / US9 / USW10,False,185.0,,https://scdn.speedsize.com/fbaf6506-81e1-43a2-bcc1-80e18c7b0146/uk.representclo.com/cdn/shop/files/9SZX5s1We1gbNas0ZlQZ-ZK5ehQT87oxSNvi6rJ7xYE.jpg?crop=center&height=1200&v=1752827552&width=1200
https://uk.representclo.com/products/247-arc-1-runner-flat-white-purple-fade,247 Arc-1 Runner - Flat White Purple Fade,UK8.5 / EU42.5 / US9.5,False,185.0,,https://scdn.speedsize.com/fbaf6506-81e1-43a2-bcc1-80e18c7b0146/uk.representclo.com/cdn/shop/files/9SZX5s1We1gbNas0ZlQZ-ZK5ehQT87oxSNvi6rJ7xYE.jpg?crop=center&height=1200&v=1752827552&width=1200
https://uk.representclo.com/products/247-arc-1-runner-flat-white-purple-fade,247 Arc-1 Runner - Flat White Purple Fade,UK9 / EU43 / US10,False,185.0,,https://scdn.speedsize.com/fbaf6506-81e1-43a2-bcc1-80e18c7b0146/uk.representclo.com/cdn/shop/files/9SZX5s1We1gbNas0ZlQZ-ZK5ehQT87oxSNvi6rJ7xYE.jpg?crop=center&height=1200&v=1752827552&width=1200
https://uk.representclo.com/products/247-arc-1-runner-flat-white-purple-fade,247 Arc-1 Runner - Flat White Purple Fade,UK9.5 / EU44 / US10.5,False,185.0,,https://scdn.speedsize.com/fbaf6506-81e1-43a2-bcc1-80e18c7b0146/uk.representclo.com/cdn/shop/files/9SZX5s1We1gbNas0ZlQZ-ZK5ehQT87oxSNvi6rJ7xYE.jpg?crop=center&height=1200&v=1752827552&width=1200
https://uk.representclo.com/products/247-arc-1-runner-flat-white-purple-fade,247 Arc-1 Runner - Flat White Purple Fade,UK10 / EU44.5 / US11,False,185.0,,https://scdn.speedsize.com/fbaf6506-81e1-43a2-bcc1-80e18c7b0146/uk.representclo.com/cdn/shop/files/9SZX5s1We1gbNas0ZlQZ-ZK5ehQT87oxSNvi6rJ7xYE.jpg?crop=center&height=1200&v=1752827552&width=1200
https://uk.representclo.com/products/247-arc-1-runner-flat-white-purple-fade,247 Arc-1 Runner - Flat White Purple Fade,UK10.5 / EU45 / US11.5,False,185.0,,https://scdn.speedsize.com/fbaf6506-81e1-43a2-bcc1-80e18c7b0146/uk.representclo.com/cdn/shop/files/9SZX5s1We1gbNas0ZlQZ-ZK5ehQT87oxSNvi6rJ7xYE.jpg?crop=center&height=1200&v=1752827552&width=1200
https://uk.representclo.com/products/247-arc-1-runner-flat-white-purple-fade,247 Arc-1 Runner - Flat White Purple Fade,UK11 / EU46 / US12,False,185.0,,https://scdn.speedsize.com/fbaf6506-81e1-43a2-bcc1-80e18c7b0146/uk.representclo.com/cdn/shop/files/9SZX5s1We1gbNas0ZlQZ-ZK5ehQT87oxSNvi6rJ7xYE.jpg?crop=center&height=1200&v=1752827552&width=1200
https://uk.representclo.com/products/247-arc-1-runner-flat-white-purple-fade,247 Arc-1 Runner - Flat White Purple Fade,UK11.5 / EU46.5 / US12.5,False,185.0,,https://scdn.speedsize.com/fbaf6506-81e1-43a2-bcc1-80e18c7b0146/uk.representclo.com/cdn/shop/files/9SZX5s1We1gbNas0ZlQZ-ZK5ehQT87oxSNvi6rJ7xYE.jpg?crop=center&height=1200&v=1752827552&width=1200
https://uk.representclo.com/products/247-arc-1-runner-flat-white-purple-fade,247 Arc-1 Runner - Flat White Purple Fade,UK12 / EU47 / US13,True,185.0,,https://scdn.speedsize.com/fbaf6506-81e1-43a2-bcc1-80e18c7b0146/uk.representclo.com/cdn/shop/files/9SZX5s1We1gbNas0ZlQZ-ZK5ehQT87oxSNvi6rJ7xYE.jpg?crop=center&height=1200&v=1752827552&width=1200
https://uk.representclo.com/products/247-arc-1-runner-flat-white-purple-fade,247 Arc-1 Runner - Flat White Purple Fade,UK12.5 / EU47.5 / US13.5,False,185.0,,https://scdn.speedsize.com/fbaf6506-81e1-43a2-bcc1-80e18c7b0146/uk.representclo.com/cdn/shop/files/9SZX5s1We1gbNas0ZlQZ-ZK5ehQT87oxSNvi6rJ7xYE.jpg?crop=center&height=1200&v=1752827552&width=1200
https://uk.representclo.com/products/247-arc-1-runner-flat-white-purple-fade,247 Arc-1 Runner - Flat White Purple Fade,UK13 / EU48 / US14,False,185.0,,https://scdn.speedsize.com/fbaf6506-81e1-43a2-bcc1-80e18c7b0146/uk.representclo.com/cdn/shop/files/9SZX5s1We1gbNas0ZlQZ-ZK5ehQT87oxSNvi6rJ7xYE.jpg?crop=center&height=1200&v=1752827552&width=1200
https://uk.representclo.com/products/247-arc-1-runner-winter-chocolate,247 Arc-1 Runner Winter - Chocolate,UK6 / EU40 / US7,True,210.0,,https://scdn.speedsize.com/fbaf6506-81e1-43a2-bcc1-80e18c7b0146/uk.representclo.com/cdn/shop/files/BM0OF-AzBTijvRdXBBSYu2m2eUsndld0fvJelFVhm_Y.jpg?crop=center&height=1200&v=1762179127&width=1200
https://uk.representclo.com/products/247-arc-1-runner-winter-chocolate,247 Arc-1 Runner Winter - Chocolate,UK6.5 / EU40.5 / US7.5,True,210.0,,https://scdn.speedsize.com/fbaf6506-81e1-43a2-bcc1-80e18c7b0146/uk.representclo.com/cdn/shop/files/BM0OF-AzBTijvRdXBBSYu2m2eUsndld0fvJelFVhm_Y.jpg?crop=center&height=1200&v=1762179127&width=1200
https://uk.representclo.com/products/247-arc-1-runner-winter-chocolate,247 Arc-1 Runner Winter - Chocolate,UK7 / EU41 / US8,True,210.0,,https://scdn.speedsize.com/fbaf6506-81e1-43a2-bcc1-80e18c7b0146/uk.representclo.com/cdn/shop/files/BM0OF-AzBTijvRdXBBSYu2m2eUsndld0fvJelFVhm_Y.jpg?crop=center&height=1200&v=1762179127&width=1200
https://uk.representclo.com/products/247-arc-1-runner-winter-chocolate,247 Arc-1 Runner Winter - Chocolate,UK7.5 / EU41.5 / US8.5,False,210.0,,https://scdn.speedsize.com/fbaf6506-81e1-43a2-bcc1-80e18c7b0146/uk.representclo.com/cdn/shop/files/BM0OF-AzBTijvRdXBBSYu2m2eUsndld0fvJelFVhm_Y.jpg?crop=center&height=1200&v=1762179127&width=1200
https://uk.representclo.com/products/247-arc-1-runner-winter-chocolate,247 Arc-1 Runner Winter - Chocolate,UK8 / EU42 / US9,True,210.0,,https://scdn.speedsize.com/fbaf6506-81e1-43a2-bcc1-80e18c7b0146/uk.representclo.com/cdn/shop/files/BM0OF-AzBTijvRdXBBSYu2m2eUsndld0fvJelFVhm_Y.jpg?crop=center&height=1200&v=1762179127&width=1200
https://uk.representclo.com/products/247-arc-1-runner-winter-chocolate,247 Arc-1 Runner Winter - Chocolate,UK8.5 / EU42.5 / US9.5,False,210.0,,https://scdn.speedsize.com/fbaf6506-81e1-43a2-bcc1-80e18c7b0146/uk.representclo.com/cdn/shop/files/BM0OF-AzBTijvRdXBBSYu2m2eUsndld0fvJelFVhm_Y.jpg?crop=center&height=1200&v=1762179127&width=1200
https://uk.representclo.com/products/247-arc-1-runner-winter-chocolate,247 Arc-1 Runner Winter - Chocolate,UK9 / EU43 / US10,True,210.0,,https://scdn.speedsize.com/fbaf6506-81e1-43a2-bcc1-80e18c7b0146/uk.representclo.com/cdn/shop/files/BM0OF-AzBTijvRdXBBSYu2m2eUsndld0fvJelFVhm_Y.jpg?crop=center&height=1200&v=1762179127&width=1200
https://uk.representclo.com/products/247-arc-1-runner-winter-chocolate,247 Arc-1 Runner Winter - Chocolate,UK9.5 / EU43.5 / US10.5,False,210.0,,https://scdn.speedsize.com/fbaf6506-81e1-43a2-bcc1-80e18c7b0146/uk.representclo.com/cdn/shop/files/BM0OF-AzBTijvRdXBBSYu2m2eUsndld0fvJelFVhm_Y.jpg?crop=center&height=1200&v=1762179127&width=1200
https://uk.representclo.com/products/247-arc-1-runner-winter-chocolate,247 Arc-1 Runner Winter - Chocolate,UK10 / EU44 / US11,True,210.0,,https://scdn.speedsize.com/fbaf6506-81e1-43a2-bcc1-80e18c7b0146/uk.representclo.com/cdn/shop/files/BM0OF-AzBTijvRdXBBSYu2m2eUsndld0fvJelFVhm_Y.jpg?crop=center&height=1200&v=1762179127&width=1200
https://uk.representclo.com/products/247-arc-1-runner-winter-chocolate,247 Arc-1 Runner Winter - Chocolate,UK10.5 / EU44.5 / US11.5,False,210.0,,https://scdn.speedsize.com/fbaf6506-81e1-43a2-bcc1-80e18c7b0146/uk.representclo.com/cdn/shop/files/BM0OF-AzBTijvRdXBBSYu2m2eUsndld0fvJelFVhm_Y.jpg?crop=center&height=1200&v=1762179127&width=1200
https://uk.representclo.com/products/247-arc-1-runner-winter-chocolate,247 Arc-1 Runner Winter - Chocolate,UK11 / EU45 / US12,True,210.0,,https://scdn.speedsize.com/fbaf6506-81e1-43a2-bcc1-80e18c7b0146/uk.representclo.com/cdn/shop/files/BM0OF-AzBTijvRdXBBSYu2m2eUsndld0fvJelFVhm_Y.jpg?crop=center&height=1200&v=1762179127&width=1200
https://uk.representclo.com/products/247-arc-1-runner-winter-chocolate,247 Arc-1 Runner Winter - Chocolate,UK11.5 / EU45.5 / US12.5,False,210.0,,https://scdn.speedsize.com/fbaf6506-81e1-43a2-bcc1-80e18c7b0146/uk.representclo.com/cdn/shop/files/BM0OF-AzBTijvRdXBBSYu2m2eUsndld0fvJelFVhm_Y.jpg?crop=center&height=1200&v=1762179127&width=1200
https://uk.representclo.com/products/247-arc-1-runner-winter-chocolate,247 Arc-1 Runner Winter - Chocolate,UK12 / EU46 / US13,True,210.0,,https://scdn.speedsize.com/fbaf6506-81e1-43a2-bcc1-80e18c7b0146/uk.representclo.com/cdn/shop/files/BM0OF-AzBTijvRdXBBSYu2m2eUsndld0fvJelFVhm_Y.jpg?crop=center&height=1200&v=1762179127&width=1200
https://uk.representclo.com/products/247-arc-1-runner-winter-chocolate,247 Arc-1 Runner Winter - Chocolate,UK12.5 / EU46.5 / US13.5,False,210.0,,https://scdn.speedsize.com/fbaf6506-81e1-43a2-bcc1-80e18c7b0146/uk.representclo.com/cdn/shop/files/BM0OF-AzBTijvRdXBBSYu2m2eUsndld0fvJelFVhm_Y.jpg?crop=center&height=1200&v=1762179127&width=1200
https://uk.representclo.com/products/247-arc-1-runner-winter-chocolate,247 Arc-1 Runner Winter - Chocolate,UK13 / EU47 / US14,False,210.0,,https://scdn.speedsize.com/fbaf6506-81e1-43a2-bcc1-80e18c7b0146/uk.representclo.com/cdn/shop/files/BM0OF-AzBTijvRdXBBSYu2m2eUsndld0fvJelFVhm_Y.jpg?crop=center&height=1200&v=1762179127&width=1200
https://uk.representclo.com/products/247-arc-1-runner-winter-steel,247 Arc-1 Runner Winter - Steel,UK6 / EU40 / US7,True,210.0,,https://scdn.speedsize.com/fbaf6506-81e1-43a2-bcc1-80e18c7b0146/uk.representclo.com/cdn/shop/files/247Arcwintersteel_01.jpg?crop=center&height=1200&v=1762372222&width=1200
https://uk.representclo.com/products/247-arc-1-runner-winter-steel,247 Arc-1 Runner Winter - Steel,UK6.5 / EU40.5 / US7.5,False,210.0,,https://scdn.speedsize.com/fbaf6506-81e1-43a2-bcc1-80e18c7b0146/uk.representclo.com/cdn/shop/files/247Arcwintersteel_01.jpg?crop=center&height=1200&v=1762372222&width=1200
https://uk.representclo.com/products/247-arc-1-runner-winter-steel,247 Arc-1 Runner Winter - Steel,UK7 / EU41 / US8,True,210.0,,https://scdn.speedsize.com/fbaf6506-81e1-43a2-bcc1-80e18c7b0146/uk.representclo.com/cdn/shop/files/247Arcwintersteel_01.jpg?crop=center&height=1200&v=1762372222&width=1200
https://uk.representclo.com/products/247-arc-1-runner-winter-steel,247 Arc-1 Runner Winter - Steel,UK7.5 / EU41.5 / US8.5,False,210.0,,https://scdn.speedsize.com/fbaf6506-81e1-43a2-bcc1-80e18c7b0146/uk.representclo.com/cdn/shop/files/247Arcwintersteel_01.jpg?crop=center&height=1200&v=1762372222&width=1200
https://uk.representclo.com/products/247-arc-1-runner-winter-steel,247 Arc-1 Runner Winter - Steel,UK8 / EU42 / US9,True,210.0,,https://scdn.speedsize.com/fbaf6506-81e1-43a2-bcc1-80e18c7b0146/uk.representclo.com/cdn/shop/files/247Arcwintersteel_01.jpg?crop=center&height=1200&v=1762372222&width=1200
https://uk.representclo.com/products/247-arc-1-runner-winter-steel,247 Arc-1 Runner Winter - Steel,UK8.5 / EU42.5 / US9.5,False,210.0,,https://scdn.speedsize.com/fbaf6506-81e1-43a2-bcc1-80e18c7b0146/uk.representclo.com/cdn/shop/files/247Arcwintersteel_01.jpg?crop=center&height=1200&v=1762372222&width=1200
https://uk.representclo.com/products/247-arc-1-runner-winter-steel,247 Arc-1 Runner Winter - Steel,UK9 / EU43 / US10,True,210.0,,https://scdn.speedsize.com/fbaf6506-81e1-43a2-bcc1-80e18c7b0146/uk.representclo.com/cdn/shop/files/247Arcwintersteel_01.jpg?crop=center&height=1200&v=1762372222&width=1200
https://uk.representclo.com/products/247-arc-1-runner-winter-steel,247 Arc-1 Runner Winter - Steel,UK9.5 / EU43.5 / US10.5,True,210.0,,https://scdn.speedsize.com/fbaf6506-81e1-43a2-bcc1-80e18c7b0146/uk.representclo.com/cdn/shop/files/247Arcwintersteel_01.jpg?crop=center&height=1200&v=1762372222&width=1200
https://uk.representclo.com/products/247-arc-1-runner-winter-steel,247 Arc-1 Runner Winter - Steel,UK10 / EU44 / US11,True,210.0,,https://scdn.speedsize.com/fbaf6506-81e1-43a2-bcc1-80e18c7b0146/uk.representclo.com/cdn/shop/files/247Arcwintersteel_01.jpg?crop=center&height=1200&v=1762372222&width=1200
https://uk.representclo.com/products/247-arc-1-runner-winter-steel,247 Arc-1 Runner Winter - Steel,UK10.5 / EU44.5 / US11.5,False,210.0,,https://scdn.speedsize.com/fbaf6506-81e1-43a2-bcc1-80e18c7b0146/uk.representclo.com/cdn/shop/files/247Arcwintersteel_01.jpg?crop=center&height=1200&v=1762372222&width=1200
https://uk.representclo.com/products/247-arc-1-runner-winter-steel,247 Arc-1 Runner Winter - Steel,UK11 / EU45 / US12,False,210.0,,https://scdn.speedsize.com/fbaf6506-81e1-43a2-bcc1-80e18c7b0146/uk.representclo.com/cdn/shop/files/247Arcwintersteel_01.jpg?crop=center&height=1200&v=1762372222&width=1200
https://uk.representclo.com/products/247-arc-1-runner-winter-steel,247 Arc-1 Runner Winter - Steel,UK11.5 / EU45.5 / US12.5,False,210.0,,https://scdn.speedsize.com/fbaf6506-81e1-43a2-bcc1-80e18c7b0146/uk.representclo.com/cdn/shop/files/247Arcwintersteel_01.jpg?crop=center&height=1200&v=1762372222&width=1200
https://uk.representclo.com/products/247-arc-1-runner-winter-steel,247 Arc-1 Runner Winter - Steel,UK12 / EU46 / US13,True,210.0,,https://scdn.speedsize.com/fbaf6506-81e1-43a2-bcc1-80e18c7b0146/uk.representclo.com/cdn/shop/files/247Arcwintersteel_01.jpg?crop=center&height=1200&v=1762372222&width=1200
https://uk.representclo.com/products/247-arc-1-runner-winter-steel,247 Arc-1 Runner Winter - Steel,UK12.5 / EU46.5 / US13.5,False,210.0,,https://scdn.speedsize.com/fbaf6506-81e1-43a2-bcc1-80e18c7b0146/uk.representclo.com/cdn/shop/files/247Arcwintersteel_01.jpg?crop=center&height=1200&v=1762372222&width=1200
https://uk.representclo.com/products/247-arc-1-runner-winter-steel,247 Arc-1 Runner Winter - Steel,UK13 / EU47 / US14,False,210.0,,https://scdn.speedsize.com/fbaf6506-81e1-43a2-bcc1-80e18c7b0146/uk.representclo.com/cdn/shop/files/247Arcwintersteel_01.jpg?crop=center&height=1200&v=1762372222&width=1200
https://uk.representclo.com/products/247-arc-1-runner-yellow,247 Arc-1 Runner - Yellow,UK6 / EU39 / US7 / USW8,True,185.0,,https://scdn.speedsize.com/fbaf6506-81e1-43a2-bcc1-80e18c7b0146/uk.representclo.com/cdn/shop/files/ysEK6P3UeiLMvPvA5DbrPCrH9WCTJbYVRK5GFuDczYA.jpg?crop=center&height=1200&v=1737555763&width=1200
https://uk.representclo.com/products/247-arc-1-runner-yellow,247 Arc-1 Runner - Yellow,UK6.5 / EU40 / US7.5 / USW8.5,True,185.0,,https://scdn.speedsize.com/fbaf6506-81e1-43a2-bcc1-80e18c7b0146/uk.representclo.com/cdn/shop/files/ysEK6P3UeiLMvPvA5DbrPCrH9WCTJbYVRK5GFuDczYA.jpg?crop=center&height=1200&v=1737555763&width=1200
https://uk.representclo.com/products/247-arc-1-runner-yellow,247 Arc-1 Runner - Yellow,UK7 / EU40.5 / US8 / USW9,True,185.0,,https://scdn.speedsize.com/fbaf6506-81e1-43a2-bcc1-80e18c7b0146/uk.representclo.com/cdn/shop/files/ysEK6P3UeiLMvPvA5DbrPCrH9WCTJbYVRK5GFuDczYA.jpg?crop=center&height=1200&v=1737555763&width=1200
https://uk.representclo.com/products/247-arc-1-runner-yellow,247 Arc-1 Runner - Yellow,UK7.5 / EU41 / US8.5 / USW9.5,False,185.0,,https://scdn.speedsize.com/fbaf6506-81e1-43a2-bcc1-80e18c7b0146/uk.representclo.com/cdn/shop/files/ysEK6P3UeiLMvPvA5DbrPCrH9WCTJbYVRK5GFuDczYA.jpg?crop=center&height=1200&v=1737555763&width=1200
https://uk.representclo.com/products/247-arc-1-runner-yellow,247 Arc-1 Runner - Yellow,UK8 / EU42 / US9 / USW10,True,185.0,,https://scdn.speedsize.com/fbaf6506-81e1-43a2-bcc1-80e18c7b0146/uk.representclo.com/cdn/shop/files/ysEK6P3UeiLMvPvA5DbrPCrH9WCTJbYVRK5GFuDczYA.jpg?crop=center&height=1200&v=1737555763&width=1200
https://uk.representclo.com/products/247-arc-1-runner-yellow,247 Arc-1 Runner - Yellow,UK8.5 / EU42.5 / US9.5,True,185.0,,https://scdn.speedsize.com/fbaf6506-81e1-43a2-bcc1-80e18c7b0146/uk.representclo.com/cdn/shop/files/ysEK6P3UeiLMvPvA5DbrPCrH9WCTJbYVRK5GFuDczYA.jpg?crop=center&height=1200&v=1737555763&width=1200
https://uk.representclo.com/products/247-arc-1-runner-yellow,247 Arc-1 Runner - Yellow,UK9 / EU43 / US10,True,185.0,,https://scdn.speedsize.com/fbaf6506-81e1-43a2-bcc1-80e18c7b0146/uk.representclo.com/cdn/shop/files/ysEK6P3UeiLMvPvA5DbrPCrH9WCTJbYVRK5GFuDczYA.jpg?crop=center&height=1200&v=1737555763&width=1200
https://uk.representclo.com/products/247-arc-1-runner-yellow,247 Arc-1 Runner - Yellow,UK9.5 / EU44 / US10.5,False,185.0,,https://scdn.speedsize.com/fbaf6506-81e1-43a2-bcc1-80e18c7b0146/uk.representclo.com/cdn/shop/files/ysEK6P3UeiLMvPvA5DbrPCrH9WCTJbYVRK5GFuDczYA.jpg?crop=center&height=1200&v=1737555763&width=1200
https://uk.representclo.com/products/247-arc-1-runner-yellow,247 Arc-1 Runner - Yellow,UK10 / EU44.5 / US11,True,185.0,,https://scdn.speedsize.com/fbaf6506-81e1-43a2-bcc1-80e18c7b0146/uk.representclo.com/cdn/shop/files/ysEK6P3UeiLMvPvA5DbrPCrH9WCTJbYVRK5GFuDczYA.jpg?crop=center&height=1200&v=1737555763&width=1200
https://uk.representclo.com/products/247-arc-1-runner-yellow,247 Arc-1 Runner - Yellow,UK10.5 / EU45 / US11.5,True,185.0,,https://scdn.speedsize.com/fbaf6506-81e1-43a2-bcc1-80e18c7b0146/uk.representclo.com/cdn/shop/files/ysEK6P3UeiLMvPvA5DbrPCrH9WCTJbYVRK5GFuDczYA.jpg?crop=center&height=1200&v=1737555763&width=1200
https://uk.representclo.com/products/247-arc-1-runner-yellow,247 Arc-1 Runner - Yellow,UK11 / EU46 / US12,True,185.0,,https://scdn.speedsize.com/fbaf6506-81e1-43a2-bcc1-80e18c7b0146/uk.representclo.com/cdn/shop/files/ysEK6P3UeiLMvPvA5DbrPCrH9WCTJbYVRK5GFuDczYA.jpg?crop=center&height=1200&v=1737555763&width=1200
https://uk.representclo.com/products/247-arc-1-runner-yellow,247 Arc-1 Runner - Yellow,UK11.5 / EU46.5 / US12.5,False,185.0,,https://scdn.speedsize.com/fbaf6506-81e1-43a2-bcc1-80e18c7b0146/uk.representclo.com/cdn/shop/files/ysEK6P3UeiLMvPvA5DbrPCrH9WCTJbYVRK5GFuDczYA.jpg?crop=center&height=1200&v=1737555763&width=1200
https://uk.representclo.com/products/247-arc-1-runner-yellow,247 Arc-1 Runner - Yellow,UK12 / EU47 / US13,True,185.0,,https://scdn.speedsize.com/fbaf6506-81e1-43a2-bcc1-80e18c7b0146/uk.representclo.com/cdn/shop/files/ysEK6P3UeiLMvPvA5DbrPCrH9WCTJbYVRK5GFuDczYA.jpg?crop=center&height=1200&v=1737555763&width=1200
https://uk.representclo.com/products/247-arc-1-runner-yellow,247 Arc-1 Runner - Yellow,UK12.5 / EU47.5 / US13.5,True,185.0,,https://scdn.speedsize.com/fbaf6506-81e1-43a2-bcc1-80e18c7b0146/uk.representclo.com/cdn/shop/files/ysEK6P3UeiLMvPvA5DbrPCrH9WCTJbYVRK5GFuDczYA.jpg?crop=center&height=1200&v=1737555763&width=1200
https://uk.representclo.com/products/247-arc-1-runner-yellow,247 Arc-1 Runner - Yellow,UK13 / EU48 / US14,False,185.0,,https://scdn.speedsize.com/fbaf6506-81e1-43a2-bcc1-80e18c7b0146/uk.representclo.com/cdn/shop/files/ysEK6P3UeiLMvPvA5DbrPCrH9WCTJbYVRK5GFuDczYA.jpg?crop=center&height=1200&v=1737555763&width=1200
https://uk.representclo.com/products/247-arc-1-runner-yellow,247 Arc-1 Runner - Yellow,UK5 / EU38 / US6 / USW7,True,185.0,,https://scdn.speedsize.com/fbaf6506-81e1-43a2-bcc1-80e18c7b0146/uk.representclo.com/cdn/shop/files/ysEK6P3UeiLMvPvA5DbrPCrH9WCTJbYVRK5GFuDczYA.jpg?crop=center&height=1200&v=1737555763&width=1200
https://uk.representclo.com/products/247-arc-1-runner-yellow,247 Arc-1 Runner - Yellow,UK4 / EU37 / US5 / USW6,False,185.0,,https://scdn.speedsize.com/fbaf6506-81e1-43a2-bcc1-80e18c7b0146/uk.representclo.com/cdn/shop/files/ysEK6P3UeiLMvPvA5DbrPCrH9WCTJbYVRK5GFuDczYA.jpg?crop=center&height=1200&v=1737555763&width=1200
https://uk.representclo.com/products/247-arc-1-runner-yellow,247 Arc-1 Runner - Yellow,UK3 / EU36 / US4 / USW5,True,185.0,,https://scdn.speedsize.com/fbaf6506-81e1-43a2-bcc1-80e18c7b0146/uk.representclo.com/cdn/shop/files/ysEK6P3UeiLMvPvA5DbrPCrH9WCTJbYVRK5GFuDczYA.jpg?crop=center&height=1200&v=1737555763&width=1200
https://uk.representclo.com/products/247-arc-2-trainer-black,247 Arc-2 Trainer - Black,UK6 / EU39 / US7 / USW8,True,155.0,,https://scdn.speedsize.com/fbaf6506-81e1-43a2-bcc1-80e18c7b0146/uk.representclo.com/cdn/shop/files/w8mOHGxR0w-TPJ78WbKEdrxHsbiQrxJ8tH0blC6PID8.jpg?crop=center&height=1200&v=1737555783&width=1200
https://uk.representclo.com/products/247-arc-2-trainer-black,247 Arc-2 Trainer - Black,UK6.5 / EU40 / US7.5 / USW8.5,True,155.0,,https://scdn.speedsize.com/fbaf6506-81e1-43a2-bcc1-80e18c7b0146/uk.representclo.com/cdn/shop/files/w8mOHGxR0w-TPJ78WbKEdrxHsbiQrxJ8tH0blC6PID8.jpg?crop=center&height=1200&v=1737555783&width=1200
https://uk.representclo.com/products/247-arc-2-trainer-black,247 Arc-2 Trainer - Black,UK7 / EU40.5 / US8 / USW9,True,155.0,,https://scdn.speedsize.com/fbaf6506-81e1-43a2-bcc1-80e18c7b0146/uk.representclo.com/cdn/shop/files/w8mOHGxR0w-TPJ78WbKEdrxHsbiQrxJ8tH0blC6PID8.jpg?crop=center&height=1200&v=1737555783&width=1200
https://uk.representclo.com/products/247-arc-2-trainer-black,247 Arc-2 Trainer - Black,UK7.5 / EU41 / US8.5 / USW9.5,False,155.0,,https://scdn.speedsize.com/fbaf6506-81e1-43a2-bcc1-80e18c7b0146/uk.representclo.com/cdn/shop/files/w8mOHGxR0w-TPJ78WbKEdrxHsbiQrxJ8tH0blC6PID8.jpg?crop=center&height=1200&v=1737555783&width=1200
https://uk.representclo.com/products/247-arc-2-trainer-black,247 Arc-2 Trainer - Black,UK8 / EU42 / US9 / USW10,True,155.0,,https://scdn.speedsize.com/fbaf6506-81e1-43a2-bcc1-80e18c7b0146/uk.representclo.com/cdn/shop/files/w8mOHGxR0w-TPJ78WbKEdrxHsbiQrxJ8tH0blC6PID8.jpg?crop=center&height=1200&v=1737555783&width=1200
https://uk.representclo.com/products/247-arc-2-trainer-black,247 Arc-2 Trainer - Black,UK8.5 / EU42.5 / US9.5,True,155.0,,https://scdn.speedsize.com/fbaf6506-81e1-43a2-bcc1-80e18c7b0146/uk.representclo.com/cdn/shop/files/w8mOHGxR0w-TPJ78WbKEdrxHsbiQrxJ8tH0blC6PID8.jpg?crop=center&height=1200&v=1737555783&width=1200
https://uk.representclo.com/products/247-arc-2-trainer-black,247 Arc-2 Trainer - Black,UK9 / EU43 / US10,True,155.0,,https://scdn.speedsize.com/fbaf6506-81e1-43a2-bcc1-80e18c7b0146/uk.representclo.com/cdn/shop/files/w8mOHGxR0w-TPJ78WbKEdrxHsbiQrxJ8tH0blC6PID8.jpg?crop=center&height=1200&v=1737555783&width=1200
https://uk.representclo.com/products/247-arc-2-trainer-black,247 Arc-2 Trainer - Black,UK9.5 / EU44 / US10.5,False,155.0,,https://scdn.speedsize.com/fbaf6506-81e1-43a2-bcc1-80e18c7b0146/uk.representclo.com/cdn/shop/files/w8mOHGxR0w-TPJ78WbKEdrxHsbiQrxJ8tH0blC6PID8.jpg?crop=center&height=1200&v=1737555783&width=1200
https://uk.representclo.com/products/247-arc-2-trainer-black,247 Arc-2 Trainer - Black,UK10 / EU44.5 / US11,True,155.0,,https://scdn.speedsize.com/fbaf6506-81e1-43a2-bcc1-80e18c7b0146/uk.representclo.com/cdn/shop/files/w8mOHGxR0w-TPJ78WbKEdrxHsbiQrxJ8tH0blC6PID8.jpg?crop=center&height=1200&v=1737555783&width=1200
https://uk.representclo.com/products/247-arc-2-trainer-black,247 Arc-2 Trainer - Black,UK10.5 / EU45 / US11.5,True,155.0,,https://scdn.speedsize.com/fbaf6506-81e1-43a2-bcc1-80e18c7b0146/uk.representclo.com/cdn/shop/files/w8mOHGxR0w-TPJ78WbKEdrxHsbiQrxJ8tH0blC6PID8.jpg?crop=center&height=1200&v=1737555783&width=1200
https://uk.representclo.com/products/247-arc-2-trainer-black,247 Arc-2 Trainer - Black,UK11 / EU46 / US12,True,155.0,,https://scdn.speedsize.com/fbaf6506-81e1-43a2-bcc1-80e18c7b0146/uk.representclo.com/cdn/shop/files/w8mOHGxR0w-TPJ78WbKEdrxHsbiQrxJ8tH0blC6PID8.jpg?crop=center&height=1200&v=1737555783&width=1200
https://uk.representclo.com/products/247-arc-2-trainer-black,247 Arc-2 Trainer - Black,UK11.5 / EU46.5 / US12.5,False,155.0,,https://scdn.speedsize.com/fbaf6506-81e1-43a2-bcc1-80e18c7b0146/uk.representclo.com/cdn/shop/files/w8mOHGxR0w-TPJ78WbKEdrxHsbiQrxJ8tH0blC6PID8.jpg?crop=center&height=1200&v=1737555783&width=1200
https://uk.representclo.com/products/247-arc-2-trainer-black,247 Arc-2 Trainer - Black,UK12 / EU47 / US13,True,155.0,,https://scdn.speedsize.com/fbaf6506-81e1-43a2-bcc1-80e18c7b0146/uk.representclo.com/cdn/shop/files/w8mOHGxR0w-TPJ78WbKEdrxHsbiQrxJ8tH0blC6PID8.jpg?crop=center&height=1200&v=1737555783&width=1200
https://uk.representclo.com/products/247-arc-2-trainer-black,247 Arc-2 Trainer - Black,UK12.5 / EU47.5 / US13.5,True,155.0,,https://scdn.speedsize.com/fbaf6506-81e1-43a2-bcc1-80e18c7b0146/uk.representclo.com/cdn/shop/files/w8mOHGxR0w-TPJ78WbKEdrxHsbiQrxJ8tH0blC6PID8.jpg?crop=center&height=1200&v=1737555783&width=1200
https://uk.representclo.com/products/247-arc-2-trainer-black,247 Arc-2 Trainer - Black,UK13 / EU48 / US14,True,155.0,,https://scdn.speedsize.com/fbaf6506-81e1-43a2-bcc1-80e18c7b0146/uk.representclo.com/cdn/shop/files/w8mOHGxR0w-TPJ78WbKEdrxHsbiQrxJ8tH0blC6PID8.jpg?crop=center&height=1200&v=1737555783&width=1200
https://uk.representclo.com/products/247-arc-2-trainer-black,247 Arc-2 Trainer - Black,UK5 / EU38 / US6 / USW7,True,155.0,,https://scdn.speedsize.com/fbaf6506-81e1-43a2-bcc1-80e18c7b0146/uk.representclo.com/cdn/shop/files/w8mOHGxR0w-TPJ78WbKEdrxHsbiQrxJ8tH0blC6PID8.jpg?crop=center&height=1200&v=1737555783&width=1200
https://uk.representclo.com/products/247-arc-2-trainer-black,247 Arc-2 Trainer - Black,UK4 / EU37 / US5 / USW6,True,155.0,,https://scdn.speedsize.com/fbaf6506-81e1-43a2-bcc1-80e18c7b0146/uk.representclo.com/cdn/shop/files/w8mOHGxR0w-TPJ78WbKEdrxHsbiQrxJ8tH0blC6PID8.jpg?crop=center&height=1200&v=1737555783&width=1200
https://uk.representclo.com/products/247-arc-2-trainer-black,247 Arc-2 Trainer - Black,UK3 / EU36 / US4 / USW5,True,155.0,,https://scdn.speedsize.com/fbaf6506-81e1-43a2-bcc1-80e18c7b0146/uk.representclo.com/cdn/shop/files/w8mOHGxR0w-TPJ78WbKEdrxHsbiQrxJ8tH0blC6PID8.jpg?crop=center&height=1200&v=1737555783&width=1200
https://uk.representclo.com/products/247-arc-2-trainer-cream,247 Arc-2 Trainer - Cream,UK3 / EU36 / US4 / USW5,True,155.0,,https://scdn.speedsize.com/fbaf6506-81e1-43a2-bcc1-80e18c7b0146/uk.representclo.com/cdn/shop/files/NEW00002_5994280e-a5c1-4f5a-98f4-5ec13a651d57.jpg?crop=center&height=1200&v=1744818865&width=1200
https://uk.representclo.com/products/247-arc-2-trainer-cream,247 Arc-2 Trainer - Cream,UK4 / EU37 / US5 / USW6,True,155.0,,https://scdn.speedsize.com/fbaf6506-81e1-43a2-bcc1-80e18c7b0146/uk.representclo.com/cdn/shop/files/NEW00002_5994280e-a5c1-4f5a-98f4-5ec13a651d57.jpg?crop=center&height=1200&v=1744818865&width=1200
https://uk.representclo.com/products/247-arc-2-trainer-cream,247 Arc-2 Trainer - Cream,UK5 / EU38 / US6 / USW7,True,155.0,,https://scdn.speedsize.com/fbaf6506-81e1-43a2-bcc1-80e18c7b0146/uk.representclo.com/cdn/shop/files/NEW00002_5994280e-a5c1-4f5a-98f4-5ec13a651d57.jpg?crop=center&height=1200&v=1744818865&width=1200
https://uk.representclo.com/products/247-arc-2-trainer-cream,247 Arc-2 Trainer - Cream,UK6 / EU39 / US7 / USW8,True,155.0,,https://scdn.speedsize.com/fbaf6506-81e1-43a2-bcc1-80e18c7b0146/uk.representclo.com/cdn/shop/files/NEW00002_5994280e-a5c1-4f5a-98f4-5ec13a651d57.jpg?crop=center&height=1200&v=1744818865&width=1200
https://uk.representclo.com/products/247-arc-2-trainer-cream,247 Arc-2 Trainer - Cream,UK6.5 / EU40 / US7.5 / USW8.5,True,155.0,,https://scdn.speedsize.com/fbaf6506-81e1-43a2-bcc1-80e18c7b0146/uk.representclo.com/cdn/shop/files/NEW00002_5994280e-a5c1-4f5a-98f4-5ec13a651d57.jpg?crop=center&height=1200&v=1744818865&width=1200
https://uk.representclo.com/products/247-arc-2-trainer-cream,247 Arc-2 Trainer - Cream,UK7 / EU40.5 / US8 / USW9,True,155.0,,https://scdn.speedsize.com/fbaf6506-81e1-43a2-bcc1-80e18c7b0146/uk.representclo.com/cdn/shop/files/NEW00002_5994280e-a5c1-4f5a-98f4-5ec13a651d57.jpg?crop=center&height=1200&v=1744818865&width=1200
https://uk.representclo.com/products/247-arc-2-trainer-cream,247 Arc-2 Trainer - Cream,UK7.5 / EU41 / US8.5 / USW9.5,True,155.0,,https://scdn.speedsize.com/fbaf6506-81e1-43a2-bcc1-80e18c7b0146/uk.representclo.com/cdn/shop/files/NEW00002_5994280e-a5c1-4f5a-98f4-5ec13a651d57.jpg?crop=center&height=1200&v=1744818865&width=1200
https://uk.representclo.com/products/247-arc-2-trainer-cream,247 Arc-2 Trainer - Cream,UK8 / EU42 / US9 / USW10,True,155.0,,https://scdn.speedsize.com/fbaf6506-81e1-43a2-bcc1-80e18c7b0146/uk.representclo.com/cdn/shop/files/NEW00002_5994280e-a5c1-4f5a-98f4-5ec13a651d57.jpg?crop=center&height=1200&v=1744818865&width=1200
https://uk.representclo.com/products/247-arc-2-trainer-cream,247 Arc-2 Trainer - Cream,UK8.5 / EU42.5 / US9.5,True,155.0,,https://scdn.speedsize.com/fbaf6506-81e1-43a2-bcc1-80e18c7b0146/uk.representclo.com/cdn/shop/files/NEW00002_5994280e-a5c1-4f5a-98f4-5ec13a651d57.jpg?crop=center&height=1200&v=1744818865&width=1200
https://uk.representclo.com/products/247-arc-2-trainer-cream,247 Arc-2 Trainer - Cream,UK9 / EU43 / US10,True,155.0,,https://scdn.speedsize.com/fbaf6506-81e1-43a2-bcc1-80e18c7b0146/uk.representclo.com/cdn/shop/files/NEW00002_5994280e-a5c1-4f5a-98f4-5ec13a651d57.jpg?crop=center&height=1200&v=1744818865&width=1200
https://uk.representclo.com/products/247-arc-2-trainer-cream,247 Arc-2 Trainer - Cream,UK9.5 / EU43.5 / US10.5,True,155.0,,https://scdn.speedsize.com/fbaf6506-81e1-43a2-bcc1-80e18c7b0146/uk.representclo.com/cdn/shop/files/NEW00002_5994280e-a5c1-4f5a-98f4-5ec13a651d57.jpg?crop=center&height=1200&v=1744818865&width=1200
https://uk.representclo.com/products/247-arc-2-trainer-cream,247 Arc-2 Trainer - Cream,UK10 / EU44 / US11,True,155.0,,https://scdn.speedsize.com/fbaf6506-81e1-43a2-bcc1-80e18c7b0146/uk.representclo.com/cdn/shop/files/NEW00002_5994280e-a5c1-4f5a-98f4-5ec13a651d57.jpg?crop=center&height=1200&v=1744818865&width=1200
https://uk.representclo.com/products/247-arc-2-trainer-cream,247 Arc-2 Trainer - Cream,UK10.5 / EU44.5 / US11.5,True,155.0,,https://scdn.speedsize.com/fbaf6506-81e1-43a2-bcc1-80e18c7b0146/uk.representclo.com/cdn/shop/files/NEW00002_5994280e-a5c1-4f5a-98f4-5ec13a651d57.jpg?crop=center&height=1200&v=1744818865&width=1200
https://uk.representclo.com/products/247-arc-2-trainer-cream,247 Arc-2 Trainer - Cream,UK11 / EU45 / US12,True,155.0,,https://scdn.speedsize.com/fbaf6506-81e1-43a2-bcc1-80e18c7b0146/uk.representclo.com/cdn/shop/files/NEW00002_5994280e-a5c1-4f5a-98f4-5ec13a651d57.jpg?crop=center&height=1200&v=1744818865&width=1200
https://uk.representclo.com/products/247-arc-2-trainer-cream,247 Arc-2 Trainer - Cream,UK11.5 / EU45.5 / US12.5,True,155.0,,https://scdn.speedsize.com/fbaf6506-81e1-43a2-bcc1-80e18c7b0146/uk.representclo.com/cdn/shop/files/NEW00002_5994280e-a5c1-4f5a-98f4-5ec13a651d57.jpg?crop=center&height=1200&v=1744818865&width=1200
https://uk.representclo.com/products/247-arc-2-trainer-cream,247 Arc-2 Trainer - Cream,UK12 / EU46 / US13,True,155.0,,https://scdn.speedsize.com/fbaf6506-81e1-43a2-bcc1-80e18c7b0146/uk.representclo.com/cdn/shop/files/NEW00002_5994280e-a5c1-4f5a-98f4-5ec13a651d57.jpg?crop=center&height=1200&v=1744818865&width=1200
https://uk.representclo.com/products/247-arc-2-trainer-cream,247 Arc-2 Trainer - Cream,UK12.5 / EU46.5 / US13.5,True,155.0,,https://scdn.speedsize.com/fbaf6506-81e1-43a2-bcc1-80e18c7b0146/uk.representclo.com/cdn/shop/files/NEW00002_5994280e-a5c1-4f5a-98f4-5ec13a651d57.jpg?crop=center&height=1200&v=1744818865&width=1200
https://uk.representclo.com/products/247-arc-2-trainer-cream,247 Arc-2 Trainer - Cream,UK13 / EU47 / US14,True,155.0,,https://scdn.speedsize.com/fbaf6506-81e1-43a2-bcc1-80e18c7b0146/uk.representclo.com/cdn/shop/files/NEW00002_5994280e-a5c1-4f5a-98f4-5ec13a651d57.jpg?crop=center&height=1200&v=1744818865&width=1200
https://uk.representclo.com/products/247-arc-2-trainer-flat-white,247 Arc-2 Trainer - Flat White,UK6 / EU39 / US7 / USW8,True,155.0,,https://scdn.speedsize.com/fbaf6506-81e1-43a2-bcc1-80e18c7b0146/uk.representclo.com/cdn/shop/files/ARC_TRAINER_WHITE_4.jpg?crop=center&height=1200&v=1737565297&width=1200
https://uk.representclo.com/products/247-arc-2-trainer-flat-white,247 Arc-2 Trainer - Flat White,UK6.5 / EU40 / US7.5 / USW8.5,True,155.0,,https://scdn.speedsize.com/fbaf6506-81e1-43a2-bcc1-80e18c7b0146/uk.representclo.com/cdn/shop/files/ARC_TRAINER_WHITE_4.jpg?crop=center&height=1200&v=1737565297&width=1200
https://uk.representclo.com/products/247-arc-2-trainer-flat-white,247 Arc-2 Trainer - Flat White,UK7 / EU40.5 / US8 / USW9,True,155.0,,https://scdn.speedsize.com/fbaf6506-81e1-43a2-bcc1-80e18c7b0146/uk.representclo.com/cdn/shop/files/ARC_TRAINER_WHITE_4.jpg?crop=center&height=1200&v=1737565297&width=1200
https://uk.representclo.com/products/247-arc-2-trainer-flat-white,247 Arc-2 Trainer - Flat White,UK7.5 / EU41 / US8.5 / USW9.5,True,155.0,,https://scdn.speedsize.com/fbaf6506-81e1-43a2-bcc1-80e18c7b0146/uk.representclo.com/cdn/shop/files/ARC_TRAINER_WHITE_4.jpg?crop=center&height=1200&v=1737565297&width=1200
https://uk.representclo.com/products/247-arc-2-trainer-flat-white,247 Arc-2 Trainer - Flat White,UK8 / EU42 / US9 / USW10,True,155.0,,https://scdn.speedsize.com/fbaf6506-81e1-43a2-bcc1-80e18c7b0146/uk.representclo.com/cdn/shop/files/ARC_TRAINER_WHITE_4.jpg?crop=center&height=1200&v=1737565297&width=1200
https://uk.representclo.com/products/247-arc-2-trainer-flat-white,247 Arc-2 Trainer - Flat White,UK8.5 / EU42.5 / US9.5,True,155.0,,https://scdn.speedsize.com/fbaf6506-81e1-43a2-bcc1-80e18c7b0146/uk.representclo.com/cdn/shop/files/ARC_TRAINER_WHITE_4.jpg?crop=center&height=1200&v=1737565297&width=1200
https://uk.representclo.com/products/247-arc-2-trainer-flat-white,247 Arc-2 Trainer - Flat White,UK9 / EU43 / US10,True,155.0,,https://scdn.speedsize.com/fbaf6506-81e1-43a2-bcc1-80e18c7b0146/uk.representclo.com/cdn/shop/files/ARC_TRAINER_WHITE_4.jpg?crop=center&height=1200&v=1737565297&width=1200
https://uk.representclo.com/products/247-arc-2-trainer-flat-white,247 Arc-2 Trainer - Flat White,UK9.5 / EU44 / US10.5,True,155.0,,https://scdn.speedsize.com/fbaf6506-81e1-43a2-bcc1-80e18c7b0146/uk.representclo.com/cdn/shop/files/ARC_TRAINER_WHITE_4.jpg?crop=center&height=1200&v=1737565297&width=1200
https://uk.representclo.com/products/247-arc-2-trainer-flat-white,247 Arc-2 Trainer - Flat White,UK10 / EU44.5 / US11,True,155.0,,https://scdn.speedsize.com/fbaf6506-81e1-43a2-bcc1-80e18c7b0146/uk.representclo.com/cdn/shop/files/ARC_TRAINER_WHITE_4.jpg?crop=center&height=1200&v=1737565297&width=1200
https://uk.representclo.com/products/247-arc-2-trainer-flat-white,247 Arc-2 Trainer - Flat White,UK10.5 / EU45 / US11.5,True,155.0,,https://scdn.speedsize.com/fbaf6506-81e1-43a2-bcc1-80e18c7b0146/uk.representclo.com/cdn/shop/files/ARC_TRAINER_WHITE_4.jpg?crop=center&height=1200&v=1737565297&width=1200
https://uk.representclo.com/products/247-arc-2-trainer-flat-white,247 Arc-2 Trainer - Flat White,UK11 / EU46 / US12,True,155.0,,https://scdn.speedsize.com/fbaf6506-81e1-43a2-bcc1-80e18c7b0146/uk.representclo.com/cdn/shop/files/ARC_TRAINER_WHITE_4.jpg?crop=center&height=1200&v=1737565297&width=1200
https://uk.representclo.com/products/247-arc-2-trainer-flat-white,247 Arc-2 Trainer - Flat White,UK11.5 / EU46.5 / US12.5,False,155.0,,https://scdn.speedsize.com/fbaf6506-81e1-43a2-bcc1-80e18c7b0146/uk.representclo.com/cdn/shop/files/ARC_TRAINER_WHITE_4.jpg?crop=center&height=1200&v=1737565297&width=1200
https://uk.representclo.com/products/247-arc-2-trainer-flat-white,247 Arc-2 Trainer - Flat White,UK12 / EU47 / US13,True,155.0,,https://scdn.speedsize.com/fbaf6506-81e1-43a2-bcc1-80e18c7b0146/uk.representclo.com/cdn/shop/files/ARC_TRAINER_WHITE_4.jpg?crop=center&height=1200&v=1737565297&width=1200
https://uk.representclo.com/products/247-arc-2-trainer-flat-white,247 Arc-2 Trainer - Flat White,UK12.5 / EU47.5 / US13.5,True,155.0,,https://scdn.speedsize.com/fbaf6506-81e1-43a2-bcc1-80e18c7b0146/uk.representclo.com/cdn/shop/files/ARC_TRAINER_WHITE_4.jpg?crop=center&height=1200&v=1737565297&width=1200
https://uk.representclo.com/products/247-arc-2-trainer-flat-white,247 Arc-2 Trainer - Flat White,UK13 / EU48 / US14,True,155.0,,https://scdn.speedsize.com/fbaf6506-81e1-43a2-bcc1-80e18c7b0146/uk.representclo.com/cdn/shop/files/ARC_TRAINER_WHITE_4.jpg?crop=center&height=1200&v=1737565297&width=1200
https://uk.representclo.com/products/247-arc-2-trainer-flat-white,247 Arc-2 Trainer - Flat White,UK5 / EU38 / US6 / USW7,True,155.0,,https://scdn.speedsize.com/fbaf6506-81e1-43a2-bcc1-80e18c7b0146/uk.representclo.com/cdn/shop/files/ARC_TRAINER_WHITE_4.jpg?crop=center&height=1200&v=1737565297&width=1200
https://uk.representclo.com/products/247-arc-2-trainer-flat-white,247 Arc-2 Trainer - Flat White,UK4 / EU37 / US5 / USW6,True,155.0,,https://scdn.speedsize.com/fbaf6506-81e1-43a2-bcc1-80e18c7b0146/uk.representclo.com/cdn/shop/files/ARC_TRAINER_WHITE_4.jpg?crop=center&height=1200&v=1737565297&width=1200
https://uk.representclo.com/products/247-arc-2-trainer-flat-white,247 Arc-2 Trainer - Flat White,UK3 / EU36 / US4 / USW5,True,155.0,,https://scdn.speedsize.com/fbaf6506-81e1-43a2-bcc1-80e18c7b0146/uk.representclo.com/cdn/shop/files/ARC_TRAINER_WHITE_4.jpg?crop=center&height=1200&v=1737565297&width=1200
https://uk.representclo.com/products/247-arc-2-trainer-yellow,247 Arc-2 Trainer - Yellow,UK6 / EU39 / US7 / USW8,True,155.0,,https://scdn.speedsize.com/fbaf6506-81e1-43a2-bcc1-80e18c7b0146/uk.representclo.com/cdn/shop/files/aYiu9UUF7wcgUo8zD3iVVruecocN-Yfors9drpT0Xes.jpg?crop=center&height=1200&v=1737555823&width=1200
https://uk.representclo.com/products/247-arc-2-trainer-yellow,247 Arc-2 Trainer - Yellow,UK6.5 / EU40 / US7.5 / USW8.5,True,155.0,,https://scdn.speedsize.com/fbaf6506-81e1-43a2-bcc1-80e18c7b0146/uk.representclo.com/cdn/shop/files/aYiu9UUF7wcgUo8zD3iVVruecocN-Yfors9drpT0Xes.jpg?crop=center&height=1200&v=1737555823&width=1200
https://uk.representclo.com/products/247-arc-2-trainer-yellow,247 Arc-2 Trainer - Yellow,UK7 / EU40.5 / US8 / USW9,True,155.0,,https://scdn.speedsize.com/fbaf6506-81e1-43a2-bcc1-80e18c7b0146/uk.representclo.com/cdn/shop/files/aYiu9UUF7wcgUo8zD3iVVruecocN-Yfors9drpT0Xes.jpg?crop=center&height=1200&v=1737555823&width=1200
https://uk.representclo.com/products/247-arc-2-trainer-yellow,247 Arc-2 Trainer - Yellow,UK7.5 / EU41 / US8.5 / USW9.5,False,155.0,,https://scdn.speedsize.com/fbaf6506-81e1-43a2-bcc1-80e18c7b0146/uk.representclo.com/cdn/shop/files/aYiu9UUF7wcgUo8zD3iVVruecocN-Yfors9drpT0Xes.jpg?crop=center&height=1200&v=1737555823&width=1200
https://uk.representclo.com/products/247-arc-2-trainer-yellow,247 Arc-2 Trainer - Yellow,UK8 / EU42 / US9 / USW10,True,155.0,,https://scdn.speedsize.com/fbaf6506-81e1-43a2-bcc1-80e18c7b0146/uk.representclo.com/cdn/shop/files/aYiu9UUF7wcgUo8zD3iVVruecocN-Yfors9drpT0Xes.jpg?crop=center&height=1200&v=1737555823&width=1200
https://uk.representclo.com/products/247-arc-2-trainer-yellow,247 Arc-2 Trainer - Yellow,UK8.5 / EU42.5 / US9.5,True,155.0,,https://scdn.speedsize.com/fbaf6506-81e1-43a2-bcc1-80e18c7b0146/uk.representclo.com/cdn/shop/files/aYiu9UUF7wcgUo8zD3iVVruecocN-Yfors9drpT0Xes.jpg?crop=center&height=1200&v=1737555823&width=1200
https://uk.representclo.com/products/247-arc-2-trainer-yellow,247 Arc-2 Trainer - Yellow,UK9 / EU43 / US10,True,155.0,,https://scdn.speedsize.com/fbaf6506-81e1-43a2-bcc1-80e18c7b0146/uk.representclo.com/cdn/shop/files/aYiu9UUF7wcgUo8zD3iVVruecocN-Yfors9drpT0Xes.jpg?crop=center&height=1200&v=1737555823&width=1200
https://uk.representclo.com/products/247-arc-2-trainer-yellow,247 Arc-2 Trainer - Yellow,UK9.5 / EU44 / US10.5,True,155.0,,https://scdn.speedsize.com/fbaf6506-81e1-43a2-bcc1-80e18c7b0146/uk.representclo.com/cdn/shop/files/aYiu9UUF7wcgUo8zD3iVVruecocN-Yfors9drpT0Xes.jpg?crop=center&height=1200&v=1737555823&width=1200
https://uk.representclo.com/products/247-arc-2-trainer-yellow,247 Arc-2 Trainer - Yellow,UK10 / EU44.5 / US11,True,155.0,,https://scdn.speedsize.com/fbaf6506-81e1-43a2-bcc1-80e18c7b0146/uk.representclo.com/cdn/shop/files/aYiu9UUF7wcgUo8zD3iVVruecocN-Yfors9drpT0Xes.jpg?crop=center&height=1200&v=1737555823&width=1200
https://uk.representclo.com/products/247-arc-2-trainer-yellow,247 Arc-2 Trainer - Yellow,UK10.5 / EU45 / US11.5,True,155.0,,https://scdn.speedsize.com/fbaf6506-81e1-43a2-bcc1-80e18c7b0146/uk.representclo.com/cdn/shop/files/aYiu9UUF7wcgUo8zD3iVVruecocN-Yfors9drpT0Xes.jpg?crop=center&height=1200&v=1737555823&width=1200
https://uk.representclo.com/products/247-arc-2-trainer-yellow,247 Arc-2 Trainer - Yellow,UK11 / EU46 / US12,True,155.0,,https://scdn.speedsize.com/fbaf6506-81e1-43a2-bcc1-80e18c7b0146/uk.representclo.com/cdn/shop/files/aYiu9UUF7wcgUo8zD3iVVruecocN-Yfors9drpT0Xes.jpg?crop=center&height=1200&v=1737555823&width=1200
https://uk.representclo.com/products/247-arc-2-trainer-yellow,247 Arc-2 Trainer - Yellow,UK11.5 / EU46.5 / US12.5,True,155.0,,https://scdn.speedsize.com/fbaf6506-81e1-43a2-bcc1-80e18c7b0146/uk.representclo.com/cdn/shop/files/aYiu9UUF7wcgUo8zD3iVVruecocN-Yfors9drpT0Xes.jpg?crop=center&height=1200&v=1737555823&width=1200
https://uk.representclo.com/products/247-arc-2-trainer-yellow,247 Arc-2 Trainer - Yellow,UK12 / EU47 / US13,True,155.0,,https://scdn.speedsize.com/fbaf6506-81e1-43a2-bcc1-80e18c7b0146/uk.representclo.com/cdn/shop/files/aYiu9UUF7wcgUo8zD3iVVruecocN-Yfors9drpT0Xes.jpg?crop=center&height=1200&v=1737555823&width=1200
https://uk.representclo.com/products/247-arc-2-trainer-yellow,247 Arc-2 Trainer - Yellow,UK12.5 / EU47.5 / US13.5,True,155.0,,https://scdn.speedsize.com/fbaf6506-81e1-43a2-bcc1-80e18c7b0146/uk.representclo.com/cdn/shop/files/aYiu9UUF7wcgUo8zD3iVVruecocN-Yfors9drpT0Xes.jpg?crop=center&height=1200&v=1737555823&width=1200
https://uk.representclo.com/products/247-arc-2-trainer-yellow,247 Arc-2 Trainer - Yellow,UK13 / EU48 / US14,True,155.0,,https://scdn.speedsize.com/fbaf6506-81e1-43a2-bcc1-80e18c7b0146/uk.representclo.com/cdn/shop/files/aYiu9UUF7wcgUo8zD3iVVruecocN-Yfors9drpT0Xes.jpg?crop=center&height=1200&v=1737555823&width=1200
https://uk.representclo.com/products/247-arc-2-trainer-yellow,247 Arc-2 Trainer - Yellow,UK5 / EU38 / US6 / USW7,False,155.0,,https://scdn.speedsize.com/fbaf6506-81e1-43a2-bcc1-80e18c7b0146/uk.representclo.com/cdn/shop/files/aYiu9UUF7wcgUo8zD3iVVruecocN-Yfors9drpT0Xes.jpg?crop=center&height=1200&v=1737555823&width=1200
https://uk.representclo.com/products/247-arc-2-trainer-yellow,247 Arc-2 Trainer - Yellow,UK4 / EU37 / US5 / USW6,False,155.0,,https://scdn.speedsize.com/fbaf6506-81e1-43a2-bcc1-80e18c7b0146/uk.representclo.com/cdn/shop/files/aYiu9UUF7wcgUo8zD3iVVruecocN-Yfors9drpT0Xes.jpg?crop=center&height=1200&v=1737555823&width=1200
https://uk.representclo.com/products/247-arc-2-trainer-yellow,247 Arc-2 Trainer - Yellow,UK3 / EU36 / US4 / USW5,True,155.0,,https://scdn.speedsize.com/fbaf6506-81e1-43a2-bcc1-80e18c7b0146/uk.representclo.com/cdn/shop/files/aYiu9UUF7wcgUo8zD3iVVruecocN-Yfors9drpT0Xes.jpg?crop=center&height=1200&v=1737555823&width=1200
https://uk.representclo.com/products/247-arc-3-recovery-black,247 Arc-3 Recovery - Black,UK6 / EU39 / US7,True,80.0,,https://scdn.speedsize.com/fbaf6506-81e1-43a2-bcc1-80e18c7b0146/uk.representclo.com/cdn/shop/files/mPZaGulvHTE9LfnefHTcVz7nNnM_Ap-4J5DUZqK08K0.jpg?crop=center&height=1200&v=1767965064&width=1200
https://uk.representclo.com/products/247-arc-3-recovery-black,247 Arc-3 Recovery - Black,UK7 / EU40.5 / US8,False,80.0,,https://scdn.speedsize.com/fbaf6506-81e1-43a2-bcc1-80e18c7b0146/uk.representclo.com/cdn/shop/files/mPZaGulvHTE9LfnefHTcVz7nNnM_Ap-4J5DUZqK08K0.jpg?crop=center&height=1200&v=1767965064&width=1200
https://uk.representclo.com/products/247-arc-3-recovery-black,247 Arc-3 Recovery - Black,UK8 / EU42 / US9,True,80.0,,https://scdn.speedsize.com/fbaf6506-81e1-43a2-bcc1-80e18c7b0146/uk.representclo.com/cdn/shop/files/mPZaGulvHTE9LfnefHTcVz7nNnM_Ap-4J5DUZqK08K0.jpg?crop=center&height=1200&v=1767965064&width=1200
https://uk.representclo.com/products/247-arc-3-recovery-black,247 Arc-3 Recovery - Black,UK9 / EU43 / US10,True,80.0,,https://scdn.speedsize.com/fbaf6506-81e1-43a2-bcc1-80e18c7b0146/uk.representclo.com/cdn/shop/files/mPZaGulvHTE9LfnefHTcVz7nNnM_Ap-4J5DUZqK08K0.jpg?crop=center&height=1200&v=1767965064&width=1200
https://uk.representclo.com/products/247-arc-3-recovery-black,247 Arc-3 Recovery - Black,UK10 / EU44.5 / US11,True,80.0,,https://scdn.speedsize.com/fbaf6506-81e1-43a2-bcc1-80e18c7b0146/uk.representclo.com/cdn/shop/files/mPZaGulvHTE9LfnefHTcVz7nNnM_Ap-4J5DUZqK08K0.jpg?crop=center&height=1200&v=1767965064&width=1200
https://uk.representclo.com/products/247-arc-3-recovery-black,247 Arc-3 Recovery - Black,UK11 / EU46 / US12,True,80.0,,https://scdn.speedsize.com/fbaf6506-81e1-43a2-bcc1-80e18c7b0146/uk.representclo.com/cdn/shop/files/mPZaGulvHTE9LfnefHTcVz7nNnM_Ap-4J5DUZqK08K0.jpg?crop=center&height=1200&v=1767965064&width=1200
https://uk.representclo.com/products/247-arc-3-recovery-black,247 Arc-3 Recovery - Black,UK12 / EU47 / US13,False,80.0,,https://scdn.speedsize.com/fbaf6506-81e1-43a2-bcc1-80e18c7b0146/uk.representclo.com/cdn/shop/files/mPZaGulvHTE9LfnefHTcVz7nNnM_Ap-4J5DUZqK08K0.jpg?crop=center&height=1200&v=1767965064&width=1200
https://uk.representclo.com/products/247-arc-3-recovery-cream,247 Arc-3 Recovery - Cream,UK6 / EU39 / US7,True,80.0,,https://scdn.speedsize.com/fbaf6506-81e1-43a2-bcc1-80e18c7b0146/uk.representclo.com/cdn/shop/files/7VA7hdDAcBwWtlenTCwPB-mnaTWoRqCYVUTxxZ-qI58.jpg?crop=center&height=1200&v=1746523928&width=1200
https://uk.representclo.com/products/247-arc-3-recovery-cream,247 Arc-3 Recovery - Cream,UK7 / EU40.5 / US8,False,80.0,,https://scdn.speedsize.com/fbaf6506-81e1-43a2-bcc1-80e18c7b0146/uk.representclo.com/cdn/shop/files/7VA7hdDAcBwWtlenTCwPB-mnaTWoRqCYVUTxxZ-qI58.jpg?crop=center&height=1200&v=1746523928&width=1200
https://uk.representclo.com/products/247-arc-3-recovery-cream,247 Arc-3 Recovery - Cream,UK8 / EU42 / US9,True,80.0,,https://scdn.speedsize.com/fbaf6506-81e1-43a2-bcc1-80e18c7b0146/uk.representclo.com/cdn/shop/files/7VA7hdDAcBwWtlenTCwPB-mnaTWoRqCYVUTxxZ-qI58.jpg?crop=center&height=1200&v=1746523928&width=1200
https://uk.representclo.com/products/247-arc-3-recovery-cream,247 Arc-3 Recovery - Cream,UK9 / EU43 / US10,True,80.0,,https://scdn.speedsize.com/fbaf6506-81e1-43a2-bcc1-80e18c7b0146/uk.representclo.com/cdn/shop/files/7VA7hdDAcBwWtlenTCwPB-mnaTWoRqCYVUTxxZ-qI58.jpg?crop=center&height=1200&v=1746523928&width=1200
https://uk.representclo.com/products/247-arc-3-recovery-cream,247 Arc-3 Recovery - Cream,UK10 / EU44.5 / US11,True,80.0,,https://scdn.speedsize.com/fbaf6506-81e1-43a2-bcc1-80e18c7b0146/uk.representclo.com/cdn/shop/files/7VA7hdDAcBwWtlenTCwPB-mnaTWoRqCYVUTxxZ-qI58.jpg?crop=center&height=1200&v=1746523928&width=1200
https://uk.representclo.com/products/247-arc-3-recovery-cream,247 Arc-3 Recovery - Cream,UK11 / EU46 / US12,True,80.0,,https://scdn.speedsize.com/fbaf6506-81e1-43a2-bcc1-80e18c7b0146/uk.representclo.com/cdn/shop/files/7VA7hdDAcBwWtlenTCwPB-mnaTWoRqCYVUTxxZ-qI58.jpg?crop=center&height=1200&v=1746523928&width=1200
https://uk.representclo.com/products/247-arc-3-recovery-cream,247 Arc-3 Recovery - Cream,UK12 / EU47 / US13,False,80.0,,https://scdn.speedsize.com/fbaf6506-81e1-43a2-bcc1-80e18c7b0146/uk.representclo.com/cdn/shop/files/7VA7hdDAcBwWtlenTCwPB-mnaTWoRqCYVUTxxZ-qI58.jpg?crop=center&height=1200&v=1746523928&width=1200
https://uk.representclo.com/products/247-arc-3-recovery-falcon,247 Arc-3 Recovery - Falcon,UK6 / EU39 / US7,True,80.0,,https://scdn.speedsize.com/fbaf6506-81e1-43a2-bcc1-80e18c7b0146/uk.representclo.com/cdn/shop/files/Zim9y63ixu4jv1HYTTlPGCzZs6Jtr5B6I3LneqAUvY4.jpg?crop=center&height=1200&v=1746523940&width=1200
https://uk.representclo.com/products/247-arc-3-recovery-falcon,247 Arc-3 Recovery - Falcon,UK7 / EU40.5 / US8,True,80.0,,https://scdn.speedsize.com/fbaf6506-81e1-43a2-bcc1-80e18c7b0146/uk.representclo.com/cdn/shop/files/Zim9y63ixu4jv1HYTTlPGCzZs6Jtr5B6I3LneqAUvY4.jpg?crop=center&height=1200&v=1746523940&width=1200
https://uk.representclo.com/products/247-arc-3-recovery-falcon,247 Arc-3 Recovery - Falcon,UK8 / EU42 / US9,True,80.0,,https://scdn.speedsize.com/fbaf6506-81e1-43a2-bcc1-80e18c7b0146/uk.representclo.com/cdn/shop/files/Zim9y63ixu4jv1HYTTlPGCzZs6Jtr5B6I3LneqAUvY4.jpg?crop=center&height=1200&v=1746523940&width=1200
https://uk.representclo.com/products/247-arc-3-recovery-falcon,247 Arc-3 Recovery - Falcon,UK9 / EU43 / US10,True,80.0,,https://scdn.speedsize.com/fbaf6506-81e1-43a2-bcc1-80e18c7b0146/uk.representclo.com/cdn/shop/files/Zim9y63ixu4jv1HYTTlPGCzZs6Jtr5B6I3LneqAUvY4.jpg?crop=center&height=1200&v=1746523940&width=1200
https://uk.representclo.com/products/247-arc-3-recovery-falcon,247 Arc-3 Recovery - Falcon,UK10 / EU44.5 / US11,True,80.0,,https://scdn.speedsize.com/fbaf6506-81e1-43a2-bcc1-80e18c7b0146/uk.representclo.com/cdn/shop/files/Zim9y63ixu4jv1HYTTlPGCzZs6Jtr5B6I3LneqAUvY4.jpg?crop=center&height=1200&v=1746523940&width=1200
https://uk.representclo.com/products/247-arc-3-recovery-falcon,247 Arc-3 Recovery - Falcon,UK11 / EU46 / US12,True,80.0,,https://scdn.speedsize.com/fbaf6506-81e1-43a2-bcc1-80e18c7b0146/uk.representclo.com/cdn/shop/files/Zim9y63ixu4jv1HYTTlPGCzZs6Jtr5B6I3LneqAUvY4.jpg?crop=center&height=1200&v=1746523940&width=1200
https://uk.representclo.com/products/247-arc-3-recovery-falcon,247 Arc-3 Recovery - Falcon,UK12 / EU47 / US13,False,80.0,,https://scdn.speedsize.com/fbaf6506-81e1-43a2-bcc1-80e18c7b0146/uk.representclo.com/cdn/shop/files/Zim9y63ixu4jv1HYTTlPGCzZs6Jtr5B6I3LneqAUvY4.jpg?crop=center&height=1200&v=1746523940&width=1200
https://uk.representclo.com/products/247-arc-4-elite-race-black,247 Arc-4 Elite Race - Black,UK6 / EU39 / US7,True,250.0,,https://scdn.speedsize.com/fbaf6506-81e1-43a2-bcc1-80e18c7b0146/uk.representclo.com/cdn/shop/files/eycBqPTzgTgF3pov38mHyez_YK6SB82XmRs-0240ky8.jpg?crop=center&height=1200&v=1770204305&width=1200
https://uk.representclo.com/products/247-arc-4-elite-race-black,247 Arc-4 Elite Race - Black,UK6.5 / EU40 / US7.5,True,250.0,,https://scdn.speedsize.com/fbaf6506-81e1-43a2-bcc1-80e18c7b0146/uk.representclo.com/cdn/shop/files/eycBqPTzgTgF3pov38mHyez_YK6SB82XmRs-0240ky8.jpg?crop=center&height=1200&v=1770204305&width=1200
https://uk.representclo.com/products/247-arc-4-elite-race-black,247 Arc-4 Elite Race - Black,UK7 / EU41 / US8,True,250.0,,https://scdn.speedsize.com/fbaf6506-81e1-43a2-bcc1-80e18c7b0146/uk.representclo.com/cdn/shop/files/eycBqPTzgTgF3pov38mHyez_YK6SB82XmRs-0240ky8.jpg?crop=center&height=1200&v=1770204305&width=1200
https://uk.representclo.com/products/247-arc-4-elite-race-black,247 Arc-4 Elite Race - Black,UK7.5 / EU41.5 / US8.5,True,250.0,,https://scdn.speedsize.com/fbaf6506-81e1-43a2-bcc1-80e18c7b0146/uk.representclo.com/cdn/shop/files/eycBqPTzgTgF3pov38mHyez_YK6SB82XmRs-0240ky8.jpg?crop=center&height=1200&v=1770204305&width=1200
https://uk.representclo.com/products/247-arc-4-elite-race-black,247 Arc-4 Elite Race - Black,UK8 / EU42 / US9,True,250.0,,https://scdn.speedsize.com/fbaf6506-81e1-43a2-bcc1-80e18c7b0146/uk.representclo.com/cdn/shop/files/eycBqPTzgTgF3pov38mHyez_YK6SB82XmRs-0240ky8.jpg?crop=center&height=1200&v=1770204305&width=1200
https://uk.representclo.com/products/247-arc-4-elite-race-black,247 Arc-4 Elite Race - Black,UK8.5 / EU42.5 / US9.5,True,250.0,,https://scdn.speedsize.com/fbaf6506-81e1-43a2-bcc1-80e18c7b0146/uk.representclo.com/cdn/shop/files/eycBqPTzgTgF3pov38mHyez_YK6SB82XmRs-0240ky8.jpg?crop=center&height=1200&v=1770204305&width=1200
https://uk.representclo.com/products/247-arc-4-elite-race-black,247 Arc-4 Elite Race - Black,UK9 / EU43 / US10,True,250.0,,https://scdn.speedsize.com/fbaf6506-81e1-43a2-bcc1-80e18c7b0146/uk.representclo.com/cdn/shop/files/eycBqPTzgTgF3pov38mHyez_YK6SB82XmRs-0240ky8.jpg?crop=center&height=1200&v=1770204305&width=1200
https://uk.representclo.com/products/247-arc-4-elite-race-black,247 Arc-4 Elite Race - Black,UK9.5 / EU43.5 / US10.5,True,250.0,,https://scdn.speedsize.com/fbaf6506-81e1-43a2-bcc1-80e18c7b0146/uk.representclo.com/cdn/shop/files/eycBqPTzgTgF3pov38mHyez_YK6SB82XmRs-0240ky8.jpg?crop=center&height=1200&v=1770204305&width=1200
https://uk.representclo.com/products/247-arc-4-elite-race-black,247 Arc-4 Elite Race - Black,UK10 / EU44 / US11,True,250.0,,https://scdn.speedsize.com/fbaf6506-81e1-43a2-bcc1-80e18c7b0146/uk.representclo.com/cdn/shop/files/eycBqPTzgTgF3pov38mHyez_YK6SB82XmRs-0240ky8.jpg?crop=center&height=1200&v=1770204305&width=1200
https://uk.representclo.com/products/247-arc-4-elite-race-black,247 Arc-4 Elite Race - Black,UK10.5 / EU45 / US11.5,True,250.0,,https://scdn.speedsize.com/fbaf6506-81e1-43a2-bcc1-80e18c7b0146/uk.representclo.com/cdn/shop/files/eycBqPTzgTgF3pov38mHyez_YK6SB82XmRs-0240ky8.jpg?crop=center&height=1200&v=1770204305&width=1200
https://uk.representclo.com/products/247-arc-4-elite-race-black,247 Arc-4 Elite Race - Black,UK11 / EU46 / US12,True,250.0,,https://scdn.speedsize.com/fbaf6506-81e1-43a2-bcc1-80e18c7b0146/uk.representclo.com/cdn/shop/files/eycBqPTzgTgF3pov38mHyez_YK6SB82XmRs-0240ky8.jpg?crop=center&height=1200&v=1770204305&width=1200
https://uk.representclo.com/products/247-arc-4-elite-race-black,247 Arc-4 Elite Race - Black,UK11.5 / EU46.5 / US12.5,False,250.0,,https://scdn.speedsize.com/fbaf6506-81e1-43a2-bcc1-80e18c7b0146/uk.representclo.com/cdn/shop/files/eycBqPTzgTgF3pov38mHyez_YK6SB82XmRs-0240ky8.jpg?crop=center&height=1200&v=1770204305&width=1200
https://uk.representclo.com/products/247-arc-4-elite-race-black,247 Arc-4 Elite Race - Black,UK12 / EU47 / US13,True,250.0,,https://scdn.speedsize.com/fbaf6506-81e1-43a2-bcc1-80e18c7b0146/uk.representclo.com/cdn/shop/files/eycBqPTzgTgF3pov38mHyez_YK6SB82XmRs-0240ky8.jpg?crop=center&height=1200&v=1770204305&width=1200
https://uk.representclo.com/products/247-arc-4-elite-race-black,247 Arc-4 Elite Race - Black,UK12.5 / EU47.5 / US13.5,False,250.0,,https://scdn.speedsize.com/fbaf6506-81e1-43a2-bcc1-80e18c7b0146/uk.representclo.com/cdn/shop/files/eycBqPTzgTgF3pov38mHyez_YK6SB82XmRs-0240ky8.jpg?crop=center&height=1200&v=1770204305&width=1200
https://uk.representclo.com/products/247-arc-4-elite-race-black,247 Arc-4 Elite Race - Black,UK13 / EU48 / US14,False,250.0,,https://scdn.speedsize.com/fbaf6506-81e1-43a2-bcc1-80e18c7b0146/uk.representclo.com/cdn/shop/files/eycBqPTzgTgF3pov38mHyez_YK6SB82XmRs-0240ky8.jpg?crop=center&height=1200&v=1770204305&width=1200
https://uk.representclo.com/products/247-arc-4-elite-race-cinder,247 Arc-4 Elite Race - Cinder,UK6 / EU39 / US7,True,250.0,,https://scdn.speedsize.com/fbaf6506-81e1-43a2-bcc1-80e18c7b0146/uk.representclo.com/cdn/shop/files/kLars8V3nFJVk-DXX4XzV0HnoNL6MghubpxIm1lpTck.jpg?crop=center&height=1200&v=1773248883&width=1200
https://uk.representclo.com/products/247-arc-4-elite-race-cinder,247 Arc-4 Elite Race - Cinder,UK6.5 / EU40 / US7.5,True,250.0,,https://scdn.speedsize.com/fbaf6506-81e1-43a2-bcc1-80e18c7b0146/uk.representclo.com/cdn/shop/files/kLars8V3nFJVk-DXX4XzV0HnoNL6MghubpxIm1lpTck.jpg?crop=center&height=1200&v=1773248883&width=1200
https://uk.representclo.com/products/247-arc-4-elite-race-cinder,247 Arc-4 Elite Race - Cinder,UK7 / EU41 / US8,True,250.0,,https://scdn.speedsize.com/fbaf6506-81e1-43a2-bcc1-80e18c7b0146/uk.representclo.com/cdn/shop/files/kLars8V3nFJVk-DXX4XzV0HnoNL6MghubpxIm1lpTck.jpg?crop=center&height=1200&v=1773248883&width=1200
https://uk.representclo.com/products/247-arc-4-elite-race-cinder,247 Arc-4 Elite Race - Cinder,UK7.5 / EU41.5 / US8.5,True,250.0,,https://scdn.speedsize.com/fbaf6506-81e1-43a2-bcc1-80e18c7b0146/uk.representclo.com/cdn/shop/files/kLars8V3nFJVk-DXX4XzV0HnoNL6MghubpxIm1lpTck.jpg?crop=center&height=1200&v=1773248883&width=1200
https://uk.representclo.com/products/247-arc-4-elite-race-cinder,247 Arc-4 Elite Race - Cinder,UK8 / EU42 / US9,True,250.0,,https://scdn.speedsize.com/fbaf6506-81e1-43a2-bcc1-80e18c7b0146/uk.representclo.com/cdn/shop/files/kLars8V3nFJVk-DXX4XzV0HnoNL6MghubpxIm1lpTck.jpg?crop=center&height=1200&v=1773248883&width=1200
https://uk.representclo.com/products/247-arc-4-elite-race-cinder,247 Arc-4 Elite Race - Cinder,UK8.5 / EU42.5 / US9.5,True,250.0,,https://scdn.speedsize.com/fbaf6506-81e1-43a2-bcc1-80e18c7b0146/uk.representclo.com/cdn/shop/files/kLars8V3nFJVk-DXX4XzV0HnoNL6MghubpxIm1lpTck.jpg?crop=center&height=1200&v=1773248883&width=1200
https://uk.representclo.com/products/247-arc-4-elite-race-cinder,247 Arc-4 Elite Race - Cinder,UK9 / EU43 / US10,True,250.0,,https://scdn.speedsize.com/fbaf6506-81e1-43a2-bcc1-80e18c7b0146/uk.representclo.com/cdn/shop/files/kLars8V3nFJVk-DXX4XzV0HnoNL6MghubpxIm1lpTck.jpg?crop=center&height=1200&v=1773248883&width=1200
https://uk.representclo.com/products/247-arc-4-elite-race-cinder,247 Arc-4 Elite Race - Cinder,UK9.5 / EU43.5 / US10.5,True,250.0,,https://scdn.speedsize.com/fbaf6506-81e1-43a2-bcc1-80e18c7b0146/uk.representclo.com/cdn/shop/files/kLars8V3nFJVk-DXX4XzV0HnoNL6MghubpxIm1lpTck.jpg?crop=center&height=1200&v=1773248883&width=1200
https://uk.representclo.com/products/247-arc-4-elite-race-cinder,247 Arc-4 Elite Race - Cinder,UK10 / EU44 / US11,True,250.0,,https://scdn.speedsize.com/fbaf6506-81e1-43a2-bcc1-80e18c7b0146/uk.representclo.com/cdn/shop/files/kLars8V3nFJVk-DXX4XzV0HnoNL6MghubpxIm1lpTck.jpg?crop=center&height=1200&v=1773248883&width=1200
https://uk.representclo.com/products/247-arc-4-elite-race-cinder,247 Arc-4 Elite Race - Cinder,UK10.5 / EU45 / US11.5,True,250.0,,https://scdn.speedsize.com/fbaf6506-81e1-43a2-bcc1-80e18c7b0146/uk.representclo.com/cdn/shop/files/kLars8V3nFJVk-DXX4XzV0HnoNL6MghubpxIm1lpTck.jpg?crop=center&height=1200&v=1773248883&width=1200
https://uk.representclo.com/products/247-arc-4-elite-race-cinder,247 Arc-4 Elite Race - Cinder,UK11 / EU46 / US12,True,250.0,,https://scdn.speedsize.com/fbaf6506-81e1-43a2-bcc1-80e18c7b0146/uk.representclo.com/cdn/shop/files/kLars8V3nFJVk-DXX4XzV0HnoNL6MghubpxIm1lpTck.jpg?crop=center&height=1200&v=1773248883&width=1200
https://uk.representclo.com/products/247-arc-4-elite-race-cinder,247 Arc-4 Elite Race - Cinder,UK11.5 / EU46.5 / US12.5,False,250.0,,https://scdn.speedsize.com/fbaf6506-81e1-43a2-bcc1-80e18c7b0146/uk.representclo.com/cdn/shop/files/kLars8V3nFJVk-DXX4XzV0HnoNL6MghubpxIm1lpTck.jpg?crop=center&height=1200&v=1773248883&width=1200
https://uk.representclo.com/products/247-arc-4-elite-race-cinder,247 Arc-4 Elite Race - Cinder,UK12 / EU47 / US13,True,250.0,,https://scdn.speedsize.com/fbaf6506-81e1-43a2-bcc1-80e18c7b0146/uk.representclo.com/cdn/shop/files/kLars8V3nFJVk-DXX4XzV0HnoNL6MghubpxIm1lpTck.jpg?crop=center&height=1200&v=1773248883&width=1200
https://uk.representclo.com/products/247-arc-4-elite-race-cinder,247 Arc-4 Elite Race - Cinder,UK12.5 / EU47.5 / US13.5,False,250.0,,https://scdn.speedsize.com/fbaf6506-81e1-43a2-bcc1-80e18c7b0146/uk.representclo.com/cdn/shop/files/kLars8V3nFJVk-DXX4XzV0HnoNL6MghubpxIm1lpTck.jpg?crop=center&height=1200&v=1773248883&width=1200
https://uk.representclo.com/products/247-arc-4-elite-race-cinder,247 Arc-4 Elite Race - Cinder,UK13 / EU48 / US14,False,250.0,,https://scdn.speedsize.com/fbaf6506-81e1-43a2-bcc1-80e18c7b0146/uk.representclo.com/cdn/shop/files/kLars8V3nFJVk-DXX4XzV0HnoNL6MghubpxIm1lpTck.jpg?crop=center&height=1200&v=1773248883&width=1200
https://uk.representclo.com/products/247-arc-4-elite-race-flat-white-jet-black,247 Arc-4 Elite Race - Flat White Jet Black,UK6 / EU39 / US7,True,250.0,,https://scdn.speedsize.com/fbaf6506-81e1-43a2-bcc1-80e18c7b0146/uk.representclo.com/cdn/shop/files/D40TkqpZTH_TK8WzlaVplLb44UoPP_aLDiPlF0AwRUQ.jpg?crop=center&height=1200&v=1770204327&width=1200
https://uk.representclo.com/products/247-arc-4-elite-race-flat-white-jet-black,247 Arc-4 Elite Race - Flat White Jet Black,UK6.5 / EU40 / US7.5,True,250.0,,https://scdn.speedsize.com/fbaf6506-81e1-43a2-bcc1-80e18c7b0146/uk.representclo.com/cdn/shop/files/D40TkqpZTH_TK8WzlaVplLb44UoPP_aLDiPlF0AwRUQ.jpg?crop=center&height=1200&v=1770204327&width=1200
https://uk.representclo.com/products/247-arc-4-elite-race-flat-white-jet-black,247 Arc-4 Elite Race - Flat White Jet Black,UK7 / EU41 / US8,True,250.0,,https://scdn.speedsize.com/fbaf6506-81e1-43a2-bcc1-80e18c7b0146/uk.representclo.com/cdn/shop/files/D40TkqpZTH_TK8WzlaVplLb44UoPP_aLDiPlF0AwRUQ.jpg?crop=center&height=1200&v=1770204327&width=1200
https://uk.representclo.com/products/247-arc-4-elite-race-flat-white-jet-black,247 Arc-4 Elite Race - Flat White Jet Black,UK7.5 / EU41.5 / US8.5,True,250.0,,https://scdn.speedsize.com/fbaf6506-81e1-43a2-bcc1-80e18c7b0146/uk.representclo.com/cdn/shop/files/D40TkqpZTH_TK8WzlaVplLb44UoPP_aLDiPlF0AwRUQ.jpg?crop=center&height=1200&v=1770204327&width=1200
https://uk.representclo.com/products/247-arc-4-elite-race-flat-white-jet-black,247 Arc-4 Elite Race - Flat White Jet Black,UK8 / EU42 / US9,True,250.0,,https://scdn.speedsize.com/fbaf6506-81e1-43a2-bcc1-80e18c7b0146/uk.representclo.com/cdn/shop/files/D40TkqpZTH_TK8WzlaVplLb44UoPP_aLDiPlF0AwRUQ.jpg?crop=center&height=1200&v=1770204327&width=1200
https://uk.representclo.com/products/247-arc-4-elite-race-flat-white-jet-black,247 Arc-4 Elite Race - Flat White Jet Black,UK8.5 / EU42.5 / US9.5,True,250.0,,https://scdn.speedsize.com/fbaf6506-81e1-43a2-bcc1-80e18c7b0146/uk.representclo.com/cdn/shop/files/D40TkqpZTH_TK8WzlaVplLb44UoPP_aLDiPlF0AwRUQ.jpg?crop=center&height=1200&v=1770204327&width=1200
https://uk.representclo.com/products/247-arc-4-elite-race-flat-white-jet-black,247 Arc-4 Elite Race - Flat White Jet Black,UK9 / EU43 / US10,True,250.0,,https://scdn.speedsize.com/fbaf6506-81e1-43a2-bcc1-80e18c7b0146/uk.representclo.com/cdn/shop/files/D40TkqpZTH_TK8WzlaVplLb44UoPP_aLDiPlF0AwRUQ.jpg?crop=center&height=1200&v=1770204327&width=1200
https://uk.representclo.com/products/247-arc-4-elite-race-flat-white-jet-black,247 Arc-4 Elite Race - Flat White Jet Black,UK9.5 / EU43.5 / US10.5,True,250.0,,https://scdn.speedsize.com/fbaf6506-81e1-43a2-bcc1-80e18c7b0146/uk.representclo.com/cdn/shop/files/D40TkqpZTH_TK8WzlaVplLb44UoPP_aLDiPlF0AwRUQ.jpg?crop=center&height=1200&v=1770204327&width=1200
https://uk.representclo.com/products/247-arc-4-elite-race-flat-white-jet-black,247 Arc-4 Elite Race - Flat White Jet Black,UK10 / EU44 / US11,True,250.0,,https://scdn.speedsize.com/fbaf6506-81e1-43a2-bcc1-80e18c7b0146/uk.representclo.com/cdn/shop/files/D40TkqpZTH_TK8WzlaVplLb44UoPP_aLDiPlF0AwRUQ.jpg?crop=center&height=1200&v=1770204327&width=1200
https://uk.representclo.com/products/247-arc-4-elite-race-flat-white-jet-black,247 Arc-4 Elite Race - Flat White Jet Black,UK10.5 / EU45 / US11.5,True,250.0,,https://scdn.speedsize.com/fbaf6506-81e1-43a2-bcc1-80e18c7b0146/uk.representclo.com/cdn/shop/files/D40TkqpZTH_TK8WzlaVplLb44UoPP_aLDiPlF0AwRUQ.jpg?crop=center&height=1200&v=1770204327&width=1200
https://uk.representclo.com/products/247-arc-4-elite-race-flat-white-jet-black,247 Arc-4 Elite Race - Flat White Jet Black,UK11 / EU46 / US12,True,250.0,,https://scdn.speedsize.com/fbaf6506-81e1-43a2-bcc1-80e18c7b0146/uk.representclo.com/cdn/shop/files/D40TkqpZTH_TK8WzlaVplLb44UoPP_aLDiPlF0AwRUQ.jpg?crop=center&height=1200&v=1770204327&width=1200
https://uk.representclo.com/products/247-arc-4-elite-race-flat-white-jet-black,247 Arc-4 Elite Race - Flat White Jet Black,UK11.5 / EU46.5 / US12.5,False,250.0,,https://scdn.speedsize.com/fbaf6506-81e1-43a2-bcc1-80e18c7b0146/uk.representclo.com/cdn/shop/files/D40TkqpZTH_TK8WzlaVplLb44UoPP_aLDiPlF0AwRUQ.jpg?crop=center&height=1200&v=1770204327&width=1200
https://uk.representclo.com/products/247-arc-4-elite-race-flat-white-jet-black,247 Arc-4 Elite Race - Flat White Jet Black,UK12 / EU47 / US13,True,250.0,,https://scdn.speedsize.com/fbaf6506-81e1-43a2-bcc1-80e18c7b0146/uk.representclo.com/cdn/shop/files/D40TkqpZTH_TK8WzlaVplLb44UoPP_aLDiPlF0AwRUQ.jpg?crop=center&height=1200&v=1770204327&width=1200
https://uk.representclo.com/products/247-arc-4-elite-race-flat-white-jet-black,247 Arc-4 Elite Race - Flat White Jet Black,UK12.5 / EU47.5 / US13.5,False,250.0,,https://scdn.speedsize.com/fbaf6506-81e1-43a2-bcc1-80e18c7b0146/uk.representclo.com/cdn/shop/files/D40TkqpZTH_TK8WzlaVplLb44UoPP_aLDiPlF0AwRUQ.jpg?crop=center&height=1200&v=1770204327&width=1200
https://uk.representclo.com/products/247-arc-4-elite-race-flat-white-jet-black,247 Arc-4 Elite Race - Flat White Jet Black,UK13 / EU48 / US14,False,250.0,,https://scdn.speedsize.com/fbaf6506-81e1-43a2-bcc1-80e18c7b0146/uk.representclo.com/cdn/shop/files/D40TkqpZTH_TK8WzlaVplLb44UoPP_aLDiPlF0AwRUQ.jpg?crop=center&height=1200&v=1770204327&width=1200
https://uk.representclo.com/products/247-arc-4-race-sock-flat-white,247 Arc-4 Race Sock - Flat White,One Size,False,20.0,,https://scdn.speedsize.com/fbaf6506-81e1-43a2-bcc1-80e18c7b0146/uk.representclo.com/cdn/shop/files/FP4Uv67y_ZxzYi8ieqtUUYg6SSlEQysMPCJtEx-oVDk.jpg?crop=center&height=1200&v=1770204684&width=1200
https://uk.representclo.com/products/247-arc-4-race-sock-jet-black,247 Arc-4 Race Sock - Jet Black,One Size,True,20.0,,https://scdn.speedsize.com/fbaf6506-81e1-43a2-bcc1-80e18c7b0146/uk.representclo.com/cdn/shop/files/WR0Bmhal1ykp_hLd9J-ArhGN4fPVgwQngIxhuTxOPrA.jpg?crop=center&height=1200&v=1770204697&width=1200
https://uk.representclo.com/products/247-arena-sunglasses-bronze,247 Arena Sunglasses - Bronze,One Size,True,145.0,,https://scdn.speedsize.com/fbaf6506-81e1-43a2-bcc1-80e18c7b0146/uk.representclo.com/cdn/shop/files/7kRnn4tpwCdkrgtIIXkHo-WZutMJBW-ikwCAi7oMil8.jpg?crop=center&height=1200&v=1729099522&width=1200
https://uk.representclo.com/products/247-arena-sunglasses-papyrus,247 Arena Sunglasses - Papyrus,One Size,True,145.0,,https://scdn.speedsize.com/fbaf6506-81e1-43a2-bcc1-80e18c7b0146/uk.representclo.com/cdn/shop/files/0000_Curves1.jpg?crop=center&height=1200&v=1729102492&width=1200
https://uk.representclo.com/products/247-arena-sunglasses-pebble,247 Arena Sunglasses - Pebble,One Size,True,145.0,,https://scdn.speedsize.com/fbaf6506-81e1-43a2-bcc1-80e18c7b0146/uk.representclo.com/cdn/shop/files/g86RU08HEe5dG0tCC2gWSZ_vSsLuwR9FElsDsJb38dQ.jpg?crop=center&height=1200&v=1740587577&width=1200
https://uk.representclo.com/products/247-balaclava-black,247 Balaclava - Black,One Size,True,55.0,,https://scdn.speedsize.com/fbaf6506-81e1-43a2-bcc1-80e18c7b0146/uk.representclo.com/cdn/shop/files/TcbpxfOs_EUxx3SqkdTXi75S46-GMajrP30yQ5PJPMM.jpg?crop=center&height=1200&v=1729099535&width=1200
https://uk.representclo.com/products/247-bandana-black-fade-out,247 Bandana - Black Fade Out,One Size,False,30.0,,https://scdn.speedsize.com/fbaf6506-81e1-43a2-bcc1-80e18c7b0146/uk.representclo.com/cdn/shop/files/PMmOaX2_vmJ0R4RPaJOgl1IPf-q6deOvLULBXPpp07g.jpg?crop=center&height=1200&v=1770204347&width=1200
https://uk.representclo.com/products/247-bandana-glacier-fade-out,247 Bandana - Glacier Fade Out,One Size,True,30.0,,https://scdn.speedsize.com/fbaf6506-81e1-43a2-bcc1-80e18c7b0146/uk.representclo.com/cdn/shop/files/NwXr0SSchwhaC00cE1AF9df2gj5zZj-qKR549t0TbNw.jpg?crop=center&height=1200&v=1770204359&width=1200
https://uk.representclo.com/products/247-berlin-bag-black,247 Berlin Bag - Black,One Size,True,60.0,,https://scdn.speedsize.com/fbaf6506-81e1-43a2-bcc1-80e18c7b0146/uk.representclo.com/cdn/shop/files/usJ9skg-TgG0kuo-5CNumh16zzqmMm4ogm3zLgHIcrI.jpg?crop=center&height=1200&v=1757923664&width=1200
https://uk.representclo.com/products/247-berlin-half-tight-purple,247 Berlin Half Tight - Purple,XS,False,85.0,,https://scdn.speedsize.com/fbaf6506-81e1-43a2-bcc1-80e18c7b0146/uk.representclo.com/cdn/shop/files/0cDWJwW2UE4An539_TvpalGCXeHZY5Y1WkfQSOM8TVE.jpg?crop=center&height=1200&v=1757923689&width=1200
https://uk.representclo.com/products/247-berlin-half-tight-purple,247 Berlin Half Tight - Purple,S,False,85.0,,https://scdn.speedsize.com/fbaf6506-81e1-43a2-bcc1-80e18c7b0146/uk.representclo.com/cdn/shop/files/0cDWJwW2UE4An539_TvpalGCXeHZY5Y1WkfQSOM8TVE.jpg?crop=center&height=1200&v=1757923689&width=1200
https://uk.representclo.com/products/247-berlin-half-tight-purple,247 Berlin Half Tight - Purple,M,False,85.0,,https://scdn.speedsize.com/fbaf6506-81e1-43a2-bcc1-80e18c7b0146/uk.representclo.com/cdn/shop/files/0cDWJwW2UE4An539_TvpalGCXeHZY5Y1WkfQSOM8TVE.jpg?crop=center&height=1200&v=1757923689&width=1200
https://uk.representclo.com/products/247-berlin-half-tight-purple,247 Berlin Half Tight - Purple,L,False,85.0,,https://scdn.speedsize.com/fbaf6506-81e1-43a2-bcc1-80e18c7b0146/uk.representclo.com/cdn/shop/files/0cDWJwW2UE4An539_TvpalGCXeHZY5Y1WkfQSOM8TVE.jpg?crop=center&height=1200&v=1757923689&width=1200
https://uk.representclo.com/products/247-berlin-half-tight-purple,247 Berlin Half Tight - Purple,XL,False,85.0,,https://scdn.speedsize.com/fbaf6506-81e1-43a2-bcc1-80e18c7b0146/uk.representclo.com/cdn/shop/files/0cDWJwW2UE4An539_TvpalGCXeHZY5Y1WkfQSOM8TVE.jpg?crop=center&height=1200&v=1757923689&width=1200
https://uk.representclo.com/products/247-berlin-half-tight-purple,247 Berlin Half Tight - Purple,XXL,False,85.0,,https://scdn.speedsize.com/fbaf6506-81e1-43a2-bcc1-80e18c7b0146/uk.representclo.com/cdn/shop/files/0cDWJwW2UE4An539_TvpalGCXeHZY5Y1WkfQSOM8TVE.jpg?crop=center&height=1200&v=1757923689&width=1200
https://uk.representclo.com/products/247-berlin-hoodie-black-purple,247 Berlin Hoodie - Black Purple,XS,True,140.0,,https://scdn.speedsize.com/fbaf6506-81e1-43a2-bcc1-80e18c7b0146/uk.representclo.com/cdn/shop/files/CZrvDDIhuHdxiZ0vw3lbDNkcSJR_rcs7QobzXidAlc0.jpg?crop=center&height=1200&v=1757929044&width=1200
https://uk.representclo.com/products/247-berlin-hoodie-black-purple,247 Berlin Hoodie - Black Purple,S,False,140.0,,https://scdn.speedsize.com/fbaf6506-81e1-43a2-bcc1-80e18c7b0146/uk.representclo.com/cdn/shop/files/CZrvDDIhuHdxiZ0vw3lbDNkcSJR_rcs7QobzXidAlc0.jpg?crop=center&height=1200&v=1757929044&width=1200
https://uk.representclo.com/products/247-berlin-hoodie-black-purple,247 Berlin Hoodie - Black Purple,M,True,140.0,,https://scdn.speedsize.com/fbaf6506-81e1-43a2-bcc1-80e18c7b0146/uk.representclo.com/cdn/shop/files/CZrvDDIhuHdxiZ0vw3lbDNkcSJR_rcs7QobzXidAlc0.jpg?crop=center&height=1200&v=1757929044&width=1200
https://uk.representclo.com/products/247-berlin-hoodie-black-purple,247 Berlin Hoodie - Black Purple,L,True,140.0,,https://scdn.speedsize.com/fbaf6506-81e1-43a2-bcc1-80e18c7b0146/uk.representclo.com/cdn/shop/files/CZrvDDIhuHdxiZ0vw3lbDNkcSJR_rcs7QobzXidAlc0.jpg?crop=center&height=1200&v=1757929044&width=1200
https://uk.representclo.com/products/247-berlin-hoodie-black-purple,247 Berlin Hoodie - Black Purple,XL,False,140.0,,https://scdn.speedsize.com/fbaf6506-81e1-43a2-bcc1-80e18c7b0146/uk.representclo.com/cdn/shop/files/CZrvDDIhuHdxiZ0vw3lbDNkcSJR_rcs7QobzXidAlc0.jpg?crop=center&height=1200&v=1757929044&width=1200
https://uk.representclo.com/products/247-berlin-hoodie-black-purple,247 Berlin Hoodie - Black Purple,XXL,False,140.0,,https://scdn.speedsize.com/fbaf6506-81e1-43a2-bcc1-80e18c7b0146/uk.representclo.com/cdn/shop/files/CZrvDDIhuHdxiZ0vw3lbDNkcSJR_rcs7QobzXidAlc0.jpg?crop=center&height=1200&v=1757929044&width=1200
https://uk.representclo.com/products/247-berlin-short-purple,247 Berlin Short - Purple,XS,False,95.0,,https://scdn.speedsize.com/fbaf6506-81e1-43a2-bcc1-80e18c7b0146/uk.representclo.com/cdn/shop/files/DFbYRa7ut_jiL4zWnSs4XqaAyJKMZxSwGfPER73j5G8.jpg?crop=center&height=1200&v=1757923749&width=1200
https://uk.representclo.com/products/247-berlin-short-purple,247 Berlin Short - Purple,S,False,95.0,,https://scdn.speedsize.com/fbaf6506-81e1-43a2-bcc1-80e18c7b0146/uk.representclo.com/cdn/shop/files/DFbYRa7ut_jiL4zWnSs4XqaAyJKMZxSwGfPER73j5G8.jpg?crop=center&height=1200&v=1757923749&width=1200
https://uk.representclo.com/products/247-berlin-short-purple,247 Berlin Short - Purple,M,False,95.0,,https://scdn.speedsize.com/fbaf6506-81e1-43a2-bcc1-80e18c7b0146/uk.representclo.com/cdn/shop/files/DFbYRa7ut_jiL4zWnSs4XqaAyJKMZxSwGfPER73j5G8.jpg?crop=center&height=1200&v=1757923749&width=1200
https://uk.representclo.com/products/247-berlin-short-purple,247 Berlin Short - Purple,L,False,95.0,,https://scdn.speedsize.com/fbaf6506-81e1-43a2-bcc1-80e18c7b0146/uk.representclo.com/cdn/shop/files/DFbYRa7ut_jiL4zWnSs4XqaAyJKMZxSwGfPER73j5G8.jpg?crop=center&height=1200&v=1757923749&width=1200
https://uk.representclo.com/products/247-berlin-short-purple,247 Berlin Short - Purple,XL,False,95.0,,https://scdn.speedsize.com/fbaf6506-81e1-43a2-bcc1-80e18c7b0146/uk.representclo.com/cdn/shop/files/DFbYRa7ut_jiL4zWnSs4XqaAyJKMZxSwGfPER73j5G8.jpg?crop=center&height=1200&v=1757923749&width=1200
https://uk.representclo.com/products/247-berlin-short-purple,247 Berlin Short - Purple,XXL,False,95.0,,https://scdn.speedsize.com/fbaf6506-81e1-43a2-bcc1-80e18c7b0146/uk.representclo.com/cdn/shop/files/DFbYRa7ut_jiL4zWnSs4XqaAyJKMZxSwGfPER73j5G8.jpg?crop=center&height=1200&v=1757923749&width=1200
https://uk.representclo.com/products/247-berlin-singlet-purple,247 Berlin Singlet - Purple,XS,False,80.0,,https://scdn.speedsize.com/fbaf6506-81e1-43a2-bcc1-80e18c7b0146/uk.representclo.com/cdn/shop/files/XPjZTalXTiq_SWVE4XNVGL3kWWTW30CWbDyFB_3VBFQ.jpg?crop=center&height=1200&v=1757923780&width=1200
https://uk.representclo.com/products/247-berlin-singlet-purple,247 Berlin Singlet - Purple,S,True,80.0,,https://scdn.speedsize.com/fbaf6506-81e1-43a2-bcc1-80e18c7b0146/uk.representclo.com/cdn/shop/files/XPjZTalXTiq_SWVE4XNVGL3kWWTW30CWbDyFB_3VBFQ.jpg?crop=center&height=1200&v=1757923780&width=1200
https://uk.representclo.com/products/247-berlin-singlet-purple,247 Berlin Singlet - Purple,M,False,80.0,,https://scdn.speedsize.com/fbaf6506-81e1-43a2-bcc1-80e18c7b0146/uk.representclo.com/cdn/shop/files/XPjZTalXTiq_SWVE4XNVGL3kWWTW30CWbDyFB_3VBFQ.jpg?crop=center&height=1200&v=1757923780&width=1200
https://uk.representclo.com/products/247-berlin-singlet-purple,247 Berlin Singlet - Purple,L,False,80.0,,https://scdn.speedsize.com/fbaf6506-81e1-43a2-bcc1-80e18c7b0146/uk.representclo.com/cdn/shop/files/XPjZTalXTiq_SWVE4XNVGL3kWWTW30CWbDyFB_3VBFQ.jpg?crop=center&height=1200&v=1757923780&width=1200
https://uk.representclo.com/products/247-berlin-singlet-purple,247 Berlin Singlet - Purple,XL,True,80.0,,https://scdn.speedsize.com/fbaf6506-81e1-43a2-bcc1-80e18c7b0146/uk.representclo.com/cdn/shop/files/XPjZTalXTiq_SWVE4XNVGL3kWWTW30CWbDyFB_3VBFQ.jpg?crop=center&height=1200&v=1757923780&width=1200
https://uk.representclo.com/products/247-berlin-singlet-purple,247 Berlin Singlet - Purple,XXL,True,80.0,,https://scdn.speedsize.com/fbaf6506-81e1-43a2-bcc1-80e18c7b0146/uk.representclo.com/cdn/shop/files/XPjZTalXTiq_SWVE4XNVGL3kWWTW30CWbDyFB_3VBFQ.jpg?crop=center&height=1200&v=1757923780&width=1200
https://uk.representclo.com/products/247-berlin-t-shirt-purple,247 Berlin T-Shirt - Purple,XS,True,85.0,,https://scdn.speedsize.com/fbaf6506-81e1-43a2-bcc1-80e18c7b0146/uk.representclo.com/cdn/shop/files/9_cm425vOhwv7y80drQt8k4P9E6qiHh9O4Qd1OVMel4.jpg?crop=center&height=1200&v=1757923810&width=1200
https://uk.representclo.com/products/247-berlin-t-shirt-purple,247 Berlin T-Shirt - Purple,S,True,85.0,,https://scdn.speedsize.com/fbaf6506-81e1-43a2-bcc1-80e18c7b0146/uk.representclo.com/cdn/shop/files/9_cm425vOhwv7y80drQt8k4P9E6qiHh9O4Qd1OVMel4.jpg?crop=center&height=1200&v=1757923810&width=1200
https://uk.representclo.com/products/247-berlin-t-shirt-purple,247 Berlin T-Shirt - Purple,M,False,85.0,,https://scdn.speedsize.com/fbaf6506-81e1-43a2-bcc1-80e18c7b0146/uk.representclo.com/cdn/shop/files/9_cm425vOhwv7y80drQt8k4P9E6qiHh9O4Qd1OVMel4.jpg?crop=center&height=1200&v=1757923810&width=1200
https://uk.representclo.com/products/247-berlin-t-shirt-purple,247 Berlin T-Shirt - Purple,L,False,85.0,,https://scdn.speedsize.com/fbaf6506-81e1-43a2-bcc1-80e18c7b0146/uk.representclo.com/cdn/shop/files/9_cm425vOhwv7y80drQt8k4P9E6qiHh9O4Qd1OVMel4.jpg?crop=center&height=1200&v=1757923810&width=1200
https://uk.representclo.com/products/247-berlin-t-shirt-purple,247 Berlin T-Shirt - Purple,XL,False,85.0,,https://scdn.speedsize.com/fbaf6506-81e1-43a2-bcc1-80e18c7b0146/uk.representclo.com/cdn/shop/files/9_cm425vOhwv7y80drQt8k4P9E6qiHh9O4Qd1OVMel4.jpg?crop=center&height=1200&v=1757923810&width=1200
https://uk.representclo.com/products/247-berlin-t-shirt-purple,247 Berlin T-Shirt - Purple,XXL,True,85.0,,https://scdn.speedsize.com/fbaf6506-81e1-43a2-bcc1-80e18c7b0146/uk.representclo.com/cdn/shop/files/9_cm425vOhwv7y80drQt8k4P9E6qiHh9O4Qd1OVMel4.jpg?crop=center&height=1200&v=1757923810&width=1200
https://uk.representclo.com/products/247-borg-fleece-black,247 Borg Fleece - Black,XXS,False,165.0,,https://scdn.speedsize.com/fbaf6506-81e1-43a2-bcc1-80e18c7b0146/uk.representclo.com/cdn/shop/files/wkC4A2RjLi74tyvJy98JczIxUZiyuxJAdQOM-FMWtuQ.jpg?crop=center&height=1200&v=1759937999&width=1200
https://uk.representclo.com/products/247-borg-fleece-black,247 Borg Fleece - Black,XS,True,165.0,,https://scdn.speedsize.com/fbaf6506-81e1-43a2-bcc1-80e18c7b0146/uk.representclo.com/cdn/shop/files/wkC4A2RjLi74tyvJy98JczIxUZiyuxJAdQOM-FMWtuQ.jpg?crop=center&height=1200&v=1759937999&width=1200
https://uk.representclo.com/products/247-borg-fleece-black,247 Borg Fleece - Black,S,True,165.0,,https://scdn.speedsize.com/fbaf6506-81e1-43a2-bcc1-80e18c7b0146/uk.representclo.com/cdn/shop/files/wkC4A2RjLi74tyvJy98JczIxUZiyuxJAdQOM-FMWtuQ.jpg?crop=center&height=1200&v=1759937999&width=1200
https://uk.representclo.com/products/247-borg-fleece-black,247 Borg Fleece - Black,M,True,165.0,,https://scdn.speedsize.com/fbaf6506-81e1-43a2-bcc1-80e18c7b0146/uk.representclo.com/cdn/shop/files/wkC4A2RjLi74tyvJy98JczIxUZiyuxJAdQOM-FMWtuQ.jpg?crop=center&height=1200&v=1759937999&width=1200
https://uk.representclo.com/products/247-borg-fleece-black,247 Borg Fleece - Black,L,False,165.0,,https://scdn.speedsize.com/fbaf6506-81e1-43a2-bcc1-80e18c7b0146/uk.representclo.com/cdn/shop/files/wkC4A2RjLi74tyvJy98JczIxUZiyuxJAdQOM-FMWtuQ.jpg?crop=center&height=1200&v=1759937999&width=1200
https://uk.representclo.com/products/247-borg-fleece-black,247 Borg Fleece - Black,XL,True,165.0,,https://scdn.speedsize.com/fbaf6506-81e1-43a2-bcc1-80e18c7b0146/uk.representclo.com/cdn/shop/files/wkC4A2RjLi74tyvJy98JczIxUZiyuxJAdQOM-FMWtuQ.jpg?crop=center&height=1200&v=1759937999&width=1200
https://uk.representclo.com/products/247-borg-fleece-black,247 Borg Fleece - Black,XXL,False,165.0,,https://scdn.speedsize.com/fbaf6506-81e1-43a2-bcc1-80e18c7b0146/uk.representclo.com/cdn/shop/files/wkC4A2RjLi74tyvJy98JczIxUZiyuxJAdQOM-FMWtuQ.jpg?crop=center&height=1200&v=1759937999&width=1200
https://uk.representclo.com/products/247-borg-fleece-chocolate,247 Borg Fleece - Chocolate,XXS,False,165.0,,https://scdn.speedsize.com/fbaf6506-81e1-43a2-bcc1-80e18c7b0146/uk.representclo.com/cdn/shop/files/VEY6xUKs2xeAQ2E--9BMneUhLEmVpWbnXuFyPqBjIFQ.jpg?crop=center&height=1200&v=1759938032&width=1200
https://uk.representclo.com/products/247-borg-fleece-chocolate,247 Borg Fleece - Chocolate,XS,True,165.0,,https://scdn.speedsize.com/fbaf6506-81e1-43a2-bcc1-80e18c7b0146/uk.representclo.com/cdn/shop/files/VEY6xUKs2xeAQ2E--9BMneUhLEmVpWbnXuFyPqBjIFQ.jpg?crop=center&height=1200&v=1759938032&width=1200
https://uk.representclo.com/products/247-borg-fleece-chocolate,247 Borg Fleece - Chocolate,S,True,165.0,,https://scdn.speedsize.com/fbaf6506-81e1-43a2-bcc1-80e18c7b0146/uk.representclo.com/cdn/shop/files/VEY6xUKs2xeAQ2E--9BMneUhLEmVpWbnXuFyPqBjIFQ.jpg?crop=center&height=1200&v=1759938032&width=1200
https://uk.representclo.com/products/247-borg-fleece-chocolate,247 Borg Fleece - Chocolate,M,True,165.0,,https://scdn.speedsize.com/fbaf6506-81e1-43a2-bcc1-80e18c7b0146/uk.representclo.com/cdn/shop/files/VEY6xUKs2xeAQ2E--9BMneUhLEmVpWbnXuFyPqBjIFQ.jpg?crop=center&height=1200&v=1759938032&width=1200
https://uk.representclo.com/products/247-borg-fleece-chocolate,247 Borg Fleece - Chocolate,L,True,165.0,,https://scdn.speedsize.com/fbaf6506-81e1-43a2-bcc1-80e18c7b0146/uk.representclo.com/cdn/shop/files/VEY6xUKs2xeAQ2E--9BMneUhLEmVpWbnXuFyPqBjIFQ.jpg?crop=center&height=1200&v=1759938032&width=1200
https://uk.representclo.com/products/247-borg-fleece-chocolate,247 Borg Fleece - Chocolate,XL,True,165.0,,https://scdn.speedsize.com/fbaf6506-81e1-43a2-bcc1-80e18c7b0146/uk.representclo.com/cdn/shop/files/VEY6xUKs2xeAQ2E--9BMneUhLEmVpWbnXuFyPqBjIFQ.jpg?crop=center&height=1200&v=1759938032&width=1200
https://uk.representclo.com/products/247-borg-fleece-chocolate,247 Borg Fleece - Chocolate,XXL,False,165.0,,https://scdn.speedsize.com/fbaf6506-81e1-43a2-bcc1-80e18c7b0146/uk.representclo.com/cdn/shop/files/VEY6xUKs2xeAQ2E--9BMneUhLEmVpWbnXuFyPqBjIFQ.jpg?crop=center&height=1200&v=1759938032&width=1200
https://uk.representclo.com/products/247-bottle-xl-clear,247 Bottle XL - Clear,XL,True,16.0,,https://scdn.speedsize.com/fbaf6506-81e1-43a2-bcc1-80e18c7b0146/uk.representclo.com/cdn/shop/files/0001s_0066_CLEARBOTTLESIDESMALL.jpg?crop=center&height=1200&v=1694591031&width=1200
https://uk.representclo.com/products/247-bottle-xl-smoke,247 Bottle XL - Smoke,XL,True,16.0,,https://scdn.speedsize.com/fbaf6506-81e1-43a2-bcc1-80e18c7b0146/uk.representclo.com/cdn/shop/files/NEWSCALING_0013_Layer3.jpg?crop=center&height=1200&v=1692335376&width=1200
https://uk.representclo.com/products/247-cargo-half-tight-graphite-grey,247 Cargo Half Tight - Graphite Grey,XXS,False,75.0,,https://scdn.speedsize.com/fbaf6506-81e1-43a2-bcc1-80e18c7b0146/uk.representclo.com/cdn/shop/files/twCiQAcpxgTahdhSxwiPlavPrzTQfCk08Zp_pQww1vI.jpg?crop=center&height=1200&v=1773248922&width=1200
https://uk.representclo.com/products/247-cargo-half-tight-graphite-grey,247 Cargo Half Tight - Graphite Grey,XS,True,75.0,,https://scdn.speedsize.com/fbaf6506-81e1-43a2-bcc1-80e18c7b0146/uk.representclo.com/cdn/shop/files/twCiQAcpxgTahdhSxwiPlavPrzTQfCk08Zp_pQww1vI.jpg?crop=center&height=1200&v=1773248922&width=1200
https://uk.representclo.com/products/247-cargo-half-tight-graphite-grey,247 Cargo Half Tight - Graphite Grey,S,False,75.0,,https://scdn.speedsize.com/fbaf6506-81e1-43a2-bcc1-80e18c7b0146/uk.representclo.com/cdn/shop/files/twCiQAcpxgTahdhSxwiPlavPrzTQfCk08Zp_pQww1vI.jpg?crop=center&height=1200&v=1773248922&width=1200
https://uk.representclo.com/products/247-cargo-half-tight-graphite-grey,247 Cargo Half Tight - Graphite Grey,M,True,75.0,,https://scdn.speedsize.com/fbaf6506-81e1-43a2-bcc1-80e18c7b0146/uk.representclo.com/cdn/shop/files/twCiQAcpxgTahdhSxwiPlavPrzTQfCk08Zp_pQww1vI.jpg?crop=center&height=1200&v=1773248922&width=1200
https://uk.representclo.com/products/247-cargo-half-tight-graphite-grey,247 Cargo Half Tight - Graphite Grey,L,True,75.0,,https://scdn.speedsize.com/fbaf6506-81e1-43a2-bcc1-80e18c7b0146/uk.representclo.com/cdn/shop/files/twCiQAcpxgTahdhSxwiPlavPrzTQfCk08Zp_pQww1vI.jpg?crop=center&height=1200&v=1773248922&width=1200
https://uk.representclo.com/products/247-cargo-half-tight-graphite-grey,247 Cargo Half Tight - Graphite Grey,XL,True,75.0,,https://scdn.speedsize.com/fbaf6506-81e1-43a2-bcc1-80e18c7b0146/uk.representclo.com/cdn/shop/files/twCiQAcpxgTahdhSxwiPlavPrzTQfCk08Zp_pQww1vI.jpg?crop=center&height=1200&v=1773248922&width=1200
https://uk.representclo.com/products/247-cargo-half-tight-graphite-grey,247 Cargo Half Tight - Graphite Grey,XXL,True,75.0,,https://scdn.speedsize.com/fbaf6506-81e1-43a2-bcc1-80e18c7b0146/uk.representclo.com/cdn/shop/files/twCiQAcpxgTahdhSxwiPlavPrzTQfCk08Zp_pQww1vI.jpg?crop=center&height=1200&v=1773248922&width=1200
https://uk.representclo.com/products/247-cargo-half-tight-jet-black,247 Cargo Half Tight - Jet Black,XS,True,75.0,,https://scdn.speedsize.com/fbaf6506-81e1-43a2-bcc1-80e18c7b0146/uk.representclo.com/cdn/shop/files/KGO3sqs9PYRjklHo-FSL8QYgT3uaWAMUZsjAhZhWBSg.jpg?crop=center&height=1200&v=1710347737&width=1200
https://uk.representclo.com/products/247-cargo-half-tight-jet-black,247 Cargo Half Tight - Jet Black,S,False,75.0,,https://scdn.speedsize.com/fbaf6506-81e1-43a2-bcc1-80e18c7b0146/uk.representclo.com/cdn/shop/files/KGO3sqs9PYRjklHo-FSL8QYgT3uaWAMUZsjAhZhWBSg.jpg?crop=center&height=1200&v=1710347737&width=1200
https://uk.representclo.com/products/247-cargo-half-tight-jet-black,247 Cargo Half Tight - Jet Black,M,False,75.0,,https://scdn.speedsize.com/fbaf6506-81e1-43a2-bcc1-80e18c7b0146/uk.representclo.com/cdn/shop/files/KGO3sqs9PYRjklHo-FSL8QYgT3uaWAMUZsjAhZhWBSg.jpg?crop=center&height=1200&v=1710347737&width=1200
https://uk.representclo.com/products/247-cargo-half-tight-jet-black,247 Cargo Half Tight - Jet Black,L,False,75.0,,https://scdn.speedsize.com/fbaf6506-81e1-43a2-bcc1-80e18c7b0146/uk.representclo.com/cdn/shop/files/KGO3sqs9PYRjklHo-FSL8QYgT3uaWAMUZsjAhZhWBSg.jpg?crop=center&height=1200&v=1710347737&width=1200
https://uk.representclo.com/products/247-cargo-half-tight-jet-black,247 Cargo Half Tight - Jet Black,XL,False,75.0,,https://scdn.speedsize.com/fbaf6506-81e1-43a2-bcc1-80e18c7b0146/uk.representclo.com/cdn/shop/files/KGO3sqs9PYRjklHo-FSL8QYgT3uaWAMUZsjAhZhWBSg.jpg?crop=center&height=1200&v=1710347737&width=1200
https://uk.representclo.com/products/247-cargo-half-tight-jet-black,247 Cargo Half Tight - Jet Black,XXL,True,75.0,,https://scdn.speedsize.com/fbaf6506-81e1-43a2-bcc1-80e18c7b0146/uk.representclo.com/cdn/shop/files/KGO3sqs9PYRjklHo-FSL8QYgT3uaWAMUZsjAhZhWBSg.jpg?crop=center&height=1200&v=1710347737&width=1200
https://uk.representclo.com/products/247-chest-rig-realtree,Team 247 Chest Rig - Realtree®,S/M,True,140.0,,https://scdn.speedsize.com/fbaf6506-81e1-43a2-bcc1-80e18c7b0146/uk.representclo.com/cdn/shop/files/aVEbPEIQdXZmSlj-E9RTa2PEwpViXf1Uf-zXTMVDsMw.jpg?crop=center&height=1200&v=1740587614&width=1200
https://uk.representclo.com/products/247-chest-rig-realtree,Team 247 Chest Rig - Realtree®,M/L,False,140.0,,https://scdn.speedsize.com/fbaf6506-81e1-43a2-bcc1-80e18c7b0146/uk.representclo.com/cdn/shop/files/aVEbPEIQdXZmSlj-E9RTa2PEwpViXf1Uf-zXTMVDsMw.jpg?crop=center&height=1200&v=1740587614&width=1200
https://uk.representclo.com/products/247-compound-legging-black,247 Compound Legging - Black,XS,False,80.0,,https://scdn.speedsize.com/fbaf6506-81e1-43a2-bcc1-80e18c7b0146/uk.representclo.com/cdn/shop/files/vQ2IL9jI65h2YuMZv_q9e1D0G2U6tqgdBfQjG5PRY7M.jpg?crop=center&height=1200&v=1717508303&width=1200
https://uk.representclo.com/products/247-compound-legging-black,247 Compound Legging - Black,S,True,80.0,,https://scdn.speedsize.com/fbaf6506-81e1-43a2-bcc1-80e18c7b0146/uk.representclo.com/cdn/shop/files/vQ2IL9jI65h2YuMZv_q9e1D0G2U6tqgdBfQjG5PRY7M.jpg?crop=center&height=1200&v=1717508303&width=1200
https://uk.representclo.com/products/247-compound-legging-black,247 Compound Legging - Black,M,False,80.0,,https://scdn.speedsize.com/fbaf6506-81e1-43a2-bcc1-80e18c7b0146/uk.representclo.com/cdn/shop/files/vQ2IL9jI65h2YuMZv_q9e1D0G2U6tqgdBfQjG5PRY7M.jpg?crop=center&height=1200&v=1717508303&width=1200
https://uk.representclo.com/products/247-compound-legging-black,247 Compound Legging - Black,L,False,80.0,,https://scdn.speedsize.com/fbaf6506-81e1-43a2-bcc1-80e18c7b0146/uk.representclo.com/cdn/shop/files/vQ2IL9jI65h2YuMZv_q9e1D0G2U6tqgdBfQjG5PRY7M.jpg?crop=center&height=1200&v=1717508303&width=1200
https://uk.representclo.com/products/247-compound-legging-black,247 Compound Legging - Black,XL,False,80.0,,https://scdn.speedsize.com/fbaf6506-81e1-43a2-bcc1-80e18c7b0146/uk.representclo.com/cdn/shop/files/vQ2IL9jI65h2YuMZv_q9e1D0G2U6tqgdBfQjG5PRY7M.jpg?crop=center&height=1200&v=1717508303&width=1200
https://uk.representclo.com/products/247-compound-legging-black,247 Compound Legging - Black,XXL,False,80.0,,https://scdn.speedsize.com/fbaf6506-81e1-43a2-bcc1-80e18c7b0146/uk.representclo.com/cdn/shop/files/vQ2IL9jI65h2YuMZv_q9e1D0G2U6tqgdBfQjG5PRY7M.jpg?crop=center&height=1200&v=1717508303&width=1200
https://uk.representclo.com/products/247-compound-legging-short-black,247 Compound Legging Short - Black,XS,True,70.0,,https://scdn.speedsize.com/fbaf6506-81e1-43a2-bcc1-80e18c7b0146/uk.representclo.com/cdn/shop/files/RujWBFAT6FN_ni49jvGBYtDCTzEyUcf8Vh3t2Fkp8OA.jpg?crop=center&height=1200&v=1717508316&width=1200
https://uk.representclo.com/products/247-compound-legging-short-black,247 Compound Legging Short - Black,S,True,70.0,,https://scdn.speedsize.com/fbaf6506-81e1-43a2-bcc1-80e18c7b0146/uk.representclo.com/cdn/shop/files/RujWBFAT6FN_ni49jvGBYtDCTzEyUcf8Vh3t2Fkp8OA.jpg?crop=center&height=1200&v=1717508316&width=1200
https://uk.representclo.com/products/247-compound-legging-short-black,247 Compound Legging Short - Black,M,False,70.0,,https://scdn.speedsize.com/fbaf6506-81e1-43a2-bcc1-80e18c7b0146/uk.representclo.com/cdn/shop/files/RujWBFAT6FN_ni49jvGBYtDCTzEyUcf8Vh3t2Fkp8OA.jpg?crop=center&height=1200&v=1717508316&width=1200
https://uk.representclo.com/products/247-compound-legging-short-black,247 Compound Legging Short - Black,L,True,70.0,,https://scdn.speedsize.com/fbaf6506-81e1-43a2-bcc1-80e18c7b0146/uk.representclo.com/cdn/shop/files/RujWBFAT6FN_ni49jvGBYtDCTzEyUcf8Vh3t2Fkp8OA.jpg?crop=center&height=1200&v=1717508316&width=1200
https://uk.representclo.com/products/247-compound-legging-short-black,247 Compound Legging Short - Black,XL,False,70.0,,https://scdn.speedsize.com/fbaf6506-81e1-43a2-bcc1-80e18c7b0146/uk.representclo.com/cdn/shop/files/RujWBFAT6FN_ni49jvGBYtDCTzEyUcf8Vh3t2Fkp8OA.jpg?crop=center&height=1200&v=1717508316&width=1200
https://uk.representclo.com/products/247-compound-legging-short-black,247 Compound Legging Short - Black,XXL,False,70.0,,https://scdn.speedsize.com/fbaf6506-81e1-43a2-bcc1-80e18c7b0146/uk.representclo.com/cdn/shop/files/RujWBFAT6FN_ni49jvGBYtDCTzEyUcf8Vh3t2Fkp8OA.jpg?crop=center&height=1200&v=1717508316&width=1200
https://uk.representclo.com/products/247-compound-long-sleeve-t-shirt-black,247 Compound Long Sleeve T-Shirt - Black,XS,True,70.0,,https://scdn.speedsize.com/fbaf6506-81e1-43a2-bcc1-80e18c7b0146/uk.representclo.com/cdn/shop/files/6uJlqKdol_c9Ej_mXa9sALTirp1Uo_ohlTPaVkphSFM.jpg?crop=center&height=1200&v=1717508288&width=1200
https://uk.representclo.com/products/247-compound-long-sleeve-t-shirt-black,247 Compound Long Sleeve T-Shirt - Black,S,True,70.0,,https://scdn.speedsize.com/fbaf6506-81e1-43a2-bcc1-80e18c7b0146/uk.representclo.com/cdn/shop/files/6uJlqKdol_c9Ej_mXa9sALTirp1Uo_ohlTPaVkphSFM.jpg?crop=center&height=1200&v=1717508288&width=1200
https://uk.representclo.com/products/247-compound-long-sleeve-t-shirt-black,247 Compound Long Sleeve T-Shirt - Black,M,True,70.0,,https://scdn.speedsize.com/fbaf6506-81e1-43a2-bcc1-80e18c7b0146/uk.representclo.com/cdn/shop/files/6uJlqKdol_c9Ej_mXa9sALTirp1Uo_ohlTPaVkphSFM.jpg?crop=center&height=1200&v=1717508288&width=1200
https://uk.representclo.com/products/247-compound-long-sleeve-t-shirt-black,247 Compound Long Sleeve T-Shirt - Black,L,True,70.0,,https://scdn.speedsize.com/fbaf6506-81e1-43a2-bcc1-80e18c7b0146/uk.representclo.com/cdn/shop/files/6uJlqKdol_c9Ej_mXa9sALTirp1Uo_ohlTPaVkphSFM.jpg?crop=center&height=1200&v=1717508288&width=1200
https://uk.representclo.com/products/247-compound-long-sleeve-t-shirt-black,247 Compound Long Sleeve T-Shirt - Black,XL,False,70.0,,https://scdn.speedsize.com/fbaf6506-81e1-43a2-bcc1-80e18c7b0146/uk.representclo.com/cdn/shop/files/6uJlqKdol_c9Ej_mXa9sALTirp1Uo_ohlTPaVkphSFM.jpg?crop=center&height=1200&v=1717508288&width=1200
https://uk.representclo.com/products/247-compound-long-sleeve-t-shirt-black,247 Compound Long Sleeve T-Shirt - Black,XXL,False,70.0,,https://scdn.speedsize.com/fbaf6506-81e1-43a2-bcc1-80e18c7b0146/uk.representclo.com/cdn/shop/files/6uJlqKdol_c9Ej_mXa9sALTirp1Uo_ohlTPaVkphSFM.jpg?crop=center&height=1200&v=1717508288&width=1200
https://uk.representclo.com/products/247-compound-t-shirt-black,247 Compound T-Shirt - Black,XS,False,65.0,,https://scdn.speedsize.com/fbaf6506-81e1-43a2-bcc1-80e18c7b0146/uk.representclo.com/cdn/shop/files/o-XK38jY4uRs_5KKC81jOHm1alIPl8AAyAOv6MIRVHY.jpg?crop=center&height=1200&v=1717508275&width=1200
https://uk.representclo.com/products/247-compound-t-shirt-black,247 Compound T-Shirt - Black,S,True,65.0,,https://scdn.speedsize.com/fbaf6506-81e1-43a2-bcc1-80e18c7b0146/uk.representclo.com/cdn/shop/files/o-XK38jY4uRs_5KKC81jOHm1alIPl8AAyAOv6MIRVHY.jpg?crop=center&height=1200&v=1717508275&width=1200
https://uk.representclo.com/products/247-compound-t-shirt-black,247 Compound T-Shirt - Black,M,True,65.0,,https://scdn.speedsize.com/fbaf6506-81e1-43a2-bcc1-80e18c7b0146/uk.representclo.com/cdn/shop/files/o-XK38jY4uRs_5KKC81jOHm1alIPl8AAyAOv6MIRVHY.jpg?crop=center&height=1200&v=1717508275&width=1200
https://uk.representclo.com/products/247-compound-t-shirt-black,247 Compound T-Shirt - Black,L,True,65.0,,https://scdn.speedsize.com/fbaf6506-81e1-43a2-bcc1-80e18c7b0146/uk.representclo.com/cdn/shop/files/o-XK38jY4uRs_5KKC81jOHm1alIPl8AAyAOv6MIRVHY.jpg?crop=center&height=1200&v=1717508275&width=1200
https://uk.representclo.com/products/247-compound-t-shirt-black,247 Compound T-Shirt - Black,XL,False,65.0,,https://scdn.speedsize.com/fbaf6506-81e1-43a2-bcc1-80e18c7b0146/uk.representclo.com/cdn/shop/files/o-XK38jY4uRs_5KKC81jOHm1alIPl8AAyAOv6MIRVHY.jpg?crop=center&height=1200&v=1717508275&width=1200
https://uk.representclo.com/products/247-compound-t-shirt-black,247 Compound T-Shirt - Black,XXL,False,65.0,,https://scdn.speedsize.com/fbaf6506-81e1-43a2-bcc1-80e18c7b0146/uk.representclo.com/cdn/shop/files/o-XK38jY4uRs_5KKC81jOHm1alIPl8AAyAOv6MIRVHY.jpg?crop=center&height=1200&v=1717508275&width=1200
https://uk.representclo.com/products/247-contour-2-in-1-run-shorts-black,247 Contour 2-In-1 Run Shorts - Black,XS,True,100.0,,https://scdn.speedsize.com/fbaf6506-81e1-43a2-bcc1-80e18c7b0146/uk.representclo.com/cdn/shop/files/oGN9ImpaP8nrfvcbN_GPDOFG49hsGNYdC0rp7hkZ28M.jpg?crop=center&height=1200&v=1740587674&width=1200
https://uk.representclo.com/products/247-contour-2-in-1-run-shorts-black,247 Contour 2-In-1 Run Shorts - Black,S,True,100.0,,https://scdn.speedsize.com/fbaf6506-81e1-43a2-bcc1-80e18c7b0146/uk.representclo.com/cdn/shop/files/oGN9ImpaP8nrfvcbN_GPDOFG49hsGNYdC0rp7hkZ28M.jpg?crop=center&height=1200&v=1740587674&width=1200
https://uk.representclo.com/products/247-contour-2-in-1-run-shorts-black,247 Contour 2-In-1 Run Shorts - Black,M,False,100.0,,https://scdn.speedsize.com/fbaf6506-81e1-43a2-bcc1-80e18c7b0146/uk.representclo.com/cdn/shop/files/oGN9ImpaP8nrfvcbN_GPDOFG49hsGNYdC0rp7hkZ28M.jpg?crop=center&height=1200&v=1740587674&width=1200
https://uk.representclo.com/products/247-contour-2-in-1-run-shorts-black,247 Contour 2-In-1 Run Shorts - Black,L,False,100.0,,https://scdn.speedsize.com/fbaf6506-81e1-43a2-bcc1-80e18c7b0146/uk.representclo.com/cdn/shop/files/oGN9ImpaP8nrfvcbN_GPDOFG49hsGNYdC0rp7hkZ28M.jpg?crop=center&height=1200&v=1740587674&width=1200
https://uk.representclo.com/products/247-contour-2-in-1-run-shorts-black,247 Contour 2-In-1 Run Shorts - Black,XL,True,100.0,,https://scdn.speedsize.com/fbaf6506-81e1-43a2-bcc1-80e18c7b0146/uk.representclo.com/cdn/shop/files/oGN9ImpaP8nrfvcbN_GPDOFG49hsGNYdC0rp7hkZ28M.jpg?crop=center&height=1200&v=1740587674&width=1200
https://uk.representclo.com/products/247-contour-2-in-1-run-shorts-black,247 Contour 2-In-1 Run Shorts - Black,XXL,False,100.0,,https://scdn.speedsize.com/fbaf6506-81e1-43a2-bcc1-80e18c7b0146/uk.representclo.com/cdn/shop/files/oGN9ImpaP8nrfvcbN_GPDOFG49hsGNYdC0rp7hkZ28M.jpg?crop=center&height=1200&v=1740587674&width=1200
https://uk.representclo.com/products/247-contour-2-in-1-run-shorts-pebble,247 Contour 2-In-1 Run Shorts - Pebble,XS,False,100.0,,https://scdn.speedsize.com/fbaf6506-81e1-43a2-bcc1-80e18c7b0146/uk.representclo.com/cdn/shop/files/qZuiPnPpf8W7T_SWs_87zzCVLYhfShPZffPBfR68Qs0.jpg?crop=center&height=1200&v=1740587706&width=1200
https://uk.representclo.com/products/247-contour-2-in-1-run-shorts-pebble,247 Contour 2-In-1 Run Shorts - Pebble,S,True,100.0,,https://scdn.speedsize.com/fbaf6506-81e1-43a2-bcc1-80e18c7b0146/uk.representclo.com/cdn/shop/files/qZuiPnPpf8W7T_SWs_87zzCVLYhfShPZffPBfR68Qs0.jpg?crop=center&height=1200&v=1740587706&width=1200
https://uk.representclo.com/products/247-contour-2-in-1-run-shorts-pebble,247 Contour 2-In-1 Run Shorts - Pebble,M,False,100.0,,https://scdn.speedsize.com/fbaf6506-81e1-43a2-bcc1-80e18c7b0146/uk.representclo.com/cdn/shop/files/qZuiPnPpf8W7T_SWs_87zzCVLYhfShPZffPBfR68Qs0.jpg?crop=center&height=1200&v=1740587706&width=1200
https://uk.representclo.com/products/247-contour-2-in-1-run-shorts-pebble,247 Contour 2-In-1 Run Shorts - Pebble,L,False,100.0,,https://scdn.speedsize.com/fbaf6506-81e1-43a2-bcc1-80e18c7b0146/uk.representclo.com/cdn/shop/files/qZuiPnPpf8W7T_SWs_87zzCVLYhfShPZffPBfR68Qs0.jpg?crop=center&height=1200&v=1740587706&width=1200
https://uk.representclo.com/products/247-contour-2-in-1-run-shorts-pebble,247 Contour 2-In-1 Run Shorts - Pebble,XL,True,100.0,,https://scdn.speedsize.com/fbaf6506-81e1-43a2-bcc1-80e18c7b0146/uk.representclo.com/cdn/shop/files/qZuiPnPpf8W7T_SWs_87zzCVLYhfShPZffPBfR68Qs0.jpg?crop=center&height=1200&v=1740587706&width=1200
https://uk.representclo.com/products/247-contour-2-in-1-run-shorts-pebble,247 Contour 2-In-1 Run Shorts - Pebble,XXL,False,100.0,,https://scdn.speedsize.com/fbaf6506-81e1-43a2-bcc1-80e18c7b0146/uk.representclo.com/cdn/shop/files/qZuiPnPpf8W7T_SWs_87zzCVLYhfShPZffPBfR68Qs0.jpg?crop=center&height=1200&v=1740587706&width=1200
https://uk.representclo.com/products/247-contour-2-in-1-run-shorts-titanium,247 Contour 2-In-1 Run Shorts - Titanium,XS,True,100.0,,https://scdn.speedsize.com/fbaf6506-81e1-43a2-bcc1-80e18c7b0146/uk.representclo.com/cdn/shop/files/b1qJvoRxp-0Rp6IsIKR8hRQDeTBLY7oAOA4Vek0D808.jpg?crop=center&height=1200&v=1740587730&width=1200
https://uk.representclo.com/products/247-contour-2-in-1-run-shorts-titanium,247 Contour 2-In-1 Run Shorts - Titanium,S,True,100.0,,https://scdn.speedsize.com/fbaf6506-81e1-43a2-bcc1-80e18c7b0146/uk.representclo.com/cdn/shop/files/b1qJvoRxp-0Rp6IsIKR8hRQDeTBLY7oAOA4Vek0D808.jpg?crop=center&height=1200&v=1740587730&width=1200
https://uk.representclo.com/products/247-contour-2-in-1-run-shorts-titanium,247 Contour 2-In-1 Run Shorts - Titanium,M,False,100.0,,https://scdn.speedsize.com/fbaf6506-81e1-43a2-bcc1-80e18c7b0146/uk.representclo.com/cdn/shop/files/b1qJvoRxp-0Rp6IsIKR8hRQDeTBLY7oAOA4Vek0D808.jpg?crop=center&height=1200&v=1740587730&width=1200
https://uk.representclo.com/products/247-contour-2-in-1-run-shorts-titanium,247 Contour 2-In-1 Run Shorts - Titanium,L,False,100.0,,https://scdn.speedsize.com/fbaf6506-81e1-43a2-bcc1-80e18c7b0146/uk.representclo.com/cdn/shop/files/b1qJvoRxp-0Rp6IsIKR8hRQDeTBLY7oAOA4Vek0D808.jpg?crop=center&height=1200&v=1740587730&width=1200
https://uk.representclo.com/products/247-contour-2-in-1-run-shorts-titanium,247 Contour 2-In-1 Run Shorts - Titanium,XL,True,100.0,,https://scdn.speedsize.com/fbaf6506-81e1-43a2-bcc1-80e18c7b0146/uk.representclo.com/cdn/shop/files/b1qJvoRxp-0Rp6IsIKR8hRQDeTBLY7oAOA4Vek0D808.jpg?crop=center&height=1200&v=1740587730&width=1200
https://uk.representclo.com/products/247-contour-2-in-1-run-shorts-titanium,247 Contour 2-In-1 Run Shorts - Titanium,XXL,True,100.0,,https://scdn.speedsize.com/fbaf6506-81e1-43a2-bcc1-80e18c7b0146/uk.representclo.com/cdn/shop/files/b1qJvoRxp-0Rp6IsIKR8hRQDeTBLY7oAOA4Vek0D808.jpg?crop=center&height=1200&v=1740587730&width=1200
https://uk.representclo.com/products/247-contour-bucket-hat-rust,247 Contour Bucket Hat - Rust,One Size,False,50.0,,https://scdn.speedsize.com/fbaf6506-81e1-43a2-bcc1-80e18c7b0146/uk.representclo.com/cdn/shop/files/Ibj3sPlpINZ68n0IP7966Svu9QH3MCEkcAUM5q6u1OY.jpg?crop=center&height=1200&v=1740587763&width=1200
https://uk.representclo.com/products/247-contour-headband-rust,247 Contour Headband - Rust,One Size,False,25.0,,https://scdn.speedsize.com/fbaf6506-81e1-43a2-bcc1-80e18c7b0146/uk.representclo.com/cdn/shop/files/247ContourHeadband-Rust00001.jpg?crop=center&height=1200&v=1743161688&width=1200
https://uk.representclo.com/products/247-contour-run-t-shirt-pebble,247 Contour Run T-Shirt - Pebble,XS,True,90.0,,https://scdn.speedsize.com/fbaf6506-81e1-43a2-bcc1-80e18c7b0146/uk.representclo.com/cdn/shop/files/CW6fUcAf0WvJoyvPDIZk-K1r2OyxYjaEDvlByWGnMbM.jpg?crop=center&height=1200&v=1740601119&width=1200
https://uk.representclo.com/products/247-contour-run-t-shirt-pebble,247 Contour Run T-Shirt - Pebble,S,True,90.0,,https://scdn.speedsize.com/fbaf6506-81e1-43a2-bcc1-80e18c7b0146/uk.representclo.com/cdn/shop/files/CW6fUcAf0WvJoyvPDIZk-K1r2OyxYjaEDvlByWGnMbM.jpg?crop=center&height=1200&v=1740601119&width=1200
https://uk.representclo.com/products/247-contour-run-t-shirt-pebble,247 Contour Run T-Shirt - Pebble,M,True,90.0,,https://scdn.speedsize.com/fbaf6506-81e1-43a2-bcc1-80e18c7b0146/uk.representclo.com/cdn/shop/files/CW6fUcAf0WvJoyvPDIZk-K1r2OyxYjaEDvlByWGnMbM.jpg?crop=center&height=1200&v=1740601119&width=1200
https://uk.representclo.com/products/247-contour-run-t-shirt-pebble,247 Contour Run T-Shirt - Pebble,L,False,90.0,,https://scdn.speedsize.com/fbaf6506-81e1-43a2-bcc1-80e18c7b0146/uk.representclo.com/cdn/shop/files/CW6fUcAf0WvJoyvPDIZk-K1r2OyxYjaEDvlByWGnMbM.jpg?crop=center&height=1200&v=1740601119&width=1200
https://uk.representclo.com/products/247-contour-run-t-shirt-pebble,247 Contour Run T-Shirt - Pebble,XL,False,90.0,,https://scdn.speedsize.com/fbaf6506-81e1-43a2-bcc1-80e18c7b0146/uk.representclo.com/cdn/shop/files/CW6fUcAf0WvJoyvPDIZk-K1r2OyxYjaEDvlByWGnMbM.jpg?crop=center&height=1200&v=1740601119&width=1200
https://uk.representclo.com/products/247-contour-run-t-shirt-pebble,247 Contour Run T-Shirt - Pebble,XXL,True,90.0,,https://scdn.speedsize.com/fbaf6506-81e1-43a2-bcc1-80e18c7b0146/uk.representclo.com/cdn/shop/files/CW6fUcAf0WvJoyvPDIZk-K1r2OyxYjaEDvlByWGnMbM.jpg?crop=center&height=1200&v=1740601119&width=1200
https://uk.representclo.com/products/247-contour-run-t-shirt-speed-green,247 Contour Run T-Shirt - Speed Green,XS,False,90.0,,https://scdn.speedsize.com/fbaf6506-81e1-43a2-bcc1-80e18c7b0146/uk.representclo.com/cdn/shop/files/LGsk7J3CKolQKSY6RKVdbJuPoYNqDQz3cPUsiHjAEtM.jpg?crop=center&height=1200&v=1740601118&width=1200
https://uk.representclo.com/products/247-contour-run-t-shirt-speed-green,247 Contour Run T-Shirt - Speed Green,S,False,90.0,,https://scdn.speedsize.com/fbaf6506-81e1-43a2-bcc1-80e18c7b0146/uk.representclo.com/cdn/shop/files/LGsk7J3CKolQKSY6RKVdbJuPoYNqDQz3cPUsiHjAEtM.jpg?crop=center&height=1200&v=1740601118&width=1200
https://uk.representclo.com/products/247-contour-run-t-shirt-speed-green,247 Contour Run T-Shirt - Speed Green,M,False,90.0,,https://scdn.speedsize.com/fbaf6506-81e1-43a2-bcc1-80e18c7b0146/uk.representclo.com/cdn/shop/files/LGsk7J3CKolQKSY6RKVdbJuPoYNqDQz3cPUsiHjAEtM.jpg?crop=center&height=1200&v=1740601118&width=1200
https://uk.representclo.com/products/247-contour-run-t-shirt-speed-green,247 Contour Run T-Shirt - Speed Green,L,False,90.0,,https://scdn.speedsize.com/fbaf6506-81e1-43a2-bcc1-80e18c7b0146/uk.representclo.com/cdn/shop/files/LGsk7J3CKolQKSY6RKVdbJuPoYNqDQz3cPUsiHjAEtM.jpg?crop=center&height=1200&v=1740601118&width=1200
https://uk.representclo.com/products/247-contour-run-t-shirt-speed-green,247 Contour Run T-Shirt - Speed Green,XL,False,90.0,,https://scdn.speedsize.com/fbaf6506-81e1-43a2-bcc1-80e18c7b0146/uk.representclo.com/cdn/shop/files/LGsk7J3CKolQKSY6RKVdbJuPoYNqDQz3cPUsiHjAEtM.jpg?crop=center&height=1200&v=1740601118&width=1200
https://uk.representclo.com/products/247-contour-run-t-shirt-speed-green,247 Contour Run T-Shirt - Speed Green,XXL,False,90.0,,https://scdn.speedsize.com/fbaf6506-81e1-43a2-bcc1-80e18c7b0146/uk.representclo.com/cdn/shop/files/LGsk7J3CKolQKSY6RKVdbJuPoYNqDQz3cPUsiHjAEtM.jpg?crop=center&height=1200&v=1740601118&width=1200
https://uk.representclo.com/products/247-contour-run-t-shirt-titanium,247 Contour Run T-Shirt - Titanium,XS,True,90.0,,https://scdn.speedsize.com/fbaf6506-81e1-43a2-bcc1-80e18c7b0146/uk.representclo.com/cdn/shop/files/2T1ke8oJLwiI74p6UCu3UH0f-lIiOMtTPPsKxBxskf4.jpg?crop=center&height=1200&v=1740601116&width=1200
https://uk.representclo.com/products/247-contour-run-t-shirt-titanium,247 Contour Run T-Shirt - Titanium,S,True,90.0,,https://scdn.speedsize.com/fbaf6506-81e1-43a2-bcc1-80e18c7b0146/uk.representclo.com/cdn/shop/files/2T1ke8oJLwiI74p6UCu3UH0f-lIiOMtTPPsKxBxskf4.jpg?crop=center&height=1200&v=1740601116&width=1200
https://uk.representclo.com/products/247-contour-run-t-shirt-titanium,247 Contour Run T-Shirt - Titanium,M,True,90.0,,https://scdn.speedsize.com/fbaf6506-81e1-43a2-bcc1-80e18c7b0146/uk.representclo.com/cdn/shop/files/2T1ke8oJLwiI74p6UCu3UH0f-lIiOMtTPPsKxBxskf4.jpg?crop=center&height=1200&v=1740601116&width=1200
https://uk.representclo.com/products/247-contour-run-t-shirt-titanium,247 Contour Run T-Shirt - Titanium,L,True,90.0,,https://scdn.speedsize.com/fbaf6506-81e1-43a2-bcc1-80e18c7b0146/uk.representclo.com/cdn/shop/files/2T1ke8oJLwiI74p6UCu3UH0f-lIiOMtTPPsKxBxskf4.jpg?crop=center&height=1200&v=1740601116&width=1200
https://uk.representclo.com/products/247-contour-run-t-shirt-titanium,247 Contour Run T-Shirt - Titanium,XL,False,90.0,,https://scdn.speedsize.com/fbaf6506-81e1-43a2-bcc1-80e18c7b0146/uk.representclo.com/cdn/shop/files/2T1ke8oJLwiI74p6UCu3UH0f-lIiOMtTPPsKxBxskf4.jpg?crop=center&height=1200&v=1740601116&width=1200
https://uk.representclo.com/products/247-contour-run-t-shirt-titanium,247 Contour Run T-Shirt - Titanium,XXL,False,90.0,,https://scdn.speedsize.com/fbaf6506-81e1-43a2-bcc1-80e18c7b0146/uk.representclo.com/cdn/shop/files/2T1ke8oJLwiI74p6UCu3UH0f-lIiOMtTPPsKxBxskf4.jpg?crop=center&height=1200&v=1740601116&width=1200
https://uk.representclo.com/products/247-contour-run-tank-pebble,247 Contour Run Tank - Pebble,XS,True,85.0,,https://scdn.speedsize.com/fbaf6506-81e1-43a2-bcc1-80e18c7b0146/uk.representclo.com/cdn/shop/files/ozrJWq-iG61ESB-NCjG7lNM3cXnxxp_lVhXPGZX-8Kc.jpg?crop=center&height=1200&v=1740601111&width=1200
https://uk.representclo.com/products/247-contour-run-tank-pebble,247 Contour Run Tank - Pebble,S,True,85.0,,https://scdn.speedsize.com/fbaf6506-81e1-43a2-bcc1-80e18c7b0146/uk.representclo.com/cdn/shop/files/ozrJWq-iG61ESB-NCjG7lNM3cXnxxp_lVhXPGZX-8Kc.jpg?crop=center&height=1200&v=1740601111&width=1200
https://uk.representclo.com/products/247-contour-run-tank-pebble,247 Contour Run Tank - Pebble,M,True,85.0,,https://scdn.speedsize.com/fbaf6506-81e1-43a2-bcc1-80e18c7b0146/uk.representclo.com/cdn/shop/files/ozrJWq-iG61ESB-NCjG7lNM3cXnxxp_lVhXPGZX-8Kc.jpg?crop=center&height=1200&v=1740601111&width=1200
https://uk.representclo.com/products/247-contour-run-tank-pebble,247 Contour Run Tank - Pebble,L,False,85.0,,https://scdn.speedsize.com/fbaf6506-81e1-43a2-bcc1-80e18c7b0146/uk.representclo.com/cdn/shop/files/ozrJWq-iG61ESB-NCjG7lNM3cXnxxp_lVhXPGZX-8Kc.jpg?crop=center&height=1200&v=1740601111&width=1200
https://uk.representclo.com/products/247-contour-run-tank-pebble,247 Contour Run Tank - Pebble,XL,False,85.0,,https://scdn.speedsize.com/fbaf6506-81e1-43a2-bcc1-80e18c7b0146/uk.representclo.com/cdn/shop/files/ozrJWq-iG61ESB-NCjG7lNM3cXnxxp_lVhXPGZX-8Kc.jpg?crop=center&height=1200&v=1740601111&width=1200
https://uk.representclo.com/products/247-contour-run-tank-pebble,247 Contour Run Tank - Pebble,XXL,False,85.0,,https://scdn.speedsize.com/fbaf6506-81e1-43a2-bcc1-80e18c7b0146/uk.representclo.com/cdn/shop/files/ozrJWq-iG61ESB-NCjG7lNM3cXnxxp_lVhXPGZX-8Kc.jpg?crop=center&height=1200&v=1740601111&width=1200
https://uk.representclo.com/products/247-contour-run-tank-speed-green,247 Contour Run Tank - Speed Green,XS,False,85.0,,https://scdn.speedsize.com/fbaf6506-81e1-43a2-bcc1-80e18c7b0146/uk.representclo.com/cdn/shop/files/jGTnQstEoI4LR8-iNtK3lRj32hNlNyKo7o5yxtNH0NQ.jpg?crop=center&height=1200&v=1740601110&width=1200
https://uk.representclo.com/products/247-contour-run-tank-speed-green,247 Contour Run Tank - Speed Green,S,False,85.0,,https://scdn.speedsize.com/fbaf6506-81e1-43a2-bcc1-80e18c7b0146/uk.representclo.com/cdn/shop/files/jGTnQstEoI4LR8-iNtK3lRj32hNlNyKo7o5yxtNH0NQ.jpg?crop=center&height=1200&v=1740601110&width=1200
https://uk.representclo.com/products/247-contour-run-tank-speed-green,247 Contour Run Tank - Speed Green,M,True,85.0,,https://scdn.speedsize.com/fbaf6506-81e1-43a2-bcc1-80e18c7b0146/uk.representclo.com/cdn/shop/files/jGTnQstEoI4LR8-iNtK3lRj32hNlNyKo7o5yxtNH0NQ.jpg?crop=center&height=1200&v=1740601110&width=1200
https://uk.representclo.com/products/247-contour-run-tank-speed-green,247 Contour Run Tank - Speed Green,L,True,85.0,,https://scdn.speedsize.com/fbaf6506-81e1-43a2-bcc1-80e18c7b0146/uk.representclo.com/cdn/shop/files/jGTnQstEoI4LR8-iNtK3lRj32hNlNyKo7o5yxtNH0NQ.jpg?crop=center&height=1200&v=1740601110&width=1200
https://uk.representclo.com/products/247-contour-run-tank-speed-green,247 Contour Run Tank - Speed Green,XL,False,85.0,,https://scdn.speedsize.com/fbaf6506-81e1-43a2-bcc1-80e18c7b0146/uk.representclo.com/cdn/shop/files/jGTnQstEoI4LR8-iNtK3lRj32hNlNyKo7o5yxtNH0NQ.jpg?crop=center&height=1200&v=1740601110&width=1200
https://uk.representclo.com/products/247-contour-run-tank-speed-green,247 Contour Run Tank - Speed Green,XXL,False,85.0,,https://scdn.speedsize.com/fbaf6506-81e1-43a2-bcc1-80e18c7b0146/uk.representclo.com/cdn/shop/files/jGTnQstEoI4LR8-iNtK3lRj32hNlNyKo7o5yxtNH0NQ.jpg?crop=center&height=1200&v=1740601110&width=1200
https://uk.representclo.com/products/247-contour-run-tank-titanium,247 Contour Run Tank - Titanium,XS,False,85.0,,https://scdn.speedsize.com/fbaf6506-81e1-43a2-bcc1-80e18c7b0146/uk.representclo.com/cdn/shop/files/HeGKeVfDVe-bJ1lhzDfnNoEFlDAcN4Wo8s9pdCYM5DY.jpg?crop=center&height=1200&v=1740601107&width=1200
https://uk.representclo.com/products/247-contour-run-tank-titanium,247 Contour Run Tank - Titanium,S,True,85.0,,https://scdn.speedsize.com/fbaf6506-81e1-43a2-bcc1-80e18c7b0146/uk.representclo.com/cdn/shop/files/HeGKeVfDVe-bJ1lhzDfnNoEFlDAcN4Wo8s9pdCYM5DY.jpg?crop=center&height=1200&v=1740601107&width=1200
https://uk.representclo.com/products/247-contour-run-tank-titanium,247 Contour Run Tank - Titanium,M,True,85.0,,https://scdn.speedsize.com/fbaf6506-81e1-43a2-bcc1-80e18c7b0146/uk.representclo.com/cdn/shop/files/HeGKeVfDVe-bJ1lhzDfnNoEFlDAcN4Wo8s9pdCYM5DY.jpg?crop=center&height=1200&v=1740601107&width=1200
https://uk.representclo.com/products/247-contour-run-tank-titanium,247 Contour Run Tank - Titanium,L,False,85.0,,https://scdn.speedsize.com/fbaf6506-81e1-43a2-bcc1-80e18c7b0146/uk.representclo.com/cdn/shop/files/HeGKeVfDVe-bJ1lhzDfnNoEFlDAcN4Wo8s9pdCYM5DY.jpg?crop=center&height=1200&v=1740601107&width=1200
https://uk.representclo.com/products/247-contour-run-tank-titanium,247 Contour Run Tank - Titanium,XL,False,85.0,,https://scdn.speedsize.com/fbaf6506-81e1-43a2-bcc1-80e18c7b0146/uk.representclo.com/cdn/shop/files/HeGKeVfDVe-bJ1lhzDfnNoEFlDAcN4Wo8s9pdCYM5DY.jpg?crop=center&height=1200&v=1740601107&width=1200
https://uk.representclo.com/products/247-contour-run-tank-titanium,247 Contour Run Tank - Titanium,XXL,False,85.0,,https://scdn.speedsize.com/fbaf6506-81e1-43a2-bcc1-80e18c7b0146/uk.representclo.com/cdn/shop/files/HeGKeVfDVe-bJ1lhzDfnNoEFlDAcN4Wo8s9pdCYM5DY.jpg?crop=center&height=1200&v=1740601107&width=1200
https://uk.representclo.com/products/247-crossbody-bag-black,247 Crossbody Bag - Black,One Size,True,100.0,,https://scdn.speedsize.com/fbaf6506-81e1-43a2-bcc1-80e18c7b0146/uk.representclo.com/cdn/shop/files/6Q9eIKAm8oIPCCB1WH0ElbWdhp__00thVurCScauIvQ.jpg?crop=center&height=1200&v=1756198429&width=1200
https://uk.representclo.com/products/247-dna-barrel-leg-sweatpant-jet-black,247 DNA Almond Leg Sweatpant - Jet Black,XS,True,130.0,,https://scdn.speedsize.com/fbaf6506-81e1-43a2-bcc1-80e18c7b0146/uk.representclo.com/cdn/shop/files/3yzPglTP5S2yuCBn3yap6yBvOaWcAiKoLVqvy4SodgI.jpg?crop=center&height=1200&v=1780651609&width=1200
https://uk.representclo.com/products/247-dna-barrel-leg-sweatpant-jet-black,247 DNA Almond Leg Sweatpant - Jet Black,S,True,130.0,,https://scdn.speedsize.com/fbaf6506-81e1-43a2-bcc1-80e18c7b0146/uk.representclo.com/cdn/shop/files/3yzPglTP5S2yuCBn3yap6yBvOaWcAiKoLVqvy4SodgI.jpg?crop=center&height=1200&v=1780651609&width=1200
https://uk.representclo.com/products/247-dna-barrel-leg-sweatpant-jet-black,247 DNA Almond Leg Sweatpant - Jet Black,M,False,130.0,,https://scdn.speedsize.com/fbaf6506-81e1-43a2-bcc1-80e18c7b0146/uk.representclo.com/cdn/shop/files/3yzPglTP5S2yuCBn3yap6yBvOaWcAiKoLVqvy4SodgI.jpg?crop=center&height=1200&v=1780651609&width=1200
https://uk.representclo.com/products/247-dna-barrel-leg-sweatpant-jet-black,247 DNA Almond Leg Sweatpant - Jet Black,L,False,130.0,,https://scdn.speedsize.com/fbaf6506-81e1-43a2-bcc1-80e18c7b0146/uk.representclo.com/cdn/shop/files/3yzPglTP5S2yuCBn3yap6yBvOaWcAiKoLVqvy4SodgI.jpg?crop=center&height=1200&v=1780651609&width=1200
https://uk.representclo.com/products/247-dna-barrel-leg-sweatpant-jet-black,247 DNA Almond Leg Sweatpant - Jet Black,XL,True,130.0,,https://scdn.speedsize.com/fbaf6506-81e1-43a2-bcc1-80e18c7b0146/uk.representclo.com/cdn/shop/files/3yzPglTP5S2yuCBn3yap6yBvOaWcAiKoLVqvy4SodgI.jpg?crop=center&height=1200&v=1780651609&width=1200
https://uk.representclo.com/products/247-dna-barrel-leg-sweatpant-jet-black,247 DNA Almond Leg Sweatpant - Jet Black,XXL,False,130.0,,https://scdn.speedsize.com/fbaf6506-81e1-43a2-bcc1-80e18c7b0146/uk.representclo.com/cdn/shop/files/3yzPglTP5S2yuCBn3yap6yBvOaWcAiKoLVqvy4SodgI.jpg?crop=center&height=1200&v=1780651609&width=1200
https://uk.representclo.com/products/247-dna-graphic-hoodie-jet-black,247 DNA Graphic Hoodie - Jet Black,XXS,False,130.0,,https://scdn.speedsize.com/fbaf6506-81e1-43a2-bcc1-80e18c7b0146/uk.representclo.com/cdn/shop/files/JgdGdLcXQc75YknSnpT9zftk-5FHA0UpedNVtuyBAEI_0005_fQimF9e7B0zx3MMId910yjRiqJIs8aDn5yxe11OLuXs.jpg?crop=center&height=1200&v=1766488387&width=1200
https://uk.representclo.com/products/247-dna-graphic-hoodie-jet-black,247 DNA Graphic Hoodie - Jet Black,XS,True,130.0,,https://scdn.speedsize.com/fbaf6506-81e1-43a2-bcc1-80e18c7b0146/uk.representclo.com/cdn/shop/files/JgdGdLcXQc75YknSnpT9zftk-5FHA0UpedNVtuyBAEI_0005_fQimF9e7B0zx3MMId910yjRiqJIs8aDn5yxe11OLuXs.jpg?crop=center&height=1200&v=1766488387&width=1200
https://uk.representclo.com/products/247-dna-graphic-hoodie-jet-black,247 DNA Graphic Hoodie - Jet Black,S,True,130.0,,https://scdn.speedsize.com/fbaf6506-81e1-43a2-bcc1-80e18c7b0146/uk.representclo.com/cdn/shop/files/JgdGdLcXQc75YknSnpT9zftk-5FHA0UpedNVtuyBAEI_0005_fQimF9e7B0zx3MMId910yjRiqJIs8aDn5yxe11OLuXs.jpg?crop=center&height=1200&v=1766488387&width=1200
https://uk.representclo.com/products/247-dna-graphic-hoodie-jet-black,247 DNA Graphic Hoodie - Jet Black,M,True,130.0,,https://scdn.speedsize.com/fbaf6506-81e1-43a2-bcc1-80e18c7b0146/uk.representclo.com/cdn/shop/files/JgdGdLcXQc75YknSnpT9zftk-5FHA0UpedNVtuyBAEI_0005_fQimF9e7B0zx3MMId910yjRiqJIs8aDn5yxe11OLuXs.jpg?crop=center&height=1200&v=1766488387&width=1200
https://uk.representclo.com/products/247-dna-graphic-hoodie-jet-black,247 DNA Graphic Hoodie - Jet Black,L,True,130.0,,https://scdn.speedsize.com/fbaf6506-81e1-43a2-bcc1-80e18c7b0146/uk.representclo.com/cdn/shop/files/JgdGdLcXQc75YknSnpT9zftk-5FHA0UpedNVtuyBAEI_0005_fQimF9e7B0zx3MMId910yjRiqJIs8aDn5yxe11OLuXs.jpg?crop=center&height=1200&v=1766488387&width=1200
https://uk.representclo.com/products/247-dna-graphic-hoodie-jet-black,247 DNA Graphic Hoodie - Jet Black,XL,True,130.0,,https://scdn.speedsize.com/fbaf6506-81e1-43a2-bcc1-80e18c7b0146/uk.representclo.com/cdn/shop/files/JgdGdLcXQc75YknSnpT9zftk-5FHA0UpedNVtuyBAEI_0005_fQimF9e7B0zx3MMId910yjRiqJIs8aDn5yxe11OLuXs.jpg?crop=center&height=1200&v=1766488387&width=1200
https://uk.representclo.com/products/247-dna-graphic-hoodie-jet-black,247 DNA Graphic Hoodie - Jet Black,XXL,True,130.0,,https://scdn.speedsize.com/fbaf6506-81e1-43a2-bcc1-80e18c7b0146/uk.representclo.com/cdn/shop/files/JgdGdLcXQc75YknSnpT9zftk-5FHA0UpedNVtuyBAEI_0005_fQimF9e7B0zx3MMId910yjRiqJIs8aDn5yxe11OLuXs.jpg?crop=center&height=1200&v=1766488387&width=1200
https://uk.representclo.com/products/247-dna-graphic-t-shirt-flat-white,247 DNA Graphic T-Shirt - Flat White,XXS,False,70.0,,https://scdn.speedsize.com/fbaf6506-81e1-43a2-bcc1-80e18c7b0146/uk.representclo.com/cdn/shop/files/IzrO5Ze3ZK8uLlz48BG-hW-KWukkmGnpc3ywwGpQihI.jpg?crop=center&height=1200&v=1765813354&width=1200
https://uk.representclo.com/products/247-dna-graphic-t-shirt-flat-white,247 DNA Graphic T-Shirt - Flat White,XS,False,70.0,,https://scdn.speedsize.com/fbaf6506-81e1-43a2-bcc1-80e18c7b0146/uk.representclo.com/cdn/shop/files/IzrO5Ze3ZK8uLlz48BG-hW-KWukkmGnpc3ywwGpQihI.jpg?crop=center&height=1200&v=1765813354&width=1200
https://uk.representclo.com/products/247-dna-graphic-t-shirt-flat-white,247 DNA Graphic T-Shirt - Flat White,S,True,70.0,,https://scdn.speedsize.com/fbaf6506-81e1-43a2-bcc1-80e18c7b0146/uk.representclo.com/cdn/shop/files/IzrO5Ze3ZK8uLlz48BG-hW-KWukkmGnpc3ywwGpQihI.jpg?crop=center&height=1200&v=1765813354&width=1200
https://uk.representclo.com/products/247-dna-graphic-t-shirt-flat-white,247 DNA Graphic T-Shirt - Flat White,M,False,70.0,,https://scdn.speedsize.com/fbaf6506-81e1-43a2-bcc1-80e18c7b0146/uk.representclo.com/cdn/shop/files/IzrO5Ze3ZK8uLlz48BG-hW-KWukkmGnpc3ywwGpQihI.jpg?crop=center&height=1200&v=1765813354&width=1200
https://uk.representclo.com/products/247-dna-graphic-t-shirt-flat-white,247 DNA Graphic T-Shirt - Flat White,L,True,70.0,,https://scdn.speedsize.com/fbaf6506-81e1-43a2-bcc1-80e18c7b0146/uk.representclo.com/cdn/shop/files/IzrO5Ze3ZK8uLlz48BG-hW-KWukkmGnpc3ywwGpQihI.jpg?crop=center&height=1200&v=1765813354&width=1200
https://uk.representclo.com/products/247-dna-graphic-t-shirt-flat-white,247 DNA Graphic T-Shirt - Flat White,XL,False,70.0,,https://scdn.speedsize.com/fbaf6506-81e1-43a2-bcc1-80e18c7b0146/uk.representclo.com/cdn/shop/files/IzrO5Ze3ZK8uLlz48BG-hW-KWukkmGnpc3ywwGpQihI.jpg?crop=center&height=1200&v=1765813354&width=1200
https://uk.representclo.com/products/247-dna-graphic-t-shirt-flat-white,247 DNA Graphic T-Shirt - Flat White,XXL,False,70.0,,https://scdn.speedsize.com/fbaf6506-81e1-43a2-bcc1-80e18c7b0146/uk.representclo.com/cdn/shop/files/IzrO5Ze3ZK8uLlz48BG-hW-KWukkmGnpc3ywwGpQihI.jpg?crop=center&height=1200&v=1765813354&width=1200
https://uk.representclo.com/products/247-dna-graphic-t-shirt-flat-white-26,247 DNA T-Shirt 2.0 - Flat White,XS,True,70.0,,https://scdn.speedsize.com/fbaf6506-81e1-43a2-bcc1-80e18c7b0146/uk.representclo.com/cdn/shop/files/tjokfd_ozQzpdDkTKcBH6gnYsnOZoWnOTVWmSuJbP-o.jpg?crop=center&height=1200&v=1780651904&width=1200
https://uk.representclo.com/products/247-dna-graphic-t-shirt-flat-white-26,247 DNA T-Shirt 2.0 - Flat White,S,True,70.0,,https://scdn.speedsize.com/fbaf6506-81e1-43a2-bcc1-80e18c7b0146/uk.representclo.com/cdn/shop/files/tjokfd_ozQzpdDkTKcBH6gnYsnOZoWnOTVWmSuJbP-o.jpg?crop=center&height=1200&v=1780651904&width=1200
https://uk.representclo.com/products/247-dna-graphic-t-shirt-flat-white-26,247 DNA T-Shirt 2.0 - Flat White,M,True,70.0,,https://scdn.speedsize.com/fbaf6506-81e1-43a2-bcc1-80e18c7b0146/uk.representclo.com/cdn/shop/files/tjokfd_ozQzpdDkTKcBH6gnYsnOZoWnOTVWmSuJbP-o.jpg?crop=center&height=1200&v=1780651904&width=1200
https://uk.representclo.com/products/247-dna-graphic-t-shirt-flat-white-26,247 DNA T-Shirt 2.0 - Flat White,L,True,70.0,,https://scdn.speedsize.com/fbaf6506-81e1-43a2-bcc1-80e18c7b0146/uk.representclo.com/cdn/shop/files/tjokfd_ozQzpdDkTKcBH6gnYsnOZoWnOTVWmSuJbP-o.jpg?crop=center&height=1200&v=1780651904&width=1200
https://uk.representclo.com/products/247-dna-graphic-t-shirt-flat-white-26,247 DNA T-Shirt 2.0 - Flat White,XL,True,70.0,,https://scdn.speedsize.com/fbaf6506-81e1-43a2-bcc1-80e18c7b0146/uk.representclo.com/cdn/shop/files/tjokfd_ozQzpdDkTKcBH6gnYsnOZoWnOTVWmSuJbP-o.jpg?crop=center&height=1200&v=1780651904&width=1200
https://uk.representclo.com/products/247-dna-graphic-t-shirt-flat-white-26,247 DNA T-Shirt 2.0 - Flat White,XXL,True,70.0,,https://scdn.speedsize.com/fbaf6506-81e1-43a2-bcc1-80e18c7b0146/uk.representclo.com/cdn/shop/files/tjokfd_ozQzpdDkTKcBH6gnYsnOZoWnOTVWmSuJbP-o.jpg?crop=center&height=1200&v=1780651904&width=1200
https://uk.representclo.com/products/247-dna-graphic-t-shirt-graphene-26,247 DNA T-Shirt 2.0 - Graphene,XS,True,70.0,,https://scdn.speedsize.com/fbaf6506-81e1-43a2-bcc1-80e18c7b0146/uk.representclo.com/cdn/shop/files/qEJkuDsflf63COMbCGaKEpKWwxQtBwT8FDtoQTth260.jpg?crop=center&height=1200&v=1780651875&width=1200
https://uk.representclo.com/products/247-dna-graphic-t-shirt-graphene-26,247 DNA T-Shirt 2.0 - Graphene,S,True,70.0,,https://scdn.speedsize.com/fbaf6506-81e1-43a2-bcc1-80e18c7b0146/uk.representclo.com/cdn/shop/files/qEJkuDsflf63COMbCGaKEpKWwxQtBwT8FDtoQTth260.jpg?crop=center&height=1200&v=1780651875&width=1200
https://uk.representclo.com/products/247-dna-graphic-t-shirt-graphene-26,247 DNA T-Shirt 2.0 - Graphene,M,True,70.0,,https://scdn.speedsize.com/fbaf6506-81e1-43a2-bcc1-80e18c7b0146/uk.representclo.com/cdn/shop/files/qEJkuDsflf63COMbCGaKEpKWwxQtBwT8FDtoQTth260.jpg?crop=center&height=1200&v=1780651875&width=1200
https://uk.representclo.com/products/247-dna-graphic-t-shirt-graphene-26,247 DNA T-Shirt 2.0 - Graphene,L,True,70.0,,https://scdn.speedsize.com/fbaf6506-81e1-43a2-bcc1-80e18c7b0146/uk.representclo.com/cdn/shop/files/qEJkuDsflf63COMbCGaKEpKWwxQtBwT8FDtoQTth260.jpg?crop=center&height=1200&v=1780651875&width=1200
https://uk.representclo.com/products/247-dna-graphic-t-shirt-graphene-26,247 DNA T-Shirt 2.0 - Graphene,XL,False,70.0,,https://scdn.speedsize.com/fbaf6506-81e1-43a2-bcc1-80e18c7b0146/uk.representclo.com/cdn/shop/files/qEJkuDsflf63COMbCGaKEpKWwxQtBwT8FDtoQTth260.jpg?crop=center&height=1200&v=1780651875&width=1200
https://uk.representclo.com/products/247-dna-graphic-t-shirt-graphene-26,247 DNA T-Shirt 2.0 - Graphene,XXL,True,70.0,,https://scdn.speedsize.com/fbaf6506-81e1-43a2-bcc1-80e18c7b0146/uk.representclo.com/cdn/shop/files/qEJkuDsflf63COMbCGaKEpKWwxQtBwT8FDtoQTth260.jpg?crop=center&height=1200&v=1780651875&width=1200
https://uk.representclo.com/products/247-dna-graphic-t-shirt-jet-black,247 DNA Graphic T-Shirt - Jet Black,XXS,False,70.0,,https://scdn.speedsize.com/fbaf6506-81e1-43a2-bcc1-80e18c7b0146/uk.representclo.com/cdn/shop/files/z-rPaarn-2AGdUjnItVo6YPaQD6y2QIYomEG11cKsXw.jpg?crop=center&height=1200&v=1765813400&width=1200
https://uk.representclo.com/products/247-dna-graphic-t-shirt-jet-black,247 DNA Graphic T-Shirt - Jet Black,XS,False,70.0,,https://scdn.speedsize.com/fbaf6506-81e1-43a2-bcc1-80e18c7b0146/uk.representclo.com/cdn/shop/files/z-rPaarn-2AGdUjnItVo6YPaQD6y2QIYomEG11cKsXw.jpg?crop=center&height=1200&v=1765813400&width=1200
https://uk.representclo.com/products/247-dna-graphic-t-shirt-jet-black,247 DNA Graphic T-Shirt - Jet Black,S,True,70.0,,https://scdn.speedsize.com/fbaf6506-81e1-43a2-bcc1-80e18c7b0146/uk.representclo.com/cdn/shop/files/z-rPaarn-2AGdUjnItVo6YPaQD6y2QIYomEG11cKsXw.jpg?crop=center&height=1200&v=1765813400&width=1200
https://uk.representclo.com/products/247-dna-graphic-t-shirt-jet-black,247 DNA Graphic T-Shirt - Jet Black,M,False,70.0,,https://scdn.speedsize.com/fbaf6506-81e1-43a2-bcc1-80e18c7b0146/uk.representclo.com/cdn/shop/files/z-rPaarn-2AGdUjnItVo6YPaQD6y2QIYomEG11cKsXw.jpg?crop=center&height=1200&v=1765813400&width=1200
https://uk.representclo.com/products/247-dna-graphic-t-shirt-jet-black,247 DNA Graphic T-Shirt - Jet Black,L,False,70.0,,https://scdn.speedsize.com/fbaf6506-81e1-43a2-bcc1-80e18c7b0146/uk.representclo.com/cdn/shop/files/z-rPaarn-2AGdUjnItVo6YPaQD6y2QIYomEG11cKsXw.jpg?crop=center&height=1200&v=1765813400&width=1200
https://uk.representclo.com/products/247-dna-graphic-t-shirt-jet-black,247 DNA Graphic T-Shirt - Jet Black,XL,True,70.0,,https://scdn.speedsize.com/fbaf6506-81e1-43a2-bcc1-80e18c7b0146/uk.representclo.com/cdn/shop/files/z-rPaarn-2AGdUjnItVo6YPaQD6y2QIYomEG11cKsXw.jpg?crop=center&height=1200&v=1765813400&width=1200
https://uk.representclo.com/products/247-dna-graphic-t-shirt-jet-black,247 DNA Graphic T-Shirt - Jet Black,XXL,False,70.0,,https://scdn.speedsize.com/fbaf6506-81e1-43a2-bcc1-80e18c7b0146/uk.representclo.com/cdn/shop/files/z-rPaarn-2AGdUjnItVo6YPaQD6y2QIYomEG11cKsXw.jpg?crop=center&height=1200&v=1765813400&width=1200
https://uk.representclo.com/products/247-dna-graphic-t-shirt-jet-black-26,247 DNA T-Shirt 2.0- Jet Black,XS,True,70.0,,https://scdn.speedsize.com/fbaf6506-81e1-43a2-bcc1-80e18c7b0146/uk.representclo.com/cdn/shop/files/HC4nkh6vHlskUIu-U4RxRGdyU-i6ngUWBEySZ-sV1nc.jpg?crop=center&height=1200&v=1780651875&width=1200
https://uk.representclo.com/products/247-dna-graphic-t-shirt-jet-black-26,247 DNA T-Shirt 2.0- Jet Black,S,True,70.0,,https://scdn.speedsize.com/fbaf6506-81e1-43a2-bcc1-80e18c7b0146/uk.representclo.com/cdn/shop/files/HC4nkh6vHlskUIu-U4RxRGdyU-i6ngUWBEySZ-sV1nc.jpg?crop=center&height=1200&v=1780651875&width=1200
https://uk.representclo.com/products/247-dna-graphic-t-shirt-jet-black-26,247 DNA T-Shirt 2.0- Jet Black,M,True,70.0,,https://scdn.speedsize.com/fbaf6506-81e1-43a2-bcc1-80e18c7b0146/uk.representclo.com/cdn/shop/files/HC4nkh6vHlskUIu-U4RxRGdyU-i6ngUWBEySZ-sV1nc.jpg?crop=center&height=1200&v=1780651875&width=1200
https://uk.representclo.com/products/247-dna-graphic-t-shirt-jet-black-26,247 DNA T-Shirt 2.0- Jet Black,L,True,70.0,,https://scdn.speedsize.com/fbaf6506-81e1-43a2-bcc1-80e18c7b0146/uk.representclo.com/cdn/shop/files/HC4nkh6vHlskUIu-U4RxRGdyU-i6ngUWBEySZ-sV1nc.jpg?crop=center&height=1200&v=1780651875&width=1200
https://uk.representclo.com/products/247-dna-graphic-t-shirt-jet-black-26,247 DNA T-Shirt 2.0- Jet Black,XL,True,70.0,,https://scdn.speedsize.com/fbaf6506-81e1-43a2-bcc1-80e18c7b0146/uk.representclo.com/cdn/shop/files/HC4nkh6vHlskUIu-U4RxRGdyU-i6ngUWBEySZ-sV1nc.jpg?crop=center&height=1200&v=1780651875&width=1200
https://uk.representclo.com/products/247-dna-graphic-t-shirt-jet-black-26,247 DNA T-Shirt 2.0- Jet Black,XXL,False,70.0,,https://scdn.speedsize.com/fbaf6506-81e1-43a2-bcc1-80e18c7b0146/uk.representclo.com/cdn/shop/files/HC4nkh6vHlskUIu-U4RxRGdyU-i6ngUWBEySZ-sV1nc.jpg?crop=center&height=1200&v=1780651875&width=1200
https://uk.representclo.com/products/247-dna-hoodie-dusky-navy,247 DNA Hoodie - Dusky Navy,XXS,False,115.0,,https://scdn.speedsize.com/fbaf6506-81e1-43a2-bcc1-80e18c7b0146/uk.representclo.com/cdn/shop/files/JgdGdLcXQc75YknSnpT9zftk-5FHA0UpedNVtuyBAEI_0004_OHuRUzNRfKalMF218w3Ngo2QWSf5QuyY-4Ger1zFd6w.jpg?crop=center&height=1200&v=1766488439&width=1200
https://uk.representclo.com/products/247-dna-hoodie-dusky-navy,247 DNA Hoodie - Dusky Navy,XS,False,115.0,,https://scdn.speedsize.com/fbaf6506-81e1-43a2-bcc1-80e18c7b0146/uk.representclo.com/cdn/shop/files/JgdGdLcXQc75YknSnpT9zftk-5FHA0UpedNVtuyBAEI_0004_OHuRUzNRfKalMF218w3Ngo2QWSf5QuyY-4Ger1zFd6w.jpg?crop=center&height=1200&v=1766488439&width=1200
https://uk.representclo.com/products/247-dna-hoodie-dusky-navy,247 DNA Hoodie - Dusky Navy,S,False,115.0,,https://scdn.speedsize.com/fbaf6506-81e1-43a2-bcc1-80e18c7b0146/uk.representclo.com/cdn/shop/files/JgdGdLcXQc75YknSnpT9zftk-5FHA0UpedNVtuyBAEI_0004_OHuRUzNRfKalMF218w3Ngo2QWSf5QuyY-4Ger1zFd6w.jpg?crop=center&height=1200&v=1766488439&width=1200
https://uk.representclo.com/products/247-dna-hoodie-dusky-navy,247 DNA Hoodie - Dusky Navy,M,False,115.0,,https://scdn.speedsize.com/fbaf6506-81e1-43a2-bcc1-80e18c7b0146/uk.representclo.com/cdn/shop/files/JgdGdLcXQc75YknSnpT9zftk-5FHA0UpedNVtuyBAEI_0004_OHuRUzNRfKalMF218w3Ngo2QWSf5QuyY-4Ger1zFd6w.jpg?crop=center&height=1200&v=1766488439&width=1200
https://uk.representclo.com/products/247-dna-hoodie-dusky-navy,247 DNA Hoodie - Dusky Navy,L,False,115.0,,https://scdn.speedsize.com/fbaf6506-81e1-43a2-bcc1-80e18c7b0146/uk.representclo.com/cdn/shop/files/JgdGdLcXQc75YknSnpT9zftk-5FHA0UpedNVtuyBAEI_0004_OHuRUzNRfKalMF218w3Ngo2QWSf5QuyY-4Ger1zFd6w.jpg?crop=center&height=1200&v=1766488439&width=1200
https://uk.representclo.com/products/247-dna-hoodie-dusky-navy,247 DNA Hoodie - Dusky Navy,XL,False,115.0,,https://scdn.speedsize.com/fbaf6506-81e1-43a2-bcc1-80e18c7b0146/uk.representclo.com/cdn/shop/files/JgdGdLcXQc75YknSnpT9zftk-5FHA0UpedNVtuyBAEI_0004_OHuRUzNRfKalMF218w3Ngo2QWSf5QuyY-4Ger1zFd6w.jpg?crop=center&height=1200&v=1766488439&width=1200
https://uk.representclo.com/products/247-dna-hoodie-dusky-navy,247 DNA Hoodie - Dusky Navy,XXL,False,115.0,,https://scdn.speedsize.com/fbaf6506-81e1-43a2-bcc1-80e18c7b0146/uk.representclo.com/cdn/shop/files/JgdGdLcXQc75YknSnpT9zftk-5FHA0UpedNVtuyBAEI_0004_OHuRUzNRfKalMF218w3Ngo2QWSf5QuyY-4Ger1zFd6w.jpg?crop=center&height=1200&v=1766488439&width=1200
https://uk.representclo.com/products/247-dna-hoodie-fern,247 DNA Hoodie 2.0 - Fern,XS,True,135.0,,https://scdn.speedsize.com/fbaf6506-81e1-43a2-bcc1-80e18c7b0146/uk.representclo.com/cdn/shop/files/SE891n_lT_gRHNYrImorOhvAVmpSLurgvpfP3mcI0bo.jpg?crop=center&height=1200&v=1780651842&width=1200
https://uk.representclo.com/products/247-dna-hoodie-fern,247 DNA Hoodie 2.0 - Fern,S,True,135.0,,https://scdn.speedsize.com/fbaf6506-81e1-43a2-bcc1-80e18c7b0146/uk.representclo.com/cdn/shop/files/SE891n_lT_gRHNYrImorOhvAVmpSLurgvpfP3mcI0bo.jpg?crop=center&height=1200&v=1780651842&width=1200
https://uk.representclo.com/products/247-dna-hoodie-fern,247 DNA Hoodie 2.0 - Fern,M,True,135.0,,https://scdn.speedsize.com/fbaf6506-81e1-43a2-bcc1-80e18c7b0146/uk.representclo.com/cdn/shop/files/SE891n_lT_gRHNYrImorOhvAVmpSLurgvpfP3mcI0bo.jpg?crop=center&height=1200&v=1780651842&width=1200
https://uk.representclo.com/products/247-dna-hoodie-fern,247 DNA Hoodie 2.0 - Fern,L,True,135.0,,https://scdn.speedsize.com/fbaf6506-81e1-43a2-bcc1-80e18c7b0146/uk.representclo.com/cdn/shop/files/SE891n_lT_gRHNYrImorOhvAVmpSLurgvpfP3mcI0bo.jpg?crop=center&height=1200&v=1780651842&width=1200
https://uk.representclo.com/products/247-dna-hoodie-fern,247 DNA Hoodie 2.0 - Fern,XL,True,135.0,,https://scdn.speedsize.com/fbaf6506-81e1-43a2-bcc1-80e18c7b0146/uk.representclo.com/cdn/shop/files/SE891n_lT_gRHNYrImorOhvAVmpSLurgvpfP3mcI0bo.jpg?crop=center&height=1200&v=1780651842&width=1200
https://uk.representclo.com/products/247-dna-hoodie-fern,247 DNA Hoodie 2.0 - Fern,XXL,True,135.0,,https://scdn.speedsize.com/fbaf6506-81e1-43a2-bcc1-80e18c7b0146/uk.representclo.com/cdn/shop/files/SE891n_lT_gRHNYrImorOhvAVmpSLurgvpfP3mcI0bo.jpg?crop=center&height=1200&v=1780651842&width=1200
https://uk.representclo.com/products/247-dna-hoodie-graphene,247 DNA Hoodie 2.0- Graphene,XS,True,135.0,,https://scdn.speedsize.com/fbaf6506-81e1-43a2-bcc1-80e18c7b0146/uk.representclo.com/cdn/shop/files/s6V3Q2nubSNUKY-p0Dy7OrBzeahkcOSRaYYh8mNZiOk.jpg?crop=center&height=1200&v=1780651876&width=1200
https://uk.representclo.com/products/247-dna-hoodie-graphene,247 DNA Hoodie 2.0- Graphene,S,True,135.0,,https://scdn.speedsize.com/fbaf6506-81e1-43a2-bcc1-80e18c7b0146/uk.representclo.com/cdn/shop/files/s6V3Q2nubSNUKY-p0Dy7OrBzeahkcOSRaYYh8mNZiOk.jpg?crop=center&height=1200&v=1780651876&width=1200
https://uk.representclo.com/products/247-dna-hoodie-graphene,247 DNA Hoodie 2.0- Graphene,M,True,135.0,,https://scdn.speedsize.com/fbaf6506-81e1-43a2-bcc1-80e18c7b0146/uk.representclo.com/cdn/shop/files/s6V3Q2nubSNUKY-p0Dy7OrBzeahkcOSRaYYh8mNZiOk.jpg?crop=center&height=1200&v=1780651876&width=1200
https://uk.representclo.com/products/247-dna-hoodie-graphene,247 DNA Hoodie 2.0- Graphene,L,True,135.0,,https://scdn.speedsize.com/fbaf6506-81e1-43a2-bcc1-80e18c7b0146/uk.representclo.com/cdn/shop/files/s6V3Q2nubSNUKY-p0Dy7OrBzeahkcOSRaYYh8mNZiOk.jpg?crop=center&height=1200&v=1780651876&width=1200
https://uk.representclo.com/products/247-dna-hoodie-graphene,247 DNA Hoodie 2.0- Graphene,XL,True,135.0,,https://scdn.speedsize.com/fbaf6506-81e1-43a2-bcc1-80e18c7b0146/uk.representclo.com/cdn/shop/files/s6V3Q2nubSNUKY-p0Dy7OrBzeahkcOSRaYYh8mNZiOk.jpg?crop=center&height=1200&v=1780651876&width=1200
https://uk.representclo.com/products/247-dna-hoodie-graphene,247 DNA Hoodie 2.0- Graphene,XXL,True,135.0,,https://scdn.speedsize.com/fbaf6506-81e1-43a2-bcc1-80e18c7b0146/uk.representclo.com/cdn/shop/files/s6V3Q2nubSNUKY-p0Dy7OrBzeahkcOSRaYYh8mNZiOk.jpg?crop=center&height=1200&v=1780651876&width=1200
https://uk.representclo.com/products/247-dna-hoodie-jet-black,247 DNA Hoodie - Jet Black,XXS,False,115.0,,https://scdn.speedsize.com/fbaf6506-81e1-43a2-bcc1-80e18c7b0146/uk.representclo.com/cdn/shop/files/JgdGdLcXQc75YknSnpT9zftk-5FHA0UpedNVtuyBAEI_0003_pSEPy7Lf13r77MoTuLkO2uRj_R7xI70bQWJ0HcQ789c.jpg?crop=center&height=1200&v=1766488302&width=1200
https://uk.representclo.com/products/247-dna-hoodie-jet-black,247 DNA Hoodie - Jet Black,XS,True,115.0,,https://scdn.speedsize.com/fbaf6506-81e1-43a2-bcc1-80e18c7b0146/uk.representclo.com/cdn/shop/files/JgdGdLcXQc75YknSnpT9zftk-5FHA0UpedNVtuyBAEI_0003_pSEPy7Lf13r77MoTuLkO2uRj_R7xI70bQWJ0HcQ789c.jpg?crop=center&height=1200&v=1766488302&width=1200
https://uk.representclo.com/products/247-dna-hoodie-jet-black,247 DNA Hoodie - Jet Black,S,True,115.0,,https://scdn.speedsize.com/fbaf6506-81e1-43a2-bcc1-80e18c7b0146/uk.representclo.com/cdn/shop/files/JgdGdLcXQc75YknSnpT9zftk-5FHA0UpedNVtuyBAEI_0003_pSEPy7Lf13r77MoTuLkO2uRj_R7xI70bQWJ0HcQ789c.jpg?crop=center&height=1200&v=1766488302&width=1200
https://uk.representclo.com/products/247-dna-hoodie-jet-black,247 DNA Hoodie - Jet Black,M,True,115.0,,https://scdn.speedsize.com/fbaf6506-81e1-43a2-bcc1-80e18c7b0146/uk.representclo.com/cdn/shop/files/JgdGdLcXQc75YknSnpT9zftk-5FHA0UpedNVtuyBAEI_0003_pSEPy7Lf13r77MoTuLkO2uRj_R7xI70bQWJ0HcQ789c.jpg?crop=center&height=1200&v=1766488302&width=1200
https://uk.representclo.com/products/247-dna-hoodie-jet-black,247 DNA Hoodie - Jet Black,L,True,115.0,,https://scdn.speedsize.com/fbaf6506-81e1-43a2-bcc1-80e18c7b0146/uk.representclo.com/cdn/shop/files/JgdGdLcXQc75YknSnpT9zftk-5FHA0UpedNVtuyBAEI_0003_pSEPy7Lf13r77MoTuLkO2uRj_R7xI70bQWJ0HcQ789c.jpg?crop=center&height=1200&v=1766488302&width=1200
https://uk.representclo.com/products/247-dna-hoodie-jet-black,247 DNA Hoodie - Jet Black,XL,True,115.0,,https://scdn.speedsize.com/fbaf6506-81e1-43a2-bcc1-80e18c7b0146/uk.representclo.com/cdn/shop/files/JgdGdLcXQc75YknSnpT9zftk-5FHA0UpedNVtuyBAEI_0003_pSEPy7Lf13r77MoTuLkO2uRj_R7xI70bQWJ0HcQ789c.jpg?crop=center&height=1200&v=1766488302&width=1200
https://uk.representclo.com/products/247-dna-hoodie-jet-black,247 DNA Hoodie - Jet Black,XXL,True,115.0,,https://scdn.speedsize.com/fbaf6506-81e1-43a2-bcc1-80e18c7b0146/uk.representclo.com/cdn/shop/files/JgdGdLcXQc75YknSnpT9zftk-5FHA0UpedNVtuyBAEI_0003_pSEPy7Lf13r77MoTuLkO2uRj_R7xI70bQWJ0HcQ789c.jpg?crop=center&height=1200&v=1766488302&width=1200
https://uk.representclo.com/products/247-dna-hoodie-jet-black-26,247 DNA Hoodie 2.0- Jet Black,XS,True,135.0,,https://scdn.speedsize.com/fbaf6506-81e1-43a2-bcc1-80e18c7b0146/uk.representclo.com/cdn/shop/files/DGpXqPG6QJJFZbI2VjFo0eiYtAzeckTbrCV9GcTIzTE.jpg?crop=center&height=1200&v=1780651839&width=1200
https://uk.representclo.com/products/247-dna-hoodie-jet-black-26,247 DNA Hoodie 2.0- Jet Black,S,True,135.0,,https://scdn.speedsize.com/fbaf6506-81e1-43a2-bcc1-80e18c7b0146/uk.representclo.com/cdn/shop/files/DGpXqPG6QJJFZbI2VjFo0eiYtAzeckTbrCV9GcTIzTE.jpg?crop=center&height=1200&v=1780651839&width=1200
https://uk.representclo.com/products/247-dna-hoodie-jet-black-26,247 DNA Hoodie 2.0- Jet Black,M,True,135.0,,https://scdn.speedsize.com/fbaf6506-81e1-43a2-bcc1-80e18c7b0146/uk.representclo.com/cdn/shop/files/DGpXqPG6QJJFZbI2VjFo0eiYtAzeckTbrCV9GcTIzTE.jpg?crop=center&height=1200&v=1780651839&width=1200
https://uk.representclo.com/products/247-dna-hoodie-jet-black-26,247 DNA Hoodie 2.0- Jet Black,L,True,135.0,,https://scdn.speedsize.com/fbaf6506-81e1-43a2-bcc1-80e18c7b0146/uk.representclo.com/cdn/shop/files/DGpXqPG6QJJFZbI2VjFo0eiYtAzeckTbrCV9GcTIzTE.jpg?crop=center&height=1200&v=1780651839&width=1200
https://uk.representclo.com/products/247-dna-hoodie-jet-black-26,247 DNA Hoodie 2.0- Jet Black,XL,True,135.0,,https://scdn.speedsize.com/fbaf6506-81e1-43a2-bcc1-80e18c7b0146/uk.representclo.com/cdn/shop/files/DGpXqPG6QJJFZbI2VjFo0eiYtAzeckTbrCV9GcTIzTE.jpg?crop=center&height=1200&v=1780651839&width=1200
https://uk.representclo.com/products/247-dna-hoodie-jet-black-26,247 DNA Hoodie 2.0- Jet Black,XXL,True,135.0,,https://scdn.speedsize.com/fbaf6506-81e1-43a2-bcc1-80e18c7b0146/uk.representclo.com/cdn/shop/files/DGpXqPG6QJJFZbI2VjFo0eiYtAzeckTbrCV9GcTIzTE.jpg?crop=center&height=1200&v=1780651839&width=1200
https://uk.representclo.com/products/247-dna-mesh-short-dusky-navy,247 DNA Mesh Short - Dusky Navy,XXS,False,70.0,,https://scdn.speedsize.com/fbaf6506-81e1-43a2-bcc1-80e18c7b0146/uk.representclo.com/cdn/shop/files/74EL5Yf8QybxG5TdtR8fDS_QynyPhWSht2s5rFoXdYM.jpg?crop=center&height=1200&v=1765813509&width=1200
https://uk.representclo.com/products/247-dna-mesh-short-dusky-navy,247 DNA Mesh Short - Dusky Navy,XS,False,70.0,,https://scdn.speedsize.com/fbaf6506-81e1-43a2-bcc1-80e18c7b0146/uk.representclo.com/cdn/shop/files/74EL5Yf8QybxG5TdtR8fDS_QynyPhWSht2s5rFoXdYM.jpg?crop=center&height=1200&v=1765813509&width=1200
https://uk.representclo.com/products/247-dna-mesh-short-dusky-navy,247 DNA Mesh Short - Dusky Navy,S,True,70.0,,https://scdn.speedsize.com/fbaf6506-81e1-43a2-bcc1-80e18c7b0146/uk.representclo.com/cdn/shop/files/74EL5Yf8QybxG5TdtR8fDS_QynyPhWSht2s5rFoXdYM.jpg?crop=center&height=1200&v=1765813509&width=1200
https://uk.representclo.com/products/247-dna-mesh-short-dusky-navy,247 DNA Mesh Short - Dusky Navy,M,True,70.0,,https://scdn.speedsize.com/fbaf6506-81e1-43a2-bcc1-80e18c7b0146/uk.representclo.com/cdn/shop/files/74EL5Yf8QybxG5TdtR8fDS_QynyPhWSht2s5rFoXdYM.jpg?crop=center&height=1200&v=1765813509&width=1200
https://uk.representclo.com/products/247-dna-mesh-short-dusky-navy,247 DNA Mesh Short - Dusky Navy,L,False,70.0,,https://scdn.speedsize.com/fbaf6506-81e1-43a2-bcc1-80e18c7b0146/uk.representclo.com/cdn/shop/files/74EL5Yf8QybxG5TdtR8fDS_QynyPhWSht2s5rFoXdYM.jpg?crop=center&height=1200&v=1765813509&width=1200
https://uk.representclo.com/products/247-dna-mesh-short-dusky-navy,247 DNA Mesh Short - Dusky Navy,XL,False,70.0,,https://scdn.speedsize.com/fbaf6506-81e1-43a2-bcc1-80e18c7b0146/uk.representclo.com/cdn/shop/files/74EL5Yf8QybxG5TdtR8fDS_QynyPhWSht2s5rFoXdYM.jpg?crop=center&height=1200&v=1765813509&width=1200
https://uk.representclo.com/products/247-dna-mesh-short-dusky-navy,247 DNA Mesh Short - Dusky Navy,XXL,False,70.0,,https://scdn.speedsize.com/fbaf6506-81e1-43a2-bcc1-80e18c7b0146/uk.representclo.com/cdn/shop/files/74EL5Yf8QybxG5TdtR8fDS_QynyPhWSht2s5rFoXdYM.jpg?crop=center&height=1200&v=1765813509&width=1200
https://uk.representclo.com/products/247-dna-mesh-short-graphene,247 DNA Mesh Short - Graphene,XS,True,70.0,,https://scdn.speedsize.com/fbaf6506-81e1-43a2-bcc1-80e18c7b0146/uk.representclo.com/cdn/shop/files/3iBds9iEfWuB8Gr7fUbiWelXL4-1LIXxJ_iM3fMB59U.jpg?crop=center&height=1200&v=1780651740&width=1200
https://uk.representclo.com/products/247-dna-mesh-short-graphene,247 DNA Mesh Short - Graphene,S,False,70.0,,https://scdn.speedsize.com/fbaf6506-81e1-43a2-bcc1-80e18c7b0146/uk.representclo.com/cdn/shop/files/3iBds9iEfWuB8Gr7fUbiWelXL4-1LIXxJ_iM3fMB59U.jpg?crop=center&height=1200&v=1780651740&width=1200
https://uk.representclo.com/products/247-dna-mesh-short-graphene,247 DNA Mesh Short - Graphene,M,True,70.0,,https://scdn.speedsize.com/fbaf6506-81e1-43a2-bcc1-80e18c7b0146/uk.representclo.com/cdn/shop/files/3iBds9iEfWuB8Gr7fUbiWelXL4-1LIXxJ_iM3fMB59U.jpg?crop=center&height=1200&v=1780651740&width=1200
https://uk.representclo.com/products/247-dna-mesh-short-graphene,247 DNA Mesh Short - Graphene,L,False,70.0,,https://scdn.speedsize.com/fbaf6506-81e1-43a2-bcc1-80e18c7b0146/uk.representclo.com/cdn/shop/files/3iBds9iEfWuB8Gr7fUbiWelXL4-1LIXxJ_iM3fMB59U.jpg?crop=center&height=1200&v=1780651740&width=1200
https://uk.representclo.com/products/247-dna-mesh-short-graphene,247 DNA Mesh Short - Graphene,XL,True,70.0,,https://scdn.speedsize.com/fbaf6506-81e1-43a2-bcc1-80e18c7b0146/uk.representclo.com/cdn/shop/files/3iBds9iEfWuB8Gr7fUbiWelXL4-1LIXxJ_iM3fMB59U.jpg?crop=center&height=1200&v=1780651740&width=1200
https://uk.representclo.com/products/247-dna-mesh-short-graphene,247 DNA Mesh Short - Graphene,XXL,True,70.0,,https://scdn.speedsize.com/fbaf6506-81e1-43a2-bcc1-80e18c7b0146/uk.representclo.com/cdn/shop/files/3iBds9iEfWuB8Gr7fUbiWelXL4-1LIXxJ_iM3fMB59U.jpg?crop=center&height=1200&v=1780651740&width=1200
https://uk.representclo.com/products/247-dna-mesh-short-jet-black,247 DNA Mesh Short - Jet Black,XS,True,70.0,,https://scdn.speedsize.com/fbaf6506-81e1-43a2-bcc1-80e18c7b0146/uk.representclo.com/cdn/shop/files/aFtHA6lWo27lzcxZv5g30URjA39_QvjGA5BroqubHgY.jpg?crop=center&height=1200&v=1765813545&width=1200
https://uk.representclo.com/products/247-dna-mesh-short-jet-black,247 DNA Mesh Short - Jet Black,S,True,70.0,,https://scdn.speedsize.com/fbaf6506-81e1-43a2-bcc1-80e18c7b0146/uk.representclo.com/cdn/shop/files/aFtHA6lWo27lzcxZv5g30URjA39_QvjGA5BroqubHgY.jpg?crop=center&height=1200&v=1765813545&width=1200
https://uk.representclo.com/products/247-dna-mesh-short-jet-black,247 DNA Mesh Short - Jet Black,M,True,70.0,,https://scdn.speedsize.com/fbaf6506-81e1-43a2-bcc1-80e18c7b0146/uk.representclo.com/cdn/shop/files/aFtHA6lWo27lzcxZv5g30URjA39_QvjGA5BroqubHgY.jpg?crop=center&height=1200&v=1765813545&width=1200
https://uk.representclo.com/products/247-dna-mesh-short-jet-black,247 DNA Mesh Short - Jet Black,L,True,70.0,,https://scdn.speedsize.com/fbaf6506-81e1-43a2-bcc1-80e18c7b0146/uk.representclo.com/cdn/shop/files/aFtHA6lWo27lzcxZv5g30URjA39_QvjGA5BroqubHgY.jpg?crop=center&height=1200&v=1765813545&width=1200
https://uk.representclo.com/products/247-dna-mesh-short-jet-black,247 DNA Mesh Short - Jet Black,XL,True,70.0,,https://scdn.speedsize.com/fbaf6506-81e1-43a2-bcc1-80e18c7b0146/uk.representclo.com/cdn/shop/files/aFtHA6lWo27lzcxZv5g30URjA39_QvjGA5BroqubHgY.jpg?crop=center&height=1200&v=1765813545&width=1200
https://uk.representclo.com/products/247-dna-mesh-short-jet-black,247 DNA Mesh Short - Jet Black,XXL,True,70.0,,https://scdn.speedsize.com/fbaf6506-81e1-43a2-bcc1-80e18c7b0146/uk.representclo.com/cdn/shop/files/aFtHA6lWo27lzcxZv5g30URjA39_QvjGA5BroqubHgY.jpg?crop=center&height=1200&v=1765813545&width=1200
https://uk.representclo.com/products/247-dna-mesh-t-shirt-dusky-navy,247 DNA Mesh T-Shirt - Dusky Navy,XXS,False,60.0,,https://scdn.speedsize.com/fbaf6506-81e1-43a2-bcc1-80e18c7b0146/uk.representclo.com/cdn/shop/files/o16jst8Sgrd1Lbd1lUEW-KQYzgdY3gBcKAjnSKZ9f40.jpg?crop=center&height=1200&v=1765813585&width=1200
https://uk.representclo.com/products/247-dna-mesh-t-shirt-dusky-navy,247 DNA Mesh T-Shirt - Dusky Navy,XS,False,60.0,,https://scdn.speedsize.com/fbaf6506-81e1-43a2-bcc1-80e18c7b0146/uk.representclo.com/cdn/shop/files/o16jst8Sgrd1Lbd1lUEW-KQYzgdY3gBcKAjnSKZ9f40.jpg?crop=center&height=1200&v=1765813585&width=1200
https://uk.representclo.com/products/247-dna-mesh-t-shirt-dusky-navy,247 DNA Mesh T-Shirt - Dusky Navy,S,False,60.0,,https://scdn.speedsize.com/fbaf6506-81e1-43a2-bcc1-80e18c7b0146/uk.representclo.com/cdn/shop/files/o16jst8Sgrd1Lbd1lUEW-KQYzgdY3gBcKAjnSKZ9f40.jpg?crop=center&height=1200&v=1765813585&width=1200
https://uk.representclo.com/products/247-dna-mesh-t-shirt-dusky-navy,247 DNA Mesh T-Shirt - Dusky Navy,M,False,60.0,,https://scdn.speedsize.com/fbaf6506-81e1-43a2-bcc1-80e18c7b0146/uk.representclo.com/cdn/shop/files/o16jst8Sgrd1Lbd1lUEW-KQYzgdY3gBcKAjnSKZ9f40.jpg?crop=center&height=1200&v=1765813585&width=1200
https://uk.representclo.com/products/247-dna-mesh-t-shirt-dusky-navy,247 DNA Mesh T-Shirt - Dusky Navy,L,False,60.0,,https://scdn.speedsize.com/fbaf6506-81e1-43a2-bcc1-80e18c7b0146/uk.representclo.com/cdn/shop/files/o16jst8Sgrd1Lbd1lUEW-KQYzgdY3gBcKAjnSKZ9f40.jpg?crop=center&height=1200&v=1765813585&width=1200
https://uk.representclo.com/products/247-dna-mesh-t-shirt-dusky-navy,247 DNA Mesh T-Shirt - Dusky Navy,XL,False,60.0,,https://scdn.speedsize.com/fbaf6506-81e1-43a2-bcc1-80e18c7b0146/uk.representclo.com/cdn/shop/files/o16jst8Sgrd1Lbd1lUEW-KQYzgdY3gBcKAjnSKZ9f40.jpg?crop=center&height=1200&v=1765813585&width=1200
https://uk.representclo.com/products/247-dna-mesh-t-shirt-dusky-navy,247 DNA Mesh T-Shirt - Dusky Navy,XXL,False,60.0,,https://scdn.speedsize.com/fbaf6506-81e1-43a2-bcc1-80e18c7b0146/uk.representclo.com/cdn/shop/files/o16jst8Sgrd1Lbd1lUEW-KQYzgdY3gBcKAjnSKZ9f40.jpg?crop=center&height=1200&v=1765813585&width=1200
https://uk.representclo.com/products/247-dna-mesh-t-shirt-flat-white,247 DNA Mesh T-Shirt - Flat White,XXS,False,60.0,,https://scdn.speedsize.com/fbaf6506-81e1-43a2-bcc1-80e18c7b0146/uk.representclo.com/cdn/shop/files/7SdBaVZ7LY7zu9w1l-p4PkWpcuWdzxidjYk152kHwN0.jpg?crop=center&height=1200&v=1765813625&width=1200
https://uk.representclo.com/products/247-dna-mesh-t-shirt-flat-white,247 DNA Mesh T-Shirt - Flat White,XS,True,60.0,,https://scdn.speedsize.com/fbaf6506-81e1-43a2-bcc1-80e18c7b0146/uk.representclo.com/cdn/shop/files/7SdBaVZ7LY7zu9w1l-p4PkWpcuWdzxidjYk152kHwN0.jpg?crop=center&height=1200&v=1765813625&width=1200
https://uk.representclo.com/products/247-dna-mesh-t-shirt-flat-white,247 DNA Mesh T-Shirt - Flat White,S,True,60.0,,https://scdn.speedsize.com/fbaf6506-81e1-43a2-bcc1-80e18c7b0146/uk.representclo.com/cdn/shop/files/7SdBaVZ7LY7zu9w1l-p4PkWpcuWdzxidjYk152kHwN0.jpg?crop=center&height=1200&v=1765813625&width=1200
https://uk.representclo.com/products/247-dna-mesh-t-shirt-flat-white,247 DNA Mesh T-Shirt - Flat White,M,True,60.0,,https://scdn.speedsize.com/fbaf6506-81e1-43a2-bcc1-80e18c7b0146/uk.representclo.com/cdn/shop/files/7SdBaVZ7LY7zu9w1l-p4PkWpcuWdzxidjYk152kHwN0.jpg?crop=center&height=1200&v=1765813625&width=1200
https://uk.representclo.com/products/247-dna-mesh-t-shirt-flat-white,247 DNA Mesh T-Shirt - Flat White,L,True,60.0,,https://scdn.speedsize.com/fbaf6506-81e1-43a2-bcc1-80e18c7b0146/uk.representclo.com/cdn/shop/files/7SdBaVZ7LY7zu9w1l-p4PkWpcuWdzxidjYk152kHwN0.jpg?crop=center&height=1200&v=1765813625&width=1200
https://uk.representclo.com/products/247-dna-mesh-t-shirt-flat-white,247 DNA Mesh T-Shirt - Flat White,XL,True,60.0,,https://scdn.speedsize.com/fbaf6506-81e1-43a2-bcc1-80e18c7b0146/uk.representclo.com/cdn/shop/files/7SdBaVZ7LY7zu9w1l-p4PkWpcuWdzxidjYk152kHwN0.jpg?crop=center&height=1200&v=1765813625&width=1200
https://uk.representclo.com/products/247-dna-mesh-t-shirt-flat-white,247 DNA Mesh T-Shirt - Flat White,XXL,True,60.0,,https://scdn.speedsize.com/fbaf6506-81e1-43a2-bcc1-80e18c7b0146/uk.representclo.com/cdn/shop/files/7SdBaVZ7LY7zu9w1l-p4PkWpcuWdzxidjYk152kHwN0.jpg?crop=center&height=1200&v=1765813625&width=1200
https://uk.representclo.com/products/247-dna-mesh-t-shirt-graphene,247 DNA Mesh T-Shirt - Graphene,XS,True,60.0,,https://scdn.speedsize.com/fbaf6506-81e1-43a2-bcc1-80e18c7b0146/uk.representclo.com/cdn/shop/files/pgyRG-UWWxb8pyJIUH6fXDqy_WVQ4JTXZl3Hj1J3t0Q.jpg?crop=center&height=1200&v=1780651740&width=1200
https://uk.representclo.com/products/247-dna-mesh-t-shirt-graphene,247 DNA Mesh T-Shirt - Graphene,S,True,60.0,,https://scdn.speedsize.com/fbaf6506-81e1-43a2-bcc1-80e18c7b0146/uk.representclo.com/cdn/shop/files/pgyRG-UWWxb8pyJIUH6fXDqy_WVQ4JTXZl3Hj1J3t0Q.jpg?crop=center&height=1200&v=1780651740&width=1200
https://uk.representclo.com/products/247-dna-mesh-t-shirt-graphene,247 DNA Mesh T-Shirt - Graphene,M,True,60.0,,https://scdn.speedsize.com/fbaf6506-81e1-43a2-bcc1-80e18c7b0146/uk.representclo.com/cdn/shop/files/pgyRG-UWWxb8pyJIUH6fXDqy_WVQ4JTXZl3Hj1J3t0Q.jpg?crop=center&height=1200&v=1780651740&width=1200
https://uk.representclo.com/products/247-dna-mesh-t-shirt-graphene,247 DNA Mesh T-Shirt - Graphene,L,True,60.0,,https://scdn.speedsize.com/fbaf6506-81e1-43a2-bcc1-80e18c7b0146/uk.representclo.com/cdn/shop/files/pgyRG-UWWxb8pyJIUH6fXDqy_WVQ4JTXZl3Hj1J3t0Q.jpg?crop=center&height=1200&v=1780651740&width=1200
https://uk.representclo.com/products/247-dna-mesh-t-shirt-graphene,247 DNA Mesh T-Shirt - Graphene,XL,False,60.0,,https://scdn.speedsize.com/fbaf6506-81e1-43a2-bcc1-80e18c7b0146/uk.representclo.com/cdn/shop/files/pgyRG-UWWxb8pyJIUH6fXDqy_WVQ4JTXZl3Hj1J3t0Q.jpg?crop=center&height=1200&v=1780651740&width=1200
https://uk.representclo.com/products/247-dna-mesh-t-shirt-graphene,247 DNA Mesh T-Shirt - Graphene,XXL,False,60.0,,https://scdn.speedsize.com/fbaf6506-81e1-43a2-bcc1-80e18c7b0146/uk.representclo.com/cdn/shop/files/pgyRG-UWWxb8pyJIUH6fXDqy_WVQ4JTXZl3Hj1J3t0Q.jpg?crop=center&height=1200&v=1780651740&width=1200
https://uk.representclo.com/products/247-dna-mesh-t-shirt-jet-black,247 DNA Mesh T-Shirt - Jet Black,XS,True,60.0,,https://scdn.speedsize.com/fbaf6506-81e1-43a2-bcc1-80e18c7b0146/uk.representclo.com/cdn/shop/files/WEBRES_0027_B2GPACKSHOTS_0002s_0004_Layer72.jpg?crop=center&height=1200&v=1765969325&width=1200
https://uk.representclo.com/products/247-dna-mesh-t-shirt-jet-black,247 DNA Mesh T-Shirt - Jet Black,S,True,60.0,,https://scdn.speedsize.com/fbaf6506-81e1-43a2-bcc1-80e18c7b0146/uk.representclo.com/cdn/shop/files/WEBRES_0027_B2GPACKSHOTS_0002s_0004_Layer72.jpg?crop=center&height=1200&v=1765969325&width=1200
https://uk.representclo.com/products/247-dna-mesh-t-shirt-jet-black,247 DNA Mesh T-Shirt - Jet Black,M,True,60.0,,https://scdn.speedsize.com/fbaf6506-81e1-43a2-bcc1-80e18c7b0146/uk.representclo.com/cdn/shop/files/WEBRES_0027_B2GPACKSHOTS_0002s_0004_Layer72.jpg?crop=center&height=1200&v=1765969325&width=1200
https://uk.representclo.com/products/247-dna-mesh-t-shirt-jet-black,247 DNA Mesh T-Shirt - Jet Black,L,True,60.0,,https://scdn.speedsize.com/fbaf6506-81e1-43a2-bcc1-80e18c7b0146/uk.representclo.com/cdn/shop/files/WEBRES_0027_B2GPACKSHOTS_0002s_0004_Layer72.jpg?crop=center&height=1200&v=1765969325&width=1200
https://uk.representclo.com/products/247-dna-mesh-t-shirt-jet-black,247 DNA Mesh T-Shirt - Jet Black,XL,True,60.0,,https://scdn.speedsize.com/fbaf6506-81e1-43a2-bcc1-80e18c7b0146/uk.representclo.com/cdn/shop/files/WEBRES_0027_B2GPACKSHOTS_0002s_0004_Layer72.jpg?crop=center&height=1200&v=1765969325&width=1200
https://uk.representclo.com/products/247-dna-mesh-t-shirt-jet-black,247 DNA Mesh T-Shirt - Jet Black,XXL,True,60.0,,https://scdn.speedsize.com/fbaf6506-81e1-43a2-bcc1-80e18c7b0146/uk.representclo.com/cdn/shop/files/WEBRES_0027_B2GPACKSHOTS_0002s_0004_Layer72.jpg?crop=center&height=1200&v=1765969325&width=1200
https://uk.representclo.com/products/247-dna-mesh-vest-graphene,247 DNA Mesh Vest - Graphene,XS,True,50.0,,https://scdn.speedsize.com/fbaf6506-81e1-43a2-bcc1-80e18c7b0146/uk.representclo.com/cdn/shop/files/tA0yLlSZ2ycKU9-fmaLDDedjDs-TXyIkci5cK-tfhwc.jpg?crop=center&height=1200&v=1780651742&width=1200
https://uk.representclo.com/products/247-dna-mesh-vest-graphene,247 DNA Mesh Vest - Graphene,S,True,50.0,,https://scdn.speedsize.com/fbaf6506-81e1-43a2-bcc1-80e18c7b0146/uk.representclo.com/cdn/shop/files/tA0yLlSZ2ycKU9-fmaLDDedjDs-TXyIkci5cK-tfhwc.jpg?crop=center&height=1200&v=1780651742&width=1200
https://uk.representclo.com/products/247-dna-mesh-vest-graphene,247 DNA Mesh Vest - Graphene,M,True,50.0,,https://scdn.speedsize.com/fbaf6506-81e1-43a2-bcc1-80e18c7b0146/uk.representclo.com/cdn/shop/files/tA0yLlSZ2ycKU9-fmaLDDedjDs-TXyIkci5cK-tfhwc.jpg?crop=center&height=1200&v=1780651742&width=1200
https://uk.representclo.com/products/247-dna-mesh-vest-graphene,247 DNA Mesh Vest - Graphene,L,True,50.0,,https://scdn.speedsize.com/fbaf6506-81e1-43a2-bcc1-80e18c7b0146/uk.representclo.com/cdn/shop/files/tA0yLlSZ2ycKU9-fmaLDDedjDs-TXyIkci5cK-tfhwc.jpg?crop=center&height=1200&v=1780651742&width=1200
https://uk.representclo.com/products/247-dna-mesh-vest-graphene,247 DNA Mesh Vest - Graphene,XL,False,50.0,,https://scdn.speedsize.com/fbaf6506-81e1-43a2-bcc1-80e18c7b0146/uk.representclo.com/cdn/shop/files/tA0yLlSZ2ycKU9-fmaLDDedjDs-TXyIkci5cK-tfhwc.jpg?crop=center&height=1200&v=1780651742&width=1200
https://uk.representclo.com/products/247-dna-mesh-vest-graphene,247 DNA Mesh Vest - Graphene,XXL,False,50.0,,https://scdn.speedsize.com/fbaf6506-81e1-43a2-bcc1-80e18c7b0146/uk.representclo.com/cdn/shop/files/tA0yLlSZ2ycKU9-fmaLDDedjDs-TXyIkci5cK-tfhwc.jpg?crop=center&height=1200&v=1780651742&width=1200
https://uk.representclo.com/products/247-dna-mesh-vest-jet-black,247 DNA Mesh Vest - Jet Black,XXS,False,50.0,,https://scdn.speedsize.com/fbaf6506-81e1-43a2-bcc1-80e18c7b0146/uk.representclo.com/cdn/shop/files/qxGhyF2M-VMGaI9-FNwbjs3jrZUAXOJREJuSZIcfePA.jpg?crop=center&height=1200&v=1780064003&width=1200
https://uk.representclo.com/products/247-dna-mesh-vest-jet-black,247 DNA Mesh Vest - Jet Black,XS,True,50.0,,https://scdn.speedsize.com/fbaf6506-81e1-43a2-bcc1-80e18c7b0146/uk.representclo.com/cdn/shop/files/qxGhyF2M-VMGaI9-FNwbjs3jrZUAXOJREJuSZIcfePA.jpg?crop=center&height=1200&v=1780064003&width=1200
https://uk.representclo.com/products/247-dna-mesh-vest-jet-black,247 DNA Mesh Vest - Jet Black,S,True,50.0,,https://scdn.speedsize.com/fbaf6506-81e1-43a2-bcc1-80e18c7b0146/uk.representclo.com/cdn/shop/files/qxGhyF2M-VMGaI9-FNwbjs3jrZUAXOJREJuSZIcfePA.jpg?crop=center&height=1200&v=1780064003&width=1200
https://uk.representclo.com/products/247-dna-mesh-vest-jet-black,247 DNA Mesh Vest - Jet Black,M,True,50.0,,https://scdn.speedsize.com/fbaf6506-81e1-43a2-bcc1-80e18c7b0146/uk.representclo.com/cdn/shop/files/qxGhyF2M-VMGaI9-FNwbjs3jrZUAXOJREJuSZIcfePA.jpg?crop=center&height=1200&v=1780064003&width=1200
https://uk.representclo.com/products/247-dna-mesh-vest-jet-black,247 DNA Mesh Vest - Jet Black,L,True,50.0,,https://scdn.speedsize.com/fbaf6506-81e1-43a2-bcc1-80e18c7b0146/uk.representclo.com/cdn/shop/files/qxGhyF2M-VMGaI9-FNwbjs3jrZUAXOJREJuSZIcfePA.jpg?crop=center&height=1200&v=1780064003&width=1200
https://uk.representclo.com/products/247-dna-mesh-vest-jet-black,247 DNA Mesh Vest - Jet Black,XL,True,50.0,,https://scdn.speedsize.com/fbaf6506-81e1-43a2-bcc1-80e18c7b0146/uk.representclo.com/cdn/shop/files/qxGhyF2M-VMGaI9-FNwbjs3jrZUAXOJREJuSZIcfePA.jpg?crop=center&height=1200&v=1780064003&width=1200
https://uk.representclo.com/products/247-dna-mesh-vest-jet-black,247 DNA Mesh Vest - Jet Black,XXL,True,50.0,,https://scdn.speedsize.com/fbaf6506-81e1-43a2-bcc1-80e18c7b0146/uk.representclo.com/cdn/shop/files/qxGhyF2M-VMGaI9-FNwbjs3jrZUAXOJREJuSZIcfePA.jpg?crop=center&height=1200&v=1780064003&width=1200
https://uk.representclo.com/products/247-dna-oversized-t-shirt-graphene,247 DNA Oversized T-Shirt - Graphene,XS,True,65.0,,https://scdn.speedsize.com/fbaf6506-81e1-43a2-bcc1-80e18c7b0146/uk.representclo.com/cdn/shop/files/495R4mCrFNFJ2cBsLzYzwRkaaxx0utrttwO66NeytaY.jpg?crop=center&height=1200&v=1780651701&width=1200
https://uk.representclo.com/products/247-dna-oversized-t-shirt-graphene,247 DNA Oversized T-Shirt - Graphene,S,True,65.0,,https://scdn.speedsize.com/fbaf6506-81e1-43a2-bcc1-80e18c7b0146/uk.representclo.com/cdn/shop/files/495R4mCrFNFJ2cBsLzYzwRkaaxx0utrttwO66NeytaY.jpg?crop=center&height=1200&v=1780651701&width=1200
https://uk.representclo.com/products/247-dna-oversized-t-shirt-graphene,247 DNA Oversized T-Shirt - Graphene,M,True,65.0,,https://scdn.speedsize.com/fbaf6506-81e1-43a2-bcc1-80e18c7b0146/uk.representclo.com/cdn/shop/files/495R4mCrFNFJ2cBsLzYzwRkaaxx0utrttwO66NeytaY.jpg?crop=center&height=1200&v=1780651701&width=1200
https://uk.representclo.com/products/247-dna-oversized-t-shirt-graphene,247 DNA Oversized T-Shirt - Graphene,L,True,65.0,,https://scdn.speedsize.com/fbaf6506-81e1-43a2-bcc1-80e18c7b0146/uk.representclo.com/cdn/shop/files/495R4mCrFNFJ2cBsLzYzwRkaaxx0utrttwO66NeytaY.jpg?crop=center&height=1200&v=1780651701&width=1200
https://uk.representclo.com/products/247-dna-oversized-t-shirt-graphene,247 DNA Oversized T-Shirt - Graphene,XL,True,65.0,,https://scdn.speedsize.com/fbaf6506-81e1-43a2-bcc1-80e18c7b0146/uk.representclo.com/cdn/shop/files/495R4mCrFNFJ2cBsLzYzwRkaaxx0utrttwO66NeytaY.jpg?crop=center&height=1200&v=1780651701&width=1200
https://uk.representclo.com/products/247-dna-oversized-t-shirt-graphene,247 DNA Oversized T-Shirt - Graphene,XXL,True,65.0,,https://scdn.speedsize.com/fbaf6506-81e1-43a2-bcc1-80e18c7b0146/uk.representclo.com/cdn/shop/files/495R4mCrFNFJ2cBsLzYzwRkaaxx0utrttwO66NeytaY.jpg?crop=center&height=1200&v=1780651701&width=1200
https://uk.representclo.com/products/247-dna-oversized-t-shirt-jet-black-26,247 DNA Oversized T-Shirt - Jet Black,XS,True,65.0,,https://scdn.speedsize.com/fbaf6506-81e1-43a2-bcc1-80e18c7b0146/uk.representclo.com/cdn/shop/files/SAmdTGZ-ZcFoju33tBaqL4Ar_3TlttHfqPgbuQFlOGk.jpg?crop=center&height=1200&v=1786716802&width=1200
https://uk.representclo.com/products/247-dna-oversized-t-shirt-jet-black-26,247 DNA Oversized T-Shirt - Jet Black,S,True,65.0,,https://scdn.speedsize.com/fbaf6506-81e1-43a2-bcc1-80e18c7b0146/uk.representclo.com/cdn/shop/files/SAmdTGZ-ZcFoju33tBaqL4Ar_3TlttHfqPgbuQFlOGk.jpg?crop=center&height=1200&v=1786716802&width=1200
https://uk.representclo.com/products/247-dna-oversized-t-shirt-jet-black-26,247 DNA Oversized T-Shirt - Jet Black,M,True,65.0,,https://scdn.speedsize.com/fbaf6506-81e1-43a2-bcc1-80e18c7b0146/uk.representclo.com/cdn/shop/files/SAmdTGZ-ZcFoju33tBaqL4Ar_3TlttHfqPgbuQFlOGk.jpg?crop=center&height=1200&v=1786716802&width=1200
https://uk.representclo.com/products/247-dna-oversized-t-shirt-jet-black-26,247 DNA Oversized T-Shirt - Jet Black,L,True,65.0,,https://scdn.speedsize.com/fbaf6506-81e1-43a2-bcc1-80e18c7b0146/uk.representclo.com/cdn/shop/files/SAmdTGZ-ZcFoju33tBaqL4Ar_3TlttHfqPgbuQFlOGk.jpg?crop=center&height=1200&v=1786716802&width=1200
https://uk.representclo.com/products/247-dna-oversized-t-shirt-jet-black-26,247 DNA Oversized T-Shirt - Jet Black,XL,True,65.0,,https://scdn.speedsize.com/fbaf6506-81e1-43a2-bcc1-80e18c7b0146/uk.representclo.com/cdn/shop/files/SAmdTGZ-ZcFoju33tBaqL4Ar_3TlttHfqPgbuQFlOGk.jpg?crop=center&height=1200&v=1786716802&width=1200
https://uk.representclo.com/products/247-dna-oversized-t-shirt-jet-black-26,247 DNA Oversized T-Shirt - Jet Black,XXL,True,65.0,,https://scdn.speedsize.com/fbaf6506-81e1-43a2-bcc1-80e18c7b0146/uk.representclo.com/cdn/shop/files/SAmdTGZ-ZcFoju33tBaqL4Ar_3TlttHfqPgbuQFlOGk.jpg?crop=center&height=1200&v=1786716802&width=1200
https://uk.representclo.com/products/247-dna-oversized-tank-jet-black-26,247 DNA Oversized Tank - Jet Black,XS,True,55.0,,https://scdn.speedsize.com/fbaf6506-81e1-43a2-bcc1-80e18c7b0146/uk.representclo.com/cdn/shop/files/TqvCILleBpX1bkyBKFEaDEy_KXqZ3FWN3R4jxxxGbtE.jpg?crop=center&height=1200&v=1786716802&width=1200
https://uk.representclo.com/products/247-dna-oversized-tank-jet-black-26,247 DNA Oversized Tank - Jet Black,S,True,55.0,,https://scdn.speedsize.com/fbaf6506-81e1-43a2-bcc1-80e18c7b0146/uk.representclo.com/cdn/shop/files/TqvCILleBpX1bkyBKFEaDEy_KXqZ3FWN3R4jxxxGbtE.jpg?crop=center&height=1200&v=1786716802&width=1200
https://uk.representclo.com/products/247-dna-oversized-tank-jet-black-26,247 DNA Oversized Tank - Jet Black,M,True,55.0,,https://scdn.speedsize.com/fbaf6506-81e1-43a2-bcc1-80e18c7b0146/uk.representclo.com/cdn/shop/files/TqvCILleBpX1bkyBKFEaDEy_KXqZ3FWN3R4jxxxGbtE.jpg?crop=center&height=1200&v=1786716802&width=1200
https://uk.representclo.com/products/247-dna-oversized-tank-jet-black-26,247 DNA Oversized Tank - Jet Black,L,True,55.0,,https://scdn.speedsize.com/fbaf6506-81e1-43a2-bcc1-80e18c7b0146/uk.representclo.com/cdn/shop/files/TqvCILleBpX1bkyBKFEaDEy_KXqZ3FWN3R4jxxxGbtE.jpg?crop=center&height=1200&v=1786716802&width=1200
https://uk.representclo.com/products/247-dna-oversized-tank-jet-black-26,247 DNA Oversized Tank - Jet Black,XL,True,55.0,,https://scdn.speedsize.com/fbaf6506-81e1-43a2-bcc1-80e18c7b0146/uk.representclo.com/cdn/shop/files/TqvCILleBpX1bkyBKFEaDEy_KXqZ3FWN3R4jxxxGbtE.jpg?crop=center&height=1200&v=1786716802&width=1200
https://uk.representclo.com/products/247-dna-oversized-tank-jet-black-26,247 DNA Oversized Tank - Jet Black,XXL,True,55.0,,https://scdn.speedsize.com/fbaf6506-81e1-43a2-bcc1-80e18c7b0146/uk.representclo.com/cdn/shop/files/TqvCILleBpX1bkyBKFEaDEy_KXqZ3FWN3R4jxxxGbtE.jpg?crop=center&height=1200&v=1786716802&width=1200
https://uk.representclo.com/products/247-dna-seamless-shorts-black,247 DNA Seamless Shorts - Black,XS,False,60.0,,https://scdn.speedsize.com/fbaf6506-81e1-43a2-bcc1-80e18c7b0146/uk.representclo.com/cdn/shop/files/247DNASeamlessShort-JetBlack00008.jpg?crop=center&height=1200&v=1740588681&width=1200
https://uk.representclo.com/products/247-dna-seamless-shorts-black,247 DNA Seamless Shorts - Black,S,False,60.0,,https://scdn.speedsize.com/fbaf6506-81e1-43a2-bcc1-80e18c7b0146/uk.representclo.com/cdn/shop/files/247DNASeamlessShort-JetBlack00008.jpg?crop=center&height=1200&v=1740588681&width=1200
https://uk.representclo.com/products/247-dna-seamless-shorts-black,247 DNA Seamless Shorts - Black,M,False,60.0,,https://scdn.speedsize.com/fbaf6506-81e1-43a2-bcc1-80e18c7b0146/uk.representclo.com/cdn/shop/files/247DNASeamlessShort-JetBlack00008.jpg?crop=center&height=1200&v=1740588681&width=1200
https://uk.representclo.com/products/247-dna-seamless-shorts-black,247 DNA Seamless Shorts - Black,L,False,60.0,,https://scdn.speedsize.com/fbaf6506-81e1-43a2-bcc1-80e18c7b0146/uk.representclo.com/cdn/shop/files/247DNASeamlessShort-JetBlack00008.jpg?crop=center&height=1200&v=1740588681&width=1200
https://uk.representclo.com/products/247-dna-seamless-shorts-black,247 DNA Seamless Shorts - Black,XL,False,60.0,,https://scdn.speedsize.com/fbaf6506-81e1-43a2-bcc1-80e18c7b0146/uk.representclo.com/cdn/shop/files/247DNASeamlessShort-JetBlack00008.jpg?crop=center&height=1200&v=1740588681&width=1200
https://uk.representclo.com/products/247-dna-seamless-shorts-black,247 DNA Seamless Shorts - Black,XXL,False,60.0,,https://scdn.speedsize.com/fbaf6506-81e1-43a2-bcc1-80e18c7b0146/uk.representclo.com/cdn/shop/files/247DNASeamlessShort-JetBlack00008.jpg?crop=center&height=1200&v=1740588681&width=1200
https://uk.representclo.com/products/247-dna-seamless-shorts-titanium,247 DNA Seamless Shorts - Titanium,XS,True,60.0,,https://scdn.speedsize.com/fbaf6506-81e1-43a2-bcc1-80e18c7b0146/uk.representclo.com/cdn/shop/files/WQUPmm6BVvCwK2KBqJ-ZhIFJdEjd0jDq6BAvYfk8s60.jpg?crop=center&height=1200&v=1740588099&width=1200
https://uk.representclo.com/products/247-dna-seamless-shorts-titanium,247 DNA Seamless Shorts - Titanium,S,True,60.0,,https://scdn.speedsize.com/fbaf6506-81e1-43a2-bcc1-80e18c7b0146/uk.representclo.com/cdn/shop/files/WQUPmm6BVvCwK2KBqJ-ZhIFJdEjd0jDq6BAvYfk8s60.jpg?crop=center&height=1200&v=1740588099&width=1200
https://uk.representclo.com/products/247-dna-seamless-shorts-titanium,247 DNA Seamless Shorts - Titanium,M,True,60.0,,https://scdn.speedsize.com/fbaf6506-81e1-43a2-bcc1-80e18c7b0146/uk.representclo.com/cdn/shop/files/WQUPmm6BVvCwK2KBqJ-ZhIFJdEjd0jDq6BAvYfk8s60.jpg?crop=center&height=1200&v=1740588099&width=1200
https://uk.representclo.com/products/247-dna-seamless-shorts-titanium,247 DNA Seamless Shorts - Titanium,L,True,60.0,,https://scdn.speedsize.com/fbaf6506-81e1-43a2-bcc1-80e18c7b0146/uk.representclo.com/cdn/shop/files/WQUPmm6BVvCwK2KBqJ-ZhIFJdEjd0jDq6BAvYfk8s60.jpg?crop=center&height=1200&v=1740588099&width=1200
https://uk.representclo.com/products/247-dna-seamless-shorts-titanium,247 DNA Seamless Shorts - Titanium,XL,False,60.0,,https://scdn.speedsize.com/fbaf6506-81e1-43a2-bcc1-80e18c7b0146/uk.representclo.com/cdn/shop/files/WQUPmm6BVvCwK2KBqJ-ZhIFJdEjd0jDq6BAvYfk8s60.jpg?crop=center&height=1200&v=1740588099&width=1200
https://uk.representclo.com/products/247-dna-seamless-shorts-titanium,247 DNA Seamless Shorts - Titanium,XXL,True,60.0,,https://scdn.speedsize.com/fbaf6506-81e1-43a2-bcc1-80e18c7b0146/uk.representclo.com/cdn/shop/files/WQUPmm6BVvCwK2KBqJ-ZhIFJdEjd0jDq6BAvYfk8s60.jpg?crop=center&height=1200&v=1740588099&width=1200
https://uk.representclo.com/products/247-dna-seamless-t-shirt-black,247 DNA Seamless T-Shirt - Black,XS,True,70.0,,https://scdn.speedsize.com/fbaf6506-81e1-43a2-bcc1-80e18c7b0146/uk.representclo.com/cdn/shop/files/5AXdeIJbBpdsEy6pED8GZnOyn6cNsSMtZZZ5E70yxH0.jpg?crop=center&height=1200&v=1740588124&width=1200
https://uk.representclo.com/products/247-dna-seamless-t-shirt-black,247 DNA Seamless T-Shirt - Black,S,False,70.0,,https://scdn.speedsize.com/fbaf6506-81e1-43a2-bcc1-80e18c7b0146/uk.representclo.com/cdn/shop/files/5AXdeIJbBpdsEy6pED8GZnOyn6cNsSMtZZZ5E70yxH0.jpg?crop=center&height=1200&v=1740588124&width=1200
https://uk.representclo.com/products/247-dna-seamless-t-shirt-black,247 DNA Seamless T-Shirt - Black,M,False,70.0,,https://scdn.speedsize.com/fbaf6506-81e1-43a2-bcc1-80e18c7b0146/uk.representclo.com/cdn/shop/files/5AXdeIJbBpdsEy6pED8GZnOyn6cNsSMtZZZ5E70yxH0.jpg?crop=center&height=1200&v=1740588124&width=1200
https://uk.representclo.com/products/247-dna-seamless-t-shirt-black,247 DNA Seamless T-Shirt - Black,L,False,70.0,,https://scdn.speedsize.com/fbaf6506-81e1-43a2-bcc1-80e18c7b0146/uk.representclo.com/cdn/shop/files/5AXdeIJbBpdsEy6pED8GZnOyn6cNsSMtZZZ5E70yxH0.jpg?crop=center&height=1200&v=1740588124&width=1200
https://uk.representclo.com/products/247-dna-seamless-t-shirt-black,247 DNA Seamless T-Shirt - Black,XL,False,70.0,,https://scdn.speedsize.com/fbaf6506-81e1-43a2-bcc1-80e18c7b0146/uk.representclo.com/cdn/shop/files/5AXdeIJbBpdsEy6pED8GZnOyn6cNsSMtZZZ5E70yxH0.jpg?crop=center&height=1200&v=1740588124&width=1200
https://uk.representclo.com/products/247-dna-seamless-t-shirt-black,247 DNA Seamless T-Shirt - Black,XXL,False,70.0,,https://scdn.speedsize.com/fbaf6506-81e1-43a2-bcc1-80e18c7b0146/uk.representclo.com/cdn/shop/files/5AXdeIJbBpdsEy6pED8GZnOyn6cNsSMtZZZ5E70yxH0.jpg?crop=center&height=1200&v=1740588124&width=1200
https://uk.representclo.com/products/247-dna-seamless-t-shirt-titanium,247 DNA Seamless T-Shirt - Titanium,XS,True,70.0,,https://scdn.speedsize.com/fbaf6506-81e1-43a2-bcc1-80e18c7b0146/uk.representclo.com/cdn/shop/files/Q0IH1SzGakeRZofoLOC2svL45PeuiCDv7MdrtXyM2gM.jpg?crop=center&height=1200&v=1740588158&width=1200
https://uk.representclo.com/products/247-dna-seamless-t-shirt-titanium,247 DNA Seamless T-Shirt - Titanium,S,True,70.0,,https://scdn.speedsize.com/fbaf6506-81e1-43a2-bcc1-80e18c7b0146/uk.representclo.com/cdn/shop/files/Q0IH1SzGakeRZofoLOC2svL45PeuiCDv7MdrtXyM2gM.jpg?crop=center&height=1200&v=1740588158&width=1200
https://uk.representclo.com/products/247-dna-seamless-t-shirt-titanium,247 DNA Seamless T-Shirt - Titanium,M,False,70.0,,https://scdn.speedsize.com/fbaf6506-81e1-43a2-bcc1-80e18c7b0146/uk.representclo.com/cdn/shop/files/Q0IH1SzGakeRZofoLOC2svL45PeuiCDv7MdrtXyM2gM.jpg?crop=center&height=1200&v=1740588158&width=1200
https://uk.representclo.com/products/247-dna-seamless-t-shirt-titanium,247 DNA Seamless T-Shirt - Titanium,L,True,70.0,,https://scdn.speedsize.com/fbaf6506-81e1-43a2-bcc1-80e18c7b0146/uk.representclo.com/cdn/shop/files/Q0IH1SzGakeRZofoLOC2svL45PeuiCDv7MdrtXyM2gM.jpg?crop=center&height=1200&v=1740588158&width=1200
https://uk.representclo.com/products/247-dna-seamless-t-shirt-titanium,247 DNA Seamless T-Shirt - Titanium,XL,False,70.0,,https://scdn.speedsize.com/fbaf6506-81e1-43a2-bcc1-80e18c7b0146/uk.representclo.com/cdn/shop/files/Q0IH1SzGakeRZofoLOC2svL45PeuiCDv7MdrtXyM2gM.jpg?crop=center&height=1200&v=1740588158&width=1200
https://uk.representclo.com/products/247-dna-seamless-t-shirt-titanium,247 DNA Seamless T-Shirt - Titanium,XXL,False,70.0,,https://scdn.speedsize.com/fbaf6506-81e1-43a2-bcc1-80e18c7b0146/uk.representclo.com/cdn/shop/files/Q0IH1SzGakeRZofoLOC2svL45PeuiCDv7MdrtXyM2gM.jpg?crop=center&height=1200&v=1740588158&width=1200
https://uk.representclo.com/products/247-dna-sweater-fern,247 DNA Sweater 2.0 - Fern,XS,True,115.0,,https://scdn.speedsize.com/fbaf6506-81e1-43a2-bcc1-80e18c7b0146/uk.representclo.com/cdn/shop/files/ZtLpusIYKT_tpeJTTierHTITVsGqknNQgJIwEUWbf6c.jpg?crop=center&height=1200&v=1780651807&width=1200
https://uk.representclo.com/products/247-dna-sweater-fern,247 DNA Sweater 2.0 - Fern,S,True,115.0,,https://scdn.speedsize.com/fbaf6506-81e1-43a2-bcc1-80e18c7b0146/uk.representclo.com/cdn/shop/files/ZtLpusIYKT_tpeJTTierHTITVsGqknNQgJIwEUWbf6c.jpg?crop=center&height=1200&v=1780651807&width=1200
https://uk.representclo.com/products/247-dna-sweater-fern,247 DNA Sweater 2.0 - Fern,M,True,115.0,,https://scdn.speedsize.com/fbaf6506-81e1-43a2-bcc1-80e18c7b0146/uk.representclo.com/cdn/shop/files/ZtLpusIYKT_tpeJTTierHTITVsGqknNQgJIwEUWbf6c.jpg?crop=center&height=1200&v=1780651807&width=1200
https://uk.representclo.com/products/247-dna-sweater-fern,247 DNA Sweater 2.0 - Fern,L,True,115.0,,https://scdn.speedsize.com/fbaf6506-81e1-43a2-bcc1-80e18c7b0146/uk.representclo.com/cdn/shop/files/ZtLpusIYKT_tpeJTTierHTITVsGqknNQgJIwEUWbf6c.jpg?crop=center&height=1200&v=1780651807&width=1200
https://uk.representclo.com/products/247-dna-sweater-fern,247 DNA Sweater 2.0 - Fern,XL,True,115.0,,https://scdn.speedsize.com/fbaf6506-81e1-43a2-bcc1-80e18c7b0146/uk.representclo.com/cdn/shop/files/ZtLpusIYKT_tpeJTTierHTITVsGqknNQgJIwEUWbf6c.jpg?crop=center&height=1200&v=1780651807&width=1200
https://uk.representclo.com/products/247-dna-sweater-fern,247 DNA Sweater 2.0 - Fern,XXL,True,115.0,,https://scdn.speedsize.com/fbaf6506-81e1-43a2-bcc1-80e18c7b0146/uk.representclo.com/cdn/shop/files/ZtLpusIYKT_tpeJTTierHTITVsGqknNQgJIwEUWbf6c.jpg?crop=center&height=1200&v=1780651807&width=1200
https://uk.representclo.com/products/247-dna-sweater-graphene,247 DNA Sweater 2.0- Graphene,XS,True,115.0,,https://scdn.speedsize.com/fbaf6506-81e1-43a2-bcc1-80e18c7b0146/uk.representclo.com/cdn/shop/files/l6aP5O6kgCAYSGni62k8NlAuq9ZT4p8YMhfbXw4UJOo.jpg?crop=center&height=1200&v=1780651807&width=1200
https://uk.representclo.com/products/247-dna-sweater-graphene,247 DNA Sweater 2.0- Graphene,S,True,115.0,,https://scdn.speedsize.com/fbaf6506-81e1-43a2-bcc1-80e18c7b0146/uk.representclo.com/cdn/shop/files/l6aP5O6kgCAYSGni62k8NlAuq9ZT4p8YMhfbXw4UJOo.jpg?crop=center&height=1200&v=1780651807&width=1200
https://uk.representclo.com/products/247-dna-sweater-graphene,247 DNA Sweater 2.0- Graphene,M,True,115.0,,https://scdn.speedsize.com/fbaf6506-81e1-43a2-bcc1-80e18c7b0146/uk.representclo.com/cdn/shop/files/l6aP5O6kgCAYSGni62k8NlAuq9ZT4p8YMhfbXw4UJOo.jpg?crop=center&height=1200&v=1780651807&width=1200
https://uk.representclo.com/products/247-dna-sweater-graphene,247 DNA Sweater 2.0- Graphene,L,True,115.0,,https://scdn.speedsize.com/fbaf6506-81e1-43a2-bcc1-80e18c7b0146/uk.representclo.com/cdn/shop/files/l6aP5O6kgCAYSGni62k8NlAuq9ZT4p8YMhfbXw4UJOo.jpg?crop=center&height=1200&v=1780651807&width=1200
https://uk.representclo.com/products/247-dna-sweater-graphene,247 DNA Sweater 2.0- Graphene,XL,True,115.0,,https://scdn.speedsize.com/fbaf6506-81e1-43a2-bcc1-80e18c7b0146/uk.representclo.com/cdn/shop/files/l6aP5O6kgCAYSGni62k8NlAuq9ZT4p8YMhfbXw4UJOo.jpg?crop=center&height=1200&v=1780651807&width=1200
https://uk.representclo.com/products/247-dna-sweater-graphene,247 DNA Sweater 2.0- Graphene,XXL,True,115.0,,https://scdn.speedsize.com/fbaf6506-81e1-43a2-bcc1-80e18c7b0146/uk.representclo.com/cdn/shop/files/l6aP5O6kgCAYSGni62k8NlAuq9ZT4p8YMhfbXw4UJOo.jpg?crop=center&height=1200&v=1780651807&width=1200
https://uk.representclo.com/products/247-dna-sweater-jet-black,247 DNA Sweater 2.0- Jet Black,XS,True,115.0,,https://scdn.speedsize.com/fbaf6506-81e1-43a2-bcc1-80e18c7b0146/uk.representclo.com/cdn/shop/files/m8b7bBI980IbLO2kedTN0g_3P6Trs0jEpI9g7Bn9aC8.jpg?crop=center&height=1200&v=1780651806&width=1200
https://uk.representclo.com/products/247-dna-sweater-jet-black,247 DNA Sweater 2.0- Jet Black,S,True,115.0,,https://scdn.speedsize.com/fbaf6506-81e1-43a2-bcc1-80e18c7b0146/uk.representclo.com/cdn/shop/files/m8b7bBI980IbLO2kedTN0g_3P6Trs0jEpI9g7Bn9aC8.jpg?crop=center&height=1200&v=1780651806&width=1200
https://uk.representclo.com/products/247-dna-sweater-jet-black,247 DNA Sweater 2.0- Jet Black,M,True,115.0,,https://scdn.speedsize.com/fbaf6506-81e1-43a2-bcc1-80e18c7b0146/uk.representclo.com/cdn/shop/files/m8b7bBI980IbLO2kedTN0g_3P6Trs0jEpI9g7Bn9aC8.jpg?crop=center&height=1200&v=1780651806&width=1200
https://uk.representclo.com/products/247-dna-sweater-jet-black,247 DNA Sweater 2.0- Jet Black,L,True,115.0,,https://scdn.speedsize.com/fbaf6506-81e1-43a2-bcc1-80e18c7b0146/uk.representclo.com/cdn/shop/files/m8b7bBI980IbLO2kedTN0g_3P6Trs0jEpI9g7Bn9aC8.jpg?crop=center&height=1200&v=1780651806&width=1200
https://uk.representclo.com/products/247-dna-sweater-jet-black,247 DNA Sweater 2.0- Jet Black,XL,True,115.0,,https://scdn.speedsize.com/fbaf6506-81e1-43a2-bcc1-80e18c7b0146/uk.representclo.com/cdn/shop/files/m8b7bBI980IbLO2kedTN0g_3P6Trs0jEpI9g7Bn9aC8.jpg?crop=center&height=1200&v=1780651806&width=1200
https://uk.representclo.com/products/247-dna-sweater-jet-black,247 DNA Sweater 2.0- Jet Black,XXL,True,115.0,,https://scdn.speedsize.com/fbaf6506-81e1-43a2-bcc1-80e18c7b0146/uk.representclo.com/cdn/shop/files/m8b7bBI980IbLO2kedTN0g_3P6Trs0jEpI9g7Bn9aC8.jpg?crop=center&height=1200&v=1780651806&width=1200
https://uk.representclo.com/products/247-dna-tank-graphene,247 DNA Tank - Graphene,XS,True,55.0,,https://scdn.speedsize.com/fbaf6506-81e1-43a2-bcc1-80e18c7b0146/uk.representclo.com/cdn/shop/files/tLMl22WFD4BhFzWDlzXfMvSxchTZwBmbNJzwlW0FFmY.jpg?crop=center&height=1200&v=1780651706&width=1200
https://uk.representclo.com/products/247-dna-tank-graphene,247 DNA Tank - Graphene,S,True,55.0,,https://scdn.speedsize.com/fbaf6506-81e1-43a2-bcc1-80e18c7b0146/uk.representclo.com/cdn/shop/files/tLMl22WFD4BhFzWDlzXfMvSxchTZwBmbNJzwlW0FFmY.jpg?crop=center&height=1200&v=1780651706&width=1200
https://uk.representclo.com/products/247-dna-tank-graphene,247 DNA Tank - Graphene,M,True,55.0,,https://scdn.speedsize.com/fbaf6506-81e1-43a2-bcc1-80e18c7b0146/uk.representclo.com/cdn/shop/files/tLMl22WFD4BhFzWDlzXfMvSxchTZwBmbNJzwlW0FFmY.jpg?crop=center&height=1200&v=1780651706&width=1200
https://uk.representclo.com/products/247-dna-tank-graphene,247 DNA Tank - Graphene,L,True,55.0,,https://scdn.speedsize.com/fbaf6506-81e1-43a2-bcc1-80e18c7b0146/uk.representclo.com/cdn/shop/files/tLMl22WFD4BhFzWDlzXfMvSxchTZwBmbNJzwlW0FFmY.jpg?crop=center&height=1200&v=1780651706&width=1200
https://uk.representclo.com/products/247-dna-tank-graphene,247 DNA Tank - Graphene,XL,False,55.0,,https://scdn.speedsize.com/fbaf6506-81e1-43a2-bcc1-80e18c7b0146/uk.representclo.com/cdn/shop/files/tLMl22WFD4BhFzWDlzXfMvSxchTZwBmbNJzwlW0FFmY.jpg?crop=center&height=1200&v=1780651706&width=1200
https://uk.representclo.com/products/247-dna-tank-graphene,247 DNA Tank - Graphene,XXL,True,55.0,,https://scdn.speedsize.com/fbaf6506-81e1-43a2-bcc1-80e18c7b0146/uk.representclo.com/cdn/shop/files/tLMl22WFD4BhFzWDlzXfMvSxchTZwBmbNJzwlW0FFmY.jpg?crop=center&height=1200&v=1780651706&width=1200
https://uk.representclo.com/products/247-dna-towel-jet-black,247 DNA Towel - Jet Black,One Size,True,70.0,,https://scdn.speedsize.com/fbaf6506-81e1-43a2-bcc1-80e18c7b0146/uk.representclo.com/cdn/shop/files/iuZHioiq8XuSt_eFeVUQE384JfjQ8357CdROR6IHKwU.jpg?crop=center&height=1200&v=1771426549&width=1200
https://uk.representclo.com/products/247-dna-track-jacket-dusky-navy,247 DNA Track Jacket - Dusky Navy,XXS,False,140.0,,https://scdn.speedsize.com/fbaf6506-81e1-43a2-bcc1-80e18c7b0146/uk.representclo.com/cdn/shop/files/WzsssKkUC3yuc6ZE5EsYXo2BwcjfPyhKcf5ck5MNqQ8.jpg?crop=center&height=1200&v=1765813670&width=1200
https://uk.representclo.com/products/247-dna-track-jacket-dusky-navy,247 DNA Track Jacket - Dusky Navy,XS,True,140.0,,https://scdn.speedsize.com/fbaf6506-81e1-43a2-bcc1-80e18c7b0146/uk.representclo.com/cdn/shop/files/WzsssKkUC3yuc6ZE5EsYXo2BwcjfPyhKcf5ck5MNqQ8.jpg?crop=center&height=1200&v=1765813670&width=1200
https://uk.representclo.com/products/247-dna-track-jacket-dusky-navy,247 DNA Track Jacket - Dusky Navy,S,True,140.0,,https://scdn.speedsize.com/fbaf6506-81e1-43a2-bcc1-80e18c7b0146/uk.representclo.com/cdn/shop/files/WzsssKkUC3yuc6ZE5EsYXo2BwcjfPyhKcf5ck5MNqQ8.jpg?crop=center&height=1200&v=1765813670&width=1200
https://uk.representclo.com/products/247-dna-track-jacket-dusky-navy,247 DNA Track Jacket - Dusky Navy,M,True,140.0,,https://scdn.speedsize.com/fbaf6506-81e1-43a2-bcc1-80e18c7b0146/uk.representclo.com/cdn/shop/files/WzsssKkUC3yuc6ZE5EsYXo2BwcjfPyhKcf5ck5MNqQ8.jpg?crop=center&height=1200&v=1765813670&width=1200
https://uk.representclo.com/products/247-dna-track-jacket-dusky-navy,247 DNA Track Jacket - Dusky Navy,L,True,140.0,,https://scdn.speedsize.com/fbaf6506-81e1-43a2-bcc1-80e18c7b0146/uk.representclo.com/cdn/shop/files/WzsssKkUC3yuc6ZE5EsYXo2BwcjfPyhKcf5ck5MNqQ8.jpg?crop=center&height=1200&v=1765813670&width=1200
https://uk.representclo.com/products/247-dna-track-jacket-dusky-navy,247 DNA Track Jacket - Dusky Navy,XL,True,140.0,,https://scdn.speedsize.com/fbaf6506-81e1-43a2-bcc1-80e18c7b0146/uk.representclo.com/cdn/shop/files/WzsssKkUC3yuc6ZE5EsYXo2BwcjfPyhKcf5ck5MNqQ8.jpg?crop=center&height=1200&v=1765813670&width=1200
https://uk.representclo.com/products/247-dna-track-jacket-dusky-navy,247 DNA Track Jacket - Dusky Navy,XXL,True,140.0,,https://scdn.speedsize.com/fbaf6506-81e1-43a2-bcc1-80e18c7b0146/uk.representclo.com/cdn/shop/files/WzsssKkUC3yuc6ZE5EsYXo2BwcjfPyhKcf5ck5MNqQ8.jpg?crop=center&height=1200&v=1765813670&width=1200
https://uk.representclo.com/products/247-dna-track-jacket-graphene,247 DNA Track Jacket - Graphene,XS,True,160.0,,https://scdn.speedsize.com/fbaf6506-81e1-43a2-bcc1-80e18c7b0146/uk.representclo.com/cdn/shop/files/3fnSTnRYDB3GIz-jkImYRmD5LEoacBp996tRAeZ5Wtw.jpg?crop=center&height=1200&v=1780651673&width=1200
https://uk.representclo.com/products/247-dna-track-jacket-graphene,247 DNA Track Jacket - Graphene,S,True,160.0,,https://scdn.speedsize.com/fbaf6506-81e1-43a2-bcc1-80e18c7b0146/uk.representclo.com/cdn/shop/files/3fnSTnRYDB3GIz-jkImYRmD5LEoacBp996tRAeZ5Wtw.jpg?crop=center&height=1200&v=1780651673&width=1200
https://uk.representclo.com/products/247-dna-track-jacket-graphene,247 DNA Track Jacket - Graphene,M,True,160.0,,https://scdn.speedsize.com/fbaf6506-81e1-43a2-bcc1-80e18c7b0146/uk.representclo.com/cdn/shop/files/3fnSTnRYDB3GIz-jkImYRmD5LEoacBp996tRAeZ5Wtw.jpg?crop=center&height=1200&v=1780651673&width=1200
https://uk.representclo.com/products/247-dna-track-jacket-graphene,247 DNA Track Jacket - Graphene,L,True,160.0,,https://scdn.speedsize.com/fbaf6506-81e1-43a2-bcc1-80e18c7b0146/uk.representclo.com/cdn/shop/files/3fnSTnRYDB3GIz-jkImYRmD5LEoacBp996tRAeZ5Wtw.jpg?crop=center&height=1200&v=1780651673&width=1200
https://uk.representclo.com/products/247-dna-track-jacket-graphene,247 DNA Track Jacket - Graphene,XL,True,160.0,,https://scdn.speedsize.com/fbaf6506-81e1-43a2-bcc1-80e18c7b0146/uk.representclo.com/cdn/shop/files/3fnSTnRYDB3GIz-jkImYRmD5LEoacBp996tRAeZ5Wtw.jpg?crop=center&height=1200&v=1780651673&width=1200
https://uk.representclo.com/products/247-dna-track-jacket-graphene,247 DNA Track Jacket - Graphene,XXL,False,160.0,,https://scdn.speedsize.com/fbaf6506-81e1-43a2-bcc1-80e18c7b0146/uk.representclo.com/cdn/shop/files/3fnSTnRYDB3GIz-jkImYRmD5LEoacBp996tRAeZ5Wtw.jpg?crop=center&height=1200&v=1780651673&width=1200
https://uk.representclo.com/products/247-dna-track-jacket-jet-black,247 DNA Track Jacket - Jet Black,XXS,False,140.0,,https://scdn.speedsize.com/fbaf6506-81e1-43a2-bcc1-80e18c7b0146/uk.representclo.com/cdn/shop/files/GY4ak9nrlrW3UAzmQ4ygFSF5-EdI1pCOsW-RxRtV778.jpg?crop=center&height=1200&v=1765813700&width=1200
https://uk.representclo.com/products/247-dna-track-jacket-jet-black,247 DNA Track Jacket - Jet Black,XS,True,140.0,,https://scdn.speedsize.com/fbaf6506-81e1-43a2-bcc1-80e18c7b0146/uk.representclo.com/cdn/shop/files/GY4ak9nrlrW3UAzmQ4ygFSF5-EdI1pCOsW-RxRtV778.jpg?crop=center&height=1200&v=1765813700&width=1200
https://uk.representclo.com/products/247-dna-track-jacket-jet-black,247 DNA Track Jacket - Jet Black,S,True,140.0,,https://scdn.speedsize.com/fbaf6506-81e1-43a2-bcc1-80e18c7b0146/uk.representclo.com/cdn/shop/files/GY4ak9nrlrW3UAzmQ4ygFSF5-EdI1pCOsW-RxRtV778.jpg?crop=center&height=1200&v=1765813700&width=1200
https://uk.representclo.com/products/247-dna-track-jacket-jet-black,247 DNA Track Jacket - Jet Black,M,True,140.0,,https://scdn.speedsize.com/fbaf6506-81e1-43a2-bcc1-80e18c7b0146/uk.representclo.com/cdn/shop/files/GY4ak9nrlrW3UAzmQ4ygFSF5-EdI1pCOsW-RxRtV778.jpg?crop=center&height=1200&v=1765813700&width=1200
https://uk.representclo.com/products/247-dna-track-jacket-jet-black,247 DNA Track Jacket - Jet Black,L,True,140.0,,https://scdn.speedsize.com/fbaf6506-81e1-43a2-bcc1-80e18c7b0146/uk.representclo.com/cdn/shop/files/GY4ak9nrlrW3UAzmQ4ygFSF5-EdI1pCOsW-RxRtV778.jpg?crop=center&height=1200&v=1765813700&width=1200
https://uk.representclo.com/products/247-dna-track-jacket-jet-black,247 DNA Track Jacket - Jet Black,XL,True,140.0,,https://scdn.speedsize.com/fbaf6506-81e1-43a2-bcc1-80e18c7b0146/uk.representclo.com/cdn/shop/files/GY4ak9nrlrW3UAzmQ4ygFSF5-EdI1pCOsW-RxRtV778.jpg?crop=center&height=1200&v=1765813700&width=1200
https://uk.representclo.com/products/247-dna-track-jacket-jet-black,247 DNA Track Jacket - Jet Black,XXL,True,140.0,,https://scdn.speedsize.com/fbaf6506-81e1-43a2-bcc1-80e18c7b0146/uk.representclo.com/cdn/shop/files/GY4ak9nrlrW3UAzmQ4ygFSF5-EdI1pCOsW-RxRtV778.jpg?crop=center&height=1200&v=1765813700&width=1200
https://uk.representclo.com/products/247-duffle-gym-bag-jet-black,247 Duffle Gym Bag - Jet Black,One Size,True,200.0,,https://scdn.speedsize.com/fbaf6506-81e1-43a2-bcc1-80e18c7b0146/uk.representclo.com/cdn/shop/files/0003_Layer1_9bdd0944-d031-444a-a2c6-300f351db2a5.jpg?crop=center&height=1200&v=1775661596&width=1200
https://uk.representclo.com/products/247-duffle-gym-bag-silver,247 Duffle Gym Bag - Silver,One Size,False,200.0,,https://scdn.speedsize.com/fbaf6506-81e1-43a2-bcc1-80e18c7b0146/uk.representclo.com/cdn/shop/files/VeLUbLaSsr4heNre7uZnGm_HCWr4TuZjqZEvsAgE16Q.jpg?crop=center&height=1200&v=1771426600&width=1200
https://uk.representclo.com/products/247-fallen-angel-graphic-hoodie-vintage-black,247 Fallen Angel Graphic Hoodie - Vintage Black,XS,True,140.0,,https://scdn.speedsize.com/fbaf6506-81e1-43a2-bcc1-80e18c7b0146/uk.representclo.com/cdn/shop/files/JJODf8nzKKD-bs35XbXQDlt3ly0z7euVxNChtzVIEGk.jpg?crop=center&height=1200&v=1785506369&width=1200
https://uk.representclo.com/products/247-fallen-angel-graphic-hoodie-vintage-black,247 Fallen Angel Graphic Hoodie - Vintage Black,S,True,140.0,,https://scdn.speedsize.com/fbaf6506-81e1-43a2-bcc1-80e18c7b0146/uk.representclo.com/cdn/shop/files/JJODf8nzKKD-bs35XbXQDlt3ly0z7euVxNChtzVIEGk.jpg?crop=center&height=1200&v=1785506369&width=1200
https://uk.representclo.com/products/247-fallen-angel-graphic-hoodie-vintage-black,247 Fallen Angel Graphic Hoodie - Vintage Black,M,True,140.0,,https://scdn.speedsize.com/fbaf6506-81e1-43a2-bcc1-80e18c7b0146/uk.representclo.com/cdn/shop/files/JJODf8nzKKD-bs35XbXQDlt3ly0z7euVxNChtzVIEGk.jpg?crop=center&height=1200&v=1785506369&width=1200
https://uk.representclo.com/products/247-fallen-angel-graphic-hoodie-vintage-black,247 Fallen Angel Graphic Hoodie - Vintage Black,L,True,140.0,,https://scdn.speedsize.com/fbaf6506-81e1-43a2-bcc1-80e18c7b0146/uk.representclo.com/cdn/shop/files/JJODf8nzKKD-bs35XbXQDlt3ly0z7euVxNChtzVIEGk.jpg?crop=center&height=1200&v=1785506369&width=1200
https://uk.representclo.com/products/247-fallen-angel-graphic-hoodie-vintage-black,247 Fallen Angel Graphic Hoodie - Vintage Black,XL,True,140.0,,https://scdn.speedsize.com/fbaf6506-81e1-43a2-bcc1-80e18c7b0146/uk.representclo.com/cdn/shop/files/JJODf8nzKKD-bs35XbXQDlt3ly0z7euVxNChtzVIEGk.jpg?crop=center&height=1200&v=1785506369&width=1200
https://uk.representclo.com/products/247-fallen-angel-graphic-hoodie-vintage-black,247 Fallen Angel Graphic Hoodie - Vintage Black,XXL,False,140.0,,https://scdn.speedsize.com/fbaf6506-81e1-43a2-bcc1-80e18c7b0146/uk.representclo.com/cdn/shop/files/JJODf8nzKKD-bs35XbXQDlt3ly0z7euVxNChtzVIEGk.jpg?crop=center&height=1200&v=1785506369&width=1200
https://uk.representclo.com/products/247-fallen-angel-graphic-t-shirt-fern,247 Fallen Angel Graphic T-Shirt - Fern,XS,False,85.0,,https://scdn.speedsize.com/fbaf6506-81e1-43a2-bcc1-80e18c7b0146/uk.representclo.com/cdn/shop/files/WEBRES_0000_247SEASONALMENSDROP1PACKSHOTS_36.jpg?crop=center&height=1200&v=1786349768&width=1200
https://uk.representclo.com/products/247-fallen-angel-graphic-t-shirt-fern,247 Fallen Angel Graphic T-Shirt - Fern,S,False,85.0,,https://scdn.speedsize.com/fbaf6506-81e1-43a2-bcc1-80e18c7b0146/uk.representclo.com/cdn/shop/files/WEBRES_0000_247SEASONALMENSDROP1PACKSHOTS_36.jpg?crop=center&height=1200&v=1786349768&width=1200
https://uk.representclo.com/products/247-fallen-angel-graphic-t-shirt-fern,247 Fallen Angel Graphic T-Shirt - Fern,M,False,85.0,,https://scdn.speedsize.com/fbaf6506-81e1-43a2-bcc1-80e18c7b0146/uk.representclo.com/cdn/shop/files/WEBRES_0000_247SEASONALMENSDROP1PACKSHOTS_36.jpg?crop=center&height=1200&v=1786349768&width=1200
https://uk.representclo.com/products/247-fallen-angel-graphic-t-shirt-fern,247 Fallen Angel Graphic T-Shirt - Fern,L,False,85.0,,https://scdn.speedsize.com/fbaf6506-81e1-43a2-bcc1-80e18c7b0146/uk.representclo.com/cdn/shop/files/WEBRES_0000_247SEASONALMENSDROP1PACKSHOTS_36.jpg?crop=center&height=1200&v=1786349768&width=1200
https://uk.representclo.com/products/247-fallen-angel-graphic-t-shirt-fern,247 Fallen Angel Graphic T-Shirt - Fern,XL,False,85.0,,https://scdn.speedsize.com/fbaf6506-81e1-43a2-bcc1-80e18c7b0146/uk.representclo.com/cdn/shop/files/WEBRES_0000_247SEASONALMENSDROP1PACKSHOTS_36.jpg?crop=center&height=1200&v=1786349768&width=1200
https://uk.representclo.com/products/247-fallen-angel-graphic-t-shirt-fern,247 Fallen Angel Graphic T-Shirt - Fern,XXL,True,85.0,,https://scdn.speedsize.com/fbaf6506-81e1-43a2-bcc1-80e18c7b0146/uk.representclo.com/cdn/shop/files/WEBRES_0000_247SEASONALMENSDROP1PACKSHOTS_36.jpg?crop=center&height=1200&v=1786349768&width=1200
https://uk.representclo.com/products/247-fallen-angel-graphic-t-shirt-vintage-black,247 Fallen Angel Graphic T-Shirt - Vintage Black,XS,False,85.0,,https://scdn.speedsize.com/fbaf6506-81e1-43a2-bcc1-80e18c7b0146/uk.representclo.com/cdn/shop/files/2E5MJCCvvjfYQELfb5d5Wz8Xn4KYp6sW0m0WXu6Kk6I.jpg?crop=center&height=1200&v=1785506401&width=1200
https://uk.representclo.com/products/247-fallen-angel-graphic-t-shirt-vintage-black,247 Fallen Angel Graphic T-Shirt - Vintage Black,S,False,85.0,,https://scdn.speedsize.com/fbaf6506-81e1-43a2-bcc1-80e18c7b0146/uk.representclo.com/cdn/shop/files/2E5MJCCvvjfYQELfb5d5Wz8Xn4KYp6sW0m0WXu6Kk6I.jpg?crop=center&height=1200&v=1785506401&width=1200
https://uk.representclo.com/products/247-fallen-angel-graphic-t-shirt-vintage-black,247 Fallen Angel Graphic T-Shirt - Vintage Black,M,False,85.0,,https://scdn.speedsize.com/fbaf6506-81e1-43a2-bcc1-80e18c7b0146/uk.representclo.com/cdn/shop/files/2E5MJCCvvjfYQELfb5d5Wz8Xn4KYp6sW0m0WXu6Kk6I.jpg?crop=center&height=1200&v=1785506401&width=1200
https://uk.representclo.com/products/247-fallen-angel-graphic-t-shirt-vintage-black,247 Fallen Angel Graphic T-Shirt - Vintage Black,L,False,85.0,,https://scdn.speedsize.com/fbaf6506-81e1-43a2-bcc1-80e18c7b0146/uk.representclo.com/cdn/shop/files/2E5MJCCvvjfYQELfb5d5Wz8Xn4KYp6sW0m0WXu6Kk6I.jpg?crop=center&height=1200&v=1785506401&width=1200
https://uk.representclo.com/products/247-fallen-angel-graphic-t-shirt-vintage-black,247 Fallen Angel Graphic T-Shirt - Vintage Black,XL,False,85.0,,https://scdn.speedsize.com/fbaf6506-81e1-43a2-bcc1-80e18c7b0146/uk.representclo.com/cdn/shop/files/2E5MJCCvvjfYQELfb5d5Wz8Xn4KYp6sW0m0WXu6Kk6I.jpg?crop=center&height=1200&v=1785506401&width=1200
https://uk.representclo.com/products/247-fallen-angel-graphic-t-shirt-vintage-black,247 Fallen Angel Graphic T-Shirt - Vintage Black,XXL,False,85.0,,https://scdn.speedsize.com/fbaf6506-81e1-43a2-bcc1-80e18c7b0146/uk.representclo.com/cdn/shop/files/2E5MJCCvvjfYQELfb5d5Wz8Xn4KYp6sW0m0WXu6Kk6I.jpg?crop=center&height=1200&v=1785506401&width=1200
https://uk.representclo.com/products/247-fallen-angel-tank-fern,247 Fallen Angel Tank - Fern,XS,False,80.0,,https://scdn.speedsize.com/fbaf6506-81e1-43a2-bcc1-80e18c7b0146/uk.representclo.com/cdn/shop/files/WEBRES_0020_247SEASONALMENSDROP1PACKSHOTS_16.jpg?crop=center&height=1200&v=1786349788&width=1200
https://uk.representclo.com/products/247-fallen-angel-tank-fern,247 Fallen Angel Tank - Fern,S,False,80.0,,https://scdn.speedsize.com/fbaf6506-81e1-43a2-bcc1-80e18c7b0146/uk.representclo.com/cdn/shop/files/WEBRES_0020_247SEASONALMENSDROP1PACKSHOTS_16.jpg?crop=center&height=1200&v=1786349788&width=1200
https://uk.representclo.com/products/247-fallen-angel-tank-fern,247 Fallen Angel Tank - Fern,M,False,80.0,,https://scdn.speedsize.com/fbaf6506-81e1-43a2-bcc1-80e18c7b0146/uk.representclo.com/cdn/shop/files/WEBRES_0020_247SEASONALMENSDROP1PACKSHOTS_16.jpg?crop=center&height=1200&v=1786349788&width=1200
https://uk.representclo.com/products/247-fallen-angel-tank-fern,247 Fallen Angel Tank - Fern,L,False,80.0,,https://scdn.speedsize.com/fbaf6506-81e1-43a2-bcc1-80e18c7b0146/uk.representclo.com/cdn/shop/files/WEBRES_0020_247SEASONALMENSDROP1PACKSHOTS_16.jpg?crop=center&height=1200&v=1786349788&width=1200
https://uk.representclo.com/products/247-fallen-angel-tank-fern,247 Fallen Angel Tank - Fern,XL,False,80.0,,https://scdn.speedsize.com/fbaf6506-81e1-43a2-bcc1-80e18c7b0146/uk.representclo.com/cdn/shop/files/WEBRES_0020_247SEASONALMENSDROP1PACKSHOTS_16.jpg?crop=center&height=1200&v=1786349788&width=1200
https://uk.representclo.com/products/247-fallen-angel-tank-fern,247 Fallen Angel Tank - Fern,XXL,False,80.0,,https://scdn.speedsize.com/fbaf6506-81e1-43a2-bcc1-80e18c7b0146/uk.representclo.com/cdn/shop/files/WEBRES_0020_247SEASONALMENSDROP1PACKSHOTS_16.jpg?crop=center&height=1200&v=1786349788&width=1200
https://uk.representclo.com/products/247-fallen-angel-tank-vintage-black,247 Fallen Angel Tank - Vintage Black,XS,False,80.0,,https://scdn.speedsize.com/fbaf6506-81e1-43a2-bcc1-80e18c7b0146/uk.representclo.com/cdn/shop/files/iKCRNjz3e-HthLADAXMROBgc22lwWmQoDyo5tiWMOUg.jpg?crop=center&height=1200&v=1785506448&width=1200
https://uk.representclo.com/products/247-fallen-angel-tank-vintage-black,247 Fallen Angel Tank - Vintage Black,S,False,80.0,,https://scdn.speedsize.com/fbaf6506-81e1-43a2-bcc1-80e18c7b0146/uk.representclo.com/cdn/shop/files/iKCRNjz3e-HthLADAXMROBgc22lwWmQoDyo5tiWMOUg.jpg?crop=center&height=1200&v=1785506448&width=1200
https://uk.representclo.com/products/247-fallen-angel-tank-vintage-black,247 Fallen Angel Tank - Vintage Black,M,False,80.0,,https://scdn.speedsize.com/fbaf6506-81e1-43a2-bcc1-80e18c7b0146/uk.representclo.com/cdn/shop/files/iKCRNjz3e-HthLADAXMROBgc22lwWmQoDyo5tiWMOUg.jpg?crop=center&height=1200&v=1785506448&width=1200
https://uk.representclo.com/products/247-fallen-angel-tank-vintage-black,247 Fallen Angel Tank - Vintage Black,L,False,80.0,,https://scdn.speedsize.com/fbaf6506-81e1-43a2-bcc1-80e18c7b0146/uk.representclo.com/cdn/shop/files/iKCRNjz3e-HthLADAXMROBgc22lwWmQoDyo5tiWMOUg.jpg?crop=center&height=1200&v=1785506448&width=1200
https://uk.representclo.com/products/247-fallen-angel-tank-vintage-black,247 Fallen Angel Tank - Vintage Black,XL,False,80.0,,https://scdn.speedsize.com/fbaf6506-81e1-43a2-bcc1-80e18c7b0146/uk.representclo.com/cdn/shop/files/iKCRNjz3e-HthLADAXMROBgc22lwWmQoDyo5tiWMOUg.jpg?crop=center&height=1200&v=1785506448&width=1200
https://uk.representclo.com/products/247-fallen-angel-tank-vintage-black,247 Fallen Angel Tank - Vintage Black,XXL,False,80.0,,https://scdn.speedsize.com/fbaf6506-81e1-43a2-bcc1-80e18c7b0146/uk.representclo.com/cdn/shop/files/iKCRNjz3e-HthLADAXMROBgc22lwWmQoDyo5tiWMOUg.jpg?crop=center&height=1200&v=1785506448&width=1200
https://uk.representclo.com/products/247-foil-jacket-silver,247 Foil Jacket - Silver,XXS,False,160.0,,https://scdn.speedsize.com/fbaf6506-81e1-43a2-bcc1-80e18c7b0146/uk.representclo.com/cdn/shop/files/r6dpgOTFkQiTl9SgI0wKIPoQTFP-YEpe2hc6cvMa1rk.jpg?crop=center&height=1200&v=1771426635&width=1200
https://uk.representclo.com/products/247-foil-jacket-silver,247 Foil Jacket - Silver,XS,False,160.0,,https://scdn.speedsize.com/fbaf6506-81e1-43a2-bcc1-80e18c7b0146/uk.representclo.com/cdn/shop/files/r6dpgOTFkQiTl9SgI0wKIPoQTFP-YEpe2hc6cvMa1rk.jpg?crop=center&height=1200&v=1771426635&width=1200
https://uk.representclo.com/products/247-foil-jacket-silver,247 Foil Jacket - Silver,S,False,160.0,,https://scdn.speedsize.com/fbaf6506-81e1-43a2-bcc1-80e18c7b0146/uk.representclo.com/cdn/shop/files/r6dpgOTFkQiTl9SgI0wKIPoQTFP-YEpe2hc6cvMa1rk.jpg?crop=center&height=1200&v=1771426635&width=1200
https://uk.representclo.com/products/247-foil-jacket-silver,247 Foil Jacket - Silver,M,False,160.0,,https://scdn.speedsize.com/fbaf6506-81e1-43a2-bcc1-80e18c7b0146/uk.representclo.com/cdn/shop/files/r6dpgOTFkQiTl9SgI0wKIPoQTFP-YEpe2hc6cvMa1rk.jpg?crop=center&height=1200&v=1771426635&width=1200
https://uk.representclo.com/products/247-foil-jacket-silver,247 Foil Jacket - Silver,L,False,160.0,,https://scdn.speedsize.com/fbaf6506-81e1-43a2-bcc1-80e18c7b0146/uk.representclo.com/cdn/shop/files/r6dpgOTFkQiTl9SgI0wKIPoQTFP-YEpe2hc6cvMa1rk.jpg?crop=center&height=1200&v=1771426635&width=1200
https://uk.representclo.com/products/247-foil-jacket-silver,247 Foil Jacket - Silver,XL,False,160.0,,https://scdn.speedsize.com/fbaf6506-81e1-43a2-bcc1-80e18c7b0146/uk.representclo.com/cdn/shop/files/r6dpgOTFkQiTl9SgI0wKIPoQTFP-YEpe2hc6cvMa1rk.jpg?crop=center&height=1200&v=1771426635&width=1200
https://uk.representclo.com/products/247-foil-jacket-silver,247 Foil Jacket - Silver,XXL,False,160.0,,https://scdn.speedsize.com/fbaf6506-81e1-43a2-bcc1-80e18c7b0146/uk.representclo.com/cdn/shop/files/r6dpgOTFkQiTl9SgI0wKIPoQTFP-YEpe2hc6cvMa1rk.jpg?crop=center&height=1200&v=1771426635&width=1200
https://uk.representclo.com/products/247-form-sweatpant-graphene,247 Form Sweatpant - Graphene,XXS,False,135.0,,https://scdn.speedsize.com/fbaf6506-81e1-43a2-bcc1-80e18c7b0146/uk.representclo.com/cdn/shop/files/F56qJuxU51COi3R4hhiBDgidWRjIF4BI5prLuyIzrf0.jpg?crop=center&height=1200&v=1785506652&width=1200
https://uk.representclo.com/products/247-form-sweatpant-graphene,247 Form Sweatpant - Graphene,XS,True,135.0,,https://scdn.speedsize.com/fbaf6506-81e1-43a2-bcc1-80e18c7b0146/uk.representclo.com/cdn/shop/files/F56qJuxU51COi3R4hhiBDgidWRjIF4BI5prLuyIzrf0.jpg?crop=center&height=1200&v=1785506652&width=1200
https://uk.representclo.com/products/247-form-sweatpant-graphene,247 Form Sweatpant - Graphene,S,True,135.0,,https://scdn.speedsize.com/fbaf6506-81e1-43a2-bcc1-80e18c7b0146/uk.representclo.com/cdn/shop/files/F56qJuxU51COi3R4hhiBDgidWRjIF4BI5prLuyIzrf0.jpg?crop=center&height=1200&v=1785506652&width=1200
https://uk.representclo.com/products/247-form-sweatpant-graphene,247 Form Sweatpant - Graphene,M,True,135.0,,https://scdn.speedsize.com/fbaf6506-81e1-43a2-bcc1-80e18c7b0146/uk.representclo.com/cdn/shop/files/F56qJuxU51COi3R4hhiBDgidWRjIF4BI5prLuyIzrf0.jpg?crop=center&height=1200&v=1785506652&width=1200
https://uk.representclo.com/products/247-form-sweatpant-graphene,247 Form Sweatpant - Graphene,L,True,135.0,,https://scdn.speedsize.com/fbaf6506-81e1-43a2-bcc1-80e18c7b0146/uk.representclo.com/cdn/shop/files/F56qJuxU51COi3R4hhiBDgidWRjIF4BI5prLuyIzrf0.jpg?crop=center&height=1200&v=1785506652&width=1200
https://uk.representclo.com/products/247-form-sweatpant-graphene,247 Form Sweatpant - Graphene,XL,True,135.0,,https://scdn.speedsize.com/fbaf6506-81e1-43a2-bcc1-80e18c7b0146/uk.representclo.com/cdn/shop/files/F56qJuxU51COi3R4hhiBDgidWRjIF4BI5prLuyIzrf0.jpg?crop=center&height=1200&v=1785506652&width=1200
https://uk.representclo.com/products/247-form-sweatpant-graphene,247 Form Sweatpant - Graphene,XXL,True,135.0,,https://scdn.speedsize.com/fbaf6506-81e1-43a2-bcc1-80e18c7b0146/uk.representclo.com/cdn/shop/files/F56qJuxU51COi3R4hhiBDgidWRjIF4BI5prLuyIzrf0.jpg?crop=center&height=1200&v=1785506652&width=1200
https://uk.representclo.com/products/247-form-sweatpant-grey-marl,247 Form Sweatpant - Grey Marl,XXS,False,135.0,,https://scdn.speedsize.com/fbaf6506-81e1-43a2-bcc1-80e18c7b0146/uk.representclo.com/cdn/shop/files/gNfl6DO_kz-FsAxL5xUz6JPu8SNyUc_YSdUBJbzd0Ig.jpg?crop=center&height=1200&v=1773249021&width=1200
https://uk.representclo.com/products/247-form-sweatpant-grey-marl,247 Form Sweatpant - Grey Marl,XS,True,135.0,,https://scdn.speedsize.com/fbaf6506-81e1-43a2-bcc1-80e18c7b0146/uk.representclo.com/cdn/shop/files/gNfl6DO_kz-FsAxL5xUz6JPu8SNyUc_YSdUBJbzd0Ig.jpg?crop=center&height=1200&v=1773249021&width=1200
https://uk.representclo.com/products/247-form-sweatpant-grey-marl,247 Form Sweatpant - Grey Marl,S,True,135.0,,https://scdn.speedsize.com/fbaf6506-81e1-43a2-bcc1-80e18c7b0146/uk.representclo.com/cdn/shop/files/gNfl6DO_kz-FsAxL5xUz6JPu8SNyUc_YSdUBJbzd0Ig.jpg?crop=center&height=1200&v=1773249021&width=1200
https://uk.representclo.com/products/247-form-sweatpant-grey-marl,247 Form Sweatpant - Grey Marl,M,True,135.0,,https://scdn.speedsize.com/fbaf6506-81e1-43a2-bcc1-80e18c7b0146/uk.representclo.com/cdn/shop/files/gNfl6DO_kz-FsAxL5xUz6JPu8SNyUc_YSdUBJbzd0Ig.jpg?crop=center&height=1200&v=1773249021&width=1200
https://uk.representclo.com/products/247-form-sweatpant-grey-marl,247 Form Sweatpant - Grey Marl,L,True,135.0,,https://scdn.speedsize.com/fbaf6506-81e1-43a2-bcc1-80e18c7b0146/uk.representclo.com/cdn/shop/files/gNfl6DO_kz-FsAxL5xUz6JPu8SNyUc_YSdUBJbzd0Ig.jpg?crop=center&height=1200&v=1773249021&width=1200
https://uk.representclo.com/products/247-form-sweatpant-grey-marl,247 Form Sweatpant - Grey Marl,XL,True,135.0,,https://scdn.speedsize.com/fbaf6506-81e1-43a2-bcc1-80e18c7b0146/uk.representclo.com/cdn/shop/files/gNfl6DO_kz-FsAxL5xUz6JPu8SNyUc_YSdUBJbzd0Ig.jpg?crop=center&height=1200&v=1773249021&width=1200
https://uk.representclo.com/products/247-form-sweatpant-grey-marl,247 Form Sweatpant - Grey Marl,XXL,True,135.0,,https://scdn.speedsize.com/fbaf6506-81e1-43a2-bcc1-80e18c7b0146/uk.representclo.com/cdn/shop/files/gNfl6DO_kz-FsAxL5xUz6JPu8SNyUc_YSdUBJbzd0Ig.jpg?crop=center&height=1200&v=1773249021&width=1200
https://uk.representclo.com/products/247-form-sweatpant-jet-black,247 Form Sweatpant - Jet Black,XXS,False,135.0,,https://scdn.speedsize.com/fbaf6506-81e1-43a2-bcc1-80e18c7b0146/uk.representclo.com/cdn/shop/files/7pgTQ2de0J_aEHinC8C5CiyMtQSaKLHMDeYXR6xFQjA.jpg?crop=center&height=1200&v=1773249066&width=1200
https://uk.representclo.com/products/247-form-sweatpant-jet-black,247 Form Sweatpant - Jet Black,XS,True,135.0,,https://scdn.speedsize.com/fbaf6506-81e1-43a2-bcc1-80e18c7b0146/uk.representclo.com/cdn/shop/files/7pgTQ2de0J_aEHinC8C5CiyMtQSaKLHMDeYXR6xFQjA.jpg?crop=center&height=1200&v=1773249066&width=1200
https://uk.representclo.com/products/247-form-sweatpant-jet-black,247 Form Sweatpant - Jet Black,S,True,135.0,,https://scdn.speedsize.com/fbaf6506-81e1-43a2-bcc1-80e18c7b0146/uk.representclo.com/cdn/shop/files/7pgTQ2de0J_aEHinC8C5CiyMtQSaKLHMDeYXR6xFQjA.jpg?crop=center&height=1200&v=1773249066&width=1200
https://uk.representclo.com/products/247-form-sweatpant-jet-black,247 Form Sweatpant - Jet Black,M,True,135.0,,https://scdn.speedsize.com/fbaf6506-81e1-43a2-bcc1-80e18c7b0146/uk.representclo.com/cdn/shop/files/7pgTQ2de0J_aEHinC8C5CiyMtQSaKLHMDeYXR6xFQjA.jpg?crop=center&height=1200&v=1773249066&width=1200
https://uk.representclo.com/products/247-form-sweatpant-jet-black,247 Form Sweatpant - Jet Black,L,True,135.0,,https://scdn.speedsize.com/fbaf6506-81e1-43a2-bcc1-80e18c7b0146/uk.representclo.com/cdn/shop/files/7pgTQ2de0J_aEHinC8C5CiyMtQSaKLHMDeYXR6xFQjA.jpg?crop=center&height=1200&v=1773249066&width=1200
https://uk.representclo.com/products/247-form-sweatpant-jet-black,247 Form Sweatpant - Jet Black,XL,True,135.0,,https://scdn.speedsize.com/fbaf6506-81e1-43a2-bcc1-80e18c7b0146/uk.representclo.com/cdn/shop/files/7pgTQ2de0J_aEHinC8C5CiyMtQSaKLHMDeYXR6xFQjA.jpg?crop=center&height=1200&v=1773249066&width=1200
https://uk.representclo.com/products/247-form-sweatpant-jet-black,247 Form Sweatpant - Jet Black,XXL,True,135.0,,https://scdn.speedsize.com/fbaf6506-81e1-43a2-bcc1-80e18c7b0146/uk.representclo.com/cdn/shop/files/7pgTQ2de0J_aEHinC8C5CiyMtQSaKLHMDeYXR6xFQjA.jpg?crop=center&height=1200&v=1773249066&width=1200
https://uk.representclo.com/products/247-form-zip-hood-graphene,247 Form Zip Hood - Graphene,XXS,False,145.0,,https://scdn.speedsize.com/fbaf6506-81e1-43a2-bcc1-80e18c7b0146/uk.representclo.com/cdn/shop/files/76HrQB5G-i4NPo-Dhh8s5y1cegLzItpvfmgR6VaJtaw.jpg?crop=center&height=1200&v=1785506641&width=1200
https://uk.representclo.com/products/247-form-zip-hood-graphene,247 Form Zip Hood - Graphene,XS,True,145.0,,https://scdn.speedsize.com/fbaf6506-81e1-43a2-bcc1-80e18c7b0146/uk.representclo.com/cdn/shop/files/76HrQB5G-i4NPo-Dhh8s5y1cegLzItpvfmgR6VaJtaw.jpg?crop=center&height=1200&v=1785506641&width=1200
https://uk.representclo.com/products/247-form-zip-hood-graphene,247 Form Zip Hood - Graphene,S,True,145.0,,https://scdn.speedsize.com/fbaf6506-81e1-43a2-bcc1-80e18c7b0146/uk.representclo.com/cdn/shop/files/76HrQB5G-i4NPo-Dhh8s5y1cegLzItpvfmgR6VaJtaw.jpg?crop=center&height=1200&v=1785506641&width=1200
https://uk.representclo.com/products/247-form-zip-hood-graphene,247 Form Zip Hood - Graphene,M,True,145.0,,https://scdn.speedsize.com/fbaf6506-81e1-43a2-bcc1-80e18c7b0146/uk.representclo.com/cdn/shop/files/76HrQB5G-i4NPo-Dhh8s5y1cegLzItpvfmgR6VaJtaw.jpg?crop=center&height=1200&v=1785506641&width=1200
https://uk.representclo.com/products/247-form-zip-hood-graphene,247 Form Zip Hood - Graphene,L,True,145.0,,https://scdn.speedsize.com/fbaf6506-81e1-43a2-bcc1-80e18c7b0146/uk.representclo.com/cdn/shop/files/76HrQB5G-i4NPo-Dhh8s5y1cegLzItpvfmgR6VaJtaw.jpg?crop=center&height=1200&v=1785506641&width=1200
https://uk.representclo.com/products/247-form-zip-hood-graphene,247 Form Zip Hood - Graphene,XL,True,145.0,,https://scdn.speedsize.com/fbaf6506-81e1-43a2-bcc1-80e18c7b0146/uk.representclo.com/cdn/shop/files/76HrQB5G-i4NPo-Dhh8s5y1cegLzItpvfmgR6VaJtaw.jpg?crop=center&height=1200&v=1785506641&width=1200
https://uk.representclo.com/products/247-form-zip-hood-graphene,247 Form Zip Hood - Graphene,XXL,True,145.0,,https://scdn.speedsize.com/fbaf6506-81e1-43a2-bcc1-80e18c7b0146/uk.representclo.com/cdn/shop/files/76HrQB5G-i4NPo-Dhh8s5y1cegLzItpvfmgR6VaJtaw.jpg?crop=center&height=1200&v=1785506641&width=1200
https://uk.representclo.com/products/247-form-zip-hoodie-grey-marl,247 Form Zip Hoodie - Grey Marl,XXS,False,145.0,,https://scdn.speedsize.com/fbaf6506-81e1-43a2-bcc1-80e18c7b0146/uk.representclo.com/cdn/shop/files/sjQxjjjz5NZ9olpOrwd4P6LlCSLTLCo44Wv3pGFVvss.jpg?crop=center&height=1200&v=1773249112&width=1200
https://uk.representclo.com/products/247-form-zip-hoodie-grey-marl,247 Form Zip Hoodie - Grey Marl,XS,True,145.0,,https://scdn.speedsize.com/fbaf6506-81e1-43a2-bcc1-80e18c7b0146/uk.representclo.com/cdn/shop/files/sjQxjjjz5NZ9olpOrwd4P6LlCSLTLCo44Wv3pGFVvss.jpg?crop=center&height=1200&v=1773249112&width=1200
https://uk.representclo.com/products/247-form-zip-hoodie-grey-marl,247 Form Zip Hoodie - Grey Marl,S,False,145.0,,https://scdn.speedsize.com/fbaf6506-81e1-43a2-bcc1-80e18c7b0146/uk.representclo.com/cdn/shop/files/sjQxjjjz5NZ9olpOrwd4P6LlCSLTLCo44Wv3pGFVvss.jpg?crop=center&height=1200&v=1773249112&width=1200
https://uk.representclo.com/products/247-form-zip-hoodie-grey-marl,247 Form Zip Hoodie - Grey Marl,M,True,145.0,,https://scdn.speedsize.com/fbaf6506-81e1-43a2-bcc1-80e18c7b0146/uk.representclo.com/cdn/shop/files/sjQxjjjz5NZ9olpOrwd4P6LlCSLTLCo44Wv3pGFVvss.jpg?crop=center&height=1200&v=1773249112&width=1200
https://uk.representclo.com/products/247-form-zip-hoodie-grey-marl,247 Form Zip Hoodie - Grey Marl,L,True,145.0,,https://scdn.speedsize.com/fbaf6506-81e1-43a2-bcc1-80e18c7b0146/uk.representclo.com/cdn/shop/files/sjQxjjjz5NZ9olpOrwd4P6LlCSLTLCo44Wv3pGFVvss.jpg?crop=center&height=1200&v=1773249112&width=1200
https://uk.representclo.com/products/247-form-zip-hoodie-grey-marl,247 Form Zip Hoodie - Grey Marl,XL,True,145.0,,https://scdn.speedsize.com/fbaf6506-81e1-43a2-bcc1-80e18c7b0146/uk.representclo.com/cdn/shop/files/sjQxjjjz5NZ9olpOrwd4P6LlCSLTLCo44Wv3pGFVvss.jpg?crop=center&height=1200&v=1773249112&width=1200
https://uk.representclo.com/products/247-form-zip-hoodie-grey-marl,247 Form Zip Hoodie - Grey Marl,XXL,True,145.0,,https://scdn.speedsize.com/fbaf6506-81e1-43a2-bcc1-80e18c7b0146/uk.representclo.com/cdn/shop/files/sjQxjjjz5NZ9olpOrwd4P6LlCSLTLCo44Wv3pGFVvss.jpg?crop=center&height=1200&v=1773249112&width=1200
https://uk.representclo.com/products/247-form-zip-hoodie-jet-black,247 Form Zip Hoodie - Jet Black,XXS,False,145.0,,https://scdn.speedsize.com/fbaf6506-81e1-43a2-bcc1-80e18c7b0146/uk.representclo.com/cdn/shop/files/OWrh1MfSh-49pbecJPZ-yMNLbNqNetkidfxq37uTF24.jpg?crop=center&height=1200&v=1773249162&width=1200
https://uk.representclo.com/products/247-form-zip-hoodie-jet-black,247 Form Zip Hoodie - Jet Black,XS,True,145.0,,https://scdn.speedsize.com/fbaf6506-81e1-43a2-bcc1-80e18c7b0146/uk.representclo.com/cdn/shop/files/OWrh1MfSh-49pbecJPZ-yMNLbNqNetkidfxq37uTF24.jpg?crop=center&height=1200&v=1773249162&width=1200
https://uk.representclo.com/products/247-form-zip-hoodie-jet-black,247 Form Zip Hoodie - Jet Black,S,True,145.0,,https://scdn.speedsize.com/fbaf6506-81e1-43a2-bcc1-80e18c7b0146/uk.representclo.com/cdn/shop/files/OWrh1MfSh-49pbecJPZ-yMNLbNqNetkidfxq37uTF24.jpg?crop=center&height=1200&v=1773249162&width=1200
https://uk.representclo.com/products/247-form-zip-hoodie-jet-black,247 Form Zip Hoodie - Jet Black,M,True,145.0,,https://scdn.speedsize.com/fbaf6506-81e1-43a2-bcc1-80e18c7b0146/uk.representclo.com/cdn/shop/files/OWrh1MfSh-49pbecJPZ-yMNLbNqNetkidfxq37uTF24.jpg?crop=center&height=1200&v=1773249162&width=1200
https://uk.representclo.com/products/247-form-zip-hoodie-jet-black,247 Form Zip Hoodie - Jet Black,L,True,145.0,,https://scdn.speedsize.com/fbaf6506-81e1-43a2-bcc1-80e18c7b0146/uk.representclo.com/cdn/shop/files/OWrh1MfSh-49pbecJPZ-yMNLbNqNetkidfxq37uTF24.jpg?crop=center&height=1200&v=1773249162&width=1200
https://uk.representclo.com/products/247-form-zip-hoodie-jet-black,247 Form Zip Hoodie - Jet Black,XL,True,145.0,,https://scdn.speedsize.com/fbaf6506-81e1-43a2-bcc1-80e18c7b0146/uk.representclo.com/cdn/shop/files/OWrh1MfSh-49pbecJPZ-yMNLbNqNetkidfxq37uTF24.jpg?crop=center&height=1200&v=1773249162&width=1200
https://uk.representclo.com/products/247-form-zip-hoodie-jet-black,247 Form Zip Hoodie - Jet Black,XXL,True,145.0,,https://scdn.speedsize.com/fbaf6506-81e1-43a2-bcc1-80e18c7b0146/uk.representclo.com/cdn/shop/files/OWrh1MfSh-49pbecJPZ-yMNLbNqNetkidfxq37uTF24.jpg?crop=center&height=1200&v=1773249162&width=1200
https://uk.representclo.com/products/247-form-zip-hoodie-teal,247 Form Zip Hoodie - Teal,XXS,False,145.0,,https://scdn.speedsize.com/fbaf6506-81e1-43a2-bcc1-80e18c7b0146/uk.representclo.com/cdn/shop/files/1Q5hS3XyHqjmLSFF24a0GXsl18ZuGNa3Sfszc7jncq4.jpg?crop=center&height=1200&v=1773249212&width=1200
https://uk.representclo.com/products/247-form-zip-hoodie-teal,247 Form Zip Hoodie - Teal,XS,True,145.0,,https://scdn.speedsize.com/fbaf6506-81e1-43a2-bcc1-80e18c7b0146/uk.representclo.com/cdn/shop/files/1Q5hS3XyHqjmLSFF24a0GXsl18ZuGNa3Sfszc7jncq4.jpg?crop=center&height=1200&v=1773249212&width=1200
https://uk.representclo.com/products/247-form-zip-hoodie-teal,247 Form Zip Hoodie - Teal,S,False,145.0,,https://scdn.speedsize.com/fbaf6506-81e1-43a2-bcc1-80e18c7b0146/uk.representclo.com/cdn/shop/files/1Q5hS3XyHqjmLSFF24a0GXsl18ZuGNa3Sfszc7jncq4.jpg?crop=center&height=1200&v=1773249212&width=1200
https://uk.representclo.com/products/247-form-zip-hoodie-teal,247 Form Zip Hoodie - Teal,M,False,145.0,,https://scdn.speedsize.com/fbaf6506-81e1-43a2-bcc1-80e18c7b0146/uk.representclo.com/cdn/shop/files/1Q5hS3XyHqjmLSFF24a0GXsl18ZuGNa3Sfszc7jncq4.jpg?crop=center&height=1200&v=1773249212&width=1200
https://uk.representclo.com/products/247-form-zip-hoodie-teal,247 Form Zip Hoodie - Teal,L,True,145.0,,https://scdn.speedsize.com/fbaf6506-81e1-43a2-bcc1-80e18c7b0146/uk.representclo.com/cdn/shop/files/1Q5hS3XyHqjmLSFF24a0GXsl18ZuGNa3Sfszc7jncq4.jpg?crop=center&height=1200&v=1773249212&width=1200
https://uk.representclo.com/products/247-form-zip-hoodie-teal,247 Form Zip Hoodie - Teal,XL,False,145.0,,https://scdn.speedsize.com/fbaf6506-81e1-43a2-bcc1-80e18c7b0146/uk.representclo.com/cdn/shop/files/1Q5hS3XyHqjmLSFF24a0GXsl18ZuGNa3Sfszc7jncq4.jpg?crop=center&height=1200&v=1773249212&width=1200
https://uk.representclo.com/products/247-form-zip-hoodie-teal,247 Form Zip Hoodie - Teal,XXL,True,145.0,,https://scdn.speedsize.com/fbaf6506-81e1-43a2-bcc1-80e18c7b0146/uk.representclo.com/cdn/shop/files/1Q5hS3XyHqjmLSFF24a0GXsl18ZuGNa3Sfszc7jncq4.jpg?crop=center&height=1200&v=1773249212&width=1200
https://uk.representclo.com/products/247-full-zip-fleece-black,247 Full Zip Fleece - Black,L,False,145.0,,https://scdn.speedsize.com/fbaf6506-81e1-43a2-bcc1-80e18c7b0146/uk.representclo.com/cdn/shop/files/pOyGxHktJCvY9oKbGumEpgxoCpnvECxZY8LfOg7LRqQ.jpg?crop=center&height=1200&v=1729099909&width=1200
https://uk.representclo.com/products/247-full-zip-fleece-black,247 Full Zip Fleece - Black,XL,False,145.0,,https://scdn.speedsize.com/fbaf6506-81e1-43a2-bcc1-80e18c7b0146/uk.representclo.com/cdn/shop/files/pOyGxHktJCvY9oKbGumEpgxoCpnvECxZY8LfOg7LRqQ.jpg?crop=center&height=1200&v=1729099909&width=1200
https://uk.representclo.com/products/247-full-zip-fleece-black,247 Full Zip Fleece - Black,XXL,False,145.0,,https://scdn.speedsize.com/fbaf6506-81e1-43a2-bcc1-80e18c7b0146/uk.representclo.com/cdn/shop/files/pOyGxHktJCvY9oKbGumEpgxoCpnvECxZY8LfOg7LRqQ.jpg?crop=center&height=1200&v=1729099909&width=1200
https://uk.representclo.com/products/247-full-zip-fleece-black,247 Full Zip Fleece - Black,XS,False,145.0,,https://scdn.speedsize.com/fbaf6506-81e1-43a2-bcc1-80e18c7b0146/uk.representclo.com/cdn/shop/files/pOyGxHktJCvY9oKbGumEpgxoCpnvECxZY8LfOg7LRqQ.jpg?crop=center&height=1200&v=1729099909&width=1200
https://uk.representclo.com/products/247-full-zip-fleece-black,247 Full Zip Fleece - Black,S,True,145.0,,https://scdn.speedsize.com/fbaf6506-81e1-43a2-bcc1-80e18c7b0146/uk.representclo.com/cdn/shop/files/pOyGxHktJCvY9oKbGumEpgxoCpnvECxZY8LfOg7LRqQ.jpg?crop=center&height=1200&v=1729099909&width=1200
https://uk.representclo.com/products/247-full-zip-fleece-black,247 Full Zip Fleece - Black,M,False,145.0,,https://scdn.speedsize.com/fbaf6506-81e1-43a2-bcc1-80e18c7b0146/uk.representclo.com/cdn/shop/files/pOyGxHktJCvY9oKbGumEpgxoCpnvECxZY8LfOg7LRqQ.jpg?crop=center&height=1200&v=1729099909&width=1200
https://uk.representclo.com/products/247-full-zip-fleece-umber,247 Full Zip Fleece - Umber,XS,True,145.0,,https://scdn.speedsize.com/fbaf6506-81e1-43a2-bcc1-80e18c7b0146/uk.representclo.com/cdn/shop/files/ncPLCTlWQUSS7CjHkmobBZcQURvKN5OIIiKh9X02L_c.jpg?crop=center&height=1200&v=1729099923&width=1200
https://uk.representclo.com/products/247-full-zip-fleece-umber,247 Full Zip Fleece - Umber,S,True,145.0,,https://scdn.speedsize.com/fbaf6506-81e1-43a2-bcc1-80e18c7b0146/uk.representclo.com/cdn/shop/files/ncPLCTlWQUSS7CjHkmobBZcQURvKN5OIIiKh9X02L_c.jpg?crop=center&height=1200&v=1729099923&width=1200
https://uk.representclo.com/products/247-full-zip-fleece-umber,247 Full Zip Fleece - Umber,M,True,145.0,,https://scdn.speedsize.com/fbaf6506-81e1-43a2-bcc1-80e18c7b0146/uk.representclo.com/cdn/shop/files/ncPLCTlWQUSS7CjHkmobBZcQURvKN5OIIiKh9X02L_c.jpg?crop=center&height=1200&v=1729099923&width=1200
https://uk.representclo.com/products/247-full-zip-fleece-umber,247 Full Zip Fleece - Umber,L,True,145.0,,https://scdn.speedsize.com/fbaf6506-81e1-43a2-bcc1-80e18c7b0146/uk.representclo.com/cdn/shop/files/ncPLCTlWQUSS7CjHkmobBZcQURvKN5OIIiKh9X02L_c.jpg?crop=center&height=1200&v=1729099923&width=1200
https://uk.representclo.com/products/247-full-zip-fleece-umber,247 Full Zip Fleece - Umber,XL,True,145.0,,https://scdn.speedsize.com/fbaf6506-81e1-43a2-bcc1-80e18c7b0146/uk.representclo.com/cdn/shop/files/ncPLCTlWQUSS7CjHkmobBZcQURvKN5OIIiKh9X02L_c.jpg?crop=center&height=1200&v=1729099923&width=1200
https://uk.representclo.com/products/247-full-zip-fleece-umber,247 Full Zip Fleece - Umber,XXL,False,145.0,,https://scdn.speedsize.com/fbaf6506-81e1-43a2-bcc1-80e18c7b0146/uk.representclo.com/cdn/shop/files/ncPLCTlWQUSS7CjHkmobBZcQURvKN5OIIiKh9X02L_c.jpg?crop=center&height=1200&v=1729099923&width=1200
https://uk.representclo.com/products/247-fused-shorts-black,247 Fused Shorts - Black,XS,True,90.0,,https://scdn.speedsize.com/fbaf6506-81e1-43a2-bcc1-80e18c7b0146/uk.representclo.com/cdn/shop/files/akEqqXiilQyCB7gKWAypyc0pIBaUk96w61lMiCOdSek.jpg?crop=center&height=1200&v=1710347663&width=1200
https://uk.representclo.com/products/247-fused-shorts-black,247 Fused Shorts - Black,S,True,90.0,,https://scdn.speedsize.com/fbaf6506-81e1-43a2-bcc1-80e18c7b0146/uk.representclo.com/cdn/shop/files/akEqqXiilQyCB7gKWAypyc0pIBaUk96w61lMiCOdSek.jpg?crop=center&height=1200&v=1710347663&width=1200
https://uk.representclo.com/products/247-fused-shorts-black,247 Fused Shorts - Black,M,True,90.0,,https://scdn.speedsize.com/fbaf6506-81e1-43a2-bcc1-80e18c7b0146/uk.representclo.com/cdn/shop/files/akEqqXiilQyCB7gKWAypyc0pIBaUk96w61lMiCOdSek.jpg?crop=center&height=1200&v=1710347663&width=1200
https://uk.representclo.com/products/247-fused-shorts-black,247 Fused Shorts - Black,L,True,90.0,,https://scdn.speedsize.com/fbaf6506-81e1-43a2-bcc1-80e18c7b0146/uk.representclo.com/cdn/shop/files/akEqqXiilQyCB7gKWAypyc0pIBaUk96w61lMiCOdSek.jpg?crop=center&height=1200&v=1710347663&width=1200
https://uk.representclo.com/products/247-fused-shorts-black,247 Fused Shorts - Black,XL,True,90.0,,https://scdn.speedsize.com/fbaf6506-81e1-43a2-bcc1-80e18c7b0146/uk.representclo.com/cdn/shop/files/akEqqXiilQyCB7gKWAypyc0pIBaUk96w61lMiCOdSek.jpg?crop=center&height=1200&v=1710347663&width=1200
https://uk.representclo.com/products/247-fused-shorts-black,247 Fused Shorts - Black,XXL,True,90.0,,https://scdn.speedsize.com/fbaf6506-81e1-43a2-bcc1-80e18c7b0146/uk.representclo.com/cdn/shop/files/akEqqXiilQyCB7gKWAypyc0pIBaUk96w61lMiCOdSek.jpg?crop=center&height=1200&v=1710347663&width=1200
https://uk.representclo.com/products/247-future-terrains-oversized-hoodie-shadow-lime,247 Future Terrains Oversized Hoodie - Shadow Lime,XS,False,140.0,,https://scdn.speedsize.com/fbaf6506-81e1-43a2-bcc1-80e18c7b0146/uk.representclo.com/cdn/shop/files/K0PrcCdGjS-M8dqAq1dFn5jSmw0Hfbj440Z6NdWUWtU.jpg?crop=center&height=1200&v=1729099646&width=1200
https://uk.representclo.com/products/247-future-terrains-oversized-hoodie-shadow-lime,247 Future Terrains Oversized Hoodie - Shadow Lime,S,True,140.0,,https://scdn.speedsize.com/fbaf6506-81e1-43a2-bcc1-80e18c7b0146/uk.representclo.com/cdn/shop/files/K0PrcCdGjS-M8dqAq1dFn5jSmw0Hfbj440Z6NdWUWtU.jpg?crop=center&height=1200&v=1729099646&width=1200
https://uk.representclo.com/products/247-future-terrains-oversized-hoodie-shadow-lime,247 Future Terrains Oversized Hoodie - Shadow Lime,M,True,140.0,,https://scdn.speedsize.com/fbaf6506-81e1-43a2-bcc1-80e18c7b0146/uk.representclo.com/cdn/shop/files/K0PrcCdGjS-M8dqAq1dFn5jSmw0Hfbj440Z6NdWUWtU.jpg?crop=center&height=1200&v=1729099646&width=1200
https://uk.representclo.com/products/247-future-terrains-oversized-hoodie-shadow-lime,247 Future Terrains Oversized Hoodie - Shadow Lime,L,False,140.0,,https://scdn.speedsize.com/fbaf6506-81e1-43a2-bcc1-80e18c7b0146/uk.representclo.com/cdn/shop/files/K0PrcCdGjS-M8dqAq1dFn5jSmw0Hfbj440Z6NdWUWtU.jpg?crop=center&height=1200&v=1729099646&width=1200
https://uk.representclo.com/products/247-future-terrains-oversized-hoodie-shadow-lime,247 Future Terrains Oversized Hoodie - Shadow Lime,XL,False,140.0,,https://scdn.speedsize.com/fbaf6506-81e1-43a2-bcc1-80e18c7b0146/uk.representclo.com/cdn/shop/files/K0PrcCdGjS-M8dqAq1dFn5jSmw0Hfbj440Z6NdWUWtU.jpg?crop=center&height=1200&v=1729099646&width=1200
https://uk.representclo.com/products/247-future-terrains-oversized-hoodie-shadow-lime,247 Future Terrains Oversized Hoodie - Shadow Lime,XXL,False,140.0,,https://scdn.speedsize.com/fbaf6506-81e1-43a2-bcc1-80e18c7b0146/uk.representclo.com/cdn/shop/files/K0PrcCdGjS-M8dqAq1dFn5jSmw0Hfbj440Z6NdWUWtU.jpg?crop=center&height=1200&v=1729099646&width=1200
https://uk.representclo.com/products/247-future-terrains-oversized-hoodie-umber,247 Future Terrains Oversized Hoodie - Umber,XS,False,140.0,,https://scdn.speedsize.com/fbaf6506-81e1-43a2-bcc1-80e18c7b0146/uk.representclo.com/cdn/shop/files/EuCscKCLlVJtWME_B-wJfBQaVEsRHaTmiZMPlGJM-qM.jpg?crop=center&height=1200&v=1729099667&width=1200
https://uk.representclo.com/products/247-future-terrains-oversized-hoodie-umber,247 Future Terrains Oversized Hoodie - Umber,S,False,140.0,,https://scdn.speedsize.com/fbaf6506-81e1-43a2-bcc1-80e18c7b0146/uk.representclo.com/cdn/shop/files/EuCscKCLlVJtWME_B-wJfBQaVEsRHaTmiZMPlGJM-qM.jpg?crop=center&height=1200&v=1729099667&width=1200
https://uk.representclo.com/products/247-future-terrains-oversized-hoodie-umber,247 Future Terrains Oversized Hoodie - Umber,M,False,140.0,,https://scdn.speedsize.com/fbaf6506-81e1-43a2-bcc1-80e18c7b0146/uk.representclo.com/cdn/shop/files/EuCscKCLlVJtWME_B-wJfBQaVEsRHaTmiZMPlGJM-qM.jpg?crop=center&height=1200&v=1729099667&width=1200
https://uk.representclo.com/products/247-future-terrains-oversized-hoodie-umber,247 Future Terrains Oversized Hoodie - Umber,L,False,140.0,,https://scdn.speedsize.com/fbaf6506-81e1-43a2-bcc1-80e18c7b0146/uk.representclo.com/cdn/shop/files/EuCscKCLlVJtWME_B-wJfBQaVEsRHaTmiZMPlGJM-qM.jpg?crop=center&height=1200&v=1729099667&width=1200
https://uk.representclo.com/products/247-future-terrains-oversized-hoodie-umber,247 Future Terrains Oversized Hoodie - Umber,XL,False,140.0,,https://scdn.speedsize.com/fbaf6506-81e1-43a2-bcc1-80e18c7b0146/uk.representclo.com/cdn/shop/files/EuCscKCLlVJtWME_B-wJfBQaVEsRHaTmiZMPlGJM-qM.jpg?crop=center&height=1200&v=1729099667&width=1200
https://uk.representclo.com/products/247-future-terrains-oversized-hoodie-umber,247 Future Terrains Oversized Hoodie - Umber,XXL,False,140.0,,https://scdn.speedsize.com/fbaf6506-81e1-43a2-bcc1-80e18c7b0146/uk.representclo.com/cdn/shop/files/EuCscKCLlVJtWME_B-wJfBQaVEsRHaTmiZMPlGJM-qM.jpg?crop=center&height=1200&v=1729099667&width=1200
https://uk.representclo.com/products/247-fw25-boxers-black,247 Boxers - Black,S,True,30.0,,https://scdn.speedsize.com/fbaf6506-81e1-43a2-bcc1-80e18c7b0146/uk.representclo.com/cdn/shop/files/8dhA3rDG5BCYiVmobmhNybwuZpzmabk8KoS7eyfFob8.jpg?crop=center&height=1200&v=1756198420&width=1200
https://uk.representclo.com/products/247-fw25-boxers-black,247 Boxers - Black,M,False,30.0,,https://scdn.speedsize.com/fbaf6506-81e1-43a2-bcc1-80e18c7b0146/uk.representclo.com/cdn/shop/files/8dhA3rDG5BCYiVmobmhNybwuZpzmabk8KoS7eyfFob8.jpg?crop=center&height=1200&v=1756198420&width=1200
https://uk.representclo.com/products/247-fw25-boxers-black,247 Boxers - Black,L,True,30.0,,https://scdn.speedsize.com/fbaf6506-81e1-43a2-bcc1-80e18c7b0146/uk.representclo.com/cdn/shop/files/8dhA3rDG5BCYiVmobmhNybwuZpzmabk8KoS7eyfFob8.jpg?crop=center&height=1200&v=1756198420&width=1200
https://uk.representclo.com/products/247-fw25-boxers-black,247 Boxers - Black,XL,False,30.0,,https://scdn.speedsize.com/fbaf6506-81e1-43a2-bcc1-80e18c7b0146/uk.representclo.com/cdn/shop/files/8dhA3rDG5BCYiVmobmhNybwuZpzmabk8KoS7eyfFob8.jpg?crop=center&height=1200&v=1756198420&width=1200
https://uk.representclo.com/products/247-fw25-gloves-black,247 Gloves - Black,One Size,True,25.0,,https://scdn.speedsize.com/fbaf6506-81e1-43a2-bcc1-80e18c7b0146/uk.representclo.com/cdn/shop/files/MOsR0OTl8C5CN70CWDWUZP2Aye4eiMqwcrtH5EjXQ0s.jpg?crop=center&height=1200&v=1756198538&width=1200
https://uk.representclo.com/products/247-ghost-2-in-1-short-jet-black,247 Ghost 2-In-1 Short - Jet Black,XS,False,110.0,,https://scdn.speedsize.com/fbaf6506-81e1-43a2-bcc1-80e18c7b0146/uk.representclo.com/cdn/shop/files/bhXa4r-k0Jyk6uznkHuZRYRVCi4JZ4bP8PPdWbYWSHc.jpg?crop=center&height=1200&v=1785506448&width=1200
https://uk.representclo.com/products/247-ghost-2-in-1-short-jet-black,247 Ghost 2-In-1 Short - Jet Black,S,False,110.0,,https://scdn.speedsize.com/fbaf6506-81e1-43a2-bcc1-80e18c7b0146/uk.representclo.com/cdn/shop/files/bhXa4r-k0Jyk6uznkHuZRYRVCi4JZ4bP8PPdWbYWSHc.jpg?crop=center&height=1200&v=1785506448&width=1200
https://uk.representclo.com/products/247-ghost-2-in-1-short-jet-black,247 Ghost 2-In-1 Short - Jet Black,M,True,110.0,,https://scdn.speedsize.com/fbaf6506-81e1-43a2-bcc1-80e18c7b0146/uk.representclo.com/cdn/shop/files/bhXa4r-k0Jyk6uznkHuZRYRVCi4JZ4bP8PPdWbYWSHc.jpg?crop=center&height=1200&v=1785506448&width=1200
https://uk.representclo.com/products/247-ghost-2-in-1-short-jet-black,247 Ghost 2-In-1 Short - Jet Black,L,True,110.0,,https://scdn.speedsize.com/fbaf6506-81e1-43a2-bcc1-80e18c7b0146/uk.representclo.com/cdn/shop/files/bhXa4r-k0Jyk6uznkHuZRYRVCi4JZ4bP8PPdWbYWSHc.jpg?crop=center&height=1200&v=1785506448&width=1200
https://uk.representclo.com/products/247-ghost-2-in-1-short-jet-black,247 Ghost 2-In-1 Short - Jet Black,XL,False,110.0,,https://scdn.speedsize.com/fbaf6506-81e1-43a2-bcc1-80e18c7b0146/uk.representclo.com/cdn/shop/files/bhXa4r-k0Jyk6uznkHuZRYRVCi4JZ4bP8PPdWbYWSHc.jpg?crop=center&height=1200&v=1785506448&width=1200
https://uk.representclo.com/products/247-ghost-2-in-1-short-jet-black,247 Ghost 2-In-1 Short - Jet Black,XXL,False,110.0,,https://scdn.speedsize.com/fbaf6506-81e1-43a2-bcc1-80e18c7b0146/uk.representclo.com/cdn/shop/files/bhXa4r-k0Jyk6uznkHuZRYRVCi4JZ4bP8PPdWbYWSHc.jpg?crop=center&height=1200&v=1785506448&width=1200
https://uk.representclo.com/products/247-ghost-half-tight-jet-black,247 Ghost Half Tight - Jet Black,XXS,False,100.0,,https://scdn.speedsize.com/fbaf6506-81e1-43a2-bcc1-80e18c7b0146/uk.representclo.com/cdn/shop/files/ihapKxUYyLr6-BZDdK2V93blMn_MDDsKJ9lIDdfRDUI.jpg?crop=center&height=1200&v=1785506448&width=1200
https://uk.representclo.com/products/247-ghost-half-tight-jet-black,247 Ghost Half Tight - Jet Black,XS,True,100.0,,https://scdn.speedsize.com/fbaf6506-81e1-43a2-bcc1-80e18c7b0146/uk.representclo.com/cdn/shop/files/ihapKxUYyLr6-BZDdK2V93blMn_MDDsKJ9lIDdfRDUI.jpg?crop=center&height=1200&v=1785506448&width=1200
https://uk.representclo.com/products/247-ghost-half-tight-jet-black,247 Ghost Half Tight - Jet Black,S,True,100.0,,https://scdn.speedsize.com/fbaf6506-81e1-43a2-bcc1-80e18c7b0146/uk.representclo.com/cdn/shop/files/ihapKxUYyLr6-BZDdK2V93blMn_MDDsKJ9lIDdfRDUI.jpg?crop=center&height=1200&v=1785506448&width=1200
https://uk.representclo.com/products/247-ghost-half-tight-jet-black,247 Ghost Half Tight - Jet Black,M,True,100.0,,https://scdn.speedsize.com/fbaf6506-81e1-43a2-bcc1-80e18c7b0146/uk.representclo.com/cdn/shop/files/ihapKxUYyLr6-BZDdK2V93blMn_MDDsKJ9lIDdfRDUI.jpg?crop=center&height=1200&v=1785506448&width=1200
https://uk.representclo.com/products/247-ghost-half-tight-jet-black,247 Ghost Half Tight - Jet Black,L,True,100.0,,https://scdn.speedsize.com/fbaf6506-81e1-43a2-bcc1-80e18c7b0146/uk.representclo.com/cdn/shop/files/ihapKxUYyLr6-BZDdK2V93blMn_MDDsKJ9lIDdfRDUI.jpg?crop=center&height=1200&v=1785506448&width=1200
https://uk.representclo.com/products/247-ghost-half-tight-jet-black,247 Ghost Half Tight - Jet Black,XL,True,100.0,,https://scdn.speedsize.com/fbaf6506-81e1-43a2-bcc1-80e18c7b0146/uk.representclo.com/cdn/shop/files/ihapKxUYyLr6-BZDdK2V93blMn_MDDsKJ9lIDdfRDUI.jpg?crop=center&height=1200&v=1785506448&width=1200
https://uk.representclo.com/products/247-ghost-half-tight-jet-black,247 Ghost Half Tight - Jet Black,XXL,False,100.0,,https://scdn.speedsize.com/fbaf6506-81e1-43a2-bcc1-80e18c7b0146/uk.representclo.com/cdn/shop/files/ihapKxUYyLr6-BZDdK2V93blMn_MDDsKJ9lIDdfRDUI.jpg?crop=center&height=1200&v=1785506448&width=1200
https://uk.representclo.com/products/247-ghost-short-247-ombre,247 Ghost Short - 247 Ombre,XXS,False,90.0,,https://scdn.speedsize.com/fbaf6506-81e1-43a2-bcc1-80e18c7b0146/uk.representclo.com/cdn/shop/files/D0komDmcyxK8_7G5dh6sZSH2A6dXpLQWxIZPu2CXcgc.jpg?crop=center&height=1200&v=1785506507&width=1200
https://uk.representclo.com/products/247-ghost-short-247-ombre,247 Ghost Short - 247 Ombre,XS,False,90.0,,https://scdn.speedsize.com/fbaf6506-81e1-43a2-bcc1-80e18c7b0146/uk.representclo.com/cdn/shop/files/D0komDmcyxK8_7G5dh6sZSH2A6dXpLQWxIZPu2CXcgc.jpg?crop=center&height=1200&v=1785506507&width=1200
https://uk.representclo.com/products/247-ghost-short-247-ombre,247 Ghost Short - 247 Ombre,S,False,90.0,,https://scdn.speedsize.com/fbaf6506-81e1-43a2-bcc1-80e18c7b0146/uk.representclo.com/cdn/shop/files/D0komDmcyxK8_7G5dh6sZSH2A6dXpLQWxIZPu2CXcgc.jpg?crop=center&height=1200&v=1785506507&width=1200
https://uk.representclo.com/products/247-ghost-short-247-ombre,247 Ghost Short - 247 Ombre,M,False,90.0,,https://scdn.speedsize.com/fbaf6506-81e1-43a2-bcc1-80e18c7b0146/uk.representclo.com/cdn/shop/files/D0komDmcyxK8_7G5dh6sZSH2A6dXpLQWxIZPu2CXcgc.jpg?crop=center&height=1200&v=1785506507&width=1200
https://uk.representclo.com/products/247-ghost-short-247-ombre,247 Ghost Short - 247 Ombre,L,False,90.0,,https://scdn.speedsize.com/fbaf6506-81e1-43a2-bcc1-80e18c7b0146/uk.representclo.com/cdn/shop/files/D0komDmcyxK8_7G5dh6sZSH2A6dXpLQWxIZPu2CXcgc.jpg?crop=center&height=1200&v=1785506507&width=1200
https://uk.representclo.com/products/247-ghost-short-247-ombre,247 Ghost Short - 247 Ombre,XL,False,90.0,,https://scdn.speedsize.com/fbaf6506-81e1-43a2-bcc1-80e18c7b0146/uk.representclo.com/cdn/shop/files/D0komDmcyxK8_7G5dh6sZSH2A6dXpLQWxIZPu2CXcgc.jpg?crop=center&height=1200&v=1785506507&width=1200
https://uk.representclo.com/products/247-ghost-short-247-ombre,247 Ghost Short - 247 Ombre,XXL,False,90.0,,https://scdn.speedsize.com/fbaf6506-81e1-43a2-bcc1-80e18c7b0146/uk.representclo.com/cdn/shop/files/D0komDmcyxK8_7G5dh6sZSH2A6dXpLQWxIZPu2CXcgc.jpg?crop=center&height=1200&v=1785506507&width=1200
https://uk.representclo.com/products/247-ghost-short-jet-black,247 Ghost Short - Jet Black,XXS,False,90.0,,https://scdn.speedsize.com/fbaf6506-81e1-43a2-bcc1-80e18c7b0146/uk.representclo.com/cdn/shop/files/iPuQteA5KRHa0EZpfjmu3j_Q7eOJ5ml1Dc9ZYn3hd0o.jpg?crop=center&height=1200&v=1785506507&width=1200
https://uk.representclo.com/products/247-ghost-short-jet-black,247 Ghost Short - Jet Black,XS,False,90.0,,https://scdn.speedsize.com/fbaf6506-81e1-43a2-bcc1-80e18c7b0146/uk.representclo.com/cdn/shop/files/iPuQteA5KRHa0EZpfjmu3j_Q7eOJ5ml1Dc9ZYn3hd0o.jpg?crop=center&height=1200&v=1785506507&width=1200
https://uk.representclo.com/products/247-ghost-short-jet-black,247 Ghost Short - Jet Black,S,False,90.0,,https://scdn.speedsize.com/fbaf6506-81e1-43a2-bcc1-80e18c7b0146/uk.representclo.com/cdn/shop/files/iPuQteA5KRHa0EZpfjmu3j_Q7eOJ5ml1Dc9ZYn3hd0o.jpg?crop=center&height=1200&v=1785506507&width=1200
https://uk.representclo.com/products/247-ghost-short-jet-black,247 Ghost Short - Jet Black,M,True,90.0,,https://scdn.speedsize.com/fbaf6506-81e1-43a2-bcc1-80e18c7b0146/uk.representclo.com/cdn/shop/files/iPuQteA5KRHa0EZpfjmu3j_Q7eOJ5ml1Dc9ZYn3hd0o.jpg?crop=center&height=1200&v=1785506507&width=1200
https://uk.representclo.com/products/247-ghost-short-jet-black,247 Ghost Short - Jet Black,L,True,90.0,,https://scdn.speedsize.com/fbaf6506-81e1-43a2-bcc1-80e18c7b0146/uk.representclo.com/cdn/shop/files/iPuQteA5KRHa0EZpfjmu3j_Q7eOJ5ml1Dc9ZYn3hd0o.jpg?crop=center&height=1200&v=1785506507&width=1200
https://uk.representclo.com/products/247-ghost-short-jet-black,247 Ghost Short - Jet Black,XL,False,90.0,,https://scdn.speedsize.com/fbaf6506-81e1-43a2-bcc1-80e18c7b0146/uk.representclo.com/cdn/shop/files/iPuQteA5KRHa0EZpfjmu3j_Q7eOJ5ml1Dc9ZYn3hd0o.jpg?crop=center&height=1200&v=1785506507&width=1200
https://uk.representclo.com/products/247-ghost-short-jet-black,247 Ghost Short - Jet Black,XXL,False,90.0,,https://scdn.speedsize.com/fbaf6506-81e1-43a2-bcc1-80e18c7b0146/uk.representclo.com/cdn/shop/files/iPuQteA5KRHa0EZpfjmu3j_Q7eOJ5ml1Dc9ZYn3hd0o.jpg?crop=center&height=1200&v=1785506507&width=1200
https://uk.representclo.com/products/247-ghost-singlet-247-ombre,247 Ghost Singlet - 247 Ombre,XXS,False,85.0,,https://scdn.speedsize.com/fbaf6506-81e1-43a2-bcc1-80e18c7b0146/uk.representclo.com/cdn/shop/files/4QlFcQAHYavbGKccUc-ATvFWFpmSY0RzGDtgHxhe2o8.jpg?crop=center&height=1200&v=1785506533&width=1200
https://uk.representclo.com/products/247-ghost-singlet-247-ombre,247 Ghost Singlet - 247 Ombre,XS,True,85.0,,https://scdn.speedsize.com/fbaf6506-81e1-43a2-bcc1-80e18c7b0146/uk.representclo.com/cdn/shop/files/4QlFcQAHYavbGKccUc-ATvFWFpmSY0RzGDtgHxhe2o8.jpg?crop=center&height=1200&v=1785506533&width=1200
https://uk.representclo.com/products/247-ghost-singlet-247-ombre,247 Ghost Singlet - 247 Ombre,S,True,85.0,,https://scdn.speedsize.com/fbaf6506-81e1-43a2-bcc1-80e18c7b0146/uk.representclo.com/cdn/shop/files/4QlFcQAHYavbGKccUc-ATvFWFpmSY0RzGDtgHxhe2o8.jpg?crop=center&height=1200&v=1785506533&width=1200
https://uk.representclo.com/products/247-ghost-singlet-247-ombre,247 Ghost Singlet - 247 Ombre,M,True,85.0,,https://scdn.speedsize.com/fbaf6506-81e1-43a2-bcc1-80e18c7b0146/uk.representclo.com/cdn/shop/files/4QlFcQAHYavbGKccUc-ATvFWFpmSY0RzGDtgHxhe2o8.jpg?crop=center&height=1200&v=1785506533&width=1200
https://uk.representclo.com/products/247-ghost-singlet-247-ombre,247 Ghost Singlet - 247 Ombre,L,True,85.0,,https://scdn.speedsize.com/fbaf6506-81e1-43a2-bcc1-80e18c7b0146/uk.representclo.com/cdn/shop/files/4QlFcQAHYavbGKccUc-ATvFWFpmSY0RzGDtgHxhe2o8.jpg?crop=center&height=1200&v=1785506533&width=1200
https://uk.representclo.com/products/247-ghost-singlet-247-ombre,247 Ghost Singlet - 247 Ombre,XL,True,85.0,,https://scdn.speedsize.com/fbaf6506-81e1-43a2-bcc1-80e18c7b0146/uk.representclo.com/cdn/shop/files/4QlFcQAHYavbGKccUc-ATvFWFpmSY0RzGDtgHxhe2o8.jpg?crop=center&height=1200&v=1785506533&width=1200
https://uk.representclo.com/products/247-ghost-singlet-247-ombre,247 Ghost Singlet - 247 Ombre,XXL,True,85.0,,https://scdn.speedsize.com/fbaf6506-81e1-43a2-bcc1-80e18c7b0146/uk.representclo.com/cdn/shop/files/4QlFcQAHYavbGKccUc-ATvFWFpmSY0RzGDtgHxhe2o8.jpg?crop=center&height=1200&v=1785506533&width=1200
https://uk.representclo.com/products/247-gym-towel-black,247 Gym Towel - Black,One Size,True,30.0,,https://scdn.speedsize.com/fbaf6506-81e1-43a2-bcc1-80e18c7b0146/uk.representclo.com/cdn/shop/files/A1yN6WIVIyVwnY7h_W8avUw1W6VpNd-zD2ZmbEjtsKk.jpg?crop=center&height=1200&v=1710348153&width=1200
https://uk.representclo.com/products/247-hooded-quarter-zip-black,247 Hooded Quarter Zip - Black,XXS,False,140.0,,https://scdn.speedsize.com/fbaf6506-81e1-43a2-bcc1-80e18c7b0146/uk.representclo.com/cdn/shop/files/TEVjtWcAdIVLdizDYELbKFYMYeIiU6yATSkLQ3sUVuY.jpg?crop=center&height=1200&v=1759938065&width=1200
https://uk.representclo.com/products/247-hooded-quarter-zip-black,247 Hooded Quarter Zip - Black,XS,True,140.0,,https://scdn.speedsize.com/fbaf6506-81e1-43a2-bcc1-80e18c7b0146/uk.representclo.com/cdn/shop/files/TEVjtWcAdIVLdizDYELbKFYMYeIiU6yATSkLQ3sUVuY.jpg?crop=center&height=1200&v=1759938065&width=1200
https://uk.representclo.com/products/247-hooded-quarter-zip-black,247 Hooded Quarter Zip - Black,S,True,140.0,,https://scdn.speedsize.com/fbaf6506-81e1-43a2-bcc1-80e18c7b0146/uk.representclo.com/cdn/shop/files/TEVjtWcAdIVLdizDYELbKFYMYeIiU6yATSkLQ3sUVuY.jpg?crop=center&height=1200&v=1759938065&width=1200
https://uk.representclo.com/products/247-hooded-quarter-zip-black,247 Hooded Quarter Zip - Black,M,False,140.0,,https://scdn.speedsize.com/fbaf6506-81e1-43a2-bcc1-80e18c7b0146/uk.representclo.com/cdn/shop/files/TEVjtWcAdIVLdizDYELbKFYMYeIiU6yATSkLQ3sUVuY.jpg?crop=center&height=1200&v=1759938065&width=1200
https://uk.representclo.com/products/247-hooded-quarter-zip-black,247 Hooded Quarter Zip - Black,L,False,140.0,,https://scdn.speedsize.com/fbaf6506-81e1-43a2-bcc1-80e18c7b0146/uk.representclo.com/cdn/shop/files/TEVjtWcAdIVLdizDYELbKFYMYeIiU6yATSkLQ3sUVuY.jpg?crop=center&height=1200&v=1759938065&width=1200
https://uk.representclo.com/products/247-hooded-quarter-zip-black,247 Hooded Quarter Zip - Black,XL,False,140.0,,https://scdn.speedsize.com/fbaf6506-81e1-43a2-bcc1-80e18c7b0146/uk.representclo.com/cdn/shop/files/TEVjtWcAdIVLdizDYELbKFYMYeIiU6yATSkLQ3sUVuY.jpg?crop=center&height=1200&v=1759938065&width=1200
https://uk.representclo.com/products/247-hooded-quarter-zip-black,247 Hooded Quarter Zip - Black,XXL,True,140.0,,https://scdn.speedsize.com/fbaf6506-81e1-43a2-bcc1-80e18c7b0146/uk.representclo.com/cdn/shop/files/TEVjtWcAdIVLdizDYELbKFYMYeIiU6yATSkLQ3sUVuY.jpg?crop=center&height=1200&v=1759938065&width=1200
https://uk.representclo.com/products/247-hooded-training-jacket-jet-black,247 Hooded Training Jacket - Jet Black,XS,True,160.0,,https://scdn.speedsize.com/fbaf6506-81e1-43a2-bcc1-80e18c7b0146/uk.representclo.com/cdn/shop/files/T6YFLwbLcqJxnOz7vra96DTy0JE-F8etSj0AbYKpb5c.jpg?crop=center&height=1200&v=1710347776&width=1200
https://uk.representclo.com/products/247-hooded-training-jacket-jet-black,247 Hooded Training Jacket - Jet Black,S,True,160.0,,https://scdn.speedsize.com/fbaf6506-81e1-43a2-bcc1-80e18c7b0146/uk.representclo.com/cdn/shop/files/T6YFLwbLcqJxnOz7vra96DTy0JE-F8etSj0AbYKpb5c.jpg?crop=center&height=1200&v=1710347776&width=1200
https://uk.representclo.com/products/247-hooded-training-jacket-jet-black,247 Hooded Training Jacket - Jet Black,M,True,160.0,,https://scdn.speedsize.com/fbaf6506-81e1-43a2-bcc1-80e18c7b0146/uk.representclo.com/cdn/shop/files/T6YFLwbLcqJxnOz7vra96DTy0JE-F8etSj0AbYKpb5c.jpg?crop=center&height=1200&v=1710347776&width=1200
https://uk.representclo.com/products/247-hooded-training-jacket-jet-black,247 Hooded Training Jacket - Jet Black,L,True,160.0,,https://scdn.speedsize.com/fbaf6506-81e1-43a2-bcc1-80e18c7b0146/uk.representclo.com/cdn/shop/files/T6YFLwbLcqJxnOz7vra96DTy0JE-F8etSj0AbYKpb5c.jpg?crop=center&height=1200&v=1710347776&width=1200
https://uk.representclo.com/products/247-hooded-training-jacket-jet-black,247 Hooded Training Jacket - Jet Black,XL,True,160.0,,https://scdn.speedsize.com/fbaf6506-81e1-43a2-bcc1-80e18c7b0146/uk.representclo.com/cdn/shop/files/T6YFLwbLcqJxnOz7vra96DTy0JE-F8etSj0AbYKpb5c.jpg?crop=center&height=1200&v=1710347776&width=1200
https://uk.representclo.com/products/247-hooded-training-jacket-jet-black,247 Hooded Training Jacket - Jet Black,XXL,True,160.0,,https://scdn.speedsize.com/fbaf6506-81e1-43a2-bcc1-80e18c7b0146/uk.representclo.com/cdn/shop/files/T6YFLwbLcqJxnOz7vra96DTy0JE-F8etSj0AbYKpb5c.jpg?crop=center&height=1200&v=1710347776&width=1200
https://uk.representclo.com/products/247-hooded-training-jacket-ombre,247 Hooded Training Jacket - Ombre,XS,False,165.0,,https://scdn.speedsize.com/fbaf6506-81e1-43a2-bcc1-80e18c7b0146/uk.representclo.com/cdn/shop/files/7TlMg33K19zs4km7PNLGLteTRTvtFmhJM097Pf2rX_8.jpg?crop=center&height=1200&v=1740588201&width=1200
https://uk.representclo.com/products/247-hooded-training-jacket-ombre,247 Hooded Training Jacket - Ombre,S,True,165.0,,https://scdn.speedsize.com/fbaf6506-81e1-43a2-bcc1-80e18c7b0146/uk.representclo.com/cdn/shop/files/7TlMg33K19zs4km7PNLGLteTRTvtFmhJM097Pf2rX_8.jpg?crop=center&height=1200&v=1740588201&width=1200
https://uk.representclo.com/products/247-hooded-training-jacket-ombre,247 Hooded Training Jacket - Ombre,M,True,165.0,,https://scdn.speedsize.com/fbaf6506-81e1-43a2-bcc1-80e18c7b0146/uk.representclo.com/cdn/shop/files/7TlMg33K19zs4km7PNLGLteTRTvtFmhJM097Pf2rX_8.jpg?crop=center&height=1200&v=1740588201&width=1200
https://uk.representclo.com/products/247-hooded-training-jacket-ombre,247 Hooded Training Jacket - Ombre,L,True,165.0,,https://scdn.speedsize.com/fbaf6506-81e1-43a2-bcc1-80e18c7b0146/uk.representclo.com/cdn/shop/files/7TlMg33K19zs4km7PNLGLteTRTvtFmhJM097Pf2rX_8.jpg?crop=center&height=1200&v=1740588201&width=1200
https://uk.representclo.com/products/247-hooded-training-jacket-ombre,247 Hooded Training Jacket - Ombre,XL,False,165.0,,https://scdn.speedsize.com/fbaf6506-81e1-43a2-bcc1-80e18c7b0146/uk.representclo.com/cdn/shop/files/7TlMg33K19zs4km7PNLGLteTRTvtFmhJM097Pf2rX_8.jpg?crop=center&height=1200&v=1740588201&width=1200
https://uk.representclo.com/products/247-hooded-training-jacket-ombre,247 Hooded Training Jacket - Ombre,XXL,False,165.0,,https://scdn.speedsize.com/fbaf6506-81e1-43a2-bcc1-80e18c7b0146/uk.representclo.com/cdn/shop/files/7TlMg33K19zs4km7PNLGLteTRTvtFmhJM097Pf2rX_8.jpg?crop=center&height=1200&v=1740588201&width=1200
https://uk.representclo.com/products/247-hybrid-2-in-1-short-flat-white,247 Hybrid 2-In-1 Short - Flat White,XXS,False,90.0,,https://scdn.speedsize.com/fbaf6506-81e1-43a2-bcc1-80e18c7b0146/uk.representclo.com/cdn/shop/files/BQXPpO8tdvzbVvE9_Kc-IxdUb9XSkzmfwl9Csd9g5-0.jpg?crop=center&height=1200&v=1771426670&width=1200
https://uk.representclo.com/products/247-hybrid-2-in-1-short-flat-white,247 Hybrid 2-In-1 Short - Flat White,XS,False,90.0,,https://scdn.speedsize.com/fbaf6506-81e1-43a2-bcc1-80e18c7b0146/uk.representclo.com/cdn/shop/files/BQXPpO8tdvzbVvE9_Kc-IxdUb9XSkzmfwl9Csd9g5-0.jpg?crop=center&height=1200&v=1771426670&width=1200
https://uk.representclo.com/products/247-hybrid-2-in-1-short-flat-white,247 Hybrid 2-In-1 Short - Flat White,S,False,90.0,,https://scdn.speedsize.com/fbaf6506-81e1-43a2-bcc1-80e18c7b0146/uk.representclo.com/cdn/shop/files/BQXPpO8tdvzbVvE9_Kc-IxdUb9XSkzmfwl9Csd9g5-0.jpg?crop=center&height=1200&v=1771426670&width=1200
https://uk.representclo.com/products/247-hybrid-2-in-1-short-flat-white,247 Hybrid 2-In-1 Short - Flat White,M,True,90.0,,https://scdn.speedsize.com/fbaf6506-81e1-43a2-bcc1-80e18c7b0146/uk.representclo.com/cdn/shop/files/BQXPpO8tdvzbVvE9_Kc-IxdUb9XSkzmfwl9Csd9g5-0.jpg?crop=center&height=1200&v=1771426670&width=1200
https://uk.representclo.com/products/247-hybrid-2-in-1-short-flat-white,247 Hybrid 2-In-1 Short - Flat White,L,False,90.0,,https://scdn.speedsize.com/fbaf6506-81e1-43a2-bcc1-80e18c7b0146/uk.representclo.com/cdn/shop/files/BQXPpO8tdvzbVvE9_Kc-IxdUb9XSkzmfwl9Csd9g5-0.jpg?crop=center&height=1200&v=1771426670&width=1200
https://uk.representclo.com/products/247-hybrid-2-in-1-short-flat-white,247 Hybrid 2-In-1 Short - Flat White,XL,False,90.0,,https://scdn.speedsize.com/fbaf6506-81e1-43a2-bcc1-80e18c7b0146/uk.representclo.com/cdn/shop/files/BQXPpO8tdvzbVvE9_Kc-IxdUb9XSkzmfwl9Csd9g5-0.jpg?crop=center&height=1200&v=1771426670&width=1200
https://uk.representclo.com/products/247-hybrid-2-in-1-short-flat-white,247 Hybrid 2-In-1 Short - Flat White,XXL,True,90.0,,https://scdn.speedsize.com/fbaf6506-81e1-43a2-bcc1-80e18c7b0146/uk.representclo.com/cdn/shop/files/BQXPpO8tdvzbVvE9_Kc-IxdUb9XSkzmfwl9Csd9g5-0.jpg?crop=center&height=1200&v=1771426670&width=1200
https://uk.representclo.com/products/247-hybrid-2-in-1-short-jet-black,247 Hybrid 2-In-1 Short - Jet Black,XXS,False,90.0,,https://scdn.speedsize.com/fbaf6506-81e1-43a2-bcc1-80e18c7b0146/uk.representclo.com/cdn/shop/files/FYIhOgoXwggfdL5FkR3S_7Ix2cN9xZnbv_o-HNc3E1Q.jpg?crop=center&height=1200&v=1771426701&width=1200
https://uk.representclo.com/products/247-hybrid-2-in-1-short-jet-black,247 Hybrid 2-In-1 Short - Jet Black,XS,False,90.0,,https://scdn.speedsize.com/fbaf6506-81e1-43a2-bcc1-80e18c7b0146/uk.representclo.com/cdn/shop/files/FYIhOgoXwggfdL5FkR3S_7Ix2cN9xZnbv_o-HNc3E1Q.jpg?crop=center&height=1200&v=1771426701&width=1200
https://uk.representclo.com/products/247-hybrid-2-in-1-short-jet-black,247 Hybrid 2-In-1 Short - Jet Black,S,False,90.0,,https://scdn.speedsize.com/fbaf6506-81e1-43a2-bcc1-80e18c7b0146/uk.representclo.com/cdn/shop/files/FYIhOgoXwggfdL5FkR3S_7Ix2cN9xZnbv_o-HNc3E1Q.jpg?crop=center&height=1200&v=1771426701&width=1200
https://uk.representclo.com/products/247-hybrid-2-in-1-short-jet-black,247 Hybrid 2-In-1 Short - Jet Black,M,False,90.0,,https://scdn.speedsize.com/fbaf6506-81e1-43a2-bcc1-80e18c7b0146/uk.representclo.com/cdn/shop/files/FYIhOgoXwggfdL5FkR3S_7Ix2cN9xZnbv_o-HNc3E1Q.jpg?crop=center&height=1200&v=1771426701&width=1200
https://uk.representclo.com/products/247-hybrid-2-in-1-short-jet-black,247 Hybrid 2-In-1 Short - Jet Black,L,False,90.0,,https://scdn.speedsize.com/fbaf6506-81e1-43a2-bcc1-80e18c7b0146/uk.representclo.com/cdn/shop/files/FYIhOgoXwggfdL5FkR3S_7Ix2cN9xZnbv_o-HNc3E1Q.jpg?crop=center&height=1200&v=1771426701&width=1200
https://uk.representclo.com/products/247-hybrid-2-in-1-short-jet-black,247 Hybrid 2-In-1 Short - Jet Black,XL,False,90.0,,https://scdn.speedsize.com/fbaf6506-81e1-43a2-bcc1-80e18c7b0146/uk.representclo.com/cdn/shop/files/FYIhOgoXwggfdL5FkR3S_7Ix2cN9xZnbv_o-HNc3E1Q.jpg?crop=center&height=1200&v=1771426701&width=1200
https://uk.representclo.com/products/247-hybrid-2-in-1-short-jet-black,247 Hybrid 2-In-1 Short - Jet Black,XXL,True,90.0,,https://scdn.speedsize.com/fbaf6506-81e1-43a2-bcc1-80e18c7b0146/uk.representclo.com/cdn/shop/files/FYIhOgoXwggfdL5FkR3S_7Ix2cN9xZnbv_o-HNc3E1Q.jpg?crop=center&height=1200&v=1771426701&width=1200
https://uk.representclo.com/products/247-hybrid-2-in-1-short-racing-red,247 Hybrid 2-In-1 Short - Racing Red,XXS,False,90.0,,https://scdn.speedsize.com/fbaf6506-81e1-43a2-bcc1-80e18c7b0146/uk.representclo.com/cdn/shop/files/5xoqSEvuqbzcYNQFtC8Ms8b2IeS8DaxaW5-sf2DBciw.jpg?crop=center&height=1200&v=1771426732&width=1200
https://uk.representclo.com/products/247-hybrid-2-in-1-short-racing-red,247 Hybrid 2-In-1 Short - Racing Red,XS,False,90.0,,https://scdn.speedsize.com/fbaf6506-81e1-43a2-bcc1-80e18c7b0146/uk.representclo.com/cdn/shop/files/5xoqSEvuqbzcYNQFtC8Ms8b2IeS8DaxaW5-sf2DBciw.jpg?crop=center&height=1200&v=1771426732&width=1200
https://uk.representclo.com/products/247-hybrid-2-in-1-short-racing-red,247 Hybrid 2-In-1 Short - Racing Red,S,False,90.0,,https://scdn.speedsize.com/fbaf6506-81e1-43a2-bcc1-80e18c7b0146/uk.representclo.com/cdn/shop/files/5xoqSEvuqbzcYNQFtC8Ms8b2IeS8DaxaW5-sf2DBciw.jpg?crop=center&height=1200&v=1771426732&width=1200
https://uk.representclo.com/products/247-hybrid-2-in-1-short-racing-red,247 Hybrid 2-In-1 Short - Racing Red,M,False,90.0,,https://scdn.speedsize.com/fbaf6506-81e1-43a2-bcc1-80e18c7b0146/uk.representclo.com/cdn/shop/files/5xoqSEvuqbzcYNQFtC8Ms8b2IeS8DaxaW5-sf2DBciw.jpg?crop=center&height=1200&v=1771426732&width=1200
https://uk.representclo.com/products/247-hybrid-2-in-1-short-racing-red,247 Hybrid 2-In-1 Short - Racing Red,L,False,90.0,,https://scdn.speedsize.com/fbaf6506-81e1-43a2-bcc1-80e18c7b0146/uk.representclo.com/cdn/shop/files/5xoqSEvuqbzcYNQFtC8Ms8b2IeS8DaxaW5-sf2DBciw.jpg?crop=center&height=1200&v=1771426732&width=1200
https://uk.representclo.com/products/247-hybrid-2-in-1-short-racing-red,247 Hybrid 2-In-1 Short - Racing Red,XL,False,90.0,,https://scdn.speedsize.com/fbaf6506-81e1-43a2-bcc1-80e18c7b0146/uk.representclo.com/cdn/shop/files/5xoqSEvuqbzcYNQFtC8Ms8b2IeS8DaxaW5-sf2DBciw.jpg?crop=center&height=1200&v=1771426732&width=1200
https://uk.representclo.com/products/247-hybrid-2-in-1-short-racing-red,247 Hybrid 2-In-1 Short - Racing Red,XXL,True,90.0,,https://scdn.speedsize.com/fbaf6506-81e1-43a2-bcc1-80e18c7b0146/uk.representclo.com/cdn/shop/files/5xoqSEvuqbzcYNQFtC8Ms8b2IeS8DaxaW5-sf2DBciw.jpg?crop=center&height=1200&v=1771426732&width=1200
https://uk.representclo.com/products/247-hybrid-running-shell-jet-black,247 Hybrid Running Shell - Jet Black,XXS,False,200.0,,https://scdn.speedsize.com/fbaf6506-81e1-43a2-bcc1-80e18c7b0146/uk.representclo.com/cdn/shop/files/gVTW9TnqGJflPLhgRX3BrWcYNvUzWE5H091cKhmgV_c.jpg?crop=center&height=1200&v=1785506561&width=1200
https://uk.representclo.com/products/247-hybrid-running-shell-jet-black,247 Hybrid Running Shell - Jet Black,XS,True,200.0,,https://scdn.speedsize.com/fbaf6506-81e1-43a2-bcc1-80e18c7b0146/uk.representclo.com/cdn/shop/files/gVTW9TnqGJflPLhgRX3BrWcYNvUzWE5H091cKhmgV_c.jpg?crop=center&height=1200&v=1785506561&width=1200
https://uk.representclo.com/products/247-hybrid-running-shell-jet-black,247 Hybrid Running Shell - Jet Black,S,True,200.0,,https://scdn.speedsize.com/fbaf6506-81e1-43a2-bcc1-80e18c7b0146/uk.representclo.com/cdn/shop/files/gVTW9TnqGJflPLhgRX3BrWcYNvUzWE5H091cKhmgV_c.jpg?crop=center&height=1200&v=1785506561&width=1200
https://uk.representclo.com/products/247-hybrid-running-shell-jet-black,247 Hybrid Running Shell - Jet Black,M,True,200.0,,https://scdn.speedsize.com/fbaf6506-81e1-43a2-bcc1-80e18c7b0146/uk.representclo.com/cdn/shop/files/gVTW9TnqGJflPLhgRX3BrWcYNvUzWE5H091cKhmgV_c.jpg?crop=center&height=1200&v=1785506561&width=1200
https://uk.representclo.com/products/247-hybrid-running-shell-jet-black,247 Hybrid Running Shell - Jet Black,L,True,200.0,,https://scdn.speedsize.com/fbaf6506-81e1-43a2-bcc1-80e18c7b0146/uk.representclo.com/cdn/shop/files/gVTW9TnqGJflPLhgRX3BrWcYNvUzWE5H091cKhmgV_c.jpg?crop=center&height=1200&v=1785506561&width=1200
https://uk.representclo.com/products/247-hybrid-running-shell-jet-black,247 Hybrid Running Shell - Jet Black,XL,True,200.0,,https://scdn.speedsize.com/fbaf6506-81e1-43a2-bcc1-80e18c7b0146/uk.representclo.com/cdn/shop/files/gVTW9TnqGJflPLhgRX3BrWcYNvUzWE5H091cKhmgV_c.jpg?crop=center&height=1200&v=1785506561&width=1200
https://uk.representclo.com/products/247-hybrid-running-shell-jet-black,247 Hybrid Running Shell - Jet Black,XXL,True,200.0,,https://scdn.speedsize.com/fbaf6506-81e1-43a2-bcc1-80e18c7b0146/uk.representclo.com/cdn/shop/files/gVTW9TnqGJflPLhgRX3BrWcYNvUzWE5H091cKhmgV_c.jpg?crop=center&height=1200&v=1785506561&width=1200
https://uk.representclo.com/products/247-hybrid-t-shirt-black-fade-out,247 Hybrid T-Shirt - Black Fade Out,XXS,False,85.0,,https://scdn.speedsize.com/fbaf6506-81e1-43a2-bcc1-80e18c7b0146/uk.representclo.com/cdn/shop/files/CEIbc6iLROlFFZlsZGMmQsvdiLW_JoTH-TEPF2O8P9o.jpg?crop=center&height=1200&v=1771426762&width=1200
https://uk.representclo.com/products/247-hybrid-t-shirt-black-fade-out,247 Hybrid T-Shirt - Black Fade Out,XS,True,85.0,,https://scdn.speedsize.com/fbaf6506-81e1-43a2-bcc1-80e18c7b0146/uk.representclo.com/cdn/shop/files/CEIbc6iLROlFFZlsZGMmQsvdiLW_JoTH-TEPF2O8P9o.jpg?crop=center&height=1200&v=1771426762&width=1200
https://uk.representclo.com/products/247-hybrid-t-shirt-black-fade-out,247 Hybrid T-Shirt - Black Fade Out,S,True,85.0,,https://scdn.speedsize.com/fbaf6506-81e1-43a2-bcc1-80e18c7b0146/uk.representclo.com/cdn/shop/files/CEIbc6iLROlFFZlsZGMmQsvdiLW_JoTH-TEPF2O8P9o.jpg?crop=center&height=1200&v=1771426762&width=1200
https://uk.representclo.com/products/247-hybrid-t-shirt-black-fade-out,247 Hybrid T-Shirt - Black Fade Out,M,True,85.0,,https://scdn.speedsize.com/fbaf6506-81e1-43a2-bcc1-80e18c7b0146/uk.representclo.com/cdn/shop/files/CEIbc6iLROlFFZlsZGMmQsvdiLW_JoTH-TEPF2O8P9o.jpg?crop=center&height=1200&v=1771426762&width=1200
https://uk.representclo.com/products/247-hybrid-t-shirt-black-fade-out,247 Hybrid T-Shirt - Black Fade Out,L,True,85.0,,https://scdn.speedsize.com/fbaf6506-81e1-43a2-bcc1-80e18c7b0146/uk.representclo.com/cdn/shop/files/CEIbc6iLROlFFZlsZGMmQsvdiLW_JoTH-TEPF2O8P9o.jpg?crop=center&height=1200&v=1771426762&width=1200
https://uk.representclo.com/products/247-hybrid-t-shirt-black-fade-out,247 Hybrid T-Shirt - Black Fade Out,XL,False,85.0,,https://scdn.speedsize.com/fbaf6506-81e1-43a2-bcc1-80e18c7b0146/uk.representclo.com/cdn/shop/files/CEIbc6iLROlFFZlsZGMmQsvdiLW_JoTH-TEPF2O8P9o.jpg?crop=center&height=1200&v=1771426762&width=1200
https://uk.representclo.com/products/247-hybrid-t-shirt-black-fade-out,247 Hybrid T-Shirt - Black Fade Out,XXL,False,85.0,,https://scdn.speedsize.com/fbaf6506-81e1-43a2-bcc1-80e18c7b0146/uk.representclo.com/cdn/shop/files/CEIbc6iLROlFFZlsZGMmQsvdiLW_JoTH-TEPF2O8P9o.jpg?crop=center&height=1200&v=1771426762&width=1200
https://uk.representclo.com/products/247-hybrid-t-shirt-glacier-fade-out,247 Hybrid T-Shirt - Glacier Fade Out,XXS,False,85.0,,https://scdn.speedsize.com/fbaf6506-81e1-43a2-bcc1-80e18c7b0146/uk.representclo.com/cdn/shop/files/ulZoaI9Mr6QG59Fdnj3UHOu7a0Lw_uVX8_jOJHUE84s.jpg?crop=center&height=1200&v=1771426798&width=1200
https://uk.representclo.com/products/247-hybrid-t-shirt-glacier-fade-out,247 Hybrid T-Shirt - Glacier Fade Out,XS,False,85.0,,https://scdn.speedsize.com/fbaf6506-81e1-43a2-bcc1-80e18c7b0146/uk.representclo.com/cdn/shop/files/ulZoaI9Mr6QG59Fdnj3UHOu7a0Lw_uVX8_jOJHUE84s.jpg?crop=center&height=1200&v=1771426798&width=1200
https://uk.representclo.com/products/247-hybrid-t-shirt-glacier-fade-out,247 Hybrid T-Shirt - Glacier Fade Out,S,True,85.0,,https://scdn.speedsize.com/fbaf6506-81e1-43a2-bcc1-80e18c7b0146/uk.representclo.com/cdn/shop/files/ulZoaI9Mr6QG59Fdnj3UHOu7a0Lw_uVX8_jOJHUE84s.jpg?crop=center&height=1200&v=1771426798&width=1200
https://uk.representclo.com/products/247-hybrid-t-shirt-glacier-fade-out,247 Hybrid T-Shirt - Glacier Fade Out,M,True,85.0,,https://scdn.speedsize.com/fbaf6506-81e1-43a2-bcc1-80e18c7b0146/uk.representclo.com/cdn/shop/files/ulZoaI9Mr6QG59Fdnj3UHOu7a0Lw_uVX8_jOJHUE84s.jpg?crop=center&height=1200&v=1771426798&width=1200
https://uk.representclo.com/products/247-hybrid-t-shirt-glacier-fade-out,247 Hybrid T-Shirt - Glacier Fade Out,L,True,85.0,,https://scdn.speedsize.com/fbaf6506-81e1-43a2-bcc1-80e18c7b0146/uk.representclo.com/cdn/shop/files/ulZoaI9Mr6QG59Fdnj3UHOu7a0Lw_uVX8_jOJHUE84s.jpg?crop=center&height=1200&v=1771426798&width=1200
https://uk.representclo.com/products/247-hybrid-t-shirt-glacier-fade-out,247 Hybrid T-Shirt - Glacier Fade Out,XL,True,85.0,,https://scdn.speedsize.com/fbaf6506-81e1-43a2-bcc1-80e18c7b0146/uk.representclo.com/cdn/shop/files/ulZoaI9Mr6QG59Fdnj3UHOu7a0Lw_uVX8_jOJHUE84s.jpg?crop=center&height=1200&v=1771426798&width=1200
https://uk.representclo.com/products/247-hybrid-t-shirt-glacier-fade-out,247 Hybrid T-Shirt - Glacier Fade Out,XXL,False,85.0,,https://scdn.speedsize.com/fbaf6506-81e1-43a2-bcc1-80e18c7b0146/uk.representclo.com/cdn/shop/files/ulZoaI9Mr6QG59Fdnj3UHOu7a0Lw_uVX8_jOJHUE84s.jpg?crop=center&height=1200&v=1771426798&width=1200
https://uk.representclo.com/products/247-hybrid-t-shirt-red-fade-out,247 Hybrid T-Shirt - Red Fade Out,XXS,False,85.0,,https://scdn.speedsize.com/fbaf6506-81e1-43a2-bcc1-80e18c7b0146/uk.representclo.com/cdn/shop/files/J2ZjFxNIAQTln6R9A2IvwCtGEVg8HdbV0W6cq1ohc00.jpg?crop=center&height=1200&v=1771426833&width=1200
https://uk.representclo.com/products/247-hybrid-t-shirt-red-fade-out,247 Hybrid T-Shirt - Red Fade Out,XS,True,85.0,,https://scdn.speedsize.com/fbaf6506-81e1-43a2-bcc1-80e18c7b0146/uk.representclo.com/cdn/shop/files/J2ZjFxNIAQTln6R9A2IvwCtGEVg8HdbV0W6cq1ohc00.jpg?crop=center&height=1200&v=1771426833&width=1200
https://uk.representclo.com/products/247-hybrid-t-shirt-red-fade-out,247 Hybrid T-Shirt - Red Fade Out,S,True,85.0,,https://scdn.speedsize.com/fbaf6506-81e1-43a2-bcc1-80e18c7b0146/uk.representclo.com/cdn/shop/files/J2ZjFxNIAQTln6R9A2IvwCtGEVg8HdbV0W6cq1ohc00.jpg?crop=center&height=1200&v=1771426833&width=1200
https://uk.representclo.com/products/247-hybrid-t-shirt-red-fade-out,247 Hybrid T-Shirt - Red Fade Out,M,True,85.0,,https://scdn.speedsize.com/fbaf6506-81e1-43a2-bcc1-80e18c7b0146/uk.representclo.com/cdn/shop/files/J2ZjFxNIAQTln6R9A2IvwCtGEVg8HdbV0W6cq1ohc00.jpg?crop=center&height=1200&v=1771426833&width=1200
https://uk.representclo.com/products/247-hybrid-t-shirt-red-fade-out,247 Hybrid T-Shirt - Red Fade Out,L,True,85.0,,https://scdn.speedsize.com/fbaf6506-81e1-43a2-bcc1-80e18c7b0146/uk.representclo.com/cdn/shop/files/J2ZjFxNIAQTln6R9A2IvwCtGEVg8HdbV0W6cq1ohc00.jpg?crop=center&height=1200&v=1771426833&width=1200
https://uk.representclo.com/products/247-hybrid-t-shirt-red-fade-out,247 Hybrid T-Shirt - Red Fade Out,XL,True,85.0,,https://scdn.speedsize.com/fbaf6506-81e1-43a2-bcc1-80e18c7b0146/uk.representclo.com/cdn/shop/files/J2ZjFxNIAQTln6R9A2IvwCtGEVg8HdbV0W6cq1ohc00.jpg?crop=center&height=1200&v=1771426833&width=1200
https://uk.representclo.com/products/247-hybrid-t-shirt-red-fade-out,247 Hybrid T-Shirt - Red Fade Out,XXL,False,85.0,,https://scdn.speedsize.com/fbaf6506-81e1-43a2-bcc1-80e18c7b0146/uk.representclo.com/cdn/shop/files/J2ZjFxNIAQTln6R9A2IvwCtGEVg8HdbV0W6cq1ohc00.jpg?crop=center&height=1200&v=1771426833&width=1200
https://uk.representclo.com/products/247-hybrid-tank-black-fade-out,247 Hybrid Tank - Black Fade Out,XXS,False,80.0,,https://scdn.speedsize.com/fbaf6506-81e1-43a2-bcc1-80e18c7b0146/uk.representclo.com/cdn/shop/files/9fLqW2zZLtzq8JWWfNMrV1-Qs1SJzL59z4qxmOJr2yk.jpg?crop=center&height=1200&v=1771427593&width=1200
https://uk.representclo.com/products/247-hybrid-tank-black-fade-out,247 Hybrid Tank - Black Fade Out,XS,True,80.0,,https://scdn.speedsize.com/fbaf6506-81e1-43a2-bcc1-80e18c7b0146/uk.representclo.com/cdn/shop/files/9fLqW2zZLtzq8JWWfNMrV1-Qs1SJzL59z4qxmOJr2yk.jpg?crop=center&height=1200&v=1771427593&width=1200
https://uk.representclo.com/products/247-hybrid-tank-black-fade-out,247 Hybrid Tank - Black Fade Out,S,False,80.0,,https://scdn.speedsize.com/fbaf6506-81e1-43a2-bcc1-80e18c7b0146/uk.representclo.com/cdn/shop/files/9fLqW2zZLtzq8JWWfNMrV1-Qs1SJzL59z4qxmOJr2yk.jpg?crop=center&height=1200&v=1771427593&width=1200
https://uk.representclo.com/products/247-hybrid-tank-black-fade-out,247 Hybrid Tank - Black Fade Out,M,False,80.0,,https://scdn.speedsize.com/fbaf6506-81e1-43a2-bcc1-80e18c7b0146/uk.representclo.com/cdn/shop/files/9fLqW2zZLtzq8JWWfNMrV1-Qs1SJzL59z4qxmOJr2yk.jpg?crop=center&height=1200&v=1771427593&width=1200
https://uk.representclo.com/products/247-hybrid-tank-black-fade-out,247 Hybrid Tank - Black Fade Out,L,False,80.0,,https://scdn.speedsize.com/fbaf6506-81e1-43a2-bcc1-80e18c7b0146/uk.representclo.com/cdn/shop/files/9fLqW2zZLtzq8JWWfNMrV1-Qs1SJzL59z4qxmOJr2yk.jpg?crop=center&height=1200&v=1771427593&width=1200
https://uk.representclo.com/products/247-hybrid-tank-black-fade-out,247 Hybrid Tank - Black Fade Out,XL,False,80.0,,https://scdn.speedsize.com/fbaf6506-81e1-43a2-bcc1-80e18c7b0146/uk.representclo.com/cdn/shop/files/9fLqW2zZLtzq8JWWfNMrV1-Qs1SJzL59z4qxmOJr2yk.jpg?crop=center&height=1200&v=1771427593&width=1200
https://uk.representclo.com/products/247-hybrid-tank-black-fade-out,247 Hybrid Tank - Black Fade Out,XXL,False,80.0,,https://scdn.speedsize.com/fbaf6506-81e1-43a2-bcc1-80e18c7b0146/uk.representclo.com/cdn/shop/files/9fLqW2zZLtzq8JWWfNMrV1-Qs1SJzL59z4qxmOJr2yk.jpg?crop=center&height=1200&v=1771427593&width=1200
https://uk.representclo.com/products/247-hybrid-tank-glacier-fade-out,247 Hybrid Tank - Glacier Fade Out,XXS,False,80.0,,https://scdn.speedsize.com/fbaf6506-81e1-43a2-bcc1-80e18c7b0146/uk.representclo.com/cdn/shop/files/1E3iXUsBY_moqkmzmzoZthMe-dLYskcOEU2JZhU3GT0.jpg?crop=center&height=1200&v=1771427594&width=1200
https://uk.representclo.com/products/247-hybrid-tank-glacier-fade-out,247 Hybrid Tank - Glacier Fade Out,XS,True,80.0,,https://scdn.speedsize.com/fbaf6506-81e1-43a2-bcc1-80e18c7b0146/uk.representclo.com/cdn/shop/files/1E3iXUsBY_moqkmzmzoZthMe-dLYskcOEU2JZhU3GT0.jpg?crop=center&height=1200&v=1771427594&width=1200
https://uk.representclo.com/products/247-hybrid-tank-glacier-fade-out,247 Hybrid Tank - Glacier Fade Out,S,True,80.0,,https://scdn.speedsize.com/fbaf6506-81e1-43a2-bcc1-80e18c7b0146/uk.representclo.com/cdn/shop/files/1E3iXUsBY_moqkmzmzoZthMe-dLYskcOEU2JZhU3GT0.jpg?crop=center&height=1200&v=1771427594&width=1200
https://uk.representclo.com/products/247-hybrid-tank-glacier-fade-out,247 Hybrid Tank - Glacier Fade Out,M,True,80.0,,https://scdn.speedsize.com/fbaf6506-81e1-43a2-bcc1-80e18c7b0146/uk.representclo.com/cdn/shop/files/1E3iXUsBY_moqkmzmzoZthMe-dLYskcOEU2JZhU3GT0.jpg?crop=center&height=1200&v=1771427594&width=1200
https://uk.representclo.com/products/247-hybrid-tank-glacier-fade-out,247 Hybrid Tank - Glacier Fade Out,L,False,80.0,,https://scdn.speedsize.com/fbaf6506-81e1-43a2-bcc1-80e18c7b0146/uk.representclo.com/cdn/shop/files/1E3iXUsBY_moqkmzmzoZthMe-dLYskcOEU2JZhU3GT0.jpg?crop=center&height=1200&v=1771427594&width=1200
https://uk.representclo.com/products/247-hybrid-tank-glacier-fade-out,247 Hybrid Tank - Glacier Fade Out,XL,False,80.0,,https://scdn.speedsize.com/fbaf6506-81e1-43a2-bcc1-80e18c7b0146/uk.representclo.com/cdn/shop/files/1E3iXUsBY_moqkmzmzoZthMe-dLYskcOEU2JZhU3GT0.jpg?crop=center&height=1200&v=1771427594&width=1200
https://uk.representclo.com/products/247-hybrid-tank-glacier-fade-out,247 Hybrid Tank - Glacier Fade Out,XXL,False,80.0,,https://scdn.speedsize.com/fbaf6506-81e1-43a2-bcc1-80e18c7b0146/uk.representclo.com/cdn/shop/files/1E3iXUsBY_moqkmzmzoZthMe-dLYskcOEU2JZhU3GT0.jpg?crop=center&height=1200&v=1771427594&width=1200
https://uk.representclo.com/products/247-hybrid-tank-red-fade-out,247 Hybrid Tank - Red Fade Out,XXS,False,80.0,,https://scdn.speedsize.com/fbaf6506-81e1-43a2-bcc1-80e18c7b0146/uk.representclo.com/cdn/shop/files/diZ9JzlOAWZMV_qPKqC3Lt879Eer4JgNJatddarS2JI.jpg?crop=center&height=1200&v=1771427593&width=1200
https://uk.representclo.com/products/247-hybrid-tank-red-fade-out,247 Hybrid Tank - Red Fade Out,XS,True,80.0,,https://scdn.speedsize.com/fbaf6506-81e1-43a2-bcc1-80e18c7b0146/uk.representclo.com/cdn/shop/files/diZ9JzlOAWZMV_qPKqC3Lt879Eer4JgNJatddarS2JI.jpg?crop=center&height=1200&v=1771427593&width=1200
https://uk.representclo.com/products/247-hybrid-tank-red-fade-out,247 Hybrid Tank - Red Fade Out,S,True,80.0,,https://scdn.speedsize.com/fbaf6506-81e1-43a2-bcc1-80e18c7b0146/uk.representclo.com/cdn/shop/files/diZ9JzlOAWZMV_qPKqC3Lt879Eer4JgNJatddarS2JI.jpg?crop=center&height=1200&v=1771427593&width=1200
https://uk.representclo.com/products/247-hybrid-tank-red-fade-out,247 Hybrid Tank - Red Fade Out,M,False,80.0,,https://scdn.speedsize.com/fbaf6506-81e1-43a2-bcc1-80e18c7b0146/uk.representclo.com/cdn/shop/files/diZ9JzlOAWZMV_qPKqC3Lt879Eer4JgNJatddarS2JI.jpg?crop=center&height=1200&v=1771427593&width=1200
https://uk.representclo.com/products/247-hybrid-tank-red-fade-out,247 Hybrid Tank - Red Fade Out,L,False,80.0,,https://scdn.speedsize.com/fbaf6506-81e1-43a2-bcc1-80e18c7b0146/uk.representclo.com/cdn/shop/files/diZ9JzlOAWZMV_qPKqC3Lt879Eer4JgNJatddarS2JI.jpg?crop=center&height=1200&v=1771427593&width=1200
https://uk.representclo.com/products/247-hybrid-tank-red-fade-out,247 Hybrid Tank - Red Fade Out,XL,False,80.0,,https://scdn.speedsize.com/fbaf6506-81e1-43a2-bcc1-80e18c7b0146/uk.representclo.com/cdn/shop/files/diZ9JzlOAWZMV_qPKqC3Lt879Eer4JgNJatddarS2JI.jpg?crop=center&height=1200&v=1771427593&width=1200
https://uk.representclo.com/products/247-hybrid-tank-red-fade-out,247 Hybrid Tank - Red Fade Out,XXL,False,80.0,,https://scdn.speedsize.com/fbaf6506-81e1-43a2-bcc1-80e18c7b0146/uk.representclo.com/cdn/shop/files/diZ9JzlOAWZMV_qPKqC3Lt879Eer4JgNJatddarS2JI.jpg?crop=center&height=1200&v=1771427593&width=1200
https://uk.representclo.com/products/247-hydration-belt-black,247 Hydration Belt - Black,One Size,False,70.0,,https://scdn.speedsize.com/fbaf6506-81e1-43a2-bcc1-80e18c7b0146/uk.representclo.com/cdn/shop/files/yvH2c7Ui43MUVqfqzYMrfLaaNUPdk2hBZRGAc2TTwBc.jpg?crop=center&height=1200&v=1740588232&width=1200
https://uk.representclo.com/products/247-hydration-phone-case-black,247 Hydration Phone Case - Black,One Size,True,40.0,,https://scdn.speedsize.com/fbaf6506-81e1-43a2-bcc1-80e18c7b0146/uk.representclo.com/cdn/shop/files/4yrGp_R1cUJpasZstk98eApCSZE_lbInhlAEM9wqfaI.jpg?crop=center&height=1200&v=1756198557&width=1200
https://uk.representclo.com/products/247-knitted-snood-black,247 Knitted Snood - Black,One Size,False,55.0,,https://scdn.speedsize.com/fbaf6506-81e1-43a2-bcc1-80e18c7b0146/uk.representclo.com/cdn/shop/files/0006_247_BLACK_SCARF_copy.jpg?crop=center&height=1200&v=1729242830&width=1200
https://uk.representclo.com/products/247-logo-socks-black,247 Logo Socks - Black,One Size,True,15.0,,https://scdn.speedsize.com/fbaf6506-81e1-43a2-bcc1-80e18c7b0146/uk.representclo.com/cdn/shop/files/TCTrdbVb71eYOiczFjnbbknnDOLi7GcW3whdCSTUFwU.jpg?crop=center&height=1200&v=1710348146&width=1200
https://uk.representclo.com/products/247-logo-socks-white,247 Logo Socks - White,One Size,True,15.0,,https://scdn.speedsize.com/fbaf6506-81e1-43a2-bcc1-80e18c7b0146/uk.representclo.com/cdn/shop/files/pEetq7rMwWKhdfzDKdcBXdE0niTTghOu3TEhHtFEs4A.jpg?crop=center&height=1200&v=1710348142&width=1200
https://uk.representclo.com/products/247-logo-wrist-bands-black,247 Logo Wrist Bands - Black,One Size,True,20.0,,https://scdn.speedsize.com/fbaf6506-81e1-43a2-bcc1-80e18c7b0146/uk.representclo.com/cdn/shop/files/D1FJc5G36Zm1pyRkfUvRN1c-tSn_sco8zyGIH_UwU7U.jpg?crop=center&height=1200&v=1710347844&width=1200
https://uk.representclo.com/products/247-london-26-cap-vintage-grey,247 London Cap - Vintage Grey,One Size,False,45.0,,https://scdn.speedsize.com/fbaf6506-81e1-43a2-bcc1-80e18c7b0146/uk.representclo.com/cdn/shop/files/EIIgLAiqc3-mD4jixOuykyqqbKDW71jUrhrI0doCjJI.jpg?crop=center&height=1200&v=1776678119&width=1200
https://uk.representclo.com/products/247-london-26-half-tight-vintage-grey,247 London Half Tight - Vintage Grey,XS,False,90.0,,https://scdn.speedsize.com/fbaf6506-81e1-43a2-bcc1-80e18c7b0146/uk.representclo.com/cdn/shop/files/ypAA2R9iSsaw91q0Xu9A-S-XD5jHItofBvXEgMUh_KY.jpg?crop=center&height=1200&v=1776678140&width=1200
https://uk.representclo.com/products/247-london-26-half-tight-vintage-grey,247 London Half Tight - Vintage Grey,S,False,90.0,,https://scdn.speedsize.com/fbaf6506-81e1-43a2-bcc1-80e18c7b0146/uk.representclo.com/cdn/shop/files/ypAA2R9iSsaw91q0Xu9A-S-XD5jHItofBvXEgMUh_KY.jpg?crop=center&height=1200&v=1776678140&width=1200
https://uk.representclo.com/products/247-london-26-half-tight-vintage-grey,247 London Half Tight - Vintage Grey,M,True,90.0,,https://scdn.speedsize.com/fbaf6506-81e1-43a2-bcc1-80e18c7b0146/uk.representclo.com/cdn/shop/files/ypAA2R9iSsaw91q0Xu9A-S-XD5jHItofBvXEgMUh_KY.jpg?crop=center&height=1200&v=1776678140&width=1200
https://uk.representclo.com/products/247-london-26-half-tight-vintage-grey,247 London Half Tight - Vintage Grey,L,False,90.0,,https://scdn.speedsize.com/fbaf6506-81e1-43a2-bcc1-80e18c7b0146/uk.representclo.com/cdn/shop/files/ypAA2R9iSsaw91q0Xu9A-S-XD5jHItofBvXEgMUh_KY.jpg?crop=center&height=1200&v=1776678140&width=1200
https://uk.representclo.com/products/247-london-26-half-tight-vintage-grey,247 London Half Tight - Vintage Grey,XL,False,90.0,,https://scdn.speedsize.com/fbaf6506-81e1-43a2-bcc1-80e18c7b0146/uk.representclo.com/cdn/shop/files/ypAA2R9iSsaw91q0Xu9A-S-XD5jHItofBvXEgMUh_KY.jpg?crop=center&height=1200&v=1776678140&width=1200
https://uk.representclo.com/products/247-london-26-half-tight-vintage-grey,247 London Half Tight - Vintage Grey,XXL,True,90.0,,https://scdn.speedsize.com/fbaf6506-81e1-43a2-bcc1-80e18c7b0146/uk.representclo.com/cdn/shop/files/ypAA2R9iSsaw91q0Xu9A-S-XD5jHItofBvXEgMUh_KY.jpg?crop=center&height=1200&v=1776678140&width=1200
https://uk.representclo.com/products/247-london-26-hoodie-aged-grey,247 London Hoodie - Aged Grey,XS,False,145.0,,https://scdn.speedsize.com/fbaf6506-81e1-43a2-bcc1-80e18c7b0146/uk.representclo.com/cdn/shop/files/eskM6RGQZfZceh-pIc6UEAmyI9EoMJgrA3H6bIZVFxs.jpg?crop=center&height=1200&v=1776678182&width=1200
https://uk.representclo.com/products/247-london-26-hoodie-aged-grey,247 London Hoodie - Aged Grey,S,False,145.0,,https://scdn.speedsize.com/fbaf6506-81e1-43a2-bcc1-80e18c7b0146/uk.representclo.com/cdn/shop/files/eskM6RGQZfZceh-pIc6UEAmyI9EoMJgrA3H6bIZVFxs.jpg?crop=center&height=1200&v=1776678182&width=1200
https://uk.representclo.com/products/247-london-26-hoodie-aged-grey,247 London Hoodie - Aged Grey,M,False,145.0,,https://scdn.speedsize.com/fbaf6506-81e1-43a2-bcc1-80e18c7b0146/uk.representclo.com/cdn/shop/files/eskM6RGQZfZceh-pIc6UEAmyI9EoMJgrA3H6bIZVFxs.jpg?crop=center&height=1200&v=1776678182&width=1200
https://uk.representclo.com/products/247-london-26-hoodie-aged-grey,247 London Hoodie - Aged Grey,L,True,145.0,,https://scdn.speedsize.com/fbaf6506-81e1-43a2-bcc1-80e18c7b0146/uk.representclo.com/cdn/shop/files/eskM6RGQZfZceh-pIc6UEAmyI9EoMJgrA3H6bIZVFxs.jpg?crop=center&height=1200&v=1776678182&width=1200
https://uk.representclo.com/products/247-london-26-hoodie-aged-grey,247 London Hoodie - Aged Grey,XL,False,145.0,,https://scdn.speedsize.com/fbaf6506-81e1-43a2-bcc1-80e18c7b0146/uk.representclo.com/cdn/shop/files/eskM6RGQZfZceh-pIc6UEAmyI9EoMJgrA3H6bIZVFxs.jpg?crop=center&height=1200&v=1776678182&width=1200
https://uk.representclo.com/products/247-london-26-hoodie-aged-grey,247 London Hoodie - Aged Grey,XXL,True,145.0,,https://scdn.speedsize.com/fbaf6506-81e1-43a2-bcc1-80e18c7b0146/uk.representclo.com/cdn/shop/files/eskM6RGQZfZceh-pIc6UEAmyI9EoMJgrA3H6bIZVFxs.jpg?crop=center&height=1200&v=1776678182&width=1200
https://uk.representclo.com/products/247-london-26-short-vintage-grey,247 London Short - Vintage Grey,XS,False,95.0,,https://scdn.speedsize.com/fbaf6506-81e1-43a2-bcc1-80e18c7b0146/uk.representclo.com/cdn/shop/files/bzLrFpEfgLs5RgEUKXfk-b8YyhIQytUZPHAtm2467S8.jpg?crop=center&height=1200&v=1776678228&width=1200
https://uk.representclo.com/products/247-london-26-short-vintage-grey,247 London Short - Vintage Grey,S,False,95.0,,https://scdn.speedsize.com/fbaf6506-81e1-43a2-bcc1-80e18c7b0146/uk.representclo.com/cdn/shop/files/bzLrFpEfgLs5RgEUKXfk-b8YyhIQytUZPHAtm2467S8.jpg?crop=center&height=1200&v=1776678228&width=1200
https://uk.representclo.com/products/247-london-26-short-vintage-grey,247 London Short - Vintage Grey,M,False,95.0,,https://scdn.speedsize.com/fbaf6506-81e1-43a2-bcc1-80e18c7b0146/uk.representclo.com/cdn/shop/files/bzLrFpEfgLs5RgEUKXfk-b8YyhIQytUZPHAtm2467S8.jpg?crop=center&height=1200&v=1776678228&width=1200
https://uk.representclo.com/products/247-london-26-short-vintage-grey,247 London Short - Vintage Grey,L,False,95.0,,https://scdn.speedsize.com/fbaf6506-81e1-43a2-bcc1-80e18c7b0146/uk.representclo.com/cdn/shop/files/bzLrFpEfgLs5RgEUKXfk-b8YyhIQytUZPHAtm2467S8.jpg?crop=center&height=1200&v=1776678228&width=1200
https://uk.representclo.com/products/247-london-26-short-vintage-grey,247 London Short - Vintage Grey,XL,False,95.0,,https://scdn.speedsize.com/fbaf6506-81e1-43a2-bcc1-80e18c7b0146/uk.representclo.com/cdn/shop/files/bzLrFpEfgLs5RgEUKXfk-b8YyhIQytUZPHAtm2467S8.jpg?crop=center&height=1200&v=1776678228&width=1200
https://uk.representclo.com/products/247-london-26-short-vintage-grey,247 London Short - Vintage Grey,XXL,True,95.0,,https://scdn.speedsize.com/fbaf6506-81e1-43a2-bcc1-80e18c7b0146/uk.representclo.com/cdn/shop/files/bzLrFpEfgLs5RgEUKXfk-b8YyhIQytUZPHAtm2467S8.jpg?crop=center&height=1200&v=1776678228&width=1200
https://uk.representclo.com/products/247-london-26-singlet-vintage-grey,247 London Singlet - Vintage Grey,XS,True,80.0,,https://scdn.speedsize.com/fbaf6506-81e1-43a2-bcc1-80e18c7b0146/uk.representclo.com/cdn/shop/files/ohAqWO9ejaximWN4QqnqIRhUDRreBct3wP_6DOUNXrU.jpg?crop=center&height=1200&v=1776678264&width=1200
https://uk.representclo.com/products/247-london-26-singlet-vintage-grey,247 London Singlet - Vintage Grey,S,False,80.0,,https://scdn.speedsize.com/fbaf6506-81e1-43a2-bcc1-80e18c7b0146/uk.representclo.com/cdn/shop/files/ohAqWO9ejaximWN4QqnqIRhUDRreBct3wP_6DOUNXrU.jpg?crop=center&height=1200&v=1776678264&width=1200
https://uk.representclo.com/products/247-london-26-singlet-vintage-grey,247 London Singlet - Vintage Grey,M,False,80.0,,https://scdn.speedsize.com/fbaf6506-81e1-43a2-bcc1-80e18c7b0146/uk.representclo.com/cdn/shop/files/ohAqWO9ejaximWN4QqnqIRhUDRreBct3wP_6DOUNXrU.jpg?crop=center&height=1200&v=1776678264&width=1200
https://uk.representclo.com/products/247-london-26-singlet-vintage-grey,247 London Singlet - Vintage Grey,L,False,80.0,,https://scdn.speedsize.com/fbaf6506-81e1-43a2-bcc1-80e18c7b0146/uk.representclo.com/cdn/shop/files/ohAqWO9ejaximWN4QqnqIRhUDRreBct3wP_6DOUNXrU.jpg?crop=center&height=1200&v=1776678264&width=1200
https://uk.representclo.com/products/247-london-26-singlet-vintage-grey,247 London Singlet - Vintage Grey,XL,False,80.0,,https://scdn.speedsize.com/fbaf6506-81e1-43a2-bcc1-80e18c7b0146/uk.representclo.com/cdn/shop/files/ohAqWO9ejaximWN4QqnqIRhUDRreBct3wP_6DOUNXrU.jpg?crop=center&height=1200&v=1776678264&width=1200
https://uk.representclo.com/products/247-london-26-singlet-vintage-grey,247 London Singlet - Vintage Grey,XXL,False,80.0,,https://scdn.speedsize.com/fbaf6506-81e1-43a2-bcc1-80e18c7b0146/uk.representclo.com/cdn/shop/files/ohAqWO9ejaximWN4QqnqIRhUDRreBct3wP_6DOUNXrU.jpg?crop=center&height=1200&v=1776678264&width=1200
https://uk.representclo.com/products/247-london-26-t-shirt-vintage-grey,247 London T-Shirt - Vintage Grey,XS,False,90.0,,https://scdn.speedsize.com/fbaf6506-81e1-43a2-bcc1-80e18c7b0146/uk.representclo.com/cdn/shop/files/7W2W2u_JuXhSy1M2FsqfuVj8lVG_dn6BqqdXfilCqz0.jpg?crop=center&height=1200&v=1776678346&width=1200
https://uk.representclo.com/products/247-london-26-t-shirt-vintage-grey,247 London T-Shirt - Vintage Grey,S,False,90.0,,https://scdn.speedsize.com/fbaf6506-81e1-43a2-bcc1-80e18c7b0146/uk.representclo.com/cdn/shop/files/7W2W2u_JuXhSy1M2FsqfuVj8lVG_dn6BqqdXfilCqz0.jpg?crop=center&height=1200&v=1776678346&width=1200
https://uk.representclo.com/products/247-london-26-t-shirt-vintage-grey,247 London T-Shirt - Vintage Grey,M,False,90.0,,https://scdn.speedsize.com/fbaf6506-81e1-43a2-bcc1-80e18c7b0146/uk.representclo.com/cdn/shop/files/7W2W2u_JuXhSy1M2FsqfuVj8lVG_dn6BqqdXfilCqz0.jpg?crop=center&height=1200&v=1776678346&width=1200
https://uk.representclo.com/products/247-london-26-t-shirt-vintage-grey,247 London T-Shirt - Vintage Grey,L,False,90.0,,https://scdn.speedsize.com/fbaf6506-81e1-43a2-bcc1-80e18c7b0146/uk.representclo.com/cdn/shop/files/7W2W2u_JuXhSy1M2FsqfuVj8lVG_dn6BqqdXfilCqz0.jpg?crop=center&height=1200&v=1776678346&width=1200
https://uk.representclo.com/products/247-london-26-t-shirt-vintage-grey,247 London T-Shirt - Vintage Grey,XL,False,90.0,,https://scdn.speedsize.com/fbaf6506-81e1-43a2-bcc1-80e18c7b0146/uk.representclo.com/cdn/shop/files/7W2W2u_JuXhSy1M2FsqfuVj8lVG_dn6BqqdXfilCqz0.jpg?crop=center&height=1200&v=1776678346&width=1200
https://uk.representclo.com/products/247-london-26-t-shirt-vintage-grey,247 London T-Shirt - Vintage Grey,XXL,True,90.0,,https://scdn.speedsize.com/fbaf6506-81e1-43a2-bcc1-80e18c7b0146/uk.representclo.com/cdn/shop/files/7W2W2u_JuXhSy1M2FsqfuVj8lVG_dn6BqqdXfilCqz0.jpg?crop=center&height=1200&v=1776678346&width=1200
https://uk.representclo.com/products/247-london-26-tank-vintage-grey,247 London Tank - Vintage Grey,XS,False,85.0,,https://scdn.speedsize.com/fbaf6506-81e1-43a2-bcc1-80e18c7b0146/uk.representclo.com/cdn/shop/files/OL3YmRAWPACleQbVMRxbYBmv_YhlNtQ_aL4fzKXhm0.jpg?crop=center&height=1200&v=1776678304&width=1200
https://uk.representclo.com/products/247-london-26-tank-vintage-grey,247 London Tank - Vintage Grey,S,False,85.0,,https://scdn.speedsize.com/fbaf6506-81e1-43a2-bcc1-80e18c7b0146/uk.representclo.com/cdn/shop/files/OL3YmRAWPACleQbVMRxbYBmv_YhlNtQ_aL4fzKXhm0.jpg?crop=center&height=1200&v=1776678304&width=1200
https://uk.representclo.com/products/247-london-26-tank-vintage-grey,247 London Tank - Vintage Grey,M,False,85.0,,https://scdn.speedsize.com/fbaf6506-81e1-43a2-bcc1-80e18c7b0146/uk.representclo.com/cdn/shop/files/OL3YmRAWPACleQbVMRxbYBmv_YhlNtQ_aL4fzKXhm0.jpg?crop=center&height=1200&v=1776678304&width=1200
https://uk.representclo.com/products/247-london-26-tank-vintage-grey,247 London Tank - Vintage Grey,L,False,85.0,,https://scdn.speedsize.com/fbaf6506-81e1-43a2-bcc1-80e18c7b0146/uk.representclo.com/cdn/shop/files/OL3YmRAWPACleQbVMRxbYBmv_YhlNtQ_aL4fzKXhm0.jpg?crop=center&height=1200&v=1776678304&width=1200
https://uk.representclo.com/products/247-london-26-tank-vintage-grey,247 London Tank - Vintage Grey,XL,False,85.0,,https://scdn.speedsize.com/fbaf6506-81e1-43a2-bcc1-80e18c7b0146/uk.representclo.com/cdn/shop/files/OL3YmRAWPACleQbVMRxbYBmv_YhlNtQ_aL4fzKXhm0.jpg?crop=center&height=1200&v=1776678304&width=1200
https://uk.representclo.com/products/247-london-26-tank-vintage-grey,247 London Tank - Vintage Grey,XXL,False,85.0,,https://scdn.speedsize.com/fbaf6506-81e1-43a2-bcc1-80e18c7b0146/uk.representclo.com/cdn/shop/files/OL3YmRAWPACleQbVMRxbYBmv_YhlNtQ_aL4fzKXhm0.jpg?crop=center&height=1200&v=1776678304&width=1200
https://uk.representclo.com/products/247-london-bag-black,247 London Bag - Black,One Size,True,60.0,,https://scdn.speedsize.com/fbaf6506-81e1-43a2-bcc1-80e18c7b0146/uk.representclo.com/cdn/shop/files/26yi1exZ-EzTAKAUHhQkd5I2IU2D_EwWKPyyMYW75M0.jpg?crop=center&height=1200&v=1744895636&width=1200
https://uk.representclo.com/products/247-los-angeles-26-cap-aged-khaki,247 Los Angeles Cap - Aged Khaki,One Size,False,45.0,,https://scdn.speedsize.com/fbaf6506-81e1-43a2-bcc1-80e18c7b0146/uk.representclo.com/cdn/shop/files/Zb2eT-VhiGzQ9rc9kQguIR_HFmSy_Mgt3a1loEJXr7Y.jpg?crop=center&height=1200&v=1772444759&width=1200
https://uk.representclo.com/products/247-los-angeles-26-half-tight-khaki,247 Los Angeles Half Tight - Khaki,XS,False,90.0,,https://scdn.speedsize.com/fbaf6506-81e1-43a2-bcc1-80e18c7b0146/uk.representclo.com/cdn/shop/files/HsykQ0zCkiixpB-GZI9uAC4Ylt7QGgpFymeVCz6PaUo.jpg?crop=center&height=1200&v=1772444777&width=1200
https://uk.representclo.com/products/247-los-angeles-26-half-tight-khaki,247 Los Angeles Half Tight - Khaki,S,False,90.0,,https://scdn.speedsize.com/fbaf6506-81e1-43a2-bcc1-80e18c7b0146/uk.representclo.com/cdn/shop/files/HsykQ0zCkiixpB-GZI9uAC4Ylt7QGgpFymeVCz6PaUo.jpg?crop=center&height=1200&v=1772444777&width=1200
https://uk.representclo.com/products/247-los-angeles-26-half-tight-khaki,247 Los Angeles Half Tight - Khaki,M,True,90.0,,https://scdn.speedsize.com/fbaf6506-81e1-43a2-bcc1-80e18c7b0146/uk.representclo.com/cdn/shop/files/HsykQ0zCkiixpB-GZI9uAC4Ylt7QGgpFymeVCz6PaUo.jpg?crop=center&height=1200&v=1772444777&width=1200
https://uk.representclo.com/products/247-los-angeles-26-half-tight-khaki,247 Los Angeles Half Tight - Khaki,L,False,90.0,,https://scdn.speedsize.com/fbaf6506-81e1-43a2-bcc1-80e18c7b0146/uk.representclo.com/cdn/shop/files/HsykQ0zCkiixpB-GZI9uAC4Ylt7QGgpFymeVCz6PaUo.jpg?crop=center&height=1200&v=1772444777&width=1200
https://uk.representclo.com/products/247-los-angeles-26-half-tight-khaki,247 Los Angeles Half Tight - Khaki,XL,False,90.0,,https://scdn.speedsize.com/fbaf6506-81e1-43a2-bcc1-80e18c7b0146/uk.representclo.com/cdn/shop/files/HsykQ0zCkiixpB-GZI9uAC4Ylt7QGgpFymeVCz6PaUo.jpg?crop=center&height=1200&v=1772444777&width=1200
https://uk.representclo.com/products/247-los-angeles-26-half-tight-khaki,247 Los Angeles Half Tight - Khaki,XXL,True,90.0,,https://scdn.speedsize.com/fbaf6506-81e1-43a2-bcc1-80e18c7b0146/uk.representclo.com/cdn/shop/files/HsykQ0zCkiixpB-GZI9uAC4Ylt7QGgpFymeVCz6PaUo.jpg?crop=center&height=1200&v=1772444777&width=1200
https://uk.representclo.com/products/247-los-angeles-26-oodie-aged-khaki,247 Los Angeles Hoodie - Aged Khaki,XS,False,145.0,,https://scdn.speedsize.com/fbaf6506-81e1-43a2-bcc1-80e18c7b0146/uk.representclo.com/cdn/shop/files/yrdJMrag5bAZF7s2aSKkmJDHH_vcD82oF7C8M216rEk.jpg?crop=center&height=1200&v=1772446272&width=1200
https://uk.representclo.com/products/247-los-angeles-26-oodie-aged-khaki,247 Los Angeles Hoodie - Aged Khaki,S,False,145.0,,https://scdn.speedsize.com/fbaf6506-81e1-43a2-bcc1-80e18c7b0146/uk.representclo.com/cdn/shop/files/yrdJMrag5bAZF7s2aSKkmJDHH_vcD82oF7C8M216rEk.jpg?crop=center&height=1200&v=1772446272&width=1200
https://uk.representclo.com/products/247-los-angeles-26-oodie-aged-khaki,247 Los Angeles Hoodie - Aged Khaki,M,True,145.0,,https://scdn.speedsize.com/fbaf6506-81e1-43a2-bcc1-80e18c7b0146/uk.representclo.com/cdn/shop/files/yrdJMrag5bAZF7s2aSKkmJDHH_vcD82oF7C8M216rEk.jpg?crop=center&height=1200&v=1772446272&width=1200
https://uk.representclo.com/products/247-los-angeles-26-oodie-aged-khaki,247 Los Angeles Hoodie - Aged Khaki,L,True,145.0,,https://scdn.speedsize.com/fbaf6506-81e1-43a2-bcc1-80e18c7b0146/uk.representclo.com/cdn/shop/files/yrdJMrag5bAZF7s2aSKkmJDHH_vcD82oF7C8M216rEk.jpg?crop=center&height=1200&v=1772446272&width=1200
https://uk.representclo.com/products/247-los-angeles-26-oodie-aged-khaki,247 Los Angeles Hoodie - Aged Khaki,XL,True,145.0,,https://scdn.speedsize.com/fbaf6506-81e1-43a2-bcc1-80e18c7b0146/uk.representclo.com/cdn/shop/files/yrdJMrag5bAZF7s2aSKkmJDHH_vcD82oF7C8M216rEk.jpg?crop=center&height=1200&v=1772446272&width=1200
https://uk.representclo.com/products/247-los-angeles-26-oodie-aged-khaki,247 Los Angeles Hoodie - Aged Khaki,XXL,False,145.0,,https://scdn.speedsize.com/fbaf6506-81e1-43a2-bcc1-80e18c7b0146/uk.representclo.com/cdn/shop/files/yrdJMrag5bAZF7s2aSKkmJDHH_vcD82oF7C8M216rEk.jpg?crop=center&height=1200&v=1772446272&width=1200
https://uk.representclo.com/products/247-los-angeles-26-shirt-khaki,247 Los Angeles T-Shirt - Khaki,XS,False,90.0,,https://scdn.speedsize.com/fbaf6506-81e1-43a2-bcc1-80e18c7b0146/uk.representclo.com/cdn/shop/files/ee6cGGJlGBC4Rzq-5JddsWqFBp-agEHvvPzWlcsHwwU.jpg?crop=center&height=1200&v=1772449426&width=1200
https://uk.representclo.com/products/247-los-angeles-26-shirt-khaki,247 Los Angeles T-Shirt - Khaki,S,False,90.0,,https://scdn.speedsize.com/fbaf6506-81e1-43a2-bcc1-80e18c7b0146/uk.representclo.com/cdn/shop/files/ee6cGGJlGBC4Rzq-5JddsWqFBp-agEHvvPzWlcsHwwU.jpg?crop=center&height=1200&v=1772449426&width=1200
https://uk.representclo.com/products/247-los-angeles-26-shirt-khaki,247 Los Angeles T-Shirt - Khaki,M,True,90.0,,https://scdn.speedsize.com/fbaf6506-81e1-43a2-bcc1-80e18c7b0146/uk.representclo.com/cdn/shop/files/ee6cGGJlGBC4Rzq-5JddsWqFBp-agEHvvPzWlcsHwwU.jpg?crop=center&height=1200&v=1772449426&width=1200
https://uk.representclo.com/products/247-los-angeles-26-shirt-khaki,247 Los Angeles T-Shirt - Khaki,L,False,90.0,,https://scdn.speedsize.com/fbaf6506-81e1-43a2-bcc1-80e18c7b0146/uk.representclo.com/cdn/shop/files/ee6cGGJlGBC4Rzq-5JddsWqFBp-agEHvvPzWlcsHwwU.jpg?crop=center&height=1200&v=1772449426&width=1200
https://uk.representclo.com/products/247-los-angeles-26-shirt-khaki,247 Los Angeles T-Shirt - Khaki,XL,True,90.0,,https://scdn.speedsize.com/fbaf6506-81e1-43a2-bcc1-80e18c7b0146/uk.representclo.com/cdn/shop/files/ee6cGGJlGBC4Rzq-5JddsWqFBp-agEHvvPzWlcsHwwU.jpg?crop=center&height=1200&v=1772449426&width=1200
https://uk.representclo.com/products/247-los-angeles-26-shirt-khaki,247 Los Angeles T-Shirt - Khaki,XXL,True,90.0,,https://scdn.speedsize.com/fbaf6506-81e1-43a2-bcc1-80e18c7b0146/uk.representclo.com/cdn/shop/files/ee6cGGJlGBC4Rzq-5JddsWqFBp-agEHvvPzWlcsHwwU.jpg?crop=center&height=1200&v=1772449426&width=1200
https://uk.representclo.com/products/247-los-angeles-26-short-khaki,247 Los Angeles Short - Khaki,XS,True,95.0,,https://scdn.speedsize.com/fbaf6506-81e1-43a2-bcc1-80e18c7b0146/uk.representclo.com/cdn/shop/files/HpiC1ZJwvom263RSSKr_-EYOS1fS4_dgC_U0BNOI7Z4.jpg?crop=center&height=1200&v=1772446305&width=1200
https://uk.representclo.com/products/247-los-angeles-26-short-khaki,247 Los Angeles Short - Khaki,S,False,95.0,,https://scdn.speedsize.com/fbaf6506-81e1-43a2-bcc1-80e18c7b0146/uk.representclo.com/cdn/shop/files/HpiC1ZJwvom263RSSKr_-EYOS1fS4_dgC_U0BNOI7Z4.jpg?crop=center&height=1200&v=1772446305&width=1200
https://uk.representclo.com/products/247-los-angeles-26-short-khaki,247 Los Angeles Short - Khaki,M,False,95.0,,https://scdn.speedsize.com/fbaf6506-81e1-43a2-bcc1-80e18c7b0146/uk.representclo.com/cdn/shop/files/HpiC1ZJwvom263RSSKr_-EYOS1fS4_dgC_U0BNOI7Z4.jpg?crop=center&height=1200&v=1772446305&width=1200
https://uk.representclo.com/products/247-los-angeles-26-short-khaki,247 Los Angeles Short - Khaki,L,False,95.0,,https://scdn.speedsize.com/fbaf6506-81e1-43a2-bcc1-80e18c7b0146/uk.representclo.com/cdn/shop/files/HpiC1ZJwvom263RSSKr_-EYOS1fS4_dgC_U0BNOI7Z4.jpg?crop=center&height=1200&v=1772446305&width=1200
https://uk.representclo.com/products/247-los-angeles-26-short-khaki,247 Los Angeles Short - Khaki,XL,False,95.0,,https://scdn.speedsize.com/fbaf6506-81e1-43a2-bcc1-80e18c7b0146/uk.representclo.com/cdn/shop/files/HpiC1ZJwvom263RSSKr_-EYOS1fS4_dgC_U0BNOI7Z4.jpg?crop=center&height=1200&v=1772446305&width=1200
https://uk.representclo.com/products/247-los-angeles-26-short-khaki,247 Los Angeles Short - Khaki,XXL,True,95.0,,https://scdn.speedsize.com/fbaf6506-81e1-43a2-bcc1-80e18c7b0146/uk.representclo.com/cdn/shop/files/HpiC1ZJwvom263RSSKr_-EYOS1fS4_dgC_U0BNOI7Z4.jpg?crop=center&height=1200&v=1772446305&width=1200
https://uk.representclo.com/products/247-los-angeles-26-singlet-aged-khaki,247 Los Angeles Singlet - Aged Khaki,XS,True,80.0,,https://scdn.speedsize.com/fbaf6506-81e1-43a2-bcc1-80e18c7b0146/uk.representclo.com/cdn/shop/files/HdcV0CeLTw6eJXo_ddyzH3nZL_8p8kkeSpXKvQxMz-U.jpg?crop=center&height=1200&v=1772446340&width=1200
https://uk.representclo.com/products/247-los-angeles-26-singlet-aged-khaki,247 Los Angeles Singlet - Aged Khaki,S,True,80.0,,https://scdn.speedsize.com/fbaf6506-81e1-43a2-bcc1-80e18c7b0146/uk.representclo.com/cdn/shop/files/HdcV0CeLTw6eJXo_ddyzH3nZL_8p8kkeSpXKvQxMz-U.jpg?crop=center&height=1200&v=1772446340&width=1200
https://uk.representclo.com/products/247-los-angeles-26-singlet-aged-khaki,247 Los Angeles Singlet - Aged Khaki,M,True,80.0,,https://scdn.speedsize.com/fbaf6506-81e1-43a2-bcc1-80e18c7b0146/uk.representclo.com/cdn/shop/files/HdcV0CeLTw6eJXo_ddyzH3nZL_8p8kkeSpXKvQxMz-U.jpg?crop=center&height=1200&v=1772446340&width=1200
https://uk.representclo.com/products/247-los-angeles-26-singlet-aged-khaki,247 Los Angeles Singlet - Aged Khaki,L,True,80.0,,https://scdn.speedsize.com/fbaf6506-81e1-43a2-bcc1-80e18c7b0146/uk.representclo.com/cdn/shop/files/HdcV0CeLTw6eJXo_ddyzH3nZL_8p8kkeSpXKvQxMz-U.jpg?crop=center&height=1200&v=1772446340&width=1200
https://uk.representclo.com/products/247-los-angeles-26-singlet-aged-khaki,247 Los Angeles Singlet - Aged Khaki,XL,False,80.0,,https://scdn.speedsize.com/fbaf6506-81e1-43a2-bcc1-80e18c7b0146/uk.representclo.com/cdn/shop/files/HdcV0CeLTw6eJXo_ddyzH3nZL_8p8kkeSpXKvQxMz-U.jpg?crop=center&height=1200&v=1772446340&width=1200
https://uk.representclo.com/products/247-los-angeles-26-singlet-aged-khaki,247 Los Angeles Singlet - Aged Khaki,XXL,False,80.0,,https://scdn.speedsize.com/fbaf6506-81e1-43a2-bcc1-80e18c7b0146/uk.representclo.com/cdn/shop/files/HdcV0CeLTw6eJXo_ddyzH3nZL_8p8kkeSpXKvQxMz-U.jpg?crop=center&height=1200&v=1772446340&width=1200
https://uk.representclo.com/products/247-los-angeles-26-tank-khaki,247 Los Angeles Tank - Khaki,XS,True,85.0,,https://scdn.speedsize.com/fbaf6506-81e1-43a2-bcc1-80e18c7b0146/uk.representclo.com/cdn/shop/files/aff03BAvl7NXUSSBiNzzFE2U_yICrymQzY44vN_tjJc.jpg?crop=center&height=1200&v=1772459328&width=1200
https://uk.representclo.com/products/247-los-angeles-26-tank-khaki,247 Los Angeles Tank - Khaki,S,False,85.0,,https://scdn.speedsize.com/fbaf6506-81e1-43a2-bcc1-80e18c7b0146/uk.representclo.com/cdn/shop/files/aff03BAvl7NXUSSBiNzzFE2U_yICrymQzY44vN_tjJc.jpg?crop=center&height=1200&v=1772459328&width=1200
https://uk.representclo.com/products/247-los-angeles-26-tank-khaki,247 Los Angeles Tank - Khaki,M,True,85.0,,https://scdn.speedsize.com/fbaf6506-81e1-43a2-bcc1-80e18c7b0146/uk.representclo.com/cdn/shop/files/aff03BAvl7NXUSSBiNzzFE2U_yICrymQzY44vN_tjJc.jpg?crop=center&height=1200&v=1772459328&width=1200
https://uk.representclo.com/products/247-los-angeles-26-tank-khaki,247 Los Angeles Tank - Khaki,L,False,85.0,,https://scdn.speedsize.com/fbaf6506-81e1-43a2-bcc1-80e18c7b0146/uk.representclo.com/cdn/shop/files/aff03BAvl7NXUSSBiNzzFE2U_yICrymQzY44vN_tjJc.jpg?crop=center&height=1200&v=1772459328&width=1200
https://uk.representclo.com/products/247-los-angeles-26-tank-khaki,247 Los Angeles Tank - Khaki,XL,False,85.0,,https://scdn.speedsize.com/fbaf6506-81e1-43a2-bcc1-80e18c7b0146/uk.representclo.com/cdn/shop/files/aff03BAvl7NXUSSBiNzzFE2U_yICrymQzY44vN_tjJc.jpg?crop=center&height=1200&v=1772459328&width=1200
https://uk.representclo.com/products/247-los-angeles-26-tank-khaki,247 Los Angeles Tank - Khaki,XXL,False,85.0,,https://scdn.speedsize.com/fbaf6506-81e1-43a2-bcc1-80e18c7b0146/uk.representclo.com/cdn/shop/files/aff03BAvl7NXUSSBiNzzFE2U_yICrymQzY44vN_tjJc.jpg?crop=center&height=1200&v=1772459328&width=1200
https://uk.representclo.com/products/247-los-angeles-bag-black,247 Los Angeles Bag - Black,One Size,True,60.0,,https://scdn.speedsize.com/fbaf6506-81e1-43a2-bcc1-80e18c7b0146/uk.representclo.com/cdn/shop/files/zkiXdh1nNv_Y63Efpf8RndE5ystJgSu3hwnCZC2Sdt8.jpg?crop=center&height=1200&v=1745332227&width=1200
https://uk.representclo.com/products/247-manchester-26-cap-aged-black,247 Manchester Cap - Aged Black,One Size,False,45.0,,https://scdn.speedsize.com/fbaf6506-81e1-43a2-bcc1-80e18c7b0146/uk.representclo.com/cdn/shop/files/oadK29ltnyEAmK94BhJQ9i5AbCnSz6iKBZBsHm_gUWY.jpg?crop=center&height=1200&v=1776083678&width=1200
https://uk.representclo.com/products/247-manchester-26-half-tight-black,247 Manchester Half Tight - Black,XS,False,90.0,,https://scdn.speedsize.com/fbaf6506-81e1-43a2-bcc1-80e18c7b0146/uk.representclo.com/cdn/shop/files/t7IYPCTXkVSyAABi-qKAVW42Rkg9sPxqBuCcND7YqRk.jpg?crop=center&height=1200&v=1776083749&width=1200
https://uk.representclo.com/products/247-manchester-26-half-tight-black,247 Manchester Half Tight - Black,S,False,90.0,,https://scdn.speedsize.com/fbaf6506-81e1-43a2-bcc1-80e18c7b0146/uk.representclo.com/cdn/shop/files/t7IYPCTXkVSyAABi-qKAVW42Rkg9sPxqBuCcND7YqRk.jpg?crop=center&height=1200&v=1776083749&width=1200
https://uk.representclo.com/products/247-manchester-26-half-tight-black,247 Manchester Half Tight - Black,M,False,90.0,,https://scdn.speedsize.com/fbaf6506-81e1-43a2-bcc1-80e18c7b0146/uk.representclo.com/cdn/shop/files/t7IYPCTXkVSyAABi-qKAVW42Rkg9sPxqBuCcND7YqRk.jpg?crop=center&height=1200&v=1776083749&width=1200
https://uk.representclo.com/products/247-manchester-26-half-tight-black,247 Manchester Half Tight - Black,L,False,90.0,,https://scdn.speedsize.com/fbaf6506-81e1-43a2-bcc1-80e18c7b0146/uk.representclo.com/cdn/shop/files/t7IYPCTXkVSyAABi-qKAVW42Rkg9sPxqBuCcND7YqRk.jpg?crop=center&height=1200&v=1776083749&width=1200
https://uk.representclo.com/products/247-manchester-26-half-tight-black,247 Manchester Half Tight - Black,XL,False,90.0,,https://scdn.speedsize.com/fbaf6506-81e1-43a2-bcc1-80e18c7b0146/uk.representclo.com/cdn/shop/files/t7IYPCTXkVSyAABi-qKAVW42Rkg9sPxqBuCcND7YqRk.jpg?crop=center&height=1200&v=1776083749&width=1200
https://uk.representclo.com/products/247-manchester-26-half-tight-black,247 Manchester Half Tight - Black,XXL,True,90.0,,https://scdn.speedsize.com/fbaf6506-81e1-43a2-bcc1-80e18c7b0146/uk.representclo.com/cdn/shop/files/t7IYPCTXkVSyAABi-qKAVW42Rkg9sPxqBuCcND7YqRk.jpg?crop=center&height=1200&v=1776083749&width=1200
https://uk.representclo.com/products/247-manchester-26-hoodie-aged-black,247 Manchester Hoodie - Aged Black,XS,False,145.0,,https://scdn.speedsize.com/fbaf6506-81e1-43a2-bcc1-80e18c7b0146/uk.representclo.com/cdn/shop/files/XYiEXo-SHR0ZxXEuR9hwzpXij-WVOzTHPwwli9eo3Fs.jpg?crop=center&height=1200&v=1776083703&width=1200
https://uk.representclo.com/products/247-manchester-26-hoodie-aged-black,247 Manchester Hoodie - Aged Black,S,False,145.0,,https://scdn.speedsize.com/fbaf6506-81e1-43a2-bcc1-80e18c7b0146/uk.representclo.com/cdn/shop/files/XYiEXo-SHR0ZxXEuR9hwzpXij-WVOzTHPwwli9eo3Fs.jpg?crop=center&height=1200&v=1776083703&width=1200
https://uk.representclo.com/products/247-manchester-26-hoodie-aged-black,247 Manchester Hoodie - Aged Black,M,False,145.0,,https://scdn.speedsize.com/fbaf6506-81e1-43a2-bcc1-80e18c7b0146/uk.representclo.com/cdn/shop/files/XYiEXo-SHR0ZxXEuR9hwzpXij-WVOzTHPwwli9eo3Fs.jpg?crop=center&height=1200&v=1776083703&width=1200
https://uk.representclo.com/products/247-manchester-26-hoodie-aged-black,247 Manchester Hoodie - Aged Black,L,False,145.0,,https://scdn.speedsize.com/fbaf6506-81e1-43a2-bcc1-80e18c7b0146/uk.representclo.com/cdn/shop/files/XYiEXo-SHR0ZxXEuR9hwzpXij-WVOzTHPwwli9eo3Fs.jpg?crop=center&height=1200&v=1776083703&width=1200
https://uk.representclo.com/products/247-manchester-26-hoodie-aged-black,247 Manchester Hoodie - Aged Black,XL,False,145.0,,https://scdn.speedsize.com/fbaf6506-81e1-43a2-bcc1-80e18c7b0146/uk.representclo.com/cdn/shop/files/XYiEXo-SHR0ZxXEuR9hwzpXij-WVOzTHPwwli9eo3Fs.jpg?crop=center&height=1200&v=1776083703&width=1200
https://uk.representclo.com/products/247-manchester-26-hoodie-aged-black,247 Manchester Hoodie - Aged Black,XXL,False,145.0,,https://scdn.speedsize.com/fbaf6506-81e1-43a2-bcc1-80e18c7b0146/uk.representclo.com/cdn/shop/files/XYiEXo-SHR0ZxXEuR9hwzpXij-WVOzTHPwwli9eo3Fs.jpg?crop=center&height=1200&v=1776083703&width=1200
https://uk.representclo.com/products/247-manchester-26-short-black,247 Manchester Short - Black,XS,False,95.0,,https://scdn.speedsize.com/fbaf6506-81e1-43a2-bcc1-80e18c7b0146/uk.representclo.com/cdn/shop/files/tkW0rDXthR22ov3EgQAUOXAeT3h5EoOlhuFIDXqx-rM.jpg?crop=center&height=1200&v=1776083793&width=1200
https://uk.representclo.com/products/247-manchester-26-short-black,247 Manchester Short - Black,S,False,95.0,,https://scdn.speedsize.com/fbaf6506-81e1-43a2-bcc1-80e18c7b0146/uk.representclo.com/cdn/shop/files/tkW0rDXthR22ov3EgQAUOXAeT3h5EoOlhuFIDXqx-rM.jpg?crop=center&height=1200&v=1776083793&width=1200
https://uk.representclo.com/products/247-manchester-26-short-black,247 Manchester Short - Black,M,False,95.0,,https://scdn.speedsize.com/fbaf6506-81e1-43a2-bcc1-80e18c7b0146/uk.representclo.com/cdn/shop/files/tkW0rDXthR22ov3EgQAUOXAeT3h5EoOlhuFIDXqx-rM.jpg?crop=center&height=1200&v=1776083793&width=1200
https://uk.representclo.com/products/247-manchester-26-short-black,247 Manchester Short - Black,L,False,95.0,,https://scdn.speedsize.com/fbaf6506-81e1-43a2-bcc1-80e18c7b0146/uk.representclo.com/cdn/shop/files/tkW0rDXthR22ov3EgQAUOXAeT3h5EoOlhuFIDXqx-rM.jpg?crop=center&height=1200&v=1776083793&width=1200
https://uk.representclo.com/products/247-manchester-26-short-black,247 Manchester Short - Black,XL,False,95.0,,https://scdn.speedsize.com/fbaf6506-81e1-43a2-bcc1-80e18c7b0146/uk.representclo.com/cdn/shop/files/tkW0rDXthR22ov3EgQAUOXAeT3h5EoOlhuFIDXqx-rM.jpg?crop=center&height=1200&v=1776083793&width=1200
https://uk.representclo.com/products/247-manchester-26-short-black,247 Manchester Short - Black,XXL,False,95.0,,https://scdn.speedsize.com/fbaf6506-81e1-43a2-bcc1-80e18c7b0146/uk.representclo.com/cdn/shop/files/tkW0rDXthR22ov3EgQAUOXAeT3h5EoOlhuFIDXqx-rM.jpg?crop=center&height=1200&v=1776083793&width=1200
https://uk.representclo.com/products/247-manchester-26-singlet-aged-black,247 Manchester Singlet - Aged Black,XS,False,80.0,,https://scdn.speedsize.com/fbaf6506-81e1-43a2-bcc1-80e18c7b0146/uk.representclo.com/cdn/shop/files/e1DSuz9_SEbmxDav430_wShf0r_Wdxe8Ryrjtxht1lo.jpg?crop=center&height=1200&v=1776083837&width=1200
https://uk.representclo.com/products/247-manchester-26-singlet-aged-black,247 Manchester Singlet - Aged Black,S,False,80.0,,https://scdn.speedsize.com/fbaf6506-81e1-43a2-bcc1-80e18c7b0146/uk.representclo.com/cdn/shop/files/e1DSuz9_SEbmxDav430_wShf0r_Wdxe8Ryrjtxht1lo.jpg?crop=center&height=1200&v=1776083837&width=1200
https://uk.representclo.com/products/247-manchester-26-singlet-aged-black,247 Manchester Singlet - Aged Black,M,False,80.0,,https://scdn.speedsize.com/fbaf6506-81e1-43a2-bcc1-80e18c7b0146/uk.representclo.com/cdn/shop/files/e1DSuz9_SEbmxDav430_wShf0r_Wdxe8Ryrjtxht1lo.jpg?crop=center&height=1200&v=1776083837&width=1200
https://uk.representclo.com/products/247-manchester-26-singlet-aged-black,247 Manchester Singlet - Aged Black,L,False,80.0,,https://scdn.speedsize.com/fbaf6506-81e1-43a2-bcc1-80e18c7b0146/uk.representclo.com/cdn/shop/files/e1DSuz9_SEbmxDav430_wShf0r_Wdxe8Ryrjtxht1lo.jpg?crop=center&height=1200&v=1776083837&width=1200
https://uk.representclo.com/products/247-manchester-26-singlet-aged-black,247 Manchester Singlet - Aged Black,XL,False,80.0,,https://scdn.speedsize.com/fbaf6506-81e1-43a2-bcc1-80e18c7b0146/uk.representclo.com/cdn/shop/files/e1DSuz9_SEbmxDav430_wShf0r_Wdxe8Ryrjtxht1lo.jpg?crop=center&height=1200&v=1776083837&width=1200
https://uk.representclo.com/products/247-manchester-26-singlet-aged-black,247 Manchester Singlet - Aged Black,XXL,False,80.0,,https://scdn.speedsize.com/fbaf6506-81e1-43a2-bcc1-80e18c7b0146/uk.representclo.com/cdn/shop/files/e1DSuz9_SEbmxDav430_wShf0r_Wdxe8Ryrjtxht1lo.jpg?crop=center&height=1200&v=1776083837&width=1200
https://uk.representclo.com/products/247-manchester-26-t-shirt-black,247 Manchester T-Shirt - Black,XS,False,90.0,,https://scdn.speedsize.com/fbaf6506-81e1-43a2-bcc1-80e18c7b0146/uk.representclo.com/cdn/shop/files/pzpOGu9ir6F8XKwbJkEvcL5sV3TkQuK_IeQ0viY3Zww.jpg?crop=center&height=1200&v=1776083924&width=1200
https://uk.representclo.com/products/247-manchester-26-t-shirt-black,247 Manchester T-Shirt - Black,S,False,90.0,,https://scdn.speedsize.com/fbaf6506-81e1-43a2-bcc1-80e18c7b0146/uk.representclo.com/cdn/shop/files/pzpOGu9ir6F8XKwbJkEvcL5sV3TkQuK_IeQ0viY3Zww.jpg?crop=center&height=1200&v=1776083924&width=1200
https://uk.representclo.com/products/247-manchester-26-t-shirt-black,247 Manchester T-Shirt - Black,M,False,90.0,,https://scdn.speedsize.com/fbaf6506-81e1-43a2-bcc1-80e18c7b0146/uk.representclo.com/cdn/shop/files/pzpOGu9ir6F8XKwbJkEvcL5sV3TkQuK_IeQ0viY3Zww.jpg?crop=center&height=1200&v=1776083924&width=1200
https://uk.representclo.com/products/247-manchester-26-t-shirt-black,247 Manchester T-Shirt - Black,L,False,90.0,,https://scdn.speedsize.com/fbaf6506-81e1-43a2-bcc1-80e18c7b0146/uk.representclo.com/cdn/shop/files/pzpOGu9ir6F8XKwbJkEvcL5sV3TkQuK_IeQ0viY3Zww.jpg?crop=center&height=1200&v=1776083924&width=1200
https://uk.representclo.com/products/247-manchester-26-t-shirt-black,247 Manchester T-Shirt - Black,XL,False,90.0,,https://scdn.speedsize.com/fbaf6506-81e1-43a2-bcc1-80e18c7b0146/uk.representclo.com/cdn/shop/files/pzpOGu9ir6F8XKwbJkEvcL5sV3TkQuK_IeQ0viY3Zww.jpg?crop=center&height=1200&v=1776083924&width=1200
https://uk.representclo.com/products/247-manchester-26-t-shirt-black,247 Manchester T-Shirt - Black,XXL,False,90.0,,https://scdn.speedsize.com/fbaf6506-81e1-43a2-bcc1-80e18c7b0146/uk.representclo.com/cdn/shop/files/pzpOGu9ir6F8XKwbJkEvcL5sV3TkQuK_IeQ0viY3Zww.jpg?crop=center&height=1200&v=1776083924&width=1200
https://uk.representclo.com/products/247-manchester-26-tank-black,247 Manchester Tank - Black,XS,False,85.0,,https://scdn.speedsize.com/fbaf6506-81e1-43a2-bcc1-80e18c7b0146/uk.representclo.com/cdn/shop/files/GA1GesRXLIM-K0x4Cy6SZCpufZGobkb9u_6FK21M7_U.jpg?crop=center&height=1200&v=1776083880&width=1200
https://uk.representclo.com/products/247-manchester-26-tank-black,247 Manchester Tank - Black,S,False,85.0,,https://scdn.speedsize.com/fbaf6506-81e1-43a2-bcc1-80e18c7b0146/uk.representclo.com/cdn/shop/files/GA1GesRXLIM-K0x4Cy6SZCpufZGobkb9u_6FK21M7_U.jpg?crop=center&height=1200&v=1776083880&width=1200
https://uk.representclo.com/products/247-manchester-26-tank-black,247 Manchester Tank - Black,M,False,85.0,,https://scdn.speedsize.com/fbaf6506-81e1-43a2-bcc1-80e18c7b0146/uk.representclo.com/cdn/shop/files/GA1GesRXLIM-K0x4Cy6SZCpufZGobkb9u_6FK21M7_U.jpg?crop=center&height=1200&v=1776083880&width=1200
https://uk.representclo.com/products/247-manchester-26-tank-black,247 Manchester Tank - Black,L,False,85.0,,https://scdn.speedsize.com/fbaf6506-81e1-43a2-bcc1-80e18c7b0146/uk.representclo.com/cdn/shop/files/GA1GesRXLIM-K0x4Cy6SZCpufZGobkb9u_6FK21M7_U.jpg?crop=center&height=1200&v=1776083880&width=1200
https://uk.representclo.com/products/247-manchester-26-tank-black,247 Manchester Tank - Black,XL,False,85.0,,https://scdn.speedsize.com/fbaf6506-81e1-43a2-bcc1-80e18c7b0146/uk.representclo.com/cdn/shop/files/GA1GesRXLIM-K0x4Cy6SZCpufZGobkb9u_6FK21M7_U.jpg?crop=center&height=1200&v=1776083880&width=1200
https://uk.representclo.com/products/247-manchester-26-tank-black,247 Manchester Tank - Black,XXL,False,85.0,,https://scdn.speedsize.com/fbaf6506-81e1-43a2-bcc1-80e18c7b0146/uk.representclo.com/cdn/shop/files/GA1GesRXLIM-K0x4Cy6SZCpufZGobkb9u_6FK21M7_U.jpg?crop=center&height=1200&v=1776083880&width=1200
https://uk.representclo.com/products/247-manchester-bag-black,247 Manchester Bag - Black,One Size,True,60.0,,https://scdn.speedsize.com/fbaf6506-81e1-43a2-bcc1-80e18c7b0146/uk.representclo.com/cdn/shop/files/zTp4KeXYadRSK8K7WT9m8XGK0fHQMjMoVAFEFfrziT0.jpg?crop=center&height=1200&v=1744895746&width=1200
https://uk.representclo.com/products/247-manchester-singlet-black,247 Manchester Singlet - Black,XS,False,80.0,,https://scdn.speedsize.com/fbaf6506-81e1-43a2-bcc1-80e18c7b0146/uk.representclo.com/cdn/shop/files/LjZUwKN4jvah6DUmX6e1pSF1d5kZgZz0qa2tw5WBNn4.jpg?crop=center&height=1200&v=1744895845&width=1200
https://uk.representclo.com/products/247-manchester-singlet-black,247 Manchester Singlet - Black,S,False,80.0,,https://scdn.speedsize.com/fbaf6506-81e1-43a2-bcc1-80e18c7b0146/uk.representclo.com/cdn/shop/files/LjZUwKN4jvah6DUmX6e1pSF1d5kZgZz0qa2tw5WBNn4.jpg?crop=center&height=1200&v=1744895845&width=1200
https://uk.representclo.com/products/247-manchester-singlet-black,247 Manchester Singlet - Black,M,False,80.0,,https://scdn.speedsize.com/fbaf6506-81e1-43a2-bcc1-80e18c7b0146/uk.representclo.com/cdn/shop/files/LjZUwKN4jvah6DUmX6e1pSF1d5kZgZz0qa2tw5WBNn4.jpg?crop=center&height=1200&v=1744895845&width=1200
https://uk.representclo.com/products/247-manchester-singlet-black,247 Manchester Singlet - Black,L,False,80.0,,https://scdn.speedsize.com/fbaf6506-81e1-43a2-bcc1-80e18c7b0146/uk.representclo.com/cdn/shop/files/LjZUwKN4jvah6DUmX6e1pSF1d5kZgZz0qa2tw5WBNn4.jpg?crop=center&height=1200&v=1744895845&width=1200
https://uk.representclo.com/products/247-manchester-singlet-black,247 Manchester Singlet - Black,XL,False,80.0,,https://scdn.speedsize.com/fbaf6506-81e1-43a2-bcc1-80e18c7b0146/uk.representclo.com/cdn/shop/files/LjZUwKN4jvah6DUmX6e1pSF1d5kZgZz0qa2tw5WBNn4.jpg?crop=center&height=1200&v=1744895845&width=1200
https://uk.representclo.com/products/247-manchester-singlet-black,247 Manchester Singlet - Black,XXL,True,80.0,,https://scdn.speedsize.com/fbaf6506-81e1-43a2-bcc1-80e18c7b0146/uk.representclo.com/cdn/shop/files/LjZUwKN4jvah6DUmX6e1pSF1d5kZgZz0qa2tw5WBNn4.jpg?crop=center&height=1200&v=1744895845&width=1200
https://uk.representclo.com/products/247-mission-pant-black,247 Mission Pant - Black,XS,True,160.0,,https://scdn.speedsize.com/fbaf6506-81e1-43a2-bcc1-80e18c7b0146/uk.representclo.com/cdn/shop/files/dZ--MeDzHPS_zAKluqAsNZ46SvO9lkWjGyMvIKCAU_o.jpg?crop=center&height=1200&v=1723021211&width=1200
https://uk.representclo.com/products/247-mission-pant-black,247 Mission Pant - Black,S,True,160.0,,https://scdn.speedsize.com/fbaf6506-81e1-43a2-bcc1-80e18c7b0146/uk.representclo.com/cdn/shop/files/dZ--MeDzHPS_zAKluqAsNZ46SvO9lkWjGyMvIKCAU_o.jpg?crop=center&height=1200&v=1723021211&width=1200
https://uk.representclo.com/products/247-mission-pant-black,247 Mission Pant - Black,M,True,160.0,,https://scdn.speedsize.com/fbaf6506-81e1-43a2-bcc1-80e18c7b0146/uk.representclo.com/cdn/shop/files/dZ--MeDzHPS_zAKluqAsNZ46SvO9lkWjGyMvIKCAU_o.jpg?crop=center&height=1200&v=1723021211&width=1200
https://uk.representclo.com/products/247-mission-pant-black,247 Mission Pant - Black,L,True,160.0,,https://scdn.speedsize.com/fbaf6506-81e1-43a2-bcc1-80e18c7b0146/uk.representclo.com/cdn/shop/files/dZ--MeDzHPS_zAKluqAsNZ46SvO9lkWjGyMvIKCAU_o.jpg?crop=center&height=1200&v=1723021211&width=1200
https://uk.representclo.com/products/247-mission-pant-black,247 Mission Pant - Black,XL,True,160.0,,https://scdn.speedsize.com/fbaf6506-81e1-43a2-bcc1-80e18c7b0146/uk.representclo.com/cdn/shop/files/dZ--MeDzHPS_zAKluqAsNZ46SvO9lkWjGyMvIKCAU_o.jpg?crop=center&height=1200&v=1723021211&width=1200
https://uk.representclo.com/products/247-mission-pant-black,247 Mission Pant - Black,XXL,False,160.0,,https://scdn.speedsize.com/fbaf6506-81e1-43a2-bcc1-80e18c7b0146/uk.representclo.com/cdn/shop/files/dZ--MeDzHPS_zAKluqAsNZ46SvO9lkWjGyMvIKCAU_o.jpg?crop=center&height=1200&v=1723021211&width=1200
https://uk.representclo.com/products/247-mission-pant-umber,247 Mission Pant - Umber,XS,True,160.0,,https://scdn.speedsize.com/fbaf6506-81e1-43a2-bcc1-80e18c7b0146/uk.representclo.com/cdn/shop/files/X3PcnN8I9eOgYj01ftCPSvpoiPBUtAMWoPcy7cjCgh8.jpg?crop=center&height=1200&v=1729099893&width=1200
https://uk.representclo.com/products/247-mission-pant-umber,247 Mission Pant - Umber,S,True,160.0,,https://scdn.speedsize.com/fbaf6506-81e1-43a2-bcc1-80e18c7b0146/uk.representclo.com/cdn/shop/files/X3PcnN8I9eOgYj01ftCPSvpoiPBUtAMWoPcy7cjCgh8.jpg?crop=center&height=1200&v=1729099893&width=1200
https://uk.representclo.com/products/247-mission-pant-umber,247 Mission Pant - Umber,M,True,160.0,,https://scdn.speedsize.com/fbaf6506-81e1-43a2-bcc1-80e18c7b0146/uk.representclo.com/cdn/shop/files/X3PcnN8I9eOgYj01ftCPSvpoiPBUtAMWoPcy7cjCgh8.jpg?crop=center&height=1200&v=1729099893&width=1200
https://uk.representclo.com/products/247-mission-pant-umber,247 Mission Pant - Umber,L,True,160.0,,https://scdn.speedsize.com/fbaf6506-81e1-43a2-bcc1-80e18c7b0146/uk.representclo.com/cdn/shop/files/X3PcnN8I9eOgYj01ftCPSvpoiPBUtAMWoPcy7cjCgh8.jpg?crop=center&height=1200&v=1729099893&width=1200
https://uk.representclo.com/products/247-mission-pant-umber,247 Mission Pant - Umber,XL,True,160.0,,https://scdn.speedsize.com/fbaf6506-81e1-43a2-bcc1-80e18c7b0146/uk.representclo.com/cdn/shop/files/X3PcnN8I9eOgYj01ftCPSvpoiPBUtAMWoPcy7cjCgh8.jpg?crop=center&height=1200&v=1729099893&width=1200
https://uk.representclo.com/products/247-mission-pant-umber,247 Mission Pant - Umber,XXL,False,160.0,,https://scdn.speedsize.com/fbaf6506-81e1-43a2-bcc1-80e18c7b0146/uk.representclo.com/cdn/shop/files/X3PcnN8I9eOgYj01ftCPSvpoiPBUtAMWoPcy7cjCgh8.jpg?crop=center&height=1200&v=1729099893&width=1200
https://uk.representclo.com/products/247-mission-series-t-shirt-2026-jet-black,247 Mission Series T-Shirt 2026 - Jet Black,XS,True,80.0,,https://scdn.speedsize.com/fbaf6506-81e1-43a2-bcc1-80e18c7b0146/uk.representclo.com/cdn/shop/files/7fZwa8W8RGC5hHX2CHWPiW34fasS5MKDTzXX7E7TmGU.jpg?crop=center&height=1200&v=1785156683&width=1200
https://uk.representclo.com/products/247-mission-series-t-shirt-2026-jet-black,247 Mission Series T-Shirt 2026 - Jet Black,S,True,80.0,,https://scdn.speedsize.com/fbaf6506-81e1-43a2-bcc1-80e18c7b0146/uk.representclo.com/cdn/shop/files/7fZwa8W8RGC5hHX2CHWPiW34fasS5MKDTzXX7E7TmGU.jpg?crop=center&height=1200&v=1785156683&width=1200
https://uk.representclo.com/products/247-mission-series-t-shirt-2026-jet-black,247 Mission Series T-Shirt 2026 - Jet Black,M,True,80.0,,https://scdn.speedsize.com/fbaf6506-81e1-43a2-bcc1-80e18c7b0146/uk.representclo.com/cdn/shop/files/7fZwa8W8RGC5hHX2CHWPiW34fasS5MKDTzXX7E7TmGU.jpg?crop=center&height=1200&v=1785156683&width=1200
https://uk.representclo.com/products/247-mission-series-t-shirt-2026-jet-black,247 Mission Series T-Shirt 2026 - Jet Black,L,True,80.0,,https://scdn.speedsize.com/fbaf6506-81e1-43a2-bcc1-80e18c7b0146/uk.representclo.com/cdn/shop/files/7fZwa8W8RGC5hHX2CHWPiW34fasS5MKDTzXX7E7TmGU.jpg?crop=center&height=1200&v=1785156683&width=1200
https://uk.representclo.com/products/247-mission-series-t-shirt-2026-jet-black,247 Mission Series T-Shirt 2026 - Jet Black,XL,True,80.0,,https://scdn.speedsize.com/fbaf6506-81e1-43a2-bcc1-80e18c7b0146/uk.representclo.com/cdn/shop/files/7fZwa8W8RGC5hHX2CHWPiW34fasS5MKDTzXX7E7TmGU.jpg?crop=center&height=1200&v=1785156683&width=1200
https://uk.representclo.com/products/247-mission-series-t-shirt-2026-jet-black,247 Mission Series T-Shirt 2026 - Jet Black,XXL,False,80.0,,https://scdn.speedsize.com/fbaf6506-81e1-43a2-bcc1-80e18c7b0146/uk.representclo.com/cdn/shop/files/7fZwa8W8RGC5hHX2CHWPiW34fasS5MKDTzXX7E7TmGU.jpg?crop=center&height=1200&v=1785156683&width=1200
https://uk.representclo.com/products/247-motion-oversized-hoodie-black,247 Motion Oversized Hoodie - Black,XS,False,140.0,,https://scdn.speedsize.com/fbaf6506-81e1-43a2-bcc1-80e18c7b0146/uk.representclo.com/cdn/shop/files/d8qlB22Elqdtp_uFkQ9trZVXoLxrcF6_9pwrMQqhLgg.jpg?crop=center&height=1200&v=1740588238&width=1200
https://uk.representclo.com/products/247-motion-oversized-hoodie-black,247 Motion Oversized Hoodie - Black,S,True,140.0,,https://scdn.speedsize.com/fbaf6506-81e1-43a2-bcc1-80e18c7b0146/uk.representclo.com/cdn/shop/files/d8qlB22Elqdtp_uFkQ9trZVXoLxrcF6_9pwrMQqhLgg.jpg?crop=center&height=1200&v=1740588238&width=1200
https://uk.representclo.com/products/247-motion-oversized-hoodie-black,247 Motion Oversized Hoodie - Black,M,False,140.0,,https://scdn.speedsize.com/fbaf6506-81e1-43a2-bcc1-80e18c7b0146/uk.representclo.com/cdn/shop/files/d8qlB22Elqdtp_uFkQ9trZVXoLxrcF6_9pwrMQqhLgg.jpg?crop=center&height=1200&v=1740588238&width=1200
https://uk.representclo.com/products/247-motion-oversized-hoodie-black,247 Motion Oversized Hoodie - Black,L,False,140.0,,https://scdn.speedsize.com/fbaf6506-81e1-43a2-bcc1-80e18c7b0146/uk.representclo.com/cdn/shop/files/d8qlB22Elqdtp_uFkQ9trZVXoLxrcF6_9pwrMQqhLgg.jpg?crop=center&height=1200&v=1740588238&width=1200
https://uk.representclo.com/products/247-motion-oversized-hoodie-black,247 Motion Oversized Hoodie - Black,XL,False,140.0,,https://scdn.speedsize.com/fbaf6506-81e1-43a2-bcc1-80e18c7b0146/uk.representclo.com/cdn/shop/files/d8qlB22Elqdtp_uFkQ9trZVXoLxrcF6_9pwrMQqhLgg.jpg?crop=center&height=1200&v=1740588238&width=1200
https://uk.representclo.com/products/247-motion-oversized-hoodie-black,247 Motion Oversized Hoodie - Black,XXL,False,140.0,,https://scdn.speedsize.com/fbaf6506-81e1-43a2-bcc1-80e18c7b0146/uk.representclo.com/cdn/shop/files/d8qlB22Elqdtp_uFkQ9trZVXoLxrcF6_9pwrMQqhLgg.jpg?crop=center&height=1200&v=1740588238&width=1200
https://uk.representclo.com/products/247-motion-oversized-hoodie-rust,247 Motion Oversized Hoodie - Rust,XS,False,140.0,,https://scdn.speedsize.com/fbaf6506-81e1-43a2-bcc1-80e18c7b0146/uk.representclo.com/cdn/shop/files/HOODIESANDEXTRAS_0001s_0003_GenerativeFillcopy.jpg?crop=center&height=1200&v=1740590121&width=1200
https://uk.representclo.com/products/247-motion-oversized-hoodie-rust,247 Motion Oversized Hoodie - Rust,S,True,140.0,,https://scdn.speedsize.com/fbaf6506-81e1-43a2-bcc1-80e18c7b0146/uk.representclo.com/cdn/shop/files/HOODIESANDEXTRAS_0001s_0003_GenerativeFillcopy.jpg?crop=center&height=1200&v=1740590121&width=1200
https://uk.representclo.com/products/247-motion-oversized-hoodie-rust,247 Motion Oversized Hoodie - Rust,M,False,140.0,,https://scdn.speedsize.com/fbaf6506-81e1-43a2-bcc1-80e18c7b0146/uk.representclo.com/cdn/shop/files/HOODIESANDEXTRAS_0001s_0003_GenerativeFillcopy.jpg?crop=center&height=1200&v=1740590121&width=1200
https://uk.representclo.com/products/247-motion-oversized-hoodie-rust,247 Motion Oversized Hoodie - Rust,L,False,140.0,,https://scdn.speedsize.com/fbaf6506-81e1-43a2-bcc1-80e18c7b0146/uk.representclo.com/cdn/shop/files/HOODIESANDEXTRAS_0001s_0003_GenerativeFillcopy.jpg?crop=center&height=1200&v=1740590121&width=1200
https://uk.representclo.com/products/247-motion-oversized-hoodie-rust,247 Motion Oversized Hoodie - Rust,XL,False,140.0,,https://scdn.speedsize.com/fbaf6506-81e1-43a2-bcc1-80e18c7b0146/uk.representclo.com/cdn/shop/files/HOODIESANDEXTRAS_0001s_0003_GenerativeFillcopy.jpg?crop=center&height=1200&v=1740590121&width=1200
https://uk.representclo.com/products/247-motion-oversized-hoodie-rust,247 Motion Oversized Hoodie - Rust,XXL,False,140.0,,https://scdn.speedsize.com/fbaf6506-81e1-43a2-bcc1-80e18c7b0146/uk.representclo.com/cdn/shop/files/HOODIESANDEXTRAS_0001s_0003_GenerativeFillcopy.jpg?crop=center&height=1200&v=1740590121&width=1200
https://uk.representclo.com/products/247-motion-oversized-t-shirt-rust,247 Motion Oversized T-Shirt - Rust,XS,False,85.0,,https://scdn.speedsize.com/fbaf6506-81e1-43a2-bcc1-80e18c7b0146/uk.representclo.com/cdn/shop/files/uhHP-i16xothIl1kDsuN3DwO_1b35h0z-B1QMX-KHNk.jpg?crop=center&height=1200&v=1740601542&width=1200
https://uk.representclo.com/products/247-motion-oversized-t-shirt-rust,247 Motion Oversized T-Shirt - Rust,S,False,85.0,,https://scdn.speedsize.com/fbaf6506-81e1-43a2-bcc1-80e18c7b0146/uk.representclo.com/cdn/shop/files/uhHP-i16xothIl1kDsuN3DwO_1b35h0z-B1QMX-KHNk.jpg?crop=center&height=1200&v=1740601542&width=1200
https://uk.representclo.com/products/247-motion-oversized-t-shirt-rust,247 Motion Oversized T-Shirt - Rust,M,False,85.0,,https://scdn.speedsize.com/fbaf6506-81e1-43a2-bcc1-80e18c7b0146/uk.representclo.com/cdn/shop/files/uhHP-i16xothIl1kDsuN3DwO_1b35h0z-B1QMX-KHNk.jpg?crop=center&height=1200&v=1740601542&width=1200
https://uk.representclo.com/products/247-motion-oversized-t-shirt-rust,247 Motion Oversized T-Shirt - Rust,L,False,85.0,,https://scdn.speedsize.com/fbaf6506-81e1-43a2-bcc1-80e18c7b0146/uk.representclo.com/cdn/shop/files/uhHP-i16xothIl1kDsuN3DwO_1b35h0z-B1QMX-KHNk.jpg?crop=center&height=1200&v=1740601542&width=1200
https://uk.representclo.com/products/247-motion-oversized-t-shirt-rust,247 Motion Oversized T-Shirt - Rust,XL,False,85.0,,https://scdn.speedsize.com/fbaf6506-81e1-43a2-bcc1-80e18c7b0146/uk.representclo.com/cdn/shop/files/uhHP-i16xothIl1kDsuN3DwO_1b35h0z-B1QMX-KHNk.jpg?crop=center&height=1200&v=1740601542&width=1200
https://uk.representclo.com/products/247-motion-oversized-t-shirt-rust,247 Motion Oversized T-Shirt - Rust,XXL,True,85.0,,https://scdn.speedsize.com/fbaf6506-81e1-43a2-bcc1-80e18c7b0146/uk.representclo.com/cdn/shop/files/uhHP-i16xothIl1kDsuN3DwO_1b35h0z-B1QMX-KHNk.jpg?crop=center&height=1200&v=1740601542&width=1200
https://uk.representclo.com/products/247-motion-oversized-tank-flat-white,247 Motion Oversized Tank - Flat White,XS,False,80.0,,https://scdn.speedsize.com/fbaf6506-81e1-43a2-bcc1-80e18c7b0146/uk.representclo.com/cdn/shop/files/uOMMCmS7eI79I_Uc2N66FDlaJkXoAkrFI-8y16z22-M.jpg?crop=center&height=1200&v=1740601523&width=1200
https://uk.representclo.com/products/247-motion-oversized-tank-flat-white,247 Motion Oversized Tank - Flat White,S,False,80.0,,https://scdn.speedsize.com/fbaf6506-81e1-43a2-bcc1-80e18c7b0146/uk.representclo.com/cdn/shop/files/uOMMCmS7eI79I_Uc2N66FDlaJkXoAkrFI-8y16z22-M.jpg?crop=center&height=1200&v=1740601523&width=1200
https://uk.representclo.com/products/247-motion-oversized-tank-flat-white,247 Motion Oversized Tank - Flat White,M,False,80.0,,https://scdn.speedsize.com/fbaf6506-81e1-43a2-bcc1-80e18c7b0146/uk.representclo.com/cdn/shop/files/uOMMCmS7eI79I_Uc2N66FDlaJkXoAkrFI-8y16z22-M.jpg?crop=center&height=1200&v=1740601523&width=1200
https://uk.representclo.com/products/247-motion-oversized-tank-flat-white,247 Motion Oversized Tank - Flat White,L,False,80.0,,https://scdn.speedsize.com/fbaf6506-81e1-43a2-bcc1-80e18c7b0146/uk.representclo.com/cdn/shop/files/uOMMCmS7eI79I_Uc2N66FDlaJkXoAkrFI-8y16z22-M.jpg?crop=center&height=1200&v=1740601523&width=1200
https://uk.representclo.com/products/247-motion-oversized-tank-flat-white,247 Motion Oversized Tank - Flat White,XL,True,80.0,,https://scdn.speedsize.com/fbaf6506-81e1-43a2-bcc1-80e18c7b0146/uk.representclo.com/cdn/shop/files/uOMMCmS7eI79I_Uc2N66FDlaJkXoAkrFI-8y16z22-M.jpg?crop=center&height=1200&v=1740601523&width=1200
https://uk.representclo.com/products/247-motion-oversized-tank-flat-white,247 Motion Oversized Tank - Flat White,XXL,False,80.0,,https://scdn.speedsize.com/fbaf6506-81e1-43a2-bcc1-80e18c7b0146/uk.representclo.com/cdn/shop/files/uOMMCmS7eI79I_Uc2N66FDlaJkXoAkrFI-8y16z22-M.jpg?crop=center&height=1200&v=1740601523&width=1200
https://uk.representclo.com/products/247-motion-oversized-tank-rust,247 Motion Oversized Tank - Rust,XS,True,80.0,,https://scdn.speedsize.com/fbaf6506-81e1-43a2-bcc1-80e18c7b0146/uk.representclo.com/cdn/shop/files/hkWcSFEkpxOiMuND91CaN-heohv3wFc9GhROp2QMPTs.jpg?crop=center&height=1200&v=1740601530&width=1200
https://uk.representclo.com/products/247-motion-oversized-tank-rust,247 Motion Oversized Tank - Rust,S,False,80.0,,https://scdn.speedsize.com/fbaf6506-81e1-43a2-bcc1-80e18c7b0146/uk.representclo.com/cdn/shop/files/hkWcSFEkpxOiMuND91CaN-heohv3wFc9GhROp2QMPTs.jpg?crop=center&height=1200&v=1740601530&width=1200
https://uk.representclo.com/products/247-motion-oversized-tank-rust,247 Motion Oversized Tank - Rust,M,True,80.0,,https://scdn.speedsize.com/fbaf6506-81e1-43a2-bcc1-80e18c7b0146/uk.representclo.com/cdn/shop/files/hkWcSFEkpxOiMuND91CaN-heohv3wFc9GhROp2QMPTs.jpg?crop=center&height=1200&v=1740601530&width=1200
https://uk.representclo.com/products/247-motion-oversized-tank-rust,247 Motion Oversized Tank - Rust,L,False,80.0,,https://scdn.speedsize.com/fbaf6506-81e1-43a2-bcc1-80e18c7b0146/uk.representclo.com/cdn/shop/files/hkWcSFEkpxOiMuND91CaN-heohv3wFc9GhROp2QMPTs.jpg?crop=center&height=1200&v=1740601530&width=1200
https://uk.representclo.com/products/247-motion-oversized-tank-rust,247 Motion Oversized Tank - Rust,XL,True,80.0,,https://scdn.speedsize.com/fbaf6506-81e1-43a2-bcc1-80e18c7b0146/uk.representclo.com/cdn/shop/files/hkWcSFEkpxOiMuND91CaN-heohv3wFc9GhROp2QMPTs.jpg?crop=center&height=1200&v=1740601530&width=1200
https://uk.representclo.com/products/247-motion-oversized-tank-rust,247 Motion Oversized Tank - Rust,XXL,False,80.0,,https://scdn.speedsize.com/fbaf6506-81e1-43a2-bcc1-80e18c7b0146/uk.representclo.com/cdn/shop/files/hkWcSFEkpxOiMuND91CaN-heohv3wFc9GhROp2QMPTs.jpg?crop=center&height=1200&v=1740601530&width=1200
https://uk.representclo.com/products/247-motion-shorts-rust,247 Motion Shorts - Rust,XS,True,80.0,,https://scdn.speedsize.com/fbaf6506-81e1-43a2-bcc1-80e18c7b0146/uk.representclo.com/cdn/shop/files/5Aty4wQ2Ox14J-iK6y-Q32qesJwOalWNhkh4958K6w.jpg?crop=center&height=1200&v=1740588689&width=1200
https://uk.representclo.com/products/247-motion-shorts-rust,247 Motion Shorts - Rust,S,True,80.0,,https://scdn.speedsize.com/fbaf6506-81e1-43a2-bcc1-80e18c7b0146/uk.representclo.com/cdn/shop/files/5Aty4wQ2Ox14J-iK6y-Q32qesJwOalWNhkh4958K6w.jpg?crop=center&height=1200&v=1740588689&width=1200
https://uk.representclo.com/products/247-motion-shorts-rust,247 Motion Shorts - Rust,M,True,80.0,,https://scdn.speedsize.com/fbaf6506-81e1-43a2-bcc1-80e18c7b0146/uk.representclo.com/cdn/shop/files/5Aty4wQ2Ox14J-iK6y-Q32qesJwOalWNhkh4958K6w.jpg?crop=center&height=1200&v=1740588689&width=1200
https://uk.representclo.com/products/247-motion-shorts-rust,247 Motion Shorts - Rust,L,True,80.0,,https://scdn.speedsize.com/fbaf6506-81e1-43a2-bcc1-80e18c7b0146/uk.representclo.com/cdn/shop/files/5Aty4wQ2Ox14J-iK6y-Q32qesJwOalWNhkh4958K6w.jpg?crop=center&height=1200&v=1740588689&width=1200
https://uk.representclo.com/products/247-motion-shorts-rust,247 Motion Shorts - Rust,XL,False,80.0,,https://scdn.speedsize.com/fbaf6506-81e1-43a2-bcc1-80e18c7b0146/uk.representclo.com/cdn/shop/files/5Aty4wQ2Ox14J-iK6y-Q32qesJwOalWNhkh4958K6w.jpg?crop=center&height=1200&v=1740588689&width=1200
https://uk.representclo.com/products/247-motion-shorts-rust,247 Motion Shorts - Rust,XXL,False,80.0,,https://scdn.speedsize.com/fbaf6506-81e1-43a2-bcc1-80e18c7b0146/uk.representclo.com/cdn/shop/files/5Aty4wQ2Ox14J-iK6y-Q32qesJwOalWNhkh4958K6w.jpg?crop=center&height=1200&v=1740588689&width=1200
https://uk.representclo.com/products/247-motion-shorts-titanium,247 Motion Shorts - Titanium,XS,False,80.0,,https://scdn.speedsize.com/fbaf6506-81e1-43a2-bcc1-80e18c7b0146/uk.representclo.com/cdn/shop/files/ZZMqEAC-YSsQMfc38MmBpWtqowLAwgtm6Dam4XWjMJk.jpg?crop=center&height=1200&v=1740588719&width=1200
https://uk.representclo.com/products/247-motion-shorts-titanium,247 Motion Shorts - Titanium,S,True,80.0,,https://scdn.speedsize.com/fbaf6506-81e1-43a2-bcc1-80e18c7b0146/uk.representclo.com/cdn/shop/files/ZZMqEAC-YSsQMfc38MmBpWtqowLAwgtm6Dam4XWjMJk.jpg?crop=center&height=1200&v=1740588719&width=1200
https://uk.representclo.com/products/247-motion-shorts-titanium,247 Motion Shorts - Titanium,M,True,80.0,,https://scdn.speedsize.com/fbaf6506-81e1-43a2-bcc1-80e18c7b0146/uk.representclo.com/cdn/shop/files/ZZMqEAC-YSsQMfc38MmBpWtqowLAwgtm6Dam4XWjMJk.jpg?crop=center&height=1200&v=1740588719&width=1200
https://uk.representclo.com/products/247-motion-shorts-titanium,247 Motion Shorts - Titanium,L,False,80.0,,https://scdn.speedsize.com/fbaf6506-81e1-43a2-bcc1-80e18c7b0146/uk.representclo.com/cdn/shop/files/ZZMqEAC-YSsQMfc38MmBpWtqowLAwgtm6Dam4XWjMJk.jpg?crop=center&height=1200&v=1740588719&width=1200
https://uk.representclo.com/products/247-motion-shorts-titanium,247 Motion Shorts - Titanium,XL,False,80.0,,https://scdn.speedsize.com/fbaf6506-81e1-43a2-bcc1-80e18c7b0146/uk.representclo.com/cdn/shop/files/ZZMqEAC-YSsQMfc38MmBpWtqowLAwgtm6Dam4XWjMJk.jpg?crop=center&height=1200&v=1740588719&width=1200
https://uk.representclo.com/products/247-motion-shorts-titanium,247 Motion Shorts - Titanium,XXL,True,80.0,,https://scdn.speedsize.com/fbaf6506-81e1-43a2-bcc1-80e18c7b0146/uk.representclo.com/cdn/shop/files/ZZMqEAC-YSsQMfc38MmBpWtqowLAwgtm6Dam4XWjMJk.jpg?crop=center&height=1200&v=1740588719&width=1200
https://uk.representclo.com/products/247-new-york-bag-black,247 New York Bag - Black Pink,One Size,True,60.0,,https://scdn.speedsize.com/fbaf6506-81e1-43a2-bcc1-80e18c7b0146/uk.representclo.com/cdn/shop/files/fixfJ19OIi4CaiTkYbV9TzowU1K7MOWTdP6Ni_5A5Zo.jpg?crop=center&height=1200&v=1761557547&width=1200
https://uk.representclo.com/products/247-new-york-hoodie-black-pink,247 New York Hoodie - Black Pink,XS,False,140.0,,https://scdn.speedsize.com/fbaf6506-81e1-43a2-bcc1-80e18c7b0146/uk.representclo.com/cdn/shop/files/Ln7SzLJctQ9YZn6_gIHU4DxhSmWmMW2Wccgmmywlp7E.jpg?crop=center&height=1200&v=1761557591&width=1200
https://uk.representclo.com/products/247-new-york-hoodie-black-pink,247 New York Hoodie - Black Pink,S,True,140.0,,https://scdn.speedsize.com/fbaf6506-81e1-43a2-bcc1-80e18c7b0146/uk.representclo.com/cdn/shop/files/Ln7SzLJctQ9YZn6_gIHU4DxhSmWmMW2Wccgmmywlp7E.jpg?crop=center&height=1200&v=1761557591&width=1200
https://uk.representclo.com/products/247-new-york-hoodie-black-pink,247 New York Hoodie - Black Pink,M,True,140.0,,https://scdn.speedsize.com/fbaf6506-81e1-43a2-bcc1-80e18c7b0146/uk.representclo.com/cdn/shop/files/Ln7SzLJctQ9YZn6_gIHU4DxhSmWmMW2Wccgmmywlp7E.jpg?crop=center&height=1200&v=1761557591&width=1200
https://uk.representclo.com/products/247-new-york-hoodie-black-pink,247 New York Hoodie - Black Pink,L,False,140.0,,https://scdn.speedsize.com/fbaf6506-81e1-43a2-bcc1-80e18c7b0146/uk.representclo.com/cdn/shop/files/Ln7SzLJctQ9YZn6_gIHU4DxhSmWmMW2Wccgmmywlp7E.jpg?crop=center&height=1200&v=1761557591&width=1200
https://uk.representclo.com/products/247-new-york-hoodie-black-pink,247 New York Hoodie - Black Pink,XL,False,140.0,,https://scdn.speedsize.com/fbaf6506-81e1-43a2-bcc1-80e18c7b0146/uk.representclo.com/cdn/shop/files/Ln7SzLJctQ9YZn6_gIHU4DxhSmWmMW2Wccgmmywlp7E.jpg?crop=center&height=1200&v=1761557591&width=1200
https://uk.representclo.com/products/247-new-york-hoodie-black-pink,247 New York Hoodie - Black Pink,XXL,False,140.0,,https://scdn.speedsize.com/fbaf6506-81e1-43a2-bcc1-80e18c7b0146/uk.representclo.com/cdn/shop/files/Ln7SzLJctQ9YZn6_gIHU4DxhSmWmMW2Wccgmmywlp7E.jpg?crop=center&height=1200&v=1761557591&width=1200
https://uk.representclo.com/products/247-new-york-singlet-pink,247 New York Singlet - Pink,XS,False,80.0,,https://scdn.speedsize.com/fbaf6506-81e1-43a2-bcc1-80e18c7b0146/uk.representclo.com/cdn/shop/files/1b8SqNQ533AWDfjpRoB-b_-IGEzck-13tLYgaPAWoB8.jpg?crop=center&height=1200&v=1761557748&width=1200
https://uk.representclo.com/products/247-new-york-singlet-pink,247 New York Singlet - Pink,S,False,80.0,,https://scdn.speedsize.com/fbaf6506-81e1-43a2-bcc1-80e18c7b0146/uk.representclo.com/cdn/shop/files/1b8SqNQ533AWDfjpRoB-b_-IGEzck-13tLYgaPAWoB8.jpg?crop=center&height=1200&v=1761557748&width=1200
https://uk.representclo.com/products/247-new-york-singlet-pink,247 New York Singlet - Pink,M,False,80.0,,https://scdn.speedsize.com/fbaf6506-81e1-43a2-bcc1-80e18c7b0146/uk.representclo.com/cdn/shop/files/1b8SqNQ533AWDfjpRoB-b_-IGEzck-13tLYgaPAWoB8.jpg?crop=center&height=1200&v=1761557748&width=1200
https://uk.representclo.com/products/247-new-york-singlet-pink,247 New York Singlet - Pink,L,False,80.0,,https://scdn.speedsize.com/fbaf6506-81e1-43a2-bcc1-80e18c7b0146/uk.representclo.com/cdn/shop/files/1b8SqNQ533AWDfjpRoB-b_-IGEzck-13tLYgaPAWoB8.jpg?crop=center&height=1200&v=1761557748&width=1200
https://uk.representclo.com/products/247-new-york-singlet-pink,247 New York Singlet - Pink,XL,False,80.0,,https://scdn.speedsize.com/fbaf6506-81e1-43a2-bcc1-80e18c7b0146/uk.representclo.com/cdn/shop/files/1b8SqNQ533AWDfjpRoB-b_-IGEzck-13tLYgaPAWoB8.jpg?crop=center&height=1200&v=1761557748&width=1200
https://uk.representclo.com/products/247-new-york-singlet-pink,247 New York Singlet - Pink,XXL,False,80.0,,https://scdn.speedsize.com/fbaf6506-81e1-43a2-bcc1-80e18c7b0146/uk.representclo.com/cdn/shop/files/1b8SqNQ533AWDfjpRoB-b_-IGEzck-13tLYgaPAWoB8.jpg?crop=center&height=1200&v=1761557748&width=1200
https://uk.representclo.com/products/247-new-york-t-shirt-pink,247 New York T-Shirt - Pink,XS,True,85.0,,https://scdn.speedsize.com/fbaf6506-81e1-43a2-bcc1-80e18c7b0146/uk.representclo.com/cdn/shop/files/JLtFHj36hSfPy-41QW_K_7O4mTuxQ02t1JSuvi1zV4I.jpg?crop=center&height=1200&v=1761557711&width=1200
https://uk.representclo.com/products/247-new-york-t-shirt-pink,247 New York T-Shirt - Pink,S,True,85.0,,https://scdn.speedsize.com/fbaf6506-81e1-43a2-bcc1-80e18c7b0146/uk.representclo.com/cdn/shop/files/JLtFHj36hSfPy-41QW_K_7O4mTuxQ02t1JSuvi1zV4I.jpg?crop=center&height=1200&v=1761557711&width=1200
https://uk.representclo.com/products/247-new-york-t-shirt-pink,247 New York T-Shirt - Pink,M,False,85.0,,https://scdn.speedsize.com/fbaf6506-81e1-43a2-bcc1-80e18c7b0146/uk.representclo.com/cdn/shop/files/JLtFHj36hSfPy-41QW_K_7O4mTuxQ02t1JSuvi1zV4I.jpg?crop=center&height=1200&v=1761557711&width=1200
https://uk.representclo.com/products/247-new-york-t-shirt-pink,247 New York T-Shirt - Pink,L,True,85.0,,https://scdn.speedsize.com/fbaf6506-81e1-43a2-bcc1-80e18c7b0146/uk.representclo.com/cdn/shop/files/JLtFHj36hSfPy-41QW_K_7O4mTuxQ02t1JSuvi1zV4I.jpg?crop=center&height=1200&v=1761557711&width=1200
https://uk.representclo.com/products/247-new-york-t-shirt-pink,247 New York T-Shirt - Pink,XL,True,85.0,,https://scdn.speedsize.com/fbaf6506-81e1-43a2-bcc1-80e18c7b0146/uk.representclo.com/cdn/shop/files/JLtFHj36hSfPy-41QW_K_7O4mTuxQ02t1JSuvi1zV4I.jpg?crop=center&height=1200&v=1761557711&width=1200
https://uk.representclo.com/products/247-new-york-t-shirt-pink,247 New York T-Shirt - Pink,XXL,True,85.0,,https://scdn.speedsize.com/fbaf6506-81e1-43a2-bcc1-80e18c7b0146/uk.representclo.com/cdn/shop/files/JLtFHj36hSfPy-41QW_K_7O4mTuxQ02t1JSuvi1zV4I.jpg?crop=center&height=1200&v=1761557711&width=1200
https://uk.representclo.com/products/247-noble-long-sleeve-t-shirt-graphene,247 Noble Long Sleeve T-Shirt - Graphene,XXS,False,90.0,,https://scdn.speedsize.com/fbaf6506-81e1-43a2-bcc1-80e18c7b0146/uk.representclo.com/cdn/shop/files/HFr4fbeQz4sE4LhNrx21cdc5_dpBTa4-q-hGMIpRTN4.jpg?crop=center&height=1200&v=1785506560&width=1200
https://uk.representclo.com/products/247-noble-long-sleeve-t-shirt-graphene,247 Noble Long Sleeve T-Shirt - Graphene,XS,True,90.0,,https://scdn.speedsize.com/fbaf6506-81e1-43a2-bcc1-80e18c7b0146/uk.representclo.com/cdn/shop/files/HFr4fbeQz4sE4LhNrx21cdc5_dpBTa4-q-hGMIpRTN4.jpg?crop=center&height=1200&v=1785506560&width=1200
https://uk.representclo.com/products/247-noble-long-sleeve-t-shirt-graphene,247 Noble Long Sleeve T-Shirt - Graphene,S,True,90.0,,https://scdn.speedsize.com/fbaf6506-81e1-43a2-bcc1-80e18c7b0146/uk.representclo.com/cdn/shop/files/HFr4fbeQz4sE4LhNrx21cdc5_dpBTa4-q-hGMIpRTN4.jpg?crop=center&height=1200&v=1785506560&width=1200
https://uk.representclo.com/products/247-noble-long-sleeve-t-shirt-graphene,247 Noble Long Sleeve T-Shirt - Graphene,M,True,90.0,,https://scdn.speedsize.com/fbaf6506-81e1-43a2-bcc1-80e18c7b0146/uk.representclo.com/cdn/shop/files/HFr4fbeQz4sE4LhNrx21cdc5_dpBTa4-q-hGMIpRTN4.jpg?crop=center&height=1200&v=1785506560&width=1200
https://uk.representclo.com/products/247-noble-long-sleeve-t-shirt-graphene,247 Noble Long Sleeve T-Shirt - Graphene,L,True,90.0,,https://scdn.speedsize.com/fbaf6506-81e1-43a2-bcc1-80e18c7b0146/uk.representclo.com/cdn/shop/files/HFr4fbeQz4sE4LhNrx21cdc5_dpBTa4-q-hGMIpRTN4.jpg?crop=center&height=1200&v=1785506560&width=1200
https://uk.representclo.com/products/247-noble-long-sleeve-t-shirt-graphene,247 Noble Long Sleeve T-Shirt - Graphene,XL,True,90.0,,https://scdn.speedsize.com/fbaf6506-81e1-43a2-bcc1-80e18c7b0146/uk.representclo.com/cdn/shop/files/HFr4fbeQz4sE4LhNrx21cdc5_dpBTa4-q-hGMIpRTN4.jpg?crop=center&height=1200&v=1785506560&width=1200
https://uk.representclo.com/products/247-noble-long-sleeve-t-shirt-graphene,247 Noble Long Sleeve T-Shirt - Graphene,XXL,True,90.0,,https://scdn.speedsize.com/fbaf6506-81e1-43a2-bcc1-80e18c7b0146/uk.representclo.com/cdn/shop/files/HFr4fbeQz4sE4LhNrx21cdc5_dpBTa4-q-hGMIpRTN4.jpg?crop=center&height=1200&v=1785506560&width=1200
https://uk.representclo.com/products/247-noble-long-sleeve-t-shirt-jet-black,247 Noble Long Sleeve T-Shirt - Jet Black,XXS,False,90.0,,https://scdn.speedsize.com/fbaf6506-81e1-43a2-bcc1-80e18c7b0146/uk.representclo.com/cdn/shop/files/f4iySfCBHTSl7Wh7TCGod5fBnIwAyWB6yi2DPU3C9w0.jpg?crop=center&height=1200&v=1785506561&width=1200
https://uk.representclo.com/products/247-noble-long-sleeve-t-shirt-jet-black,247 Noble Long Sleeve T-Shirt - Jet Black,XS,False,90.0,,https://scdn.speedsize.com/fbaf6506-81e1-43a2-bcc1-80e18c7b0146/uk.representclo.com/cdn/shop/files/f4iySfCBHTSl7Wh7TCGod5fBnIwAyWB6yi2DPU3C9w0.jpg?crop=center&height=1200&v=1785506561&width=1200
https://uk.representclo.com/products/247-noble-long-sleeve-t-shirt-jet-black,247 Noble Long Sleeve T-Shirt - Jet Black,S,False,90.0,,https://scdn.speedsize.com/fbaf6506-81e1-43a2-bcc1-80e18c7b0146/uk.representclo.com/cdn/shop/files/f4iySfCBHTSl7Wh7TCGod5fBnIwAyWB6yi2DPU3C9w0.jpg?crop=center&height=1200&v=1785506561&width=1200
https://uk.representclo.com/products/247-noble-long-sleeve-t-shirt-jet-black,247 Noble Long Sleeve T-Shirt - Jet Black,M,False,90.0,,https://scdn.speedsize.com/fbaf6506-81e1-43a2-bcc1-80e18c7b0146/uk.representclo.com/cdn/shop/files/f4iySfCBHTSl7Wh7TCGod5fBnIwAyWB6yi2DPU3C9w0.jpg?crop=center&height=1200&v=1785506561&width=1200
https://uk.representclo.com/products/247-noble-long-sleeve-t-shirt-jet-black,247 Noble Long Sleeve T-Shirt - Jet Black,L,False,90.0,,https://scdn.speedsize.com/fbaf6506-81e1-43a2-bcc1-80e18c7b0146/uk.representclo.com/cdn/shop/files/f4iySfCBHTSl7Wh7TCGod5fBnIwAyWB6yi2DPU3C9w0.jpg?crop=center&height=1200&v=1785506561&width=1200
https://uk.representclo.com/products/247-noble-long-sleeve-t-shirt-jet-black,247 Noble Long Sleeve T-Shirt - Jet Black,XL,False,90.0,,https://scdn.speedsize.com/fbaf6506-81e1-43a2-bcc1-80e18c7b0146/uk.representclo.com/cdn/shop/files/f4iySfCBHTSl7Wh7TCGod5fBnIwAyWB6yi2DPU3C9w0.jpg?crop=center&height=1200&v=1785506561&width=1200
https://uk.representclo.com/products/247-noble-long-sleeve-t-shirt-jet-black,247 Noble Long Sleeve T-Shirt - Jet Black,XXL,False,90.0,,https://scdn.speedsize.com/fbaf6506-81e1-43a2-bcc1-80e18c7b0146/uk.representclo.com/cdn/shop/files/f4iySfCBHTSl7Wh7TCGod5fBnIwAyWB6yi2DPU3C9w0.jpg?crop=center&height=1200&v=1785506561&width=1200
https://uk.representclo.com/products/247-noble-t-shirt-graphene,247 Noble T-Shirt - Graphene,XXS,False,85.0,,https://scdn.speedsize.com/fbaf6506-81e1-43a2-bcc1-80e18c7b0146/uk.representclo.com/cdn/shop/files/Dsm-cSmr8J5oEetB7CEZsFvmZTWd0xSPcjyTeZpfa2k.jpg?crop=center&height=1200&v=1785506585&width=1200
https://uk.representclo.com/products/247-noble-t-shirt-graphene,247 Noble T-Shirt - Graphene,XS,False,85.0,,https://scdn.speedsize.com/fbaf6506-81e1-43a2-bcc1-80e18c7b0146/uk.representclo.com/cdn/shop/files/Dsm-cSmr8J5oEetB7CEZsFvmZTWd0xSPcjyTeZpfa2k.jpg?crop=center&height=1200&v=1785506585&width=1200
https://uk.representclo.com/products/247-noble-t-shirt-graphene,247 Noble T-Shirt - Graphene,S,False,85.0,,https://scdn.speedsize.com/fbaf6506-81e1-43a2-bcc1-80e18c7b0146/uk.representclo.com/cdn/shop/files/Dsm-cSmr8J5oEetB7CEZsFvmZTWd0xSPcjyTeZpfa2k.jpg?crop=center&height=1200&v=1785506585&width=1200
https://uk.representclo.com/products/247-noble-t-shirt-graphene,247 Noble T-Shirt - Graphene,M,False,85.0,,https://scdn.speedsize.com/fbaf6506-81e1-43a2-bcc1-80e18c7b0146/uk.representclo.com/cdn/shop/files/Dsm-cSmr8J5oEetB7CEZsFvmZTWd0xSPcjyTeZpfa2k.jpg?crop=center&height=1200&v=1785506585&width=1200
https://uk.representclo.com/products/247-noble-t-shirt-graphene,247 Noble T-Shirt - Graphene,L,False,85.0,,https://scdn.speedsize.com/fbaf6506-81e1-43a2-bcc1-80e18c7b0146/uk.representclo.com/cdn/shop/files/Dsm-cSmr8J5oEetB7CEZsFvmZTWd0xSPcjyTeZpfa2k.jpg?crop=center&height=1200&v=1785506585&width=1200
https://uk.representclo.com/products/247-noble-t-shirt-graphene,247 Noble T-Shirt - Graphene,XL,False,85.0,,https://scdn.speedsize.com/fbaf6506-81e1-43a2-bcc1-80e18c7b0146/uk.representclo.com/cdn/shop/files/Dsm-cSmr8J5oEetB7CEZsFvmZTWd0xSPcjyTeZpfa2k.jpg?crop=center&height=1200&v=1785506585&width=1200
https://uk.representclo.com/products/247-noble-t-shirt-graphene,247 Noble T-Shirt - Graphene,XXL,False,85.0,,https://scdn.speedsize.com/fbaf6506-81e1-43a2-bcc1-80e18c7b0146/uk.representclo.com/cdn/shop/files/Dsm-cSmr8J5oEetB7CEZsFvmZTWd0xSPcjyTeZpfa2k.jpg?crop=center&height=1200&v=1785506585&width=1200
https://uk.representclo.com/products/247-noble-t-shirt-jet-black,247 Noble T-Shirt - Jet Black,XXS,False,85.0,,https://scdn.speedsize.com/fbaf6506-81e1-43a2-bcc1-80e18c7b0146/uk.representclo.com/cdn/shop/files/KhunulGpjEfBjM7yzrcPHme91Aj9CJYOLZ_Ys0uhHTw.jpg?crop=center&height=1200&v=1785506586&width=1200
https://uk.representclo.com/products/247-noble-t-shirt-jet-black,247 Noble T-Shirt - Jet Black,XS,False,85.0,,https://scdn.speedsize.com/fbaf6506-81e1-43a2-bcc1-80e18c7b0146/uk.representclo.com/cdn/shop/files/KhunulGpjEfBjM7yzrcPHme91Aj9CJYOLZ_Ys0uhHTw.jpg?crop=center&height=1200&v=1785506586&width=1200
https://uk.representclo.com/products/247-noble-t-shirt-jet-black,247 Noble T-Shirt - Jet Black,S,False,85.0,,https://scdn.speedsize.com/fbaf6506-81e1-43a2-bcc1-80e18c7b0146/uk.representclo.com/cdn/shop/files/KhunulGpjEfBjM7yzrcPHme91Aj9CJYOLZ_Ys0uhHTw.jpg?crop=center&height=1200&v=1785506586&width=1200
https://uk.representclo.com/products/247-noble-t-shirt-jet-black,247 Noble T-Shirt - Jet Black,M,False,85.0,,https://scdn.speedsize.com/fbaf6506-81e1-43a2-bcc1-80e18c7b0146/uk.representclo.com/cdn/shop/files/KhunulGpjEfBjM7yzrcPHme91Aj9CJYOLZ_Ys0uhHTw.jpg?crop=center&height=1200&v=1785506586&width=1200
https://uk.representclo.com/products/247-noble-t-shirt-jet-black,247 Noble T-Shirt - Jet Black,L,False,85.0,,https://scdn.speedsize.com/fbaf6506-81e1-43a2-bcc1-80e18c7b0146/uk.representclo.com/cdn/shop/files/KhunulGpjEfBjM7yzrcPHme91Aj9CJYOLZ_Ys0uhHTw.jpg?crop=center&height=1200&v=1785506586&width=1200
https://uk.representclo.com/products/247-noble-t-shirt-jet-black,247 Noble T-Shirt - Jet Black,XL,True,85.0,,https://scdn.speedsize.com/fbaf6506-81e1-43a2-bcc1-80e18c7b0146/uk.representclo.com/cdn/shop/files/KhunulGpjEfBjM7yzrcPHme91Aj9CJYOLZ_Ys0uhHTw.jpg?crop=center&height=1200&v=1785506586&width=1200
https://uk.representclo.com/products/247-noble-t-shirt-jet-black,247 Noble T-Shirt - Jet Black,XXL,False,85.0,,https://scdn.speedsize.com/fbaf6506-81e1-43a2-bcc1-80e18c7b0146/uk.representclo.com/cdn/shop/files/KhunulGpjEfBjM7yzrcPHme91Aj9CJYOLZ_Ys0uhHTw.jpg?crop=center&height=1200&v=1785506586&width=1200
https://uk.representclo.com/products/247-numbers-beanie-grey-marl,247 Numbers Beanie - Grey Marl,One Size,True,40.0,,https://scdn.speedsize.com/fbaf6506-81e1-43a2-bcc1-80e18c7b0146/uk.representclo.com/cdn/shop/files/nsa0hpLDWT8zXK8OCIhRQqKoRTEgBTkRjX7CU_ho18Q.jpg?crop=center&height=1200&v=1785506611&width=1200
https://uk.representclo.com/products/247-numbers-beanie-jet-black,247 Numbers Beanie - Jet Black,One Size,True,40.0,,https://scdn.speedsize.com/fbaf6506-81e1-43a2-bcc1-80e18c7b0146/uk.representclo.com/cdn/shop/files/j7VZswoBzgZ0baif8w2xBh3oDJOFu3c_hAlibF40Fk.jpg?crop=center&height=1200&v=1785506611&width=1200
https://uk.representclo.com/products/247-numbers-cap-graphene,247 Numbers Cap - Graphene,One Size,True,45.0,,https://scdn.speedsize.com/fbaf6506-81e1-43a2-bcc1-80e18c7b0146/uk.representclo.com/cdn/shop/files/peLEWPe5DAgeK2Q1GnPZaK7Qcryz6fMpYl3MiMVlQxE.jpg?crop=center&height=1200&v=1785506611&width=1200
https://uk.representclo.com/products/247-numbers-cap-graphite-grey,247 Numbers Cap - Graphite Grey,One Size,True,45.0,,https://scdn.speedsize.com/fbaf6506-81e1-43a2-bcc1-80e18c7b0146/uk.representclo.com/cdn/shop/files/ehGNl4MZSniUBKnOF51sVCCpjJgmIptnDhe0dQl7Q18.jpg?crop=center&height=1200&v=1773249258&width=1200
https://uk.representclo.com/products/247-numbers-cap-jet-black,247 Numbers Cap - Jet Black,One Size,True,45.0,,https://scdn.speedsize.com/fbaf6506-81e1-43a2-bcc1-80e18c7b0146/uk.representclo.com/cdn/shop/files/YtVvjZEYgT5p-jY3Ja7GXyxmCKihXrXlk0Jzsyim5Eo.jpg?crop=center&height=1200&v=1773249287&width=1200
https://uk.representclo.com/products/247-numbers-cap-teal,247 Numbers Cap - Teal,One Size,False,45.0,,https://scdn.speedsize.com/fbaf6506-81e1-43a2-bcc1-80e18c7b0146/uk.representclo.com/cdn/shop/files/lvBDZKPnpW9IteucGacI7ZVUKfFYneZGIMWB0IUzo-M.jpg?crop=center&height=1200&v=1773249315&width=1200
https://uk.representclo.com/products/247-numbers-cargo-half-tight-graphene,247 Numbers Cargo Half Tight - Graphene,XS,True,75.0,,https://scdn.speedsize.com/fbaf6506-81e1-43a2-bcc1-80e18c7b0146/uk.representclo.com/cdn/shop/files/r_b9akCybqi0S8hwzCZ2aSZinOLNcTkCFkfOort0vQ0.jpg?crop=center&height=1200&v=1785506614&width=1200
https://uk.representclo.com/products/247-numbers-cargo-half-tight-graphene,247 Numbers Cargo Half Tight - Graphene,S,True,75.0,,https://scdn.speedsize.com/fbaf6506-81e1-43a2-bcc1-80e18c7b0146/uk.representclo.com/cdn/shop/files/r_b9akCybqi0S8hwzCZ2aSZinOLNcTkCFkfOort0vQ0.jpg?crop=center&height=1200&v=1785506614&width=1200
https://uk.representclo.com/products/247-numbers-cargo-half-tight-graphene,247 Numbers Cargo Half Tight - Graphene,M,True,75.0,,https://scdn.speedsize.com/fbaf6506-81e1-43a2-bcc1-80e18c7b0146/uk.representclo.com/cdn/shop/files/r_b9akCybqi0S8hwzCZ2aSZinOLNcTkCFkfOort0vQ0.jpg?crop=center&height=1200&v=1785506614&width=1200
https://uk.representclo.com/products/247-numbers-cargo-half-tight-graphene,247 Numbers Cargo Half Tight - Graphene,L,True,75.0,,https://scdn.speedsize.com/fbaf6506-81e1-43a2-bcc1-80e18c7b0146/uk.representclo.com/cdn/shop/files/r_b9akCybqi0S8hwzCZ2aSZinOLNcTkCFkfOort0vQ0.jpg?crop=center&height=1200&v=1785506614&width=1200
https://uk.representclo.com/products/247-numbers-cargo-half-tight-graphene,247 Numbers Cargo Half Tight - Graphene,XL,True,75.0,,https://scdn.speedsize.com/fbaf6506-81e1-43a2-bcc1-80e18c7b0146/uk.representclo.com/cdn/shop/files/r_b9akCybqi0S8hwzCZ2aSZinOLNcTkCFkfOort0vQ0.jpg?crop=center&height=1200&v=1785506614&width=1200
https://uk.representclo.com/products/247-numbers-cargo-half-tight-graphene,247 Numbers Cargo Half Tight - Graphene,XXL,False,75.0,,https://scdn.speedsize.com/fbaf6506-81e1-43a2-bcc1-80e18c7b0146/uk.representclo.com/cdn/shop/files/r_b9akCybqi0S8hwzCZ2aSZinOLNcTkCFkfOort0vQ0.jpg?crop=center&height=1200&v=1785506614&width=1200
https://uk.representclo.com/products/247-numbers-gaiter-grey-marl,247 Numbers Gaiter - Grey Marl,One Size,True,40.0,,https://scdn.speedsize.com/fbaf6506-81e1-43a2-bcc1-80e18c7b0146/uk.representclo.com/cdn/shop/files/wkZ9o5NTv9JYLdcb7IJFBGYuNmjh-H6LLgZ1woGV5UM.jpg?crop=center&height=1200&v=1785506614&width=1200
https://uk.representclo.com/products/247-numbers-gaiter-jet-black,247 Numbers Gaiter - Jet Black,One Size,True,40.0,,https://scdn.speedsize.com/fbaf6506-81e1-43a2-bcc1-80e18c7b0146/uk.representclo.com/cdn/shop/files/QTslgrXUFBLs5mJO5ANKwAJ4VfjIk286R5xk-hptZzw.jpg?crop=center&height=1200&v=1785506641&width=1200
https://uk.representclo.com/products/247-numbers-glove-jet-black,247 Numbers Glove - Jet Black,One Size,True,25.0,,https://scdn.speedsize.com/fbaf6506-81e1-43a2-bcc1-80e18c7b0146/uk.representclo.com/cdn/shop/files/4jpDM_4BusyfGa1jUPsYSQy6fSbaro4z5dNM8c_REl0.jpg?crop=center&height=1200&v=1785506641&width=1200
https://uk.representclo.com/products/247-numbers-race-sock-graphene,247 Numbers Race Sock - Graphene,One Size,True,15.0,,https://scdn.speedsize.com/fbaf6506-81e1-43a2-bcc1-80e18c7b0146/uk.representclo.com/cdn/shop/files/Hw2_6RHFtdsuktw_Z0tn1LQlXa-PXnKPE-VJn3ev82I.jpg?crop=center&height=1200&v=1785506645&width=1200
https://uk.representclo.com/products/247-numbers-socks-flat-white,247 Numbers Socks - Flat White,One Size,True,15.0,,https://scdn.speedsize.com/fbaf6506-81e1-43a2-bcc1-80e18c7b0146/uk.representclo.com/cdn/shop/files/R2ZTQq8qCh4e56-NYMJXjpSnemF18gnJna_KsKyg6M.jpg?crop=center&height=1200&v=1773249339&width=1200
https://uk.representclo.com/products/247-numbers-socks-jet-black,247 Numbers Socks - Jet Black,One Size,True,15.0,,https://scdn.speedsize.com/fbaf6506-81e1-43a2-bcc1-80e18c7b0146/uk.representclo.com/cdn/shop/files/BprRSKrpxLuuDUEgQHEB0Vkp8D5QlupxRXdMrBhOnSw.jpg?crop=center&height=1200&v=1773249353&width=1200
https://uk.representclo.com/products/247-numbers-t-shirt-flat-white,247 Numbers T-Shirt - Flat White,XS,True,80.0,,https://scdn.speedsize.com/fbaf6506-81e1-43a2-bcc1-80e18c7b0146/uk.representclo.com/cdn/shop/files/L5XfJhxX9UimWfIsih-6_YhBLj1LOMheYW8jO8ITfbc.jpg?crop=center&height=1200&v=1785506684&width=1200
https://uk.representclo.com/products/247-numbers-t-shirt-flat-white,247 Numbers T-Shirt - Flat White,S,True,80.0,,https://scdn.speedsize.com/fbaf6506-81e1-43a2-bcc1-80e18c7b0146/uk.representclo.com/cdn/shop/files/L5XfJhxX9UimWfIsih-6_YhBLj1LOMheYW8jO8ITfbc.jpg?crop=center&height=1200&v=1785506684&width=1200
https://uk.representclo.com/products/247-numbers-t-shirt-flat-white,247 Numbers T-Shirt - Flat White,M,True,80.0,,https://scdn.speedsize.com/fbaf6506-81e1-43a2-bcc1-80e18c7b0146/uk.representclo.com/cdn/shop/files/L5XfJhxX9UimWfIsih-6_YhBLj1LOMheYW8jO8ITfbc.jpg?crop=center&height=1200&v=1785506684&width=1200
https://uk.representclo.com/products/247-numbers-t-shirt-flat-white,247 Numbers T-Shirt - Flat White,L,True,80.0,,https://scdn.speedsize.com/fbaf6506-81e1-43a2-bcc1-80e18c7b0146/uk.representclo.com/cdn/shop/files/L5XfJhxX9UimWfIsih-6_YhBLj1LOMheYW8jO8ITfbc.jpg?crop=center&height=1200&v=1785506684&width=1200
https://uk.representclo.com/products/247-numbers-t-shirt-flat-white,247 Numbers T-Shirt - Flat White,XL,True,80.0,,https://scdn.speedsize.com/fbaf6506-81e1-43a2-bcc1-80e18c7b0146/uk.representclo.com/cdn/shop/files/L5XfJhxX9UimWfIsih-6_YhBLj1LOMheYW8jO8ITfbc.jpg?crop=center&height=1200&v=1785506684&width=1200
https://uk.representclo.com/products/247-numbers-t-shirt-flat-white,247 Numbers T-Shirt - Flat White,XXL,True,80.0,,https://scdn.speedsize.com/fbaf6506-81e1-43a2-bcc1-80e18c7b0146/uk.representclo.com/cdn/shop/files/L5XfJhxX9UimWfIsih-6_YhBLj1LOMheYW8jO8ITfbc.jpg?crop=center&height=1200&v=1785506684&width=1200
https://uk.representclo.com/products/247-numbers-t-shirt-graphene,247 Numbers T-Shirt - Graphene,XS,True,80.0,,https://scdn.speedsize.com/fbaf6506-81e1-43a2-bcc1-80e18c7b0146/uk.representclo.com/cdn/shop/files/hDIApg9urGzGwUtm-U-j12YkdXWWXtMmeqqZqEEFBmE.jpg?crop=center&height=1200&v=1785506684&width=1200
https://uk.representclo.com/products/247-numbers-t-shirt-graphene,247 Numbers T-Shirt - Graphene,S,True,80.0,,https://scdn.speedsize.com/fbaf6506-81e1-43a2-bcc1-80e18c7b0146/uk.representclo.com/cdn/shop/files/hDIApg9urGzGwUtm-U-j12YkdXWWXtMmeqqZqEEFBmE.jpg?crop=center&height=1200&v=1785506684&width=1200
https://uk.representclo.com/products/247-numbers-t-shirt-graphene,247 Numbers T-Shirt - Graphene,M,True,80.0,,https://scdn.speedsize.com/fbaf6506-81e1-43a2-bcc1-80e18c7b0146/uk.representclo.com/cdn/shop/files/hDIApg9urGzGwUtm-U-j12YkdXWWXtMmeqqZqEEFBmE.jpg?crop=center&height=1200&v=1785506684&width=1200
https://uk.representclo.com/products/247-numbers-t-shirt-graphene,247 Numbers T-Shirt - Graphene,L,True,80.0,,https://scdn.speedsize.com/fbaf6506-81e1-43a2-bcc1-80e18c7b0146/uk.representclo.com/cdn/shop/files/hDIApg9urGzGwUtm-U-j12YkdXWWXtMmeqqZqEEFBmE.jpg?crop=center&height=1200&v=1785506684&width=1200
https://uk.representclo.com/products/247-numbers-t-shirt-graphene,247 Numbers T-Shirt - Graphene,XL,True,80.0,,https://scdn.speedsize.com/fbaf6506-81e1-43a2-bcc1-80e18c7b0146/uk.representclo.com/cdn/shop/files/hDIApg9urGzGwUtm-U-j12YkdXWWXtMmeqqZqEEFBmE.jpg?crop=center&height=1200&v=1785506684&width=1200
https://uk.representclo.com/products/247-numbers-t-shirt-graphene,247 Numbers T-Shirt - Graphene,XXL,True,80.0,,https://scdn.speedsize.com/fbaf6506-81e1-43a2-bcc1-80e18c7b0146/uk.representclo.com/cdn/shop/files/hDIApg9urGzGwUtm-U-j12YkdXWWXtMmeqqZqEEFBmE.jpg?crop=center&height=1200&v=1785506684&width=1200
https://uk.representclo.com/products/247-numbers-t-shirt-graphite-grey,247 Numbers T-Shirt - Graphite Grey,XXS,False,80.0,,https://scdn.speedsize.com/fbaf6506-81e1-43a2-bcc1-80e18c7b0146/uk.representclo.com/cdn/shop/files/mJIHXZJboYT6k_vpR7OoQWEYM1rfd54OMcETfc-m0IA.jpg?crop=center&height=1200&v=1773249377&width=1200
https://uk.representclo.com/products/247-numbers-t-shirt-graphite-grey,247 Numbers T-Shirt - Graphite Grey,XS,False,80.0,,https://scdn.speedsize.com/fbaf6506-81e1-43a2-bcc1-80e18c7b0146/uk.representclo.com/cdn/shop/files/mJIHXZJboYT6k_vpR7OoQWEYM1rfd54OMcETfc-m0IA.jpg?crop=center&height=1200&v=1773249377&width=1200
https://uk.representclo.com/products/247-numbers-t-shirt-graphite-grey,247 Numbers T-Shirt - Graphite Grey,S,False,80.0,,https://scdn.speedsize.com/fbaf6506-81e1-43a2-bcc1-80e18c7b0146/uk.representclo.com/cdn/shop/files/mJIHXZJboYT6k_vpR7OoQWEYM1rfd54OMcETfc-m0IA.jpg?crop=center&height=1200&v=1773249377&width=1200
https://uk.representclo.com/products/247-numbers-t-shirt-graphite-grey,247 Numbers T-Shirt - Graphite Grey,M,False,80.0,,https://scdn.speedsize.com/fbaf6506-81e1-43a2-bcc1-80e18c7b0146/uk.representclo.com/cdn/shop/files/mJIHXZJboYT6k_vpR7OoQWEYM1rfd54OMcETfc-m0IA.jpg?crop=center&height=1200&v=1773249377&width=1200
https://uk.representclo.com/products/247-numbers-t-shirt-graphite-grey,247 Numbers T-Shirt - Graphite Grey,L,False,80.0,,https://scdn.speedsize.com/fbaf6506-81e1-43a2-bcc1-80e18c7b0146/uk.representclo.com/cdn/shop/files/mJIHXZJboYT6k_vpR7OoQWEYM1rfd54OMcETfc-m0IA.jpg?crop=center&height=1200&v=1773249377&width=1200
https://uk.representclo.com/products/247-numbers-t-shirt-graphite-grey,247 Numbers T-Shirt - Graphite Grey,XL,False,80.0,,https://scdn.speedsize.com/fbaf6506-81e1-43a2-bcc1-80e18c7b0146/uk.representclo.com/cdn/shop/files/mJIHXZJboYT6k_vpR7OoQWEYM1rfd54OMcETfc-m0IA.jpg?crop=center&height=1200&v=1773249377&width=1200
https://uk.representclo.com/products/247-numbers-t-shirt-graphite-grey,247 Numbers T-Shirt - Graphite Grey,XXL,False,80.0,,https://scdn.speedsize.com/fbaf6506-81e1-43a2-bcc1-80e18c7b0146/uk.representclo.com/cdn/shop/files/mJIHXZJboYT6k_vpR7OoQWEYM1rfd54OMcETfc-m0IA.jpg?crop=center&height=1200&v=1773249377&width=1200
https://uk.representclo.com/products/247-numbers-t-shirt-jet-black-v2,247 Numbers T-Shirt - Jet Black,XS,True,80.0,,https://scdn.speedsize.com/fbaf6506-81e1-43a2-bcc1-80e18c7b0146/uk.representclo.com/cdn/shop/files/gsn4O07kWFiyfu-aCpjZ5jsfi-7u-qGaG9qUYB15M30.jpg?crop=center&height=1200&v=1786032120&width=1200
https://uk.representclo.com/products/247-numbers-t-shirt-jet-black-v2,247 Numbers T-Shirt - Jet Black,S,True,80.0,,https://scdn.speedsize.com/fbaf6506-81e1-43a2-bcc1-80e18c7b0146/uk.representclo.com/cdn/shop/files/gsn4O07kWFiyfu-aCpjZ5jsfi-7u-qGaG9qUYB15M30.jpg?crop=center&height=1200&v=1786032120&width=1200
https://uk.representclo.com/products/247-numbers-t-shirt-jet-black-v2,247 Numbers T-Shirt - Jet Black,M,True,80.0,,https://scdn.speedsize.com/fbaf6506-81e1-43a2-bcc1-80e18c7b0146/uk.representclo.com/cdn/shop/files/gsn4O07kWFiyfu-aCpjZ5jsfi-7u-qGaG9qUYB15M30.jpg?crop=center&height=1200&v=1786032120&width=1200
https://uk.representclo.com/products/247-numbers-t-shirt-jet-black-v2,247 Numbers T-Shirt - Jet Black,L,True,80.0,,https://scdn.speedsize.com/fbaf6506-81e1-43a2-bcc1-80e18c7b0146/uk.representclo.com/cdn/shop/files/gsn4O07kWFiyfu-aCpjZ5jsfi-7u-qGaG9qUYB15M30.jpg?crop=center&height=1200&v=1786032120&width=1200
https://uk.representclo.com/products/247-numbers-t-shirt-jet-black-v2,247 Numbers T-Shirt - Jet Black,XL,True,80.0,,https://scdn.speedsize.com/fbaf6506-81e1-43a2-bcc1-80e18c7b0146/uk.representclo.com/cdn/shop/files/gsn4O07kWFiyfu-aCpjZ5jsfi-7u-qGaG9qUYB15M30.jpg?crop=center&height=1200&v=1786032120&width=1200
https://uk.representclo.com/products/247-numbers-t-shirt-jet-black-v2,247 Numbers T-Shirt - Jet Black,XXL,True,80.0,,https://scdn.speedsize.com/fbaf6506-81e1-43a2-bcc1-80e18c7b0146/uk.representclo.com/cdn/shop/files/gsn4O07kWFiyfu-aCpjZ5jsfi-7u-qGaG9qUYB15M30.jpg?crop=center&height=1200&v=1786032120&width=1200
https://uk.representclo.com/products/247-numbers-t-shirt-teal,247 Numbers T-Shirt - Teal,XXS,False,80.0,,https://scdn.speedsize.com/fbaf6506-81e1-43a2-bcc1-80e18c7b0146/cdn.shopify.com/s/files/1/0181/2235/files/9tvx16xUaaxNhDpVk76G7FZXQdJHcYVrnxccJilqXOU.jpg?crop=center&height=1200&v=1773249476&width=1200
https://uk.representclo.com/products/247-numbers-t-shirt-teal,247 Numbers T-Shirt - Teal,XS,False,80.0,,https://scdn.speedsize.com/fbaf6506-81e1-43a2-bcc1-80e18c7b0146/cdn.shopify.com/s/files/1/0181/2235/files/9tvx16xUaaxNhDpVk76G7FZXQdJHcYVrnxccJilqXOU.jpg?crop=center&height=1200&v=1773249476&width=1200
https://uk.representclo.com/products/247-numbers-t-shirt-teal,247 Numbers T-Shirt - Teal,S,False,80.0,,https://scdn.speedsize.com/fbaf6506-81e1-43a2-bcc1-80e18c7b0146/cdn.shopify.com/s/files/1/0181/2235/files/9tvx16xUaaxNhDpVk76G7FZXQdJHcYVrnxccJilqXOU.jpg?crop=center&height=1200&v=1773249476&width=1200
https://uk.representclo.com/products/247-numbers-t-shirt-teal,247 Numbers T-Shirt - Teal,M,False,80.0,,https://scdn.speedsize.com/fbaf6506-81e1-43a2-bcc1-80e18c7b0146/cdn.shopify.com/s/files/1/0181/2235/files/9tvx16xUaaxNhDpVk76G7FZXQdJHcYVrnxccJilqXOU.jpg?crop=center&height=1200&v=1773249476&width=1200
https://uk.representclo.com/products/247-numbers-t-shirt-teal,247 Numbers T-Shirt - Teal,L,False,80.0,,https://scdn.speedsize.com/fbaf6506-81e1-43a2-bcc1-80e18c7b0146/cdn.shopify.com/s/files/1/0181/2235/files/9tvx16xUaaxNhDpVk76G7FZXQdJHcYVrnxccJilqXOU.jpg?crop=center&height=1200&v=1773249476&width=1200
https://uk.representclo.com/products/247-numbers-t-shirt-teal,247 Numbers T-Shirt - Teal,XL,False,80.0,,https://scdn.speedsize.com/fbaf6506-81e1-43a2-bcc1-80e18c7b0146/cdn.shopify.com/s/files/1/0181/2235/files/9tvx16xUaaxNhDpVk76G7FZXQdJHcYVrnxccJilqXOU.jpg?crop=center&height=1200&v=1773249476&width=1200
https://uk.representclo.com/products/247-numbers-t-shirt-teal,247 Numbers T-Shirt - Teal,XXL,False,80.0,,https://scdn.speedsize.com/fbaf6506-81e1-43a2-bcc1-80e18c7b0146/cdn.shopify.com/s/files/1/0181/2235/files/9tvx16xUaaxNhDpVk76G7FZXQdJHcYVrnxccJilqXOU.jpg?crop=center&height=1200&v=1773249476&width=1200
https://uk.representclo.com/products/247-numbers-tank-flat-white,247 Numbers Tank - Flat White,XXS,False,75.0,,https://scdn.speedsize.com/fbaf6506-81e1-43a2-bcc1-80e18c7b0146/uk.representclo.com/cdn/shop/files/LFMoGNO6Vey6iJo4qljjQTvAyu4i6fCwW1aBlJ6earI.jpg?crop=center&height=1200&v=1785506684&width=1200
https://uk.representclo.com/products/247-numbers-tank-flat-white,247 Numbers Tank - Flat White,XS,True,75.0,,https://scdn.speedsize.com/fbaf6506-81e1-43a2-bcc1-80e18c7b0146/uk.representclo.com/cdn/shop/files/LFMoGNO6Vey6iJo4qljjQTvAyu4i6fCwW1aBlJ6earI.jpg?crop=center&height=1200&v=1785506684&width=1200
https://uk.representclo.com/products/247-numbers-tank-flat-white,247 Numbers Tank - Flat White,S,True,75.0,,https://scdn.speedsize.com/fbaf6506-81e1-43a2-bcc1-80e18c7b0146/uk.representclo.com/cdn/shop/files/LFMoGNO6Vey6iJo4qljjQTvAyu4i6fCwW1aBlJ6earI.jpg?crop=center&height=1200&v=1785506684&width=1200
https://uk.representclo.com/products/247-numbers-tank-flat-white,247 Numbers Tank - Flat White,M,True,75.0,,https://scdn.speedsize.com/fbaf6506-81e1-43a2-bcc1-80e18c7b0146/uk.representclo.com/cdn/shop/files/LFMoGNO6Vey6iJo4qljjQTvAyu4i6fCwW1aBlJ6earI.jpg?crop=center&height=1200&v=1785506684&width=1200
https://uk.representclo.com/products/247-numbers-tank-flat-white,247 Numbers Tank - Flat White,L,True,75.0,,https://scdn.speedsize.com/fbaf6506-81e1-43a2-bcc1-80e18c7b0146/uk.representclo.com/cdn/shop/files/LFMoGNO6Vey6iJo4qljjQTvAyu4i6fCwW1aBlJ6earI.jpg?crop=center&height=1200&v=1785506684&width=1200
https://uk.representclo.com/products/247-numbers-tank-flat-white,247 Numbers Tank - Flat White,XL,True,75.0,,https://scdn.speedsize.com/fbaf6506-81e1-43a2-bcc1-80e18c7b0146/uk.representclo.com/cdn/shop/files/LFMoGNO6Vey6iJo4qljjQTvAyu4i6fCwW1aBlJ6earI.jpg?crop=center&height=1200&v=1785506684&width=1200
https://uk.representclo.com/products/247-numbers-tank-flat-white,247 Numbers Tank - Flat White,XXL,True,75.0,,https://scdn.speedsize.com/fbaf6506-81e1-43a2-bcc1-80e18c7b0146/uk.representclo.com/cdn/shop/files/LFMoGNO6Vey6iJo4qljjQTvAyu4i6fCwW1aBlJ6earI.jpg?crop=center&height=1200&v=1785506684&width=1200
https://uk.representclo.com/products/247-numbers-tank-graphene,247 Numbers Tank - Graphene,XS,True,75.0,,https://scdn.speedsize.com/fbaf6506-81e1-43a2-bcc1-80e18c7b0146/uk.representclo.com/cdn/shop/files/LeKpGzPkKSK5AAaddH6vzKcpCN5lwSd8PuGcpEYN6Pw.jpg?crop=center&height=1200&v=1785506709&width=1200
https://uk.representclo.com/products/247-numbers-tank-graphene,247 Numbers Tank - Graphene,S,True,75.0,,https://scdn.speedsize.com/fbaf6506-81e1-43a2-bcc1-80e18c7b0146/uk.representclo.com/cdn/shop/files/LeKpGzPkKSK5AAaddH6vzKcpCN5lwSd8PuGcpEYN6Pw.jpg?crop=center&height=1200&v=1785506709&width=1200
https://uk.representclo.com/products/247-numbers-tank-graphene,247 Numbers Tank - Graphene,M,True,75.0,,https://scdn.speedsize.com/fbaf6506-81e1-43a2-bcc1-80e18c7b0146/uk.representclo.com/cdn/shop/files/LeKpGzPkKSK5AAaddH6vzKcpCN5lwSd8PuGcpEYN6Pw.jpg?crop=center&height=1200&v=1785506709&width=1200
https://uk.representclo.com/products/247-numbers-tank-graphene,247 Numbers Tank - Graphene,L,True,75.0,,https://scdn.speedsize.com/fbaf6506-81e1-43a2-bcc1-80e18c7b0146/uk.representclo.com/cdn/shop/files/LeKpGzPkKSK5AAaddH6vzKcpCN5lwSd8PuGcpEYN6Pw.jpg?crop=center&height=1200&v=1785506709&width=1200
https://uk.representclo.com/products/247-numbers-tank-graphene,247 Numbers Tank - Graphene,XL,True,75.0,,https://scdn.speedsize.com/fbaf6506-81e1-43a2-bcc1-80e18c7b0146/uk.representclo.com/cdn/shop/files/LeKpGzPkKSK5AAaddH6vzKcpCN5lwSd8PuGcpEYN6Pw.jpg?crop=center&height=1200&v=1785506709&width=1200
https://uk.representclo.com/products/247-numbers-tank-graphene,247 Numbers Tank - Graphene,XXL,True,75.0,,https://scdn.speedsize.com/fbaf6506-81e1-43a2-bcc1-80e18c7b0146/uk.representclo.com/cdn/shop/files/LeKpGzPkKSK5AAaddH6vzKcpCN5lwSd8PuGcpEYN6Pw.jpg?crop=center&height=1200&v=1785506709&width=1200
https://uk.representclo.com/products/247-numbers-vest-graphite-grey,247 Numbers Vest - Graphite Grey,XXS,False,75.0,,https://scdn.speedsize.com/fbaf6506-81e1-43a2-bcc1-80e18c7b0146/uk.representclo.com/cdn/shop/files/n3-P1KdHm77m7P-zen2vlabekSShEtDZAdXlP8U0o34.jpg?crop=center&height=1200&v=1773249525&width=1200
https://uk.representclo.com/products/247-numbers-vest-graphite-grey,247 Numbers Vest - Graphite Grey,XS,True,75.0,,https://scdn.speedsize.com/fbaf6506-81e1-43a2-bcc1-80e18c7b0146/uk.representclo.com/cdn/shop/files/n3-P1KdHm77m7P-zen2vlabekSShEtDZAdXlP8U0o34.jpg?crop=center&height=1200&v=1773249525&width=1200
https://uk.representclo.com/products/247-numbers-vest-graphite-grey,247 Numbers Vest - Graphite Grey,S,True,75.0,,https://scdn.speedsize.com/fbaf6506-81e1-43a2-bcc1-80e18c7b0146/uk.representclo.com/cdn/shop/files/n3-P1KdHm77m7P-zen2vlabekSShEtDZAdXlP8U0o34.jpg?crop=center&height=1200&v=1773249525&width=1200
https://uk.representclo.com/products/247-numbers-vest-graphite-grey,247 Numbers Vest - Graphite Grey,M,False,75.0,,https://scdn.speedsize.com/fbaf6506-81e1-43a2-bcc1-80e18c7b0146/uk.representclo.com/cdn/shop/files/n3-P1KdHm77m7P-zen2vlabekSShEtDZAdXlP8U0o34.jpg?crop=center&height=1200&v=1773249525&width=1200
https://uk.representclo.com/products/247-numbers-vest-graphite-grey,247 Numbers Vest - Graphite Grey,L,True,75.0,,https://scdn.speedsize.com/fbaf6506-81e1-43a2-bcc1-80e18c7b0146/uk.representclo.com/cdn/shop/files/n3-P1KdHm77m7P-zen2vlabekSShEtDZAdXlP8U0o34.jpg?crop=center&height=1200&v=1773249525&width=1200
https://uk.representclo.com/products/247-numbers-vest-graphite-grey,247 Numbers Vest - Graphite Grey,XL,False,75.0,,https://scdn.speedsize.com/fbaf6506-81e1-43a2-bcc1-80e18c7b0146/uk.representclo.com/cdn/shop/files/n3-P1KdHm77m7P-zen2vlabekSShEtDZAdXlP8U0o34.jpg?crop=center&height=1200&v=1773249525&width=1200
https://uk.representclo.com/products/247-numbers-vest-graphite-grey,247 Numbers Vest - Graphite Grey,XXL,False,75.0,,https://scdn.speedsize.com/fbaf6506-81e1-43a2-bcc1-80e18c7b0146/uk.representclo.com/cdn/shop/files/n3-P1KdHm77m7P-zen2vlabekSShEtDZAdXlP8U0o34.jpg?crop=center&height=1200&v=1773249525&width=1200
https://uk.representclo.com/products/247-numbers-vest-jet-black-v2,247 Numbers Vest - Jet Black,XS,True,75.0,,https://scdn.speedsize.com/fbaf6506-81e1-43a2-bcc1-80e18c7b0146/uk.representclo.com/cdn/shop/files/rA-MYWvShRLTGHh-xUgkXKmI2jzm9PhcekRDC9euaf8.jpg?crop=center&height=1200&v=1786032121&width=1200
https://uk.representclo.com/products/247-numbers-vest-jet-black-v2,247 Numbers Vest - Jet Black,S,True,75.0,,https://scdn.speedsize.com/fbaf6506-81e1-43a2-bcc1-80e18c7b0146/uk.representclo.com/cdn/shop/files/rA-MYWvShRLTGHh-xUgkXKmI2jzm9PhcekRDC9euaf8.jpg?crop=center&height=1200&v=1786032121&width=1200
https://uk.representclo.com/products/247-numbers-vest-jet-black-v2,247 Numbers Vest - Jet Black,M,True,75.0,,https://scdn.speedsize.com/fbaf6506-81e1-43a2-bcc1-80e18c7b0146/uk.representclo.com/cdn/shop/files/rA-MYWvShRLTGHh-xUgkXKmI2jzm9PhcekRDC9euaf8.jpg?crop=center&height=1200&v=1786032121&width=1200
https://uk.representclo.com/products/247-numbers-vest-jet-black-v2,247 Numbers Vest - Jet Black,L,True,75.0,,https://scdn.speedsize.com/fbaf6506-81e1-43a2-bcc1-80e18c7b0146/uk.representclo.com/cdn/shop/files/rA-MYWvShRLTGHh-xUgkXKmI2jzm9PhcekRDC9euaf8.jpg?crop=center&height=1200&v=1786032121&width=1200
https://uk.representclo.com/products/247-numbers-vest-jet-black-v2,247 Numbers Vest - Jet Black,XL,True,75.0,,https://scdn.speedsize.com/fbaf6506-81e1-43a2-bcc1-80e18c7b0146/uk.representclo.com/cdn/shop/files/rA-MYWvShRLTGHh-xUgkXKmI2jzm9PhcekRDC9euaf8.jpg?crop=center&height=1200&v=1786032121&width=1200
https://uk.representclo.com/products/247-numbers-vest-jet-black-v2,247 Numbers Vest - Jet Black,XXL,True,75.0,,https://scdn.speedsize.com/fbaf6506-81e1-43a2-bcc1-80e18c7b0146/uk.representclo.com/cdn/shop/files/rA-MYWvShRLTGHh-xUgkXKmI2jzm9PhcekRDC9euaf8.jpg?crop=center&height=1200&v=1786032121&width=1200
https://uk.representclo.com/products/247-numbers-vest-teal,247 Numbers Vest - Teal,XXS,False,75.0,,https://scdn.speedsize.com/fbaf6506-81e1-43a2-bcc1-80e18c7b0146/uk.representclo.com/cdn/shop/files/e4El0jtbMNyAh_8VjIGxKlZu00-z9KRfBW6NayH_Yu0.jpg?crop=center&height=1200&v=1773249635&width=1200
https://uk.representclo.com/products/247-numbers-vest-teal,247 Numbers Vest - Teal,XS,True,75.0,,https://scdn.speedsize.com/fbaf6506-81e1-43a2-bcc1-80e18c7b0146/uk.representclo.com/cdn/shop/files/e4El0jtbMNyAh_8VjIGxKlZu00-z9KRfBW6NayH_Yu0.jpg?crop=center&height=1200&v=1773249635&width=1200
https://uk.representclo.com/products/247-numbers-vest-teal,247 Numbers Vest - Teal,S,False,75.0,,https://scdn.speedsize.com/fbaf6506-81e1-43a2-bcc1-80e18c7b0146/uk.representclo.com/cdn/shop/files/e4El0jtbMNyAh_8VjIGxKlZu00-z9KRfBW6NayH_Yu0.jpg?crop=center&height=1200&v=1773249635&width=1200
https://uk.representclo.com/products/247-numbers-vest-teal,247 Numbers Vest - Teal,M,False,75.0,,https://scdn.speedsize.com/fbaf6506-81e1-43a2-bcc1-80e18c7b0146/uk.representclo.com/cdn/shop/files/e4El0jtbMNyAh_8VjIGxKlZu00-z9KRfBW6NayH_Yu0.jpg?crop=center&height=1200&v=1773249635&width=1200
https://uk.representclo.com/products/247-numbers-vest-teal,247 Numbers Vest - Teal,L,True,75.0,,https://scdn.speedsize.com/fbaf6506-81e1-43a2-bcc1-80e18c7b0146/uk.representclo.com/cdn/shop/files/e4El0jtbMNyAh_8VjIGxKlZu00-z9KRfBW6NayH_Yu0.jpg?crop=center&height=1200&v=1773249635&width=1200
https://uk.representclo.com/products/247-numbers-vest-teal,247 Numbers Vest - Teal,XL,False,75.0,,https://scdn.speedsize.com/fbaf6506-81e1-43a2-bcc1-80e18c7b0146/uk.representclo.com/cdn/shop/files/e4El0jtbMNyAh_8VjIGxKlZu00-z9KRfBW6NayH_Yu0.jpg?crop=center&height=1200&v=1773249635&width=1200
https://uk.representclo.com/products/247-numbers-vest-teal,247 Numbers Vest - Teal,XXL,True,75.0,,https://scdn.speedsize.com/fbaf6506-81e1-43a2-bcc1-80e18c7b0146/uk.representclo.com/cdn/shop/files/e4El0jtbMNyAh_8VjIGxKlZu00-z9KRfBW6NayH_Yu0.jpg?crop=center&height=1200&v=1773249635&width=1200
https://uk.representclo.com/products/247-ombre-race-sock-speed-green,247 Ombre Race Sock - Speed Green,One Size,False,20.0,,https://scdn.speedsize.com/fbaf6506-81e1-43a2-bcc1-80e18c7b0146/uk.representclo.com/cdn/shop/files/FpYtuPOhygYxvuHoLnFa12DvvySrhAV6SfrMnEgNO5w.jpg?crop=center&height=1200&v=1740588750&width=1200
https://uk.representclo.com/products/247-on-a-mission-cap-black,247 On A Mission Cap - Black,One Size,False,45.0,,https://scdn.speedsize.com/fbaf6506-81e1-43a2-bcc1-80e18c7b0146/uk.representclo.com/cdn/shop/files/QUx8xXW74X5grlS0oxFxLwP0_d4a2Ycd946lGCvcdRU.jpg?crop=center&height=1200&v=1765531672&width=1200
https://uk.representclo.com/products/247-on-a-mission-long-sleeve-t-shirt-jet-black,247 On A Mission Long Sleeve T-Shirt - Jet Black,XXS,False,85.0,,https://scdn.speedsize.com/fbaf6506-81e1-43a2-bcc1-80e18c7b0146/uk.representclo.com/cdn/shop/files/jZvHpxlsK-51MlSGdgPIdDA-FXQRfr4y6GXWsF5f8zo.jpg?crop=center&height=1200&v=1765531912&width=1200
https://uk.representclo.com/products/247-on-a-mission-long-sleeve-t-shirt-jet-black,247 On A Mission Long Sleeve T-Shirt - Jet Black,XS,False,85.0,,https://scdn.speedsize.com/fbaf6506-81e1-43a2-bcc1-80e18c7b0146/uk.representclo.com/cdn/shop/files/jZvHpxlsK-51MlSGdgPIdDA-FXQRfr4y6GXWsF5f8zo.jpg?crop=center&height=1200&v=1765531912&width=1200
https://uk.representclo.com/products/247-on-a-mission-long-sleeve-t-shirt-jet-black,247 On A Mission Long Sleeve T-Shirt - Jet Black,S,True,85.0,,https://scdn.speedsize.com/fbaf6506-81e1-43a2-bcc1-80e18c7b0146/uk.representclo.com/cdn/shop/files/jZvHpxlsK-51MlSGdgPIdDA-FXQRfr4y6GXWsF5f8zo.jpg?crop=center&height=1200&v=1765531912&width=1200
https://uk.representclo.com/products/247-on-a-mission-long-sleeve-t-shirt-jet-black,247 On A Mission Long Sleeve T-Shirt - Jet Black,M,True,85.0,,https://scdn.speedsize.com/fbaf6506-81e1-43a2-bcc1-80e18c7b0146/uk.representclo.com/cdn/shop/files/jZvHpxlsK-51MlSGdgPIdDA-FXQRfr4y6GXWsF5f8zo.jpg?crop=center&height=1200&v=1765531912&width=1200
https://uk.representclo.com/products/247-on-a-mission-long-sleeve-t-shirt-jet-black,247 On A Mission Long Sleeve T-Shirt - Jet Black,L,True,85.0,,https://scdn.speedsize.com/fbaf6506-81e1-43a2-bcc1-80e18c7b0146/uk.representclo.com/cdn/shop/files/jZvHpxlsK-51MlSGdgPIdDA-FXQRfr4y6GXWsF5f8zo.jpg?crop=center&height=1200&v=1765531912&width=1200
https://uk.representclo.com/products/247-on-a-mission-long-sleeve-t-shirt-jet-black,247 On A Mission Long Sleeve T-Shirt - Jet Black,XL,True,85.0,,https://scdn.speedsize.com/fbaf6506-81e1-43a2-bcc1-80e18c7b0146/uk.representclo.com/cdn/shop/files/jZvHpxlsK-51MlSGdgPIdDA-FXQRfr4y6GXWsF5f8zo.jpg?crop=center&height=1200&v=1765531912&width=1200
https://uk.representclo.com/products/247-on-a-mission-long-sleeve-t-shirt-jet-black,247 On A Mission Long Sleeve T-Shirt - Jet Black,XXL,True,85.0,,https://scdn.speedsize.com/fbaf6506-81e1-43a2-bcc1-80e18c7b0146/uk.representclo.com/cdn/shop/files/jZvHpxlsK-51MlSGdgPIdDA-FXQRfr4y6GXWsF5f8zo.jpg?crop=center&height=1200&v=1765531912&width=1200
https://uk.representclo.com/products/247-on-a-mission-oversized-t-shirt-aged-black,247 On A Mission Oversized T-Shirt - Aged Black,XS,False,80.0,,https://scdn.speedsize.com/fbaf6506-81e1-43a2-bcc1-80e18c7b0146/uk.representclo.com/cdn/shop/files/5FkP809teHEjjKjZFijoeJLuyDSJLEJiyCBnMAH-Pyg.jpg?crop=center&height=1200&v=1733439918&width=1200
https://uk.representclo.com/products/247-on-a-mission-oversized-t-shirt-aged-black,247 On A Mission Oversized T-Shirt - Aged Black,S,False,80.0,,https://scdn.speedsize.com/fbaf6506-81e1-43a2-bcc1-80e18c7b0146/uk.representclo.com/cdn/shop/files/5FkP809teHEjjKjZFijoeJLuyDSJLEJiyCBnMAH-Pyg.jpg?crop=center&height=1200&v=1733439918&width=1200
https://uk.representclo.com/products/247-on-a-mission-oversized-t-shirt-aged-black,247 On A Mission Oversized T-Shirt - Aged Black,M,False,80.0,,https://scdn.speedsize.com/fbaf6506-81e1-43a2-bcc1-80e18c7b0146/uk.representclo.com/cdn/shop/files/5FkP809teHEjjKjZFijoeJLuyDSJLEJiyCBnMAH-Pyg.jpg?crop=center&height=1200&v=1733439918&width=1200
https://uk.representclo.com/products/247-on-a-mission-oversized-t-shirt-aged-black,247 On A Mission Oversized T-Shirt - Aged Black,L,False,80.0,,https://scdn.speedsize.com/fbaf6506-81e1-43a2-bcc1-80e18c7b0146/uk.representclo.com/cdn/shop/files/5FkP809teHEjjKjZFijoeJLuyDSJLEJiyCBnMAH-Pyg.jpg?crop=center&height=1200&v=1733439918&width=1200
https://uk.representclo.com/products/247-on-a-mission-oversized-t-shirt-aged-black,247 On A Mission Oversized T-Shirt - Aged Black,XL,False,80.0,,https://scdn.speedsize.com/fbaf6506-81e1-43a2-bcc1-80e18c7b0146/uk.representclo.com/cdn/shop/files/5FkP809teHEjjKjZFijoeJLuyDSJLEJiyCBnMAH-Pyg.jpg?crop=center&height=1200&v=1733439918&width=1200
https://uk.representclo.com/products/247-on-a-mission-oversized-t-shirt-aged-black,247 On A Mission Oversized T-Shirt - Aged Black,XXL,False,80.0,,https://scdn.speedsize.com/fbaf6506-81e1-43a2-bcc1-80e18c7b0146/uk.representclo.com/cdn/shop/files/5FkP809teHEjjKjZFijoeJLuyDSJLEJiyCBnMAH-Pyg.jpg?crop=center&height=1200&v=1733439918&width=1200
https://uk.representclo.com/products/247-on-a-mission-t-shirt-jet-black,247 On A Mission T-Shirt - Jet Black,XXS,False,80.0,,https://scdn.speedsize.com/fbaf6506-81e1-43a2-bcc1-80e18c7b0146/uk.representclo.com/cdn/shop/files/L-zRhxXKq3wkDURMhf1wvyYk4ArDwmsKZtJztCB9NWM.jpg?crop=center&height=1200&v=1765531877&width=1200
https://uk.representclo.com/products/247-on-a-mission-t-shirt-jet-black,247 On A Mission T-Shirt - Jet Black,XS,True,80.0,,https://scdn.speedsize.com/fbaf6506-81e1-43a2-bcc1-80e18c7b0146/uk.representclo.com/cdn/shop/files/L-zRhxXKq3wkDURMhf1wvyYk4ArDwmsKZtJztCB9NWM.jpg?crop=center&height=1200&v=1765531877&width=1200
https://uk.representclo.com/products/247-on-a-mission-t-shirt-jet-black,247 On A Mission T-Shirt - Jet Black,S,True,80.0,,https://scdn.speedsize.com/fbaf6506-81e1-43a2-bcc1-80e18c7b0146/uk.representclo.com/cdn/shop/files/L-zRhxXKq3wkDURMhf1wvyYk4ArDwmsKZtJztCB9NWM.jpg?crop=center&height=1200&v=1765531877&width=1200
https://uk.representclo.com/products/247-on-a-mission-t-shirt-jet-black,247 On A Mission T-Shirt - Jet Black,M,True,80.0,,https://scdn.speedsize.com/fbaf6506-81e1-43a2-bcc1-80e18c7b0146/uk.representclo.com/cdn/shop/files/L-zRhxXKq3wkDURMhf1wvyYk4ArDwmsKZtJztCB9NWM.jpg?crop=center&height=1200&v=1765531877&width=1200
https://uk.representclo.com/products/247-on-a-mission-t-shirt-jet-black,247 On A Mission T-Shirt - Jet Black,L,True,80.0,,https://scdn.speedsize.com/fbaf6506-81e1-43a2-bcc1-80e18c7b0146/uk.representclo.com/cdn/shop/files/L-zRhxXKq3wkDURMhf1wvyYk4ArDwmsKZtJztCB9NWM.jpg?crop=center&height=1200&v=1765531877&width=1200
https://uk.representclo.com/products/247-on-a-mission-t-shirt-jet-black,247 On A Mission T-Shirt - Jet Black,XL,True,80.0,,https://scdn.speedsize.com/fbaf6506-81e1-43a2-bcc1-80e18c7b0146/uk.representclo.com/cdn/shop/files/L-zRhxXKq3wkDURMhf1wvyYk4ArDwmsKZtJztCB9NWM.jpg?crop=center&height=1200&v=1765531877&width=1200
https://uk.representclo.com/products/247-on-a-mission-t-shirt-jet-black,247 On A Mission T-Shirt - Jet Black,XXL,True,80.0,,https://scdn.speedsize.com/fbaf6506-81e1-43a2-bcc1-80e18c7b0146/uk.representclo.com/cdn/shop/files/L-zRhxXKq3wkDURMhf1wvyYk4ArDwmsKZtJztCB9NWM.jpg?crop=center&height=1200&v=1765531877&width=1200
https://uk.representclo.com/products/247-overhead-training-jacket-black,247 Overhead Training Jacket - Black,XXS,False,165.0,,https://scdn.speedsize.com/fbaf6506-81e1-43a2-bcc1-80e18c7b0146/uk.representclo.com/cdn/shop/files/P7IAP_fP714cAYLX2xZY86Z8N2fluCsPYSIY9RtIzXc.jpg?crop=center&height=1200&v=1759938096&width=1200
https://uk.representclo.com/products/247-overhead-training-jacket-black,247 Overhead Training Jacket - Black,XS,True,165.0,,https://scdn.speedsize.com/fbaf6506-81e1-43a2-bcc1-80e18c7b0146/uk.representclo.com/cdn/shop/files/P7IAP_fP714cAYLX2xZY86Z8N2fluCsPYSIY9RtIzXc.jpg?crop=center&height=1200&v=1759938096&width=1200
https://uk.representclo.com/products/247-overhead-training-jacket-black,247 Overhead Training Jacket - Black,S,True,165.0,,https://scdn.speedsize.com/fbaf6506-81e1-43a2-bcc1-80e18c7b0146/uk.representclo.com/cdn/shop/files/P7IAP_fP714cAYLX2xZY86Z8N2fluCsPYSIY9RtIzXc.jpg?crop=center&height=1200&v=1759938096&width=1200
https://uk.representclo.com/products/247-overhead-training-jacket-black,247 Overhead Training Jacket - Black,M,False,165.0,,https://scdn.speedsize.com/fbaf6506-81e1-43a2-bcc1-80e18c7b0146/uk.representclo.com/cdn/shop/files/P7IAP_fP714cAYLX2xZY86Z8N2fluCsPYSIY9RtIzXc.jpg?crop=center&height=1200&v=1759938096&width=1200
https://uk.representclo.com/products/247-overhead-training-jacket-black,247 Overhead Training Jacket - Black,L,False,165.0,,https://scdn.speedsize.com/fbaf6506-81e1-43a2-bcc1-80e18c7b0146/uk.representclo.com/cdn/shop/files/P7IAP_fP714cAYLX2xZY86Z8N2fluCsPYSIY9RtIzXc.jpg?crop=center&height=1200&v=1759938096&width=1200
https://uk.representclo.com/products/247-overhead-training-jacket-black,247 Overhead Training Jacket - Black,XL,False,165.0,,https://scdn.speedsize.com/fbaf6506-81e1-43a2-bcc1-80e18c7b0146/uk.representclo.com/cdn/shop/files/P7IAP_fP714cAYLX2xZY86Z8N2fluCsPYSIY9RtIzXc.jpg?crop=center&height=1200&v=1759938096&width=1200
https://uk.representclo.com/products/247-overhead-training-jacket-black,247 Overhead Training Jacket - Black,XXL,True,165.0,,https://scdn.speedsize.com/fbaf6506-81e1-43a2-bcc1-80e18c7b0146/uk.representclo.com/cdn/shop/files/P7IAP_fP714cAYLX2xZY86Z8N2fluCsPYSIY9RtIzXc.jpg?crop=center&height=1200&v=1759938096&width=1200
https://uk.representclo.com/products/247-overhead-training-jacket-chalk,247 Overhead Training Jacket - Chalk,XXS,False,165.0,,https://scdn.speedsize.com/fbaf6506-81e1-43a2-bcc1-80e18c7b0146/uk.representclo.com/cdn/shop/files/Dtuf8ZkXGdR0t4vxJnIIk7Q96CxsZ8Z4tDl_XC5OwrY.jpg?crop=center&height=1200&v=1756198603&width=1200
https://uk.representclo.com/products/247-overhead-training-jacket-chalk,247 Overhead Training Jacket - Chalk,XS,True,165.0,,https://scdn.speedsize.com/fbaf6506-81e1-43a2-bcc1-80e18c7b0146/uk.representclo.com/cdn/shop/files/Dtuf8ZkXGdR0t4vxJnIIk7Q96CxsZ8Z4tDl_XC5OwrY.jpg?crop=center&height=1200&v=1756198603&width=1200
https://uk.representclo.com/products/247-overhead-training-jacket-chalk,247 Overhead Training Jacket - Chalk,S,True,165.0,,https://scdn.speedsize.com/fbaf6506-81e1-43a2-bcc1-80e18c7b0146/uk.representclo.com/cdn/shop/files/Dtuf8ZkXGdR0t4vxJnIIk7Q96CxsZ8Z4tDl_XC5OwrY.jpg?crop=center&height=1200&v=1756198603&width=1200
https://uk.representclo.com/products/247-overhead-training-jacket-chalk,247 Overhead Training Jacket - Chalk,M,True,165.0,,https://scdn.speedsize.com/fbaf6506-81e1-43a2-bcc1-80e18c7b0146/uk.representclo.com/cdn/shop/files/Dtuf8ZkXGdR0t4vxJnIIk7Q96CxsZ8Z4tDl_XC5OwrY.jpg?crop=center&height=1200&v=1756198603&width=1200
https://uk.representclo.com/products/247-overhead-training-jacket-chalk,247 Overhead Training Jacket - Chalk,L,False,165.0,,https://scdn.speedsize.com/fbaf6506-81e1-43a2-bcc1-80e18c7b0146/uk.representclo.com/cdn/shop/files/Dtuf8ZkXGdR0t4vxJnIIk7Q96CxsZ8Z4tDl_XC5OwrY.jpg?crop=center&height=1200&v=1756198603&width=1200
https://uk.representclo.com/products/247-overhead-training-jacket-chalk,247 Overhead Training Jacket - Chalk,XL,True,165.0,,https://scdn.speedsize.com/fbaf6506-81e1-43a2-bcc1-80e18c7b0146/uk.representclo.com/cdn/shop/files/Dtuf8ZkXGdR0t4vxJnIIk7Q96CxsZ8Z4tDl_XC5OwrY.jpg?crop=center&height=1200&v=1756198603&width=1200
https://uk.representclo.com/products/247-overhead-training-jacket-chalk,247 Overhead Training Jacket - Chalk,XXL,True,165.0,,https://scdn.speedsize.com/fbaf6506-81e1-43a2-bcc1-80e18c7b0146/uk.representclo.com/cdn/shop/files/Dtuf8ZkXGdR0t4vxJnIIk7Q96CxsZ8Z4tDl_XC5OwrY.jpg?crop=center&height=1200&v=1756198603&width=1200
https://uk.representclo.com/products/247-oversized-hoodie-jet-black,247 Oversized Hoodie - Jet Black,XS,True,135.0,,https://scdn.speedsize.com/fbaf6506-81e1-43a2-bcc1-80e18c7b0146/uk.representclo.com/cdn/shop/files/44MHbX9oVXMaXKPMrsUlI4GSiCKxRSnQ3XvnFPDh1F0.jpg?crop=center&height=1200&v=1710348105&width=1200
https://uk.representclo.com/products/247-oversized-hoodie-jet-black,247 Oversized Hoodie - Jet Black,S,True,135.0,,https://scdn.speedsize.com/fbaf6506-81e1-43a2-bcc1-80e18c7b0146/uk.representclo.com/cdn/shop/files/44MHbX9oVXMaXKPMrsUlI4GSiCKxRSnQ3XvnFPDh1F0.jpg?crop=center&height=1200&v=1710348105&width=1200
https://uk.representclo.com/products/247-oversized-hoodie-jet-black,247 Oversized Hoodie - Jet Black,M,True,135.0,,https://scdn.speedsize.com/fbaf6506-81e1-43a2-bcc1-80e18c7b0146/uk.representclo.com/cdn/shop/files/44MHbX9oVXMaXKPMrsUlI4GSiCKxRSnQ3XvnFPDh1F0.jpg?crop=center&height=1200&v=1710348105&width=1200
https://uk.representclo.com/products/247-oversized-hoodie-jet-black,247 Oversized Hoodie - Jet Black,L,True,135.0,,https://scdn.speedsize.com/fbaf6506-81e1-43a2-bcc1-80e18c7b0146/uk.representclo.com/cdn/shop/files/44MHbX9oVXMaXKPMrsUlI4GSiCKxRSnQ3XvnFPDh1F0.jpg?crop=center&height=1200&v=1710348105&width=1200
https://uk.representclo.com/products/247-oversized-hoodie-jet-black,247 Oversized Hoodie - Jet Black,XL,True,135.0,,https://scdn.speedsize.com/fbaf6506-81e1-43a2-bcc1-80e18c7b0146/uk.representclo.com/cdn/shop/files/44MHbX9oVXMaXKPMrsUlI4GSiCKxRSnQ3XvnFPDh1F0.jpg?crop=center&height=1200&v=1710348105&width=1200
https://uk.representclo.com/products/247-oversized-hoodie-jet-black,247 Oversized Hoodie - Jet Black,XXL,True,135.0,,https://scdn.speedsize.com/fbaf6506-81e1-43a2-bcc1-80e18c7b0146/uk.representclo.com/cdn/shop/files/44MHbX9oVXMaXKPMrsUlI4GSiCKxRSnQ3XvnFPDh1F0.jpg?crop=center&height=1200&v=1710348105&width=1200
https://uk.representclo.com/products/247-oversized-hoodie-jet-black-1,247 Oversized Hoodie - Jet Black,XS,False,130.0,,https://scdn.speedsize.com/fbaf6506-81e1-43a2-bcc1-80e18c7b0146/uk.representclo.com/cdn/shop/files/big1REdoCPC60G07vT8sZzt9zLpsCzigTM58j5xGv1o.jpg?crop=center&height=1200&v=1780063956&width=1200
https://uk.representclo.com/products/247-oversized-hoodie-jet-black-1,247 Oversized Hoodie - Jet Black,S,False,130.0,,https://scdn.speedsize.com/fbaf6506-81e1-43a2-bcc1-80e18c7b0146/uk.representclo.com/cdn/shop/files/big1REdoCPC60G07vT8sZzt9zLpsCzigTM58j5xGv1o.jpg?crop=center&height=1200&v=1780063956&width=1200
https://uk.representclo.com/products/247-oversized-hoodie-jet-black-1,247 Oversized Hoodie - Jet Black,M,False,130.0,,https://scdn.speedsize.com/fbaf6506-81e1-43a2-bcc1-80e18c7b0146/uk.representclo.com/cdn/shop/files/big1REdoCPC60G07vT8sZzt9zLpsCzigTM58j5xGv1o.jpg?crop=center&height=1200&v=1780063956&width=1200
https://uk.representclo.com/products/247-oversized-hoodie-jet-black-1,247 Oversized Hoodie - Jet Black,L,False,130.0,,https://scdn.speedsize.com/fbaf6506-81e1-43a2-bcc1-80e18c7b0146/uk.representclo.com/cdn/shop/files/big1REdoCPC60G07vT8sZzt9zLpsCzigTM58j5xGv1o.jpg?crop=center&height=1200&v=1780063956&width=1200
https://uk.representclo.com/products/247-oversized-hoodie-jet-black-1,247 Oversized Hoodie - Jet Black,XL,False,130.0,,https://scdn.speedsize.com/fbaf6506-81e1-43a2-bcc1-80e18c7b0146/uk.representclo.com/cdn/shop/files/big1REdoCPC60G07vT8sZzt9zLpsCzigTM58j5xGv1o.jpg?crop=center&height=1200&v=1780063956&width=1200
https://uk.representclo.com/products/247-oversized-hoodie-jet-black-1,247 Oversized Hoodie - Jet Black,XXL,False,130.0,,https://scdn.speedsize.com/fbaf6506-81e1-43a2-bcc1-80e18c7b0146/uk.representclo.com/cdn/shop/files/big1REdoCPC60G07vT8sZzt9zLpsCzigTM58j5xGv1o.jpg?crop=center&height=1200&v=1780063956&width=1200
https://uk.representclo.com/products/247-oversized-t-shirt-flat-white-1,247 Oversized T-Shirt - Flat White,XS,True,70.0,,https://scdn.speedsize.com/fbaf6506-81e1-43a2-bcc1-80e18c7b0146/uk.representclo.com/cdn/shop/files/pemViklnB9UQJspl1LjRF3ke_D-O4YrOKApHlnpTCCY.jpg?crop=center&height=1200&v=1780064043&width=1200
https://uk.representclo.com/products/247-oversized-t-shirt-flat-white-1,247 Oversized T-Shirt - Flat White,S,True,70.0,,https://scdn.speedsize.com/fbaf6506-81e1-43a2-bcc1-80e18c7b0146/uk.representclo.com/cdn/shop/files/pemViklnB9UQJspl1LjRF3ke_D-O4YrOKApHlnpTCCY.jpg?crop=center&height=1200&v=1780064043&width=1200
https://uk.representclo.com/products/247-oversized-t-shirt-flat-white-1,247 Oversized T-Shirt - Flat White,M,True,70.0,,https://scdn.speedsize.com/fbaf6506-81e1-43a2-bcc1-80e18c7b0146/uk.representclo.com/cdn/shop/files/pemViklnB9UQJspl1LjRF3ke_D-O4YrOKApHlnpTCCY.jpg?crop=center&height=1200&v=1780064043&width=1200
https://uk.representclo.com/products/247-oversized-t-shirt-flat-white-1,247 Oversized T-Shirt - Flat White,L,True,70.0,,https://scdn.speedsize.com/fbaf6506-81e1-43a2-bcc1-80e18c7b0146/uk.representclo.com/cdn/shop/files/pemViklnB9UQJspl1LjRF3ke_D-O4YrOKApHlnpTCCY.jpg?crop=center&height=1200&v=1780064043&width=1200
https://uk.representclo.com/products/247-oversized-t-shirt-flat-white-1,247 Oversized T-Shirt - Flat White,XL,True,70.0,,https://scdn.speedsize.com/fbaf6506-81e1-43a2-bcc1-80e18c7b0146/uk.representclo.com/cdn/shop/files/pemViklnB9UQJspl1LjRF3ke_D-O4YrOKApHlnpTCCY.jpg?crop=center&height=1200&v=1780064043&width=1200
https://uk.representclo.com/products/247-oversized-t-shirt-flat-white-1,247 Oversized T-Shirt - Flat White,XXL,True,70.0,,https://scdn.speedsize.com/fbaf6506-81e1-43a2-bcc1-80e18c7b0146/uk.representclo.com/cdn/shop/files/pemViklnB9UQJspl1LjRF3ke_D-O4YrOKApHlnpTCCY.jpg?crop=center&height=1200&v=1780064043&width=1200
https://uk.representclo.com/products/247-oversized-t-shirt-jet-black-1,247 Oversized T-Shirt - Jet Black,XS,True,70.0,,https://scdn.speedsize.com/fbaf6506-81e1-43a2-bcc1-80e18c7b0146/uk.representclo.com/cdn/shop/files/KOtPlON1VUHYkheism9k6tAyspKAoCA4D39eGJA2aMo.jpg?crop=center&height=1200&v=1780064088&width=1200
https://uk.representclo.com/products/247-oversized-t-shirt-jet-black-1,247 Oversized T-Shirt - Jet Black,S,True,70.0,,https://scdn.speedsize.com/fbaf6506-81e1-43a2-bcc1-80e18c7b0146/uk.representclo.com/cdn/shop/files/KOtPlON1VUHYkheism9k6tAyspKAoCA4D39eGJA2aMo.jpg?crop=center&height=1200&v=1780064088&width=1200
https://uk.representclo.com/products/247-oversized-t-shirt-jet-black-1,247 Oversized T-Shirt - Jet Black,M,True,70.0,,https://scdn.speedsize.com/fbaf6506-81e1-43a2-bcc1-80e18c7b0146/uk.representclo.com/cdn/shop/files/KOtPlON1VUHYkheism9k6tAyspKAoCA4D39eGJA2aMo.jpg?crop=center&height=1200&v=1780064088&width=1200
https://uk.representclo.com/products/247-oversized-t-shirt-jet-black-1,247 Oversized T-Shirt - Jet Black,L,True,70.0,,https://scdn.speedsize.com/fbaf6506-81e1-43a2-bcc1-80e18c7b0146/uk.representclo.com/cdn/shop/files/KOtPlON1VUHYkheism9k6tAyspKAoCA4D39eGJA2aMo.jpg?crop=center&height=1200&v=1780064088&width=1200
https://uk.representclo.com/products/247-oversized-t-shirt-jet-black-1,247 Oversized T-Shirt - Jet Black,XL,True,70.0,,https://scdn.speedsize.com/fbaf6506-81e1-43a2-bcc1-80e18c7b0146/uk.representclo.com/cdn/shop/files/KOtPlON1VUHYkheism9k6tAyspKAoCA4D39eGJA2aMo.jpg?crop=center&height=1200&v=1780064088&width=1200
https://uk.representclo.com/products/247-oversized-t-shirt-jet-black-1,247 Oversized T-Shirt - Jet Black,XXL,True,70.0,,https://scdn.speedsize.com/fbaf6506-81e1-43a2-bcc1-80e18c7b0146/uk.representclo.com/cdn/shop/files/KOtPlON1VUHYkheism9k6tAyspKAoCA4D39eGJA2aMo.jpg?crop=center&height=1200&v=1780064088&width=1200
https://uk.representclo.com/products/247-oversized-tank-cinder,247 Oversized Tank - Cinder,XS,False,70.0,,https://scdn.speedsize.com/fbaf6506-81e1-43a2-bcc1-80e18c7b0146/uk.representclo.com/cdn/shop/files/pI6LqSiTSyfejVbBkjpK4jMxTb5o9veJva_0-nGeGyE.jpg?crop=center&height=1200&v=1710347930&width=1200
https://uk.representclo.com/products/247-oversized-tank-cinder,247 Oversized Tank - Cinder,S,False,70.0,,https://scdn.speedsize.com/fbaf6506-81e1-43a2-bcc1-80e18c7b0146/uk.representclo.com/cdn/shop/files/pI6LqSiTSyfejVbBkjpK4jMxTb5o9veJva_0-nGeGyE.jpg?crop=center&height=1200&v=1710347930&width=1200
https://uk.representclo.com/products/247-oversized-tank-cinder,247 Oversized Tank - Cinder,M,False,70.0,,https://scdn.speedsize.com/fbaf6506-81e1-43a2-bcc1-80e18c7b0146/uk.representclo.com/cdn/shop/files/pI6LqSiTSyfejVbBkjpK4jMxTb5o9veJva_0-nGeGyE.jpg?crop=center&height=1200&v=1710347930&width=1200
https://uk.representclo.com/products/247-oversized-tank-cinder,247 Oversized Tank - Cinder,L,False,70.0,,https://scdn.speedsize.com/fbaf6506-81e1-43a2-bcc1-80e18c7b0146/uk.representclo.com/cdn/shop/files/pI6LqSiTSyfejVbBkjpK4jMxTb5o9veJva_0-nGeGyE.jpg?crop=center&height=1200&v=1710347930&width=1200
https://uk.representclo.com/products/247-oversized-tank-cinder,247 Oversized Tank - Cinder,XL,False,70.0,,https://scdn.speedsize.com/fbaf6506-81e1-43a2-bcc1-80e18c7b0146/uk.representclo.com/cdn/shop/files/pI6LqSiTSyfejVbBkjpK4jMxTb5o9veJva_0-nGeGyE.jpg?crop=center&height=1200&v=1710347930&width=1200
https://uk.representclo.com/products/247-oversized-tank-cinder,247 Oversized Tank - Cinder,XXL,True,70.0,,https://scdn.speedsize.com/fbaf6506-81e1-43a2-bcc1-80e18c7b0146/uk.representclo.com/cdn/shop/files/pI6LqSiTSyfejVbBkjpK4jMxTb5o9veJva_0-nGeGyE.jpg?crop=center&height=1200&v=1710347930&width=1200
https://uk.representclo.com/products/247-oversized-tank-flat-white-1,247 Oversized Tank - Flat White,XS,True,65.0,,https://scdn.speedsize.com/fbaf6506-81e1-43a2-bcc1-80e18c7b0146/uk.representclo.com/cdn/shop/files/F37Er7zbL3K3fs7aMb2jaIFKBihHbWMPPRYXxRUwlgU.jpg?crop=center&height=1200&v=1780064128&width=1200
https://uk.representclo.com/products/247-oversized-tank-flat-white-1,247 Oversized Tank - Flat White,S,True,65.0,,https://scdn.speedsize.com/fbaf6506-81e1-43a2-bcc1-80e18c7b0146/uk.representclo.com/cdn/shop/files/F37Er7zbL3K3fs7aMb2jaIFKBihHbWMPPRYXxRUwlgU.jpg?crop=center&height=1200&v=1780064128&width=1200
https://uk.representclo.com/products/247-oversized-tank-flat-white-1,247 Oversized Tank - Flat White,M,True,65.0,,https://scdn.speedsize.com/fbaf6506-81e1-43a2-bcc1-80e18c7b0146/uk.representclo.com/cdn/shop/files/F37Er7zbL3K3fs7aMb2jaIFKBihHbWMPPRYXxRUwlgU.jpg?crop=center&height=1200&v=1780064128&width=1200
https://uk.representclo.com/products/247-oversized-tank-flat-white-1,247 Oversized Tank - Flat White,L,True,65.0,,https://scdn.speedsize.com/fbaf6506-81e1-43a2-bcc1-80e18c7b0146/uk.representclo.com/cdn/shop/files/F37Er7zbL3K3fs7aMb2jaIFKBihHbWMPPRYXxRUwlgU.jpg?crop=center&height=1200&v=1780064128&width=1200
https://uk.representclo.com/products/247-oversized-tank-flat-white-1,247 Oversized Tank - Flat White,XL,True,65.0,,https://scdn.speedsize.com/fbaf6506-81e1-43a2-bcc1-80e18c7b0146/uk.representclo.com/cdn/shop/files/F37Er7zbL3K3fs7aMb2jaIFKBihHbWMPPRYXxRUwlgU.jpg?crop=center&height=1200&v=1780064128&width=1200
https://uk.representclo.com/products/247-oversized-tank-flat-white-1,247 Oversized Tank - Flat White,XXL,True,65.0,,https://scdn.speedsize.com/fbaf6506-81e1-43a2-bcc1-80e18c7b0146/uk.representclo.com/cdn/shop/files/F37Er7zbL3K3fs7aMb2jaIFKBihHbWMPPRYXxRUwlgU.jpg?crop=center&height=1200&v=1780064128&width=1200
https://uk.representclo.com/products/247-oversized-tank-jet-black-1,247 Oversized Tank - Jet Black,XS,True,65.0,,https://scdn.speedsize.com/fbaf6506-81e1-43a2-bcc1-80e18c7b0146/uk.representclo.com/cdn/shop/files/lkS6VeEWJHJBEz6SIuAT_sMWJlnwAGcy3LZeqexuX7Q.jpg?crop=center&height=1200&v=1780064168&width=1200
https://uk.representclo.com/products/247-oversized-tank-jet-black-1,247 Oversized Tank - Jet Black,S,True,65.0,,https://scdn.speedsize.com/fbaf6506-81e1-43a2-bcc1-80e18c7b0146/uk.representclo.com/cdn/shop/files/lkS6VeEWJHJBEz6SIuAT_sMWJlnwAGcy3LZeqexuX7Q.jpg?crop=center&height=1200&v=1780064168&width=1200
https://uk.representclo.com/products/247-oversized-tank-jet-black-1,247 Oversized Tank - Jet Black,M,True,65.0,,https://scdn.speedsize.com/fbaf6506-81e1-43a2-bcc1-80e18c7b0146/uk.representclo.com/cdn/shop/files/lkS6VeEWJHJBEz6SIuAT_sMWJlnwAGcy3LZeqexuX7Q.jpg?crop=center&height=1200&v=1780064168&width=1200
https://uk.representclo.com/products/247-oversized-tank-jet-black-1,247 Oversized Tank - Jet Black,L,True,65.0,,https://scdn.speedsize.com/fbaf6506-81e1-43a2-bcc1-80e18c7b0146/uk.representclo.com/cdn/shop/files/lkS6VeEWJHJBEz6SIuAT_sMWJlnwAGcy3LZeqexuX7Q.jpg?crop=center&height=1200&v=1780064168&width=1200
https://uk.representclo.com/products/247-oversized-tank-jet-black-1,247 Oversized Tank - Jet Black,XL,True,65.0,,https://scdn.speedsize.com/fbaf6506-81e1-43a2-bcc1-80e18c7b0146/uk.representclo.com/cdn/shop/files/lkS6VeEWJHJBEz6SIuAT_sMWJlnwAGcy3LZeqexuX7Q.jpg?crop=center&height=1200&v=1780064168&width=1200
https://uk.representclo.com/products/247-oversized-tank-jet-black-1,247 Oversized Tank - Jet Black,XXL,False,65.0,,https://scdn.speedsize.com/fbaf6506-81e1-43a2-bcc1-80e18c7b0146/uk.representclo.com/cdn/shop/files/lkS6VeEWJHJBEz6SIuAT_sMWJlnwAGcy3LZeqexuX7Q.jpg?crop=center&height=1200&v=1780064168&width=1200
https://uk.representclo.com/products/247-oversized-tank-ultra-blue,247 Oversized Tank - Ultra Blue,XS,False,70.0,,https://scdn.speedsize.com/fbaf6506-81e1-43a2-bcc1-80e18c7b0146/uk.representclo.com/cdn/shop/files/8BLCqtigWSMXBE_6GOqRf5uEdzEJE6lD_X1xn2Syo0E.jpg?crop=center&height=1200&v=1721810867&width=1200
https://uk.representclo.com/products/247-oversized-tank-ultra-blue,247 Oversized Tank - Ultra Blue,S,False,70.0,,https://scdn.speedsize.com/fbaf6506-81e1-43a2-bcc1-80e18c7b0146/uk.representclo.com/cdn/shop/files/8BLCqtigWSMXBE_6GOqRf5uEdzEJE6lD_X1xn2Syo0E.jpg?crop=center&height=1200&v=1721810867&width=1200
https://uk.representclo.com/products/247-oversized-tank-ultra-blue,247 Oversized Tank - Ultra Blue,M,False,70.0,,https://scdn.speedsize.com/fbaf6506-81e1-43a2-bcc1-80e18c7b0146/uk.representclo.com/cdn/shop/files/8BLCqtigWSMXBE_6GOqRf5uEdzEJE6lD_X1xn2Syo0E.jpg?crop=center&height=1200&v=1721810867&width=1200
https://uk.representclo.com/products/247-oversized-tank-ultra-blue,247 Oversized Tank - Ultra Blue,L,False,70.0,,https://scdn.speedsize.com/fbaf6506-81e1-43a2-bcc1-80e18c7b0146/uk.representclo.com/cdn/shop/files/8BLCqtigWSMXBE_6GOqRf5uEdzEJE6lD_X1xn2Syo0E.jpg?crop=center&height=1200&v=1721810867&width=1200
https://uk.representclo.com/products/247-oversized-tank-ultra-blue,247 Oversized Tank - Ultra Blue,XL,False,70.0,,https://scdn.speedsize.com/fbaf6506-81e1-43a2-bcc1-80e18c7b0146/uk.representclo.com/cdn/shop/files/8BLCqtigWSMXBE_6GOqRf5uEdzEJE6lD_X1xn2Syo0E.jpg?crop=center&height=1200&v=1721810867&width=1200
https://uk.representclo.com/products/247-oversized-tank-ultra-blue,247 Oversized Tank - Ultra Blue,XXL,False,70.0,,https://scdn.speedsize.com/fbaf6506-81e1-43a2-bcc1-80e18c7b0146/uk.representclo.com/cdn/shop/files/8BLCqtigWSMXBE_6GOqRf5uEdzEJE6lD_X1xn2Syo0E.jpg?crop=center&height=1200&v=1721810867&width=1200
https://uk.representclo.com/products/247-panelled-insulated-jacket-black,247 Panelled Insulated Jacket - Black,XXS,False,200.0,,https://scdn.speedsize.com/fbaf6506-81e1-43a2-bcc1-80e18c7b0146/uk.representclo.com/cdn/shop/files/HJbTqXGaJ2j19yaskny7RN-Hg3jeuy0TRU8aoTpBwYI.jpg?crop=center&height=1200&v=1759938125&width=1200
https://uk.representclo.com/products/247-panelled-insulated-jacket-black,247 Panelled Insulated Jacket - Black,XS,True,200.0,,https://scdn.speedsize.com/fbaf6506-81e1-43a2-bcc1-80e18c7b0146/uk.representclo.com/cdn/shop/files/HJbTqXGaJ2j19yaskny7RN-Hg3jeuy0TRU8aoTpBwYI.jpg?crop=center&height=1200&v=1759938125&width=1200
https://uk.representclo.com/products/247-panelled-insulated-jacket-black,247 Panelled Insulated Jacket - Black,S,True,200.0,,https://scdn.speedsize.com/fbaf6506-81e1-43a2-bcc1-80e18c7b0146/uk.representclo.com/cdn/shop/files/HJbTqXGaJ2j19yaskny7RN-Hg3jeuy0TRU8aoTpBwYI.jpg?crop=center&height=1200&v=1759938125&width=1200
https://uk.representclo.com/products/247-panelled-insulated-jacket-black,247 Panelled Insulated Jacket - Black,M,True,200.0,,https://scdn.speedsize.com/fbaf6506-81e1-43a2-bcc1-80e18c7b0146/uk.representclo.com/cdn/shop/files/HJbTqXGaJ2j19yaskny7RN-Hg3jeuy0TRU8aoTpBwYI.jpg?crop=center&height=1200&v=1759938125&width=1200
https://uk.representclo.com/products/247-panelled-insulated-jacket-black,247 Panelled Insulated Jacket - Black,L,True,200.0,,https://scdn.speedsize.com/fbaf6506-81e1-43a2-bcc1-80e18c7b0146/uk.representclo.com/cdn/shop/files/HJbTqXGaJ2j19yaskny7RN-Hg3jeuy0TRU8aoTpBwYI.jpg?crop=center&height=1200&v=1759938125&width=1200
https://uk.representclo.com/products/247-panelled-insulated-jacket-black,247 Panelled Insulated Jacket - Black,XL,True,200.0,,https://scdn.speedsize.com/fbaf6506-81e1-43a2-bcc1-80e18c7b0146/uk.representclo.com/cdn/shop/files/HJbTqXGaJ2j19yaskny7RN-Hg3jeuy0TRU8aoTpBwYI.jpg?crop=center&height=1200&v=1759938125&width=1200
https://uk.representclo.com/products/247-panelled-insulated-jacket-black,247 Panelled Insulated Jacket - Black,XXL,True,200.0,,https://scdn.speedsize.com/fbaf6506-81e1-43a2-bcc1-80e18c7b0146/uk.representclo.com/cdn/shop/files/HJbTqXGaJ2j19yaskny7RN-Hg3jeuy0TRU8aoTpBwYI.jpg?crop=center&height=1200&v=1759938125&width=1200
https://uk.representclo.com/products/247-panelled-insulated-jacket-steel,247 Panelled Insulated Jacket - Steel,XXS,False,200.0,,https://scdn.speedsize.com/fbaf6506-81e1-43a2-bcc1-80e18c7b0146/uk.representclo.com/cdn/shop/files/az7xWZKogq8zfykY8M0SWWX-CGrRuMKc0xJA7e9OcpQ.jpg?crop=center&height=1200&v=1759938158&width=1200
https://uk.representclo.com/products/247-panelled-insulated-jacket-steel,247 Panelled Insulated Jacket - Steel,XS,True,200.0,,https://scdn.speedsize.com/fbaf6506-81e1-43a2-bcc1-80e18c7b0146/uk.representclo.com/cdn/shop/files/az7xWZKogq8zfykY8M0SWWX-CGrRuMKc0xJA7e9OcpQ.jpg?crop=center&height=1200&v=1759938158&width=1200
https://uk.representclo.com/products/247-panelled-insulated-jacket-steel,247 Panelled Insulated Jacket - Steel,S,True,200.0,,https://scdn.speedsize.com/fbaf6506-81e1-43a2-bcc1-80e18c7b0146/uk.representclo.com/cdn/shop/files/az7xWZKogq8zfykY8M0SWWX-CGrRuMKc0xJA7e9OcpQ.jpg?crop=center&height=1200&v=1759938158&width=1200
https://uk.representclo.com/products/247-panelled-insulated-jacket-steel,247 Panelled Insulated Jacket - Steel,M,True,200.0,,https://scdn.speedsize.com/fbaf6506-81e1-43a2-bcc1-80e18c7b0146/uk.representclo.com/cdn/shop/files/az7xWZKogq8zfykY8M0SWWX-CGrRuMKc0xJA7e9OcpQ.jpg?crop=center&height=1200&v=1759938158&width=1200
https://uk.representclo.com/products/247-panelled-insulated-jacket-steel,247 Panelled Insulated Jacket - Steel,L,True,200.0,,https://scdn.speedsize.com/fbaf6506-81e1-43a2-bcc1-80e18c7b0146/uk.representclo.com/cdn/shop/files/az7xWZKogq8zfykY8M0SWWX-CGrRuMKc0xJA7e9OcpQ.jpg?crop=center&height=1200&v=1759938158&width=1200
https://uk.representclo.com/products/247-panelled-insulated-jacket-steel,247 Panelled Insulated Jacket - Steel,XL,False,200.0,,https://scdn.speedsize.com/fbaf6506-81e1-43a2-bcc1-80e18c7b0146/uk.representclo.com/cdn/shop/files/az7xWZKogq8zfykY8M0SWWX-CGrRuMKc0xJA7e9OcpQ.jpg?crop=center&height=1200&v=1759938158&width=1200
https://uk.representclo.com/products/247-panelled-insulated-jacket-steel,247 Panelled Insulated Jacket - Steel,XXL,True,200.0,,https://scdn.speedsize.com/fbaf6506-81e1-43a2-bcc1-80e18c7b0146/uk.representclo.com/cdn/shop/files/az7xWZKogq8zfykY8M0SWWX-CGrRuMKc0xJA7e9OcpQ.jpg?crop=center&height=1200&v=1759938158&width=1200
https://uk.representclo.com/products/247-pant-black,247 Pant - Black,XS,True,130.0,,https://scdn.speedsize.com/fbaf6506-81e1-43a2-bcc1-80e18c7b0146/uk.representclo.com/cdn/shop/products/NEWESTSCALINGDOCUSETHIS_0006_f7bg.jpg?crop=center&height=1200&v=1685532889&width=1200
https://uk.representclo.com/products/247-pant-black,247 Pant - Black,S,True,130.0,,https://scdn.speedsize.com/fbaf6506-81e1-43a2-bcc1-80e18c7b0146/uk.representclo.com/cdn/shop/products/NEWESTSCALINGDOCUSETHIS_0006_f7bg.jpg?crop=center&height=1200&v=1685532889&width=1200
https://uk.representclo.com/products/247-pant-black,247 Pant - Black,M,True,130.0,,https://scdn.speedsize.com/fbaf6506-81e1-43a2-bcc1-80e18c7b0146/uk.representclo.com/cdn/shop/products/NEWESTSCALINGDOCUSETHIS_0006_f7bg.jpg?crop=center&height=1200&v=1685532889&width=1200
https://uk.representclo.com/products/247-pant-black,247 Pant - Black,L,True,130.0,,https://scdn.speedsize.com/fbaf6506-81e1-43a2-bcc1-80e18c7b0146/uk.representclo.com/cdn/shop/products/NEWESTSCALINGDOCUSETHIS_0006_f7bg.jpg?crop=center&height=1200&v=1685532889&width=1200
https://uk.representclo.com/products/247-pant-black,247 Pant - Black,XL,True,130.0,,https://scdn.speedsize.com/fbaf6506-81e1-43a2-bcc1-80e18c7b0146/uk.representclo.com/cdn/shop/products/NEWESTSCALINGDOCUSETHIS_0006_f7bg.jpg?crop=center&height=1200&v=1685532889&width=1200
https://uk.representclo.com/products/247-pant-black,247 Pant - Black,XXL,True,130.0,,https://scdn.speedsize.com/fbaf6506-81e1-43a2-bcc1-80e18c7b0146/uk.representclo.com/cdn/shop/products/NEWESTSCALINGDOCUSETHIS_0006_f7bg.jpg?crop=center&height=1200&v=1685532889&width=1200
https://uk.representclo.com/products/247-pant-dusky-navy,247 Pant - Dusky Navy,XXS,False,130.0,,https://scdn.speedsize.com/fbaf6506-81e1-43a2-bcc1-80e18c7b0146/uk.representclo.com/cdn/shop/files/BZvMKPnNiaDkde_ZSBLx49Ydah_laQPe1uW4LGTjs5M.jpg?crop=center&height=1200&v=1765813731&width=1200
https://uk.representclo.com/products/247-pant-dusky-navy,247 Pant - Dusky Navy,XS,False,130.0,,https://scdn.speedsize.com/fbaf6506-81e1-43a2-bcc1-80e18c7b0146/uk.representclo.com/cdn/shop/files/BZvMKPnNiaDkde_ZSBLx49Ydah_laQPe1uW4LGTjs5M.jpg?crop=center&height=1200&v=1765813731&width=1200
https://uk.representclo.com/products/247-pant-dusky-navy,247 Pant - Dusky Navy,S,False,130.0,,https://scdn.speedsize.com/fbaf6506-81e1-43a2-bcc1-80e18c7b0146/uk.representclo.com/cdn/shop/files/BZvMKPnNiaDkde_ZSBLx49Ydah_laQPe1uW4LGTjs5M.jpg?crop=center&height=1200&v=1765813731&width=1200
https://uk.representclo.com/products/247-pant-dusky-navy,247 Pant - Dusky Navy,M,False,130.0,,https://scdn.speedsize.com/fbaf6506-81e1-43a2-bcc1-80e18c7b0146/uk.representclo.com/cdn/shop/files/BZvMKPnNiaDkde_ZSBLx49Ydah_laQPe1uW4LGTjs5M.jpg?crop=center&height=1200&v=1765813731&width=1200
https://uk.representclo.com/products/247-pant-dusky-navy,247 Pant - Dusky Navy,L,True,130.0,,https://scdn.speedsize.com/fbaf6506-81e1-43a2-bcc1-80e18c7b0146/uk.representclo.com/cdn/shop/files/BZvMKPnNiaDkde_ZSBLx49Ydah_laQPe1uW4LGTjs5M.jpg?crop=center&height=1200&v=1765813731&width=1200
https://uk.representclo.com/products/247-pant-dusky-navy,247 Pant - Dusky Navy,XL,False,130.0,,https://scdn.speedsize.com/fbaf6506-81e1-43a2-bcc1-80e18c7b0146/uk.representclo.com/cdn/shop/files/BZvMKPnNiaDkde_ZSBLx49Ydah_laQPe1uW4LGTjs5M.jpg?crop=center&height=1200&v=1765813731&width=1200
https://uk.representclo.com/products/247-pant-dusky-navy,247 Pant - Dusky Navy,XXL,False,130.0,,https://scdn.speedsize.com/fbaf6506-81e1-43a2-bcc1-80e18c7b0146/uk.representclo.com/cdn/shop/files/BZvMKPnNiaDkde_ZSBLx49Ydah_laQPe1uW4LGTjs5M.jpg?crop=center&height=1200&v=1765813731&width=1200
https://uk.representclo.com/products/247-pant-graphene,247 Pant - Graphene,XS,True,130.0,,https://scdn.speedsize.com/fbaf6506-81e1-43a2-bcc1-80e18c7b0146/uk.representclo.com/cdn/shop/files/klMFBdvOl5bXl7S4ZWztACVHrilc2OVFzcxBuOvehbQ.jpg?crop=center&height=1200&v=1780651908&width=1200
https://uk.representclo.com/products/247-pant-graphene,247 Pant - Graphene,S,True,130.0,,https://scdn.speedsize.com/fbaf6506-81e1-43a2-bcc1-80e18c7b0146/uk.representclo.com/cdn/shop/files/klMFBdvOl5bXl7S4ZWztACVHrilc2OVFzcxBuOvehbQ.jpg?crop=center&height=1200&v=1780651908&width=1200
https://uk.representclo.com/products/247-pant-graphene,247 Pant - Graphene,M,True,130.0,,https://scdn.speedsize.com/fbaf6506-81e1-43a2-bcc1-80e18c7b0146/uk.representclo.com/cdn/shop/files/klMFBdvOl5bXl7S4ZWztACVHrilc2OVFzcxBuOvehbQ.jpg?crop=center&height=1200&v=1780651908&width=1200
https://uk.representclo.com/products/247-pant-graphene,247 Pant - Graphene,L,True,130.0,,https://scdn.speedsize.com/fbaf6506-81e1-43a2-bcc1-80e18c7b0146/uk.representclo.com/cdn/shop/files/klMFBdvOl5bXl7S4ZWztACVHrilc2OVFzcxBuOvehbQ.jpg?crop=center&height=1200&v=1780651908&width=1200
https://uk.representclo.com/products/247-pant-graphene,247 Pant - Graphene,XL,True,130.0,,https://scdn.speedsize.com/fbaf6506-81e1-43a2-bcc1-80e18c7b0146/uk.representclo.com/cdn/shop/files/klMFBdvOl5bXl7S4ZWztACVHrilc2OVFzcxBuOvehbQ.jpg?crop=center&height=1200&v=1780651908&width=1200
https://uk.representclo.com/products/247-pant-graphene,247 Pant - Graphene,XXL,True,130.0,,https://scdn.speedsize.com/fbaf6506-81e1-43a2-bcc1-80e18c7b0146/uk.representclo.com/cdn/shop/files/klMFBdvOl5bXl7S4ZWztACVHrilc2OVFzcxBuOvehbQ.jpg?crop=center&height=1200&v=1780651908&width=1200
https://uk.representclo.com/products/247-pant-grey,247 Pant - Grey,XS,True,130.0,,https://scdn.speedsize.com/fbaf6506-81e1-43a2-bcc1-80e18c7b0146/uk.representclo.com/cdn/shop/products/247new_0002_Layer3.jpg?crop=center&height=1200&v=1685532889&width=1200
https://uk.representclo.com/products/247-pant-grey,247 Pant - Grey,S,True,130.0,,https://scdn.speedsize.com/fbaf6506-81e1-43a2-bcc1-80e18c7b0146/uk.representclo.com/cdn/shop/products/247new_0002_Layer3.jpg?crop=center&height=1200&v=1685532889&width=1200
https://uk.representclo.com/products/247-pant-grey,247 Pant - Grey,M,True,130.0,,https://scdn.speedsize.com/fbaf6506-81e1-43a2-bcc1-80e18c7b0146/uk.representclo.com/cdn/shop/products/247new_0002_Layer3.jpg?crop=center&height=1200&v=1685532889&width=1200
https://uk.representclo.com/products/247-pant-grey,247 Pant - Grey,L,True,130.0,,https://scdn.speedsize.com/fbaf6506-81e1-43a2-bcc1-80e18c7b0146/uk.representclo.com/cdn/shop/products/247new_0002_Layer3.jpg?crop=center&height=1200&v=1685532889&width=1200
https://uk.representclo.com/products/247-pant-grey,247 Pant - Grey,XL,True,130.0,,https://scdn.speedsize.com/fbaf6506-81e1-43a2-bcc1-80e18c7b0146/uk.representclo.com/cdn/shop/products/247new_0002_Layer3.jpg?crop=center&height=1200&v=1685532889&width=1200
https://uk.representclo.com/products/247-pant-grey,247 Pant - Grey,XXL,True,130.0,,https://scdn.speedsize.com/fbaf6506-81e1-43a2-bcc1-80e18c7b0146/uk.representclo.com/cdn/shop/products/247new_0002_Layer3.jpg?crop=center&height=1200&v=1685532889&width=1200
https://uk.representclo.com/products/247-pant-olive,247 Pant - Olive,XS,True,130.0,,https://scdn.speedsize.com/fbaf6506-81e1-43a2-bcc1-80e18c7b0146/uk.representclo.com/cdn/shop/products/247new_0001_Layer4.jpg?crop=center&height=1200&v=1685532889&width=1200
https://uk.representclo.com/products/247-pant-olive,247 Pant - Olive,S,True,130.0,,https://scdn.speedsize.com/fbaf6506-81e1-43a2-bcc1-80e18c7b0146/uk.representclo.com/cdn/shop/products/247new_0001_Layer4.jpg?crop=center&height=1200&v=1685532889&width=1200
https://uk.representclo.com/products/247-pant-olive,247 Pant - Olive,M,True,130.0,,https://scdn.speedsize.com/fbaf6506-81e1-43a2-bcc1-80e18c7b0146/uk.representclo.com/cdn/shop/products/247new_0001_Layer4.jpg?crop=center&height=1200&v=1685532889&width=1200
https://uk.representclo.com/products/247-pant-olive,247 Pant - Olive,L,True,130.0,,https://scdn.speedsize.com/fbaf6506-81e1-43a2-bcc1-80e18c7b0146/uk.representclo.com/cdn/shop/products/247new_0001_Layer4.jpg?crop=center&height=1200&v=1685532889&width=1200
https://uk.representclo.com/products/247-pant-olive,247 Pant - Olive,XL,True,130.0,,https://scdn.speedsize.com/fbaf6506-81e1-43a2-bcc1-80e18c7b0146/uk.representclo.com/cdn/shop/products/247new_0001_Layer4.jpg?crop=center&height=1200&v=1685532889&width=1200
https://uk.representclo.com/products/247-pant-olive,247 Pant - Olive,XXL,True,130.0,,https://scdn.speedsize.com/fbaf6506-81e1-43a2-bcc1-80e18c7b0146/uk.representclo.com/cdn/shop/products/247new_0001_Layer4.jpg?crop=center&height=1200&v=1685532889&width=1200
https://uk.representclo.com/products/247-pant-taupe,247 Pant - Taupe,XS,True,130.0,,https://scdn.speedsize.com/fbaf6506-81e1-43a2-bcc1-80e18c7b0146/uk.representclo.com/cdn/shop/products/0000_247TAUPEPANTNEW.jpg?crop=center&height=1200&v=1685533004&width=1200
https://uk.representclo.com/products/247-pant-taupe,247 Pant - Taupe,S,True,130.0,,https://scdn.speedsize.com/fbaf6506-81e1-43a2-bcc1-80e18c7b0146/uk.representclo.com/cdn/shop/products/0000_247TAUPEPANTNEW.jpg?crop=center&height=1200&v=1685533004&width=1200
https://uk.representclo.com/products/247-pant-taupe,247 Pant - Taupe,M,True,130.0,,https://scdn.speedsize.com/fbaf6506-81e1-43a2-bcc1-80e18c7b0146/uk.representclo.com/cdn/shop/products/0000_247TAUPEPANTNEW.jpg?crop=center&height=1200&v=1685533004&width=1200
https://uk.representclo.com/products/247-pant-taupe,247 Pant - Taupe,L,True,130.0,,https://scdn.speedsize.com/fbaf6506-81e1-43a2-bcc1-80e18c7b0146/uk.representclo.com/cdn/shop/products/0000_247TAUPEPANTNEW.jpg?crop=center&height=1200&v=1685533004&width=1200
https://uk.representclo.com/products/247-pant-taupe,247 Pant - Taupe,XL,True,130.0,,https://scdn.speedsize.com/fbaf6506-81e1-43a2-bcc1-80e18c7b0146/uk.representclo.com/cdn/shop/products/0000_247TAUPEPANTNEW.jpg?crop=center&height=1200&v=1685533004&width=1200
https://uk.representclo.com/products/247-pant-taupe,247 Pant - Taupe,XXL,False,130.0,,https://scdn.speedsize.com/fbaf6506-81e1-43a2-bcc1-80e18c7b0146/uk.representclo.com/cdn/shop/products/0000_247TAUPEPANTNEW.jpg?crop=center&height=1200&v=1685533004&width=1200
https://uk.representclo.com/products/247-power-dry-t-shirt-ash-grey,247 Power Dry™ T-Shirt - Ash Grey,XXS,False,85.0,,https://scdn.speedsize.com/fbaf6506-81e1-43a2-bcc1-80e18c7b0146/uk.representclo.com/cdn/shop/files/ny2lB_KeczO-m1XAODu79G2z5DadAM0CrYn_ALLXAxc.jpg?crop=center&height=1200&v=1785506742&width=1200
https://uk.representclo.com/products/247-power-dry-t-shirt-ash-grey,247 Power Dry™ T-Shirt - Ash Grey,XS,True,85.0,,https://scdn.speedsize.com/fbaf6506-81e1-43a2-bcc1-80e18c7b0146/uk.representclo.com/cdn/shop/files/ny2lB_KeczO-m1XAODu79G2z5DadAM0CrYn_ALLXAxc.jpg?crop=center&height=1200&v=1785506742&width=1200
https://uk.representclo.com/products/247-power-dry-t-shirt-ash-grey,247 Power Dry™ T-Shirt - Ash Grey,S,True,85.0,,https://scdn.speedsize.com/fbaf6506-81e1-43a2-bcc1-80e18c7b0146/uk.representclo.com/cdn/shop/files/ny2lB_KeczO-m1XAODu79G2z5DadAM0CrYn_ALLXAxc.jpg?crop=center&height=1200&v=1785506742&width=1200
https://uk.representclo.com/products/247-power-dry-t-shirt-ash-grey,247 Power Dry™ T-Shirt - Ash Grey,M,True,85.0,,https://scdn.speedsize.com/fbaf6506-81e1-43a2-bcc1-80e18c7b0146/uk.representclo.com/cdn/shop/files/ny2lB_KeczO-m1XAODu79G2z5DadAM0CrYn_ALLXAxc.jpg?crop=center&height=1200&v=1785506742&width=1200
https://uk.representclo.com/products/247-power-dry-t-shirt-ash-grey,247 Power Dry™ T-Shirt - Ash Grey,L,True,85.0,,https://scdn.speedsize.com/fbaf6506-81e1-43a2-bcc1-80e18c7b0146/uk.representclo.com/cdn/shop/files/ny2lB_KeczO-m1XAODu79G2z5DadAM0CrYn_ALLXAxc.jpg?crop=center&height=1200&v=1785506742&width=1200
https://uk.representclo.com/products/247-power-dry-t-shirt-ash-grey,247 Power Dry™ T-Shirt - Ash Grey,XL,True,85.0,,https://scdn.speedsize.com/fbaf6506-81e1-43a2-bcc1-80e18c7b0146/uk.representclo.com/cdn/shop/files/ny2lB_KeczO-m1XAODu79G2z5DadAM0CrYn_ALLXAxc.jpg?crop=center&height=1200&v=1785506742&width=1200
https://uk.representclo.com/products/247-power-dry-t-shirt-ash-grey,247 Power Dry™ T-Shirt - Ash Grey,XXL,True,85.0,,https://scdn.speedsize.com/fbaf6506-81e1-43a2-bcc1-80e18c7b0146/uk.representclo.com/cdn/shop/files/ny2lB_KeczO-m1XAODu79G2z5DadAM0CrYn_ALLXAxc.jpg?crop=center&height=1200&v=1785506742&width=1200
https://uk.representclo.com/products/247-power-dry-t-shirt-jet-black,247 Power Dry™ T-Shirt - Jet Black,XXS,False,85.0,,https://scdn.speedsize.com/fbaf6506-81e1-43a2-bcc1-80e18c7b0146/uk.representclo.com/cdn/shop/files/suVsCjPUh20qbeBQvOvvtXRnijRu_2gtUSurN23j1s.jpg?crop=center&height=1200&v=1785506767&width=1200
https://uk.representclo.com/products/247-power-dry-t-shirt-jet-black,247 Power Dry™ T-Shirt - Jet Black,XS,True,85.0,,https://scdn.speedsize.com/fbaf6506-81e1-43a2-bcc1-80e18c7b0146/uk.representclo.com/cdn/shop/files/suVsCjPUh20qbeBQvOvvtXRnijRu_2gtUSurN23j1s.jpg?crop=center&height=1200&v=1785506767&width=1200
https://uk.representclo.com/products/247-power-dry-t-shirt-jet-black,247 Power Dry™ T-Shirt - Jet Black,S,False,85.0,,https://scdn.speedsize.com/fbaf6506-81e1-43a2-bcc1-80e18c7b0146/uk.representclo.com/cdn/shop/files/suVsCjPUh20qbeBQvOvvtXRnijRu_2gtUSurN23j1s.jpg?crop=center&height=1200&v=1785506767&width=1200
https://uk.representclo.com/products/247-power-dry-t-shirt-jet-black,247 Power Dry™ T-Shirt - Jet Black,M,False,85.0,,https://scdn.speedsize.com/fbaf6506-81e1-43a2-bcc1-80e18c7b0146/uk.representclo.com/cdn/shop/files/suVsCjPUh20qbeBQvOvvtXRnijRu_2gtUSurN23j1s.jpg?crop=center&height=1200&v=1785506767&width=1200
https://uk.representclo.com/products/247-power-dry-t-shirt-jet-black,247 Power Dry™ T-Shirt - Jet Black,L,False,85.0,,https://scdn.speedsize.com/fbaf6506-81e1-43a2-bcc1-80e18c7b0146/uk.representclo.com/cdn/shop/files/suVsCjPUh20qbeBQvOvvtXRnijRu_2gtUSurN23j1s.jpg?crop=center&height=1200&v=1785506767&width=1200
https://uk.representclo.com/products/247-power-dry-t-shirt-jet-black,247 Power Dry™ T-Shirt - Jet Black,XL,False,85.0,,https://scdn.speedsize.com/fbaf6506-81e1-43a2-bcc1-80e18c7b0146/uk.representclo.com/cdn/shop/files/suVsCjPUh20qbeBQvOvvtXRnijRu_2gtUSurN23j1s.jpg?crop=center&height=1200&v=1785506767&width=1200
https://uk.representclo.com/products/247-power-dry-t-shirt-jet-black,247 Power Dry™ T-Shirt - Jet Black,XXL,False,85.0,,https://scdn.speedsize.com/fbaf6506-81e1-43a2-bcc1-80e18c7b0146/uk.representclo.com/cdn/shop/files/suVsCjPUh20qbeBQvOvvtXRnijRu_2gtUSurN23j1s.jpg?crop=center&height=1200&v=1785506767&width=1200
https://uk.representclo.com/products/247-power-shield-padded-gilet-jet-black,247 Power Shield™  Padded Gilet - Jet Black,XS,True,260.0,,https://scdn.speedsize.com/fbaf6506-81e1-43a2-bcc1-80e18c7b0146/uk.representclo.com/cdn/shop/files/urO5dFbpnrYAtZd8iklPt5mS7KVDKDWVX1ciw-zEfNM.jpg?crop=center&height=1200&v=1785506773&width=1200
https://uk.representclo.com/products/247-power-shield-padded-gilet-jet-black,247 Power Shield™  Padded Gilet - Jet Black,S,True,260.0,,https://scdn.speedsize.com/fbaf6506-81e1-43a2-bcc1-80e18c7b0146/uk.representclo.com/cdn/shop/files/urO5dFbpnrYAtZd8iklPt5mS7KVDKDWVX1ciw-zEfNM.jpg?crop=center&height=1200&v=1785506773&width=1200
https://uk.representclo.com/products/247-power-shield-padded-gilet-jet-black,247 Power Shield™  Padded Gilet - Jet Black,M,True,260.0,,https://scdn.speedsize.com/fbaf6506-81e1-43a2-bcc1-80e18c7b0146/uk.representclo.com/cdn/shop/files/urO5dFbpnrYAtZd8iklPt5mS7KVDKDWVX1ciw-zEfNM.jpg?crop=center&height=1200&v=1785506773&width=1200
https://uk.representclo.com/products/247-power-shield-padded-gilet-jet-black,247 Power Shield™  Padded Gilet - Jet Black,L,True,260.0,,https://scdn.speedsize.com/fbaf6506-81e1-43a2-bcc1-80e18c7b0146/uk.representclo.com/cdn/shop/files/urO5dFbpnrYAtZd8iklPt5mS7KVDKDWVX1ciw-zEfNM.jpg?crop=center&height=1200&v=1785506773&width=1200
https://uk.representclo.com/products/247-power-shield-padded-gilet-jet-black,247 Power Shield™  Padded Gilet - Jet Black,XL,True,260.0,,https://scdn.speedsize.com/fbaf6506-81e1-43a2-bcc1-80e18c7b0146/uk.representclo.com/cdn/shop/files/urO5dFbpnrYAtZd8iklPt5mS7KVDKDWVX1ciw-zEfNM.jpg?crop=center&height=1200&v=1785506773&width=1200
https://uk.representclo.com/products/247-power-shield-padded-gilet-jet-black,247 Power Shield™  Padded Gilet - Jet Black,XXL,True,260.0,,https://scdn.speedsize.com/fbaf6506-81e1-43a2-bcc1-80e18c7b0146/uk.representclo.com/cdn/shop/files/urO5dFbpnrYAtZd8iklPt5mS7KVDKDWVX1ciw-zEfNM.jpg?crop=center&height=1200&v=1785506773&width=1200
https://uk.representclo.com/products/247-power-shield-windbreaker-jet-black,247 Power Shield™  Windbreaker - Jet Black,XS,True,340.0,,https://scdn.speedsize.com/fbaf6506-81e1-43a2-bcc1-80e18c7b0146/uk.representclo.com/cdn/shop/files/0003_247NUMBERS_MENS_12copy.jpg?crop=center&height=1200&v=1785507576&width=1200
https://uk.representclo.com/products/247-power-shield-windbreaker-jet-black,247 Power Shield™  Windbreaker - Jet Black,S,True,340.0,,https://scdn.speedsize.com/fbaf6506-81e1-43a2-bcc1-80e18c7b0146/uk.representclo.com/cdn/shop/files/0003_247NUMBERS_MENS_12copy.jpg?crop=center&height=1200&v=1785507576&width=1200
https://uk.representclo.com/products/247-power-shield-windbreaker-jet-black,247 Power Shield™  Windbreaker - Jet Black,M,True,340.0,,https://scdn.speedsize.com/fbaf6506-81e1-43a2-bcc1-80e18c7b0146/uk.representclo.com/cdn/shop/files/0003_247NUMBERS_MENS_12copy.jpg?crop=center&height=1200&v=1785507576&width=1200
https://uk.representclo.com/products/247-power-shield-windbreaker-jet-black,247 Power Shield™  Windbreaker - Jet Black,L,True,340.0,,https://scdn.speedsize.com/fbaf6506-81e1-43a2-bcc1-80e18c7b0146/uk.representclo.com/cdn/shop/files/0003_247NUMBERS_MENS_12copy.jpg?crop=center&height=1200&v=1785507576&width=1200
https://uk.representclo.com/products/247-power-shield-windbreaker-jet-black,247 Power Shield™  Windbreaker - Jet Black,XL,True,340.0,,https://scdn.speedsize.com/fbaf6506-81e1-43a2-bcc1-80e18c7b0146/uk.representclo.com/cdn/shop/files/0003_247NUMBERS_MENS_12copy.jpg?crop=center&height=1200&v=1785507576&width=1200
https://uk.representclo.com/products/247-power-shield-windbreaker-jet-black,247 Power Shield™  Windbreaker - Jet Black,XXL,False,340.0,,https://scdn.speedsize.com/fbaf6506-81e1-43a2-bcc1-80e18c7b0146/uk.representclo.com/cdn/shop/files/0003_247NUMBERS_MENS_12copy.jpg?crop=center&height=1200&v=1785507576&width=1200
https://uk.representclo.com/products/247-protein-shaker-black,247 Protein Shaker - Black,One Size,True,20.0,,https://scdn.speedsize.com/fbaf6506-81e1-43a2-bcc1-80e18c7b0146/uk.representclo.com/cdn/shop/files/NEWSCALING_0010_Layer6.jpg?crop=center&height=1200&v=1685543276&width=1200
https://uk.representclo.com/products/247-race-marathon-short-white,247 Race Marathon Short - White,XS,False,95.0,,https://scdn.speedsize.com/fbaf6506-81e1-43a2-bcc1-80e18c7b0146/uk.representclo.com/cdn/shop/files/g2wUej0Gbj1mA0btCt4xZMZL1C8Tv0JHRwFcrZwG4e4.jpg?crop=center&height=1200&v=1752827435&width=1200
https://uk.representclo.com/products/247-race-marathon-short-white,247 Race Marathon Short - White,S,False,95.0,,https://scdn.speedsize.com/fbaf6506-81e1-43a2-bcc1-80e18c7b0146/uk.representclo.com/cdn/shop/files/g2wUej0Gbj1mA0btCt4xZMZL1C8Tv0JHRwFcrZwG4e4.jpg?crop=center&height=1200&v=1752827435&width=1200
https://uk.representclo.com/products/247-race-marathon-short-white,247 Race Marathon Short - White,M,True,95.0,,https://scdn.speedsize.com/fbaf6506-81e1-43a2-bcc1-80e18c7b0146/uk.representclo.com/cdn/shop/files/g2wUej0Gbj1mA0btCt4xZMZL1C8Tv0JHRwFcrZwG4e4.jpg?crop=center&height=1200&v=1752827435&width=1200
https://uk.representclo.com/products/247-race-marathon-short-white,247 Race Marathon Short - White,L,False,95.0,,https://scdn.speedsize.com/fbaf6506-81e1-43a2-bcc1-80e18c7b0146/uk.representclo.com/cdn/shop/files/g2wUej0Gbj1mA0btCt4xZMZL1C8Tv0JHRwFcrZwG4e4.jpg?crop=center&height=1200&v=1752827435&width=1200
https://uk.representclo.com/products/247-race-marathon-short-white,247 Race Marathon Short - White,XL,True,95.0,,https://scdn.speedsize.com/fbaf6506-81e1-43a2-bcc1-80e18c7b0146/uk.representclo.com/cdn/shop/files/g2wUej0Gbj1mA0btCt4xZMZL1C8Tv0JHRwFcrZwG4e4.jpg?crop=center&height=1200&v=1752827435&width=1200
https://uk.representclo.com/products/247-race-marathon-short-white,247 Race Marathon Short - White,XXL,True,95.0,,https://scdn.speedsize.com/fbaf6506-81e1-43a2-bcc1-80e18c7b0146/uk.representclo.com/cdn/shop/files/g2wUej0Gbj1mA0btCt4xZMZL1C8Tv0JHRwFcrZwG4e4.jpg?crop=center&height=1200&v=1752827435&width=1200
https://uk.representclo.com/products/247-race-marathon-t-shirt-white,247 Race Marathon T-Shirt - White,XS,False,85.0,,https://scdn.speedsize.com/fbaf6506-81e1-43a2-bcc1-80e18c7b0146/uk.representclo.com/cdn/shop/files/4x_ckdMk2IuU5z6C5GpQiGN5BMuJhF0owVeP3fC347g.jpg?crop=center&height=1200&v=1752827460&width=1200
https://uk.representclo.com/products/247-race-marathon-t-shirt-white,247 Race Marathon T-Shirt - White,S,False,85.0,,https://scdn.speedsize.com/fbaf6506-81e1-43a2-bcc1-80e18c7b0146/uk.representclo.com/cdn/shop/files/4x_ckdMk2IuU5z6C5GpQiGN5BMuJhF0owVeP3fC347g.jpg?crop=center&height=1200&v=1752827460&width=1200
https://uk.representclo.com/products/247-race-marathon-t-shirt-white,247 Race Marathon T-Shirt - White,M,False,85.0,,https://scdn.speedsize.com/fbaf6506-81e1-43a2-bcc1-80e18c7b0146/uk.representclo.com/cdn/shop/files/4x_ckdMk2IuU5z6C5GpQiGN5BMuJhF0owVeP3fC347g.jpg?crop=center&height=1200&v=1752827460&width=1200
https://uk.representclo.com/products/247-race-marathon-t-shirt-white,247 Race Marathon T-Shirt - White,L,False,85.0,,https://scdn.speedsize.com/fbaf6506-81e1-43a2-bcc1-80e18c7b0146/uk.representclo.com/cdn/shop/files/4x_ckdMk2IuU5z6C5GpQiGN5BMuJhF0owVeP3fC347g.jpg?crop=center&height=1200&v=1752827460&width=1200
https://uk.representclo.com/products/247-race-marathon-t-shirt-white,247 Race Marathon T-Shirt - White,XL,False,85.0,,https://scdn.speedsize.com/fbaf6506-81e1-43a2-bcc1-80e18c7b0146/uk.representclo.com/cdn/shop/files/4x_ckdMk2IuU5z6C5GpQiGN5BMuJhF0owVeP3fC347g.jpg?crop=center&height=1200&v=1752827460&width=1200
https://uk.representclo.com/products/247-race-marathon-t-shirt-white,247 Race Marathon T-Shirt - White,XXL,True,85.0,,https://scdn.speedsize.com/fbaf6506-81e1-43a2-bcc1-80e18c7b0146/uk.representclo.com/cdn/shop/files/4x_ckdMk2IuU5z6C5GpQiGN5BMuJhF0owVeP3fC347g.jpg?crop=center&height=1200&v=1752827460&width=1200
https://uk.representclo.com/products/247-race-marathon-vest-white,247 Race Marathon Vest - White,XS,False,80.0,,https://scdn.speedsize.com/fbaf6506-81e1-43a2-bcc1-80e18c7b0146/uk.representclo.com/cdn/shop/files/VYXvG2_ctFYvH7sV1aULI6lBjkpr8TiiKvgcQTaXJB8.jpg?crop=center&height=1200&v=1752827493&width=1200
https://uk.representclo.com/products/247-race-marathon-vest-white,247 Race Marathon Vest - White,S,False,80.0,,https://scdn.speedsize.com/fbaf6506-81e1-43a2-bcc1-80e18c7b0146/uk.representclo.com/cdn/shop/files/VYXvG2_ctFYvH7sV1aULI6lBjkpr8TiiKvgcQTaXJB8.jpg?crop=center&height=1200&v=1752827493&width=1200
https://uk.representclo.com/products/247-race-marathon-vest-white,247 Race Marathon Vest - White,M,False,80.0,,https://scdn.speedsize.com/fbaf6506-81e1-43a2-bcc1-80e18c7b0146/uk.representclo.com/cdn/shop/files/VYXvG2_ctFYvH7sV1aULI6lBjkpr8TiiKvgcQTaXJB8.jpg?crop=center&height=1200&v=1752827493&width=1200
https://uk.representclo.com/products/247-race-marathon-vest-white,247 Race Marathon Vest - White,L,False,80.0,,https://scdn.speedsize.com/fbaf6506-81e1-43a2-bcc1-80e18c7b0146/uk.representclo.com/cdn/shop/files/VYXvG2_ctFYvH7sV1aULI6lBjkpr8TiiKvgcQTaXJB8.jpg?crop=center&height=1200&v=1752827493&width=1200
https://uk.representclo.com/products/247-race-marathon-vest-white,247 Race Marathon Vest - White,XL,False,80.0,,https://scdn.speedsize.com/fbaf6506-81e1-43a2-bcc1-80e18c7b0146/uk.representclo.com/cdn/shop/files/VYXvG2_ctFYvH7sV1aULI6lBjkpr8TiiKvgcQTaXJB8.jpg?crop=center&height=1200&v=1752827493&width=1200
https://uk.representclo.com/products/247-race-marathon-vest-white,247 Race Marathon Vest - White,XXL,False,80.0,,https://scdn.speedsize.com/fbaf6506-81e1-43a2-bcc1-80e18c7b0146/uk.representclo.com/cdn/shop/files/VYXvG2_ctFYvH7sV1aULI6lBjkpr8TiiKvgcQTaXJB8.jpg?crop=center&height=1200&v=1752827493&width=1200
https://uk.representclo.com/products/247-race-pins-antique-silver,247 Race Pins - Antique Silver,One Size,True,15.0,,https://scdn.speedsize.com/fbaf6506-81e1-43a2-bcc1-80e18c7b0146/uk.representclo.com/cdn/shop/files/4CW4_yPFNx3vHQW3jf-xNDIez5MEHr1be5Q7222Yb4Y.jpg?crop=center&height=1200&v=1770204373&width=1200
https://uk.representclo.com/products/247-race-sock-2-pack-white,247 Race Sock 2 Pack - White,6-8,True,25.0,,https://scdn.speedsize.com/fbaf6506-81e1-43a2-bcc1-80e18c7b0146/uk.representclo.com/cdn/shop/files/racerock2pack_cb257c41-4b61-4485-b62a-f66e911aab53.jpg?crop=center&height=1200&v=1777557737&width=1200
https://uk.representclo.com/products/247-race-sock-2-pack-white,247 Race Sock 2 Pack - White,9-12,True,25.0,,https://scdn.speedsize.com/fbaf6506-81e1-43a2-bcc1-80e18c7b0146/uk.representclo.com/cdn/shop/files/racerock2pack_cb257c41-4b61-4485-b62a-f66e911aab53.jpg?crop=center&height=1200&v=1777557737&width=1200
https://uk.representclo.com/products/247-race-sock-white,247 Race Sock - White,One Size,False,20.0,,https://scdn.speedsize.com/fbaf6506-81e1-43a2-bcc1-80e18c7b0146/uk.representclo.com/cdn/shop/files/WEB-_0001_247SOCKS_0000_Layer2copy_e3014432-6723-434e-abea-03af465dc8b7.jpg?crop=center&height=1200&v=1741625729&width=1200
https://uk.representclo.com/products/247-realtree-half-tight-camo,247 Realtree® Half Tight - Camo,XS,False,80.0,,https://scdn.speedsize.com/fbaf6506-81e1-43a2-bcc1-80e18c7b0146/uk.representclo.com/cdn/shop/files/gxh5e-dwnci9Otm2jVfSl3xtq4emd_tFKp0WBcqLbis.jpg?crop=center&height=1200&v=1765531736&width=1200
https://uk.representclo.com/products/247-realtree-half-tight-camo,247 Realtree® Half Tight - Camo,S,False,80.0,,https://scdn.speedsize.com/fbaf6506-81e1-43a2-bcc1-80e18c7b0146/uk.representclo.com/cdn/shop/files/gxh5e-dwnci9Otm2jVfSl3xtq4emd_tFKp0WBcqLbis.jpg?crop=center&height=1200&v=1765531736&width=1200
https://uk.representclo.com/products/247-realtree-half-tight-camo,247 Realtree® Half Tight - Camo,M,False,80.0,,https://scdn.speedsize.com/fbaf6506-81e1-43a2-bcc1-80e18c7b0146/uk.representclo.com/cdn/shop/files/gxh5e-dwnci9Otm2jVfSl3xtq4emd_tFKp0WBcqLbis.jpg?crop=center&height=1200&v=1765531736&width=1200
https://uk.representclo.com/products/247-realtree-half-tight-camo,247 Realtree® Half Tight - Camo,L,False,80.0,,https://scdn.speedsize.com/fbaf6506-81e1-43a2-bcc1-80e18c7b0146/uk.representclo.com/cdn/shop/files/gxh5e-dwnci9Otm2jVfSl3xtq4emd_tFKp0WBcqLbis.jpg?crop=center&height=1200&v=1765531736&width=1200
https://uk.representclo.com/products/247-realtree-half-tight-camo,247 Realtree® Half Tight - Camo,XL,False,80.0,,https://scdn.speedsize.com/fbaf6506-81e1-43a2-bcc1-80e18c7b0146/uk.representclo.com/cdn/shop/files/gxh5e-dwnci9Otm2jVfSl3xtq4emd_tFKp0WBcqLbis.jpg?crop=center&height=1200&v=1765531736&width=1200
https://uk.representclo.com/products/247-realtree-half-tight-camo,247 Realtree® Half Tight - Camo,XXL,True,80.0,,https://scdn.speedsize.com/fbaf6506-81e1-43a2-bcc1-80e18c7b0146/uk.representclo.com/cdn/shop/files/gxh5e-dwnci9Otm2jVfSl3xtq4emd_tFKp0WBcqLbis.jpg?crop=center&height=1200&v=1765531736&width=1200
https://uk.representclo.com/products/247-realtree-long-sleeve-mesh-t-shirt-camo,247 Realtree® Long Sleeve Mesh T-Shirt - Camo,XXS,False,95.0,,https://scdn.speedsize.com/fbaf6506-81e1-43a2-bcc1-80e18c7b0146/uk.representclo.com/cdn/shop/files/hZp7FEjPFCvD-hhGNxPOZCG6pkyXv7IkFp_nzo7hdf0.jpg?crop=center&height=1200&v=1765531767&width=1200
https://uk.representclo.com/products/247-realtree-long-sleeve-mesh-t-shirt-camo,247 Realtree® Long Sleeve Mesh T-Shirt - Camo,XS,False,95.0,,https://scdn.speedsize.com/fbaf6506-81e1-43a2-bcc1-80e18c7b0146/uk.representclo.com/cdn/shop/files/hZp7FEjPFCvD-hhGNxPOZCG6pkyXv7IkFp_nzo7hdf0.jpg?crop=center&height=1200&v=1765531767&width=1200
https://uk.representclo.com/products/247-realtree-long-sleeve-mesh-t-shirt-camo,247 Realtree® Long Sleeve Mesh T-Shirt - Camo,S,False,95.0,,https://scdn.speedsize.com/fbaf6506-81e1-43a2-bcc1-80e18c7b0146/uk.representclo.com/cdn/shop/files/hZp7FEjPFCvD-hhGNxPOZCG6pkyXv7IkFp_nzo7hdf0.jpg?crop=center&height=1200&v=1765531767&width=1200
https://uk.representclo.com/products/247-realtree-long-sleeve-mesh-t-shirt-camo,247 Realtree® Long Sleeve Mesh T-Shirt - Camo,M,False,95.0,,https://scdn.speedsize.com/fbaf6506-81e1-43a2-bcc1-80e18c7b0146/uk.representclo.com/cdn/shop/files/hZp7FEjPFCvD-hhGNxPOZCG6pkyXv7IkFp_nzo7hdf0.jpg?crop=center&height=1200&v=1765531767&width=1200
https://uk.representclo.com/products/247-realtree-long-sleeve-mesh-t-shirt-camo,247 Realtree® Long Sleeve Mesh T-Shirt - Camo,L,False,95.0,,https://scdn.speedsize.com/fbaf6506-81e1-43a2-bcc1-80e18c7b0146/uk.representclo.com/cdn/shop/files/hZp7FEjPFCvD-hhGNxPOZCG6pkyXv7IkFp_nzo7hdf0.jpg?crop=center&height=1200&v=1765531767&width=1200
https://uk.representclo.com/products/247-realtree-long-sleeve-mesh-t-shirt-camo,247 Realtree® Long Sleeve Mesh T-Shirt - Camo,XL,False,95.0,,https://scdn.speedsize.com/fbaf6506-81e1-43a2-bcc1-80e18c7b0146/uk.representclo.com/cdn/shop/files/hZp7FEjPFCvD-hhGNxPOZCG6pkyXv7IkFp_nzo7hdf0.jpg?crop=center&height=1200&v=1765531767&width=1200
https://uk.representclo.com/products/247-realtree-long-sleeve-mesh-t-shirt-camo,247 Realtree® Long Sleeve Mesh T-Shirt - Camo,XXL,False,95.0,,https://scdn.speedsize.com/fbaf6506-81e1-43a2-bcc1-80e18c7b0146/uk.representclo.com/cdn/shop/files/hZp7FEjPFCvD-hhGNxPOZCG6pkyXv7IkFp_nzo7hdf0.jpg?crop=center&height=1200&v=1765531767&width=1200
https://uk.representclo.com/products/247-reflex-run-cap-jet-black,247 Reflex Run Cap - Jet Black,One Size,True,45.0,,https://scdn.speedsize.com/fbaf6506-81e1-43a2-bcc1-80e18c7b0146/uk.representclo.com/cdn/shop/files/fO_KOfcDhQXr3pLzgMLJ6qz7QdiYDzvwd0CMa_2BqSY.jpg?crop=center&height=1200&v=1785506795&width=1200
https://uk.representclo.com/products/247-reflex-run-socks-flat-white,247 Reflex Run Socks - Flat White,One Size,False,20.0,,https://scdn.speedsize.com/fbaf6506-81e1-43a2-bcc1-80e18c7b0146/uk.representclo.com/cdn/shop/files/4bL4g2uzfOsGCNWluOGnDEUWuYYSv64KGbAUmNcPeek.jpg?crop=center&height=1200&v=1785506795&width=1200
https://uk.representclo.com/products/247-reflex-run-socks-flat-white,247 Reflex Run Socks - Flat White,6-8,True,20.0,,https://scdn.speedsize.com/fbaf6506-81e1-43a2-bcc1-80e18c7b0146/uk.representclo.com/cdn/shop/files/4bL4g2uzfOsGCNWluOGnDEUWuYYSv64KGbAUmNcPeek.jpg?crop=center&height=1200&v=1785506795&width=1200
https://uk.representclo.com/products/247-reflex-run-socks-flat-white,247 Reflex Run Socks - Flat White,9-12,True,20.0,,https://scdn.speedsize.com/fbaf6506-81e1-43a2-bcc1-80e18c7b0146/uk.representclo.com/cdn/shop/files/4bL4g2uzfOsGCNWluOGnDEUWuYYSv64KGbAUmNcPeek.jpg?crop=center&height=1200&v=1785506795&width=1200
https://uk.representclo.com/products/247-reflex-run-socks-jet-black,247 Reflex Run Socks - Jet Black,One Size,False,20.0,,https://scdn.speedsize.com/fbaf6506-81e1-43a2-bcc1-80e18c7b0146/uk.representclo.com/cdn/shop/files/tQrvsBEC-gwsrhmZaO-9bOYi64HAF4AAQy_wS0z4vc.jpg?crop=center&height=1200&v=1785506802&width=1200
https://uk.representclo.com/products/247-reflex-run-socks-jet-black,247 Reflex Run Socks - Jet Black,6-8,True,20.0,,https://scdn.speedsize.com/fbaf6506-81e1-43a2-bcc1-80e18c7b0146/uk.representclo.com/cdn/shop/files/tQrvsBEC-gwsrhmZaO-9bOYi64HAF4AAQy_wS0z4vc.jpg?crop=center&height=1200&v=1785506802&width=1200
https://uk.representclo.com/products/247-reflex-run-socks-jet-black,247 Reflex Run Socks - Jet Black,9-12,True,20.0,,https://scdn.speedsize.com/fbaf6506-81e1-43a2-bcc1-80e18c7b0146/uk.representclo.com/cdn/shop/files/tQrvsBEC-gwsrhmZaO-9bOYi64HAF4AAQy_wS0z4vc.jpg?crop=center&height=1200&v=1785506802&width=1200
https://uk.representclo.com/products/247-ribbed-half-tight-jet-black-v2,247 Ribbed Half Tight - Jet Black,XS,True,75.0,,https://scdn.speedsize.com/fbaf6506-81e1-43a2-bcc1-80e18c7b0146/uk.representclo.com/cdn/shop/files/9x9WWzEJpal279-NVTCYc7ZOKBeaSJKYCD2Yt7iOZOk.jpg?crop=center&height=1200&v=1786032122&width=1200
https://uk.representclo.com/products/247-ribbed-half-tight-jet-black-v2,247 Ribbed Half Tight - Jet Black,S,True,75.0,,https://scdn.speedsize.com/fbaf6506-81e1-43a2-bcc1-80e18c7b0146/uk.representclo.com/cdn/shop/files/9x9WWzEJpal279-NVTCYc7ZOKBeaSJKYCD2Yt7iOZOk.jpg?crop=center&height=1200&v=1786032122&width=1200
https://uk.representclo.com/products/247-ribbed-half-tight-jet-black-v2,247 Ribbed Half Tight - Jet Black,M,True,75.0,,https://scdn.speedsize.com/fbaf6506-81e1-43a2-bcc1-80e18c7b0146/uk.representclo.com/cdn/shop/files/9x9WWzEJpal279-NVTCYc7ZOKBeaSJKYCD2Yt7iOZOk.jpg?crop=center&height=1200&v=1786032122&width=1200
https://uk.representclo.com/products/247-ribbed-half-tight-jet-black-v2,247 Ribbed Half Tight - Jet Black,L,True,75.0,,https://scdn.speedsize.com/fbaf6506-81e1-43a2-bcc1-80e18c7b0146/uk.representclo.com/cdn/shop/files/9x9WWzEJpal279-NVTCYc7ZOKBeaSJKYCD2Yt7iOZOk.jpg?crop=center&height=1200&v=1786032122&width=1200
https://uk.representclo.com/products/247-ribbed-half-tight-jet-black-v2,247 Ribbed Half Tight - Jet Black,XL,True,75.0,,https://scdn.speedsize.com/fbaf6506-81e1-43a2-bcc1-80e18c7b0146/uk.representclo.com/cdn/shop/files/9x9WWzEJpal279-NVTCYc7ZOKBeaSJKYCD2Yt7iOZOk.jpg?crop=center&height=1200&v=1786032122&width=1200
https://uk.representclo.com/products/247-ribbed-half-tight-jet-black-v2,247 Ribbed Half Tight - Jet Black,XXL,True,75.0,,https://scdn.speedsize.com/fbaf6506-81e1-43a2-bcc1-80e18c7b0146/uk.representclo.com/cdn/shop/files/9x9WWzEJpal279-NVTCYc7ZOKBeaSJKYCD2Yt7iOZOk.jpg?crop=center&height=1200&v=1786032122&width=1200
https://uk.representclo.com/products/247-ribbed-legging-black,247 Ribbed Legging - Black,XS,False,80.0,,https://scdn.speedsize.com/fbaf6506-81e1-43a2-bcc1-80e18c7b0146/uk.representclo.com/cdn/shop/files/l0wqzmkGj78jLKk2udxg8ILF0af7hf8V-yoS7vje0pY.jpg?crop=center&height=1200&v=1729099938&width=1200
https://uk.representclo.com/products/247-ribbed-legging-black,247 Ribbed Legging - Black,S,True,80.0,,https://scdn.speedsize.com/fbaf6506-81e1-43a2-bcc1-80e18c7b0146/uk.representclo.com/cdn/shop/files/l0wqzmkGj78jLKk2udxg8ILF0af7hf8V-yoS7vje0pY.jpg?crop=center&height=1200&v=1729099938&width=1200
https://uk.representclo.com/products/247-ribbed-legging-black,247 Ribbed Legging - Black,M,False,80.0,,https://scdn.speedsize.com/fbaf6506-81e1-43a2-bcc1-80e18c7b0146/uk.representclo.com/cdn/shop/files/l0wqzmkGj78jLKk2udxg8ILF0af7hf8V-yoS7vje0pY.jpg?crop=center&height=1200&v=1729099938&width=1200
https://uk.representclo.com/products/247-ribbed-legging-black,247 Ribbed Legging - Black,L,True,80.0,,https://scdn.speedsize.com/fbaf6506-81e1-43a2-bcc1-80e18c7b0146/uk.representclo.com/cdn/shop/files/l0wqzmkGj78jLKk2udxg8ILF0af7hf8V-yoS7vje0pY.jpg?crop=center&height=1200&v=1729099938&width=1200
https://uk.representclo.com/products/247-ribbed-legging-black,247 Ribbed Legging - Black,XL,False,80.0,,https://scdn.speedsize.com/fbaf6506-81e1-43a2-bcc1-80e18c7b0146/uk.representclo.com/cdn/shop/files/l0wqzmkGj78jLKk2udxg8ILF0af7hf8V-yoS7vje0pY.jpg?crop=center&height=1200&v=1729099938&width=1200
https://uk.representclo.com/products/247-ribbed-legging-black,247 Ribbed Legging - Black,XXL,False,80.0,,https://scdn.speedsize.com/fbaf6506-81e1-43a2-bcc1-80e18c7b0146/uk.representclo.com/cdn/shop/files/l0wqzmkGj78jLKk2udxg8ILF0af7hf8V-yoS7vje0pY.jpg?crop=center&height=1200&v=1729099938&width=1200
https://uk.representclo.com/products/247-ribbed-long-sleeve-top-black,247 Ribbed Long Sleeve Top - Black,XS,False,75.0,,https://scdn.speedsize.com/fbaf6506-81e1-43a2-bcc1-80e18c7b0146/uk.representclo.com/cdn/shop/files/RESIZEDIMAGEDFORSITE_0000_Layer13.jpg?crop=center&height=1200&v=1729261045&width=1200
https://uk.representclo.com/products/247-ribbed-long-sleeve-top-black,247 Ribbed Long Sleeve Top - Black,S,False,75.0,,https://scdn.speedsize.com/fbaf6506-81e1-43a2-bcc1-80e18c7b0146/uk.representclo.com/cdn/shop/files/RESIZEDIMAGEDFORSITE_0000_Layer13.jpg?crop=center&height=1200&v=1729261045&width=1200
https://uk.representclo.com/products/247-ribbed-long-sleeve-top-black,247 Ribbed Long Sleeve Top - Black,M,False,75.0,,https://scdn.speedsize.com/fbaf6506-81e1-43a2-bcc1-80e18c7b0146/uk.representclo.com/cdn/shop/files/RESIZEDIMAGEDFORSITE_0000_Layer13.jpg?crop=center&height=1200&v=1729261045&width=1200
https://uk.representclo.com/products/247-ribbed-long-sleeve-top-black,247 Ribbed Long Sleeve Top - Black,L,False,75.0,,https://scdn.speedsize.com/fbaf6506-81e1-43a2-bcc1-80e18c7b0146/uk.representclo.com/cdn/shop/files/RESIZEDIMAGEDFORSITE_0000_Layer13.jpg?crop=center&height=1200&v=1729261045&width=1200
https://uk.representclo.com/products/247-ribbed-long-sleeve-top-black,247 Ribbed Long Sleeve Top - Black,XL,False,75.0,,https://scdn.speedsize.com/fbaf6506-81e1-43a2-bcc1-80e18c7b0146/uk.representclo.com/cdn/shop/files/RESIZEDIMAGEDFORSITE_0000_Layer13.jpg?crop=center&height=1200&v=1729261045&width=1200
https://uk.representclo.com/products/247-ribbed-long-sleeve-top-black,247 Ribbed Long Sleeve Top - Black,XXL,False,75.0,,https://scdn.speedsize.com/fbaf6506-81e1-43a2-bcc1-80e18c7b0146/uk.representclo.com/cdn/shop/files/RESIZEDIMAGEDFORSITE_0000_Layer13.jpg?crop=center&height=1200&v=1729261045&width=1200
https://uk.representclo.com/products/247-ripstop-cap-black-reflective,247 Ripstop Cap - Black Reflective,One Size,True,45.0,,https://scdn.speedsize.com/fbaf6506-81e1-43a2-bcc1-80e18c7b0146/uk.representclo.com/cdn/shop/files/R5DX-7DP0lxPU-mKLZXfsgXTKdIzF3PZf0ImJgw6Xyc.jpg?crop=center&height=1200&v=1743157659&width=1200
https://uk.representclo.com/products/247-run-gilet-black,247 Run Gilet - Black,M,True,145.0,,https://scdn.speedsize.com/fbaf6506-81e1-43a2-bcc1-80e18c7b0146/uk.representclo.com/cdn/shop/files/ArezNTICk8Ey3CYYH8kPHwIwJjOZNmFQCVOZJgZfE-s.jpg?crop=center&height=1200&v=1740588828&width=1200
https://uk.representclo.com/products/247-run-gilet-black,247 Run Gilet - Black,L,True,145.0,,https://scdn.speedsize.com/fbaf6506-81e1-43a2-bcc1-80e18c7b0146/uk.representclo.com/cdn/shop/files/ArezNTICk8Ey3CYYH8kPHwIwJjOZNmFQCVOZJgZfE-s.jpg?crop=center&height=1200&v=1740588828&width=1200
https://uk.representclo.com/products/247-run-gilet-black,247 Run Gilet - Black,XL,True,145.0,,https://scdn.speedsize.com/fbaf6506-81e1-43a2-bcc1-80e18c7b0146/uk.representclo.com/cdn/shop/files/ArezNTICk8Ey3CYYH8kPHwIwJjOZNmFQCVOZJgZfE-s.jpg?crop=center&height=1200&v=1740588828&width=1200
https://uk.representclo.com/products/247-run-gilet-black,247 Run Gilet - Black,XXL,True,145.0,,https://scdn.speedsize.com/fbaf6506-81e1-43a2-bcc1-80e18c7b0146/uk.representclo.com/cdn/shop/files/ArezNTICk8Ey3CYYH8kPHwIwJjOZNmFQCVOZJgZfE-s.jpg?crop=center&height=1200&v=1740588828&width=1200
https://uk.representclo.com/products/247-run-gilet-black,247 Run Gilet - Black,XS,True,145.0,,https://scdn.speedsize.com/fbaf6506-81e1-43a2-bcc1-80e18c7b0146/uk.representclo.com/cdn/shop/files/ArezNTICk8Ey3CYYH8kPHwIwJjOZNmFQCVOZJgZfE-s.jpg?crop=center&height=1200&v=1740588828&width=1200
https://uk.representclo.com/products/247-run-gilet-black,247 Run Gilet - Black,S,True,145.0,,https://scdn.speedsize.com/fbaf6506-81e1-43a2-bcc1-80e18c7b0146/uk.representclo.com/cdn/shop/files/ArezNTICk8Ey3CYYH8kPHwIwJjOZNmFQCVOZJgZfE-s.jpg?crop=center&height=1200&v=1740588828&width=1200
https://uk.representclo.com/products/247-run-gilet-graphite-grey,247 Run Gilet - Graphite Grey,XXS,False,145.0,,https://scdn.speedsize.com/fbaf6506-81e1-43a2-bcc1-80e18c7b0146/uk.representclo.com/cdn/shop/files/9YoNAURxsuFuehU8gV5MjpoHlouSnIQxv8yPiJ-FOxQ.jpg?crop=center&height=1200&v=1773249692&width=1200
https://uk.representclo.com/products/247-run-gilet-graphite-grey,247 Run Gilet - Graphite Grey,XS,True,145.0,,https://scdn.speedsize.com/fbaf6506-81e1-43a2-bcc1-80e18c7b0146/uk.representclo.com/cdn/shop/files/9YoNAURxsuFuehU8gV5MjpoHlouSnIQxv8yPiJ-FOxQ.jpg?crop=center&height=1200&v=1773249692&width=1200
https://uk.representclo.com/products/247-run-gilet-graphite-grey,247 Run Gilet - Graphite Grey,S,True,145.0,,https://scdn.speedsize.com/fbaf6506-81e1-43a2-bcc1-80e18c7b0146/uk.representclo.com/cdn/shop/files/9YoNAURxsuFuehU8gV5MjpoHlouSnIQxv8yPiJ-FOxQ.jpg?crop=center&height=1200&v=1773249692&width=1200
https://uk.representclo.com/products/247-run-gilet-graphite-grey,247 Run Gilet - Graphite Grey,M,True,145.0,,https://scdn.speedsize.com/fbaf6506-81e1-43a2-bcc1-80e18c7b0146/uk.representclo.com/cdn/shop/files/9YoNAURxsuFuehU8gV5MjpoHlouSnIQxv8yPiJ-FOxQ.jpg?crop=center&height=1200&v=1773249692&width=1200
https://uk.representclo.com/products/247-run-gilet-graphite-grey,247 Run Gilet - Graphite Grey,L,True,145.0,,https://scdn.speedsize.com/fbaf6506-81e1-43a2-bcc1-80e18c7b0146/uk.representclo.com/cdn/shop/files/9YoNAURxsuFuehU8gV5MjpoHlouSnIQxv8yPiJ-FOxQ.jpg?crop=center&height=1200&v=1773249692&width=1200
https://uk.representclo.com/products/247-run-gilet-graphite-grey,247 Run Gilet - Graphite Grey,XL,True,145.0,,https://scdn.speedsize.com/fbaf6506-81e1-43a2-bcc1-80e18c7b0146/uk.representclo.com/cdn/shop/files/9YoNAURxsuFuehU8gV5MjpoHlouSnIQxv8yPiJ-FOxQ.jpg?crop=center&height=1200&v=1773249692&width=1200
https://uk.representclo.com/products/247-run-gilet-graphite-grey,247 Run Gilet - Graphite Grey,XXL,True,145.0,,https://scdn.speedsize.com/fbaf6506-81e1-43a2-bcc1-80e18c7b0146/uk.representclo.com/cdn/shop/files/9YoNAURxsuFuehU8gV5MjpoHlouSnIQxv8yPiJ-FOxQ.jpg?crop=center&height=1200&v=1773249692&width=1200
https://uk.representclo.com/products/247-run-gilet-jet-black,247 Run Gilet - Jet Black,XXS,False,145.0,,https://scdn.speedsize.com/fbaf6506-81e1-43a2-bcc1-80e18c7b0146/uk.representclo.com/cdn/shop/files/XyllBhwbhljtvOWvIlPjacrCmyIuxw1BLm9Wnn60__4.jpg?crop=center&height=1200&v=1773249744&width=1200
https://uk.representclo.com/products/247-run-gilet-jet-black,247 Run Gilet - Jet Black,XS,True,145.0,,https://scdn.speedsize.com/fbaf6506-81e1-43a2-bcc1-80e18c7b0146/uk.representclo.com/cdn/shop/files/XyllBhwbhljtvOWvIlPjacrCmyIuxw1BLm9Wnn60__4.jpg?crop=center&height=1200&v=1773249744&width=1200
https://uk.representclo.com/products/247-run-gilet-jet-black,247 Run Gilet - Jet Black,S,True,145.0,,https://scdn.speedsize.com/fbaf6506-81e1-43a2-bcc1-80e18c7b0146/uk.representclo.com/cdn/shop/files/XyllBhwbhljtvOWvIlPjacrCmyIuxw1BLm9Wnn60__4.jpg?crop=center&height=1200&v=1773249744&width=1200
https://uk.representclo.com/products/247-run-gilet-jet-black,247 Run Gilet - Jet Black,M,True,145.0,,https://scdn.speedsize.com/fbaf6506-81e1-43a2-bcc1-80e18c7b0146/uk.representclo.com/cdn/shop/files/XyllBhwbhljtvOWvIlPjacrCmyIuxw1BLm9Wnn60__4.jpg?crop=center&height=1200&v=1773249744&width=1200
https://uk.representclo.com/products/247-run-gilet-jet-black,247 Run Gilet - Jet Black,L,True,145.0,,https://scdn.speedsize.com/fbaf6506-81e1-43a2-bcc1-80e18c7b0146/uk.representclo.com/cdn/shop/files/XyllBhwbhljtvOWvIlPjacrCmyIuxw1BLm9Wnn60__4.jpg?crop=center&height=1200&v=1773249744&width=1200
https://uk.representclo.com/products/247-run-gilet-jet-black,247 Run Gilet - Jet Black,XL,True,145.0,,https://scdn.speedsize.com/fbaf6506-81e1-43a2-bcc1-80e18c7b0146/uk.representclo.com/cdn/shop/files/XyllBhwbhljtvOWvIlPjacrCmyIuxw1BLm9Wnn60__4.jpg?crop=center&height=1200&v=1773249744&width=1200
https://uk.representclo.com/products/247-run-gilet-jet-black,247 Run Gilet - Jet Black,XXL,True,145.0,,https://scdn.speedsize.com/fbaf6506-81e1-43a2-bcc1-80e18c7b0146/uk.representclo.com/cdn/shop/files/XyllBhwbhljtvOWvIlPjacrCmyIuxw1BLm9Wnn60__4.jpg?crop=center&height=1200&v=1773249744&width=1200
https://uk.representclo.com/products/247-run-quarter-zip-graphite-grey,247 Run Quarter Zip - Graphite Grey,XXS,False,120.0,,https://scdn.speedsize.com/fbaf6506-81e1-43a2-bcc1-80e18c7b0146/uk.representclo.com/cdn/shop/files/w2yWbd5n0FKnpMig5DM2a5-UZVDdKRLw32Q_RsPA7lI.jpg?crop=center&height=1200&v=1773249792&width=1200
https://uk.representclo.com/products/247-run-quarter-zip-graphite-grey,247 Run Quarter Zip - Graphite Grey,XS,True,120.0,,https://scdn.speedsize.com/fbaf6506-81e1-43a2-bcc1-80e18c7b0146/uk.representclo.com/cdn/shop/files/w2yWbd5n0FKnpMig5DM2a5-UZVDdKRLw32Q_RsPA7lI.jpg?crop=center&height=1200&v=1773249792&width=1200
https://uk.representclo.com/products/247-run-quarter-zip-graphite-grey,247 Run Quarter Zip - Graphite Grey,S,True,120.0,,https://scdn.speedsize.com/fbaf6506-81e1-43a2-bcc1-80e18c7b0146/uk.representclo.com/cdn/shop/files/w2yWbd5n0FKnpMig5DM2a5-UZVDdKRLw32Q_RsPA7lI.jpg?crop=center&height=1200&v=1773249792&width=1200
https://uk.representclo.com/products/247-run-quarter-zip-graphite-grey,247 Run Quarter Zip - Graphite Grey,M,True,120.0,,https://scdn.speedsize.com/fbaf6506-81e1-43a2-bcc1-80e18c7b0146/uk.representclo.com/cdn/shop/files/w2yWbd5n0FKnpMig5DM2a5-UZVDdKRLw32Q_RsPA7lI.jpg?crop=center&height=1200&v=1773249792&width=1200
https://uk.representclo.com/products/247-run-quarter-zip-graphite-grey,247 Run Quarter Zip - Graphite Grey,L,True,120.0,,https://scdn.speedsize.com/fbaf6506-81e1-43a2-bcc1-80e18c7b0146/uk.representclo.com/cdn/shop/files/w2yWbd5n0FKnpMig5DM2a5-UZVDdKRLw32Q_RsPA7lI.jpg?crop=center&height=1200&v=1773249792&width=1200
https://uk.representclo.com/products/247-run-quarter-zip-graphite-grey,247 Run Quarter Zip - Graphite Grey,XL,True,120.0,,https://scdn.speedsize.com/fbaf6506-81e1-43a2-bcc1-80e18c7b0146/uk.representclo.com/cdn/shop/files/w2yWbd5n0FKnpMig5DM2a5-UZVDdKRLw32Q_RsPA7lI.jpg?crop=center&height=1200&v=1773249792&width=1200
https://uk.representclo.com/products/247-run-quarter-zip-graphite-grey,247 Run Quarter Zip - Graphite Grey,XXL,True,120.0,,https://scdn.speedsize.com/fbaf6506-81e1-43a2-bcc1-80e18c7b0146/uk.representclo.com/cdn/shop/files/w2yWbd5n0FKnpMig5DM2a5-UZVDdKRLw32Q_RsPA7lI.jpg?crop=center&height=1200&v=1773249792&width=1200
https://uk.representclo.com/products/247-run-quarter-zip-jet-black,247 Run Quarter Zip - Jet Black,XS,True,120.0,,https://scdn.speedsize.com/fbaf6506-81e1-43a2-bcc1-80e18c7b0146/cdn.shopify.com/s/files/1/0181/2235/files/YRKIKPjrtJ4GR3gEu7jHpyvns30hy_ZymhDLvXops3A.jpg?crop=center&height=1200&v=1740588854&width=1200
https://uk.representclo.com/products/247-run-quarter-zip-jet-black,247 Run Quarter Zip - Jet Black,S,True,120.0,,https://scdn.speedsize.com/fbaf6506-81e1-43a2-bcc1-80e18c7b0146/cdn.shopify.com/s/files/1/0181/2235/files/YRKIKPjrtJ4GR3gEu7jHpyvns30hy_ZymhDLvXops3A.jpg?crop=center&height=1200&v=1740588854&width=1200
https://uk.representclo.com/products/247-run-quarter-zip-jet-black,247 Run Quarter Zip - Jet Black,M,True,120.0,,https://scdn.speedsize.com/fbaf6506-81e1-43a2-bcc1-80e18c7b0146/cdn.shopify.com/s/files/1/0181/2235/files/YRKIKPjrtJ4GR3gEu7jHpyvns30hy_ZymhDLvXops3A.jpg?crop=center&height=1200&v=1740588854&width=1200
https://uk.representclo.com/products/247-run-quarter-zip-jet-black,247 Run Quarter Zip - Jet Black,L,False,120.0,,https://scdn.speedsize.com/fbaf6506-81e1-43a2-bcc1-80e18c7b0146/cdn.shopify.com/s/files/1/0181/2235/files/YRKIKPjrtJ4GR3gEu7jHpyvns30hy_ZymhDLvXops3A.jpg?crop=center&height=1200&v=1740588854&width=1200
https://uk.representclo.com/products/247-run-quarter-zip-jet-black,247 Run Quarter Zip - Jet Black,XL,False,120.0,,https://scdn.speedsize.com/fbaf6506-81e1-43a2-bcc1-80e18c7b0146/cdn.shopify.com/s/files/1/0181/2235/files/YRKIKPjrtJ4GR3gEu7jHpyvns30hy_ZymhDLvXops3A.jpg?crop=center&height=1200&v=1740588854&width=1200
https://uk.representclo.com/products/247-run-quarter-zip-jet-black,247 Run Quarter Zip - Jet Black,XXL,False,120.0,,https://scdn.speedsize.com/fbaf6506-81e1-43a2-bcc1-80e18c7b0146/cdn.shopify.com/s/files/1/0181/2235/files/YRKIKPjrtJ4GR3gEu7jHpyvns30hy_ZymhDLvXops3A.jpg?crop=center&height=1200&v=1740588854&width=1200
https://uk.representclo.com/products/247-running-belt-jet-black,247 Running Belt - Jet Black,One Size,True,70.0,,https://scdn.speedsize.com/fbaf6506-81e1-43a2-bcc1-80e18c7b0146/uk.representclo.com/cdn/shop/files/fPV1-4e-20QrPTtuUD_cS4cHTKszKEJXFu0ZRahfnpo.jpg?crop=center&height=1200&v=1771427619&width=1200
https://uk.representclo.com/products/247-short-dusky-navy,247 Short - Dusky Navy,XXS,False,90.0,,https://scdn.speedsize.com/fbaf6506-81e1-43a2-bcc1-80e18c7b0146/uk.representclo.com/cdn/shop/files/xf07Q950Vao3czQpFqAfqS97mKwL9ISRHFwG_zcUknQ.jpg?crop=center&height=1200&v=1765813772&width=1200
https://uk.representclo.com/products/247-short-dusky-navy,247 Short - Dusky Navy,XS,True,90.0,,https://scdn.speedsize.com/fbaf6506-81e1-43a2-bcc1-80e18c7b0146/uk.representclo.com/cdn/shop/files/xf07Q950Vao3czQpFqAfqS97mKwL9ISRHFwG_zcUknQ.jpg?crop=center&height=1200&v=1765813772&width=1200
https://uk.representclo.com/products/247-short-dusky-navy,247 Short - Dusky Navy,S,False,90.0,,https://scdn.speedsize.com/fbaf6506-81e1-43a2-bcc1-80e18c7b0146/uk.representclo.com/cdn/shop/files/xf07Q950Vao3czQpFqAfqS97mKwL9ISRHFwG_zcUknQ.jpg?crop=center&height=1200&v=1765813772&width=1200
https://uk.representclo.com/products/247-short-dusky-navy,247 Short - Dusky Navy,M,False,90.0,,https://scdn.speedsize.com/fbaf6506-81e1-43a2-bcc1-80e18c7b0146/uk.representclo.com/cdn/shop/files/xf07Q950Vao3czQpFqAfqS97mKwL9ISRHFwG_zcUknQ.jpg?crop=center&height=1200&v=1765813772&width=1200
https://uk.representclo.com/products/247-short-dusky-navy,247 Short - Dusky Navy,L,False,90.0,,https://scdn.speedsize.com/fbaf6506-81e1-43a2-bcc1-80e18c7b0146/uk.representclo.com/cdn/shop/files/xf07Q950Vao3czQpFqAfqS97mKwL9ISRHFwG_zcUknQ.jpg?crop=center&height=1200&v=1765813772&width=1200
https://uk.representclo.com/products/247-short-dusky-navy,247 Short - Dusky Navy,XL,False,90.0,,https://scdn.speedsize.com/fbaf6506-81e1-43a2-bcc1-80e18c7b0146/uk.representclo.com/cdn/shop/files/xf07Q950Vao3czQpFqAfqS97mKwL9ISRHFwG_zcUknQ.jpg?crop=center&height=1200&v=1765813772&width=1200
https://uk.representclo.com/products/247-short-dusky-navy,247 Short - Dusky Navy,XXL,False,90.0,,https://scdn.speedsize.com/fbaf6506-81e1-43a2-bcc1-80e18c7b0146/uk.representclo.com/cdn/shop/files/xf07Q950Vao3czQpFqAfqS97mKwL9ISRHFwG_zcUknQ.jpg?crop=center&height=1200&v=1765813772&width=1200
https://uk.representclo.com/products/247-short-graphene,247 Short - Graphene,XS,True,90.0,,https://scdn.speedsize.com/fbaf6506-81e1-43a2-bcc1-80e18c7b0146/uk.representclo.com/cdn/shop/files/IETKtmfzWo6kSGihjOdpLwGVTCs5_7M-3wm4zZWgimk.jpg?crop=center&height=1200&v=1780651941&width=1200
https://uk.representclo.com/products/247-short-graphene,247 Short - Graphene,S,True,90.0,,https://scdn.speedsize.com/fbaf6506-81e1-43a2-bcc1-80e18c7b0146/uk.representclo.com/cdn/shop/files/IETKtmfzWo6kSGihjOdpLwGVTCs5_7M-3wm4zZWgimk.jpg?crop=center&height=1200&v=1780651941&width=1200
https://uk.representclo.com/products/247-short-graphene,247 Short - Graphene,M,True,90.0,,https://scdn.speedsize.com/fbaf6506-81e1-43a2-bcc1-80e18c7b0146/uk.representclo.com/cdn/shop/files/IETKtmfzWo6kSGihjOdpLwGVTCs5_7M-3wm4zZWgimk.jpg?crop=center&height=1200&v=1780651941&width=1200
https://uk.representclo.com/products/247-short-graphene,247 Short - Graphene,L,False,90.0,,https://scdn.speedsize.com/fbaf6506-81e1-43a2-bcc1-80e18c7b0146/uk.representclo.com/cdn/shop/files/IETKtmfzWo6kSGihjOdpLwGVTCs5_7M-3wm4zZWgimk.jpg?crop=center&height=1200&v=1780651941&width=1200
https://uk.representclo.com/products/247-short-graphene,247 Short - Graphene,XL,False,90.0,,https://scdn.speedsize.com/fbaf6506-81e1-43a2-bcc1-80e18c7b0146/uk.representclo.com/cdn/shop/files/IETKtmfzWo6kSGihjOdpLwGVTCs5_7M-3wm4zZWgimk.jpg?crop=center&height=1200&v=1780651941&width=1200
https://uk.representclo.com/products/247-short-graphene,247 Short - Graphene,XXL,False,90.0,,https://scdn.speedsize.com/fbaf6506-81e1-43a2-bcc1-80e18c7b0146/uk.representclo.com/cdn/shop/files/IETKtmfzWo6kSGihjOdpLwGVTCs5_7M-3wm4zZWgimk.jpg?crop=center&height=1200&v=1780651941&width=1200
https://uk.representclo.com/products/247-shorts-black,247 Shorts - Black,XS,True,90.0,,https://scdn.speedsize.com/fbaf6506-81e1-43a2-bcc1-80e18c7b0146/uk.representclo.com/cdn/shop/products/247new_0004_Layer1.jpg?crop=center&height=1200&v=1685532892&width=1200
https://uk.representclo.com/products/247-shorts-black,247 Shorts - Black,S,True,90.0,,https://scdn.speedsize.com/fbaf6506-81e1-43a2-bcc1-80e18c7b0146/uk.representclo.com/cdn/shop/products/247new_0004_Layer1.jpg?crop=center&height=1200&v=1685532892&width=1200
https://uk.representclo.com/products/247-shorts-black,247 Shorts - Black,M,False,90.0,,https://scdn.speedsize.com/fbaf6506-81e1-43a2-bcc1-80e18c7b0146/uk.representclo.com/cdn/shop/products/247new_0004_Layer1.jpg?crop=center&height=1200&v=1685532892&width=1200
https://uk.representclo.com/products/247-shorts-black,247 Shorts - Black,L,False,90.0,,https://scdn.speedsize.com/fbaf6506-81e1-43a2-bcc1-80e18c7b0146/uk.representclo.com/cdn/shop/products/247new_0004_Layer1.jpg?crop=center&height=1200&v=1685532892&width=1200
https://uk.representclo.com/products/247-shorts-black,247 Shorts - Black,XL,False,90.0,,https://scdn.speedsize.com/fbaf6506-81e1-43a2-bcc1-80e18c7b0146/uk.representclo.com/cdn/shop/products/247new_0004_Layer1.jpg?crop=center&height=1200&v=1685532892&width=1200
https://uk.representclo.com/products/247-shorts-black,247 Shorts - Black,XXL,False,90.0,,https://scdn.speedsize.com/fbaf6506-81e1-43a2-bcc1-80e18c7b0146/uk.representclo.com/cdn/shop/products/247new_0004_Layer1.jpg?crop=center&height=1200&v=1685532892&width=1200
https://uk.representclo.com/products/247-shorts-olive,247 Shorts - Olive,XS,True,90.0,,https://scdn.speedsize.com/fbaf6506-81e1-43a2-bcc1-80e18c7b0146/uk.representclo.com/cdn/shop/products/SUMMERCAP23MODELSNEW_0001_SUMMERCAPMODELECOM6988_0013_SUMMERCAPMODELECOM7207copy.jpg?crop=center&height=1200&v=1685532888&width=1200
https://uk.representclo.com/products/247-shorts-olive,247 Shorts - Olive,S,True,90.0,,https://scdn.speedsize.com/fbaf6506-81e1-43a2-bcc1-80e18c7b0146/uk.representclo.com/cdn/shop/products/SUMMERCAP23MODELSNEW_0001_SUMMERCAPMODELECOM6988_0013_SUMMERCAPMODELECOM7207copy.jpg?crop=center&height=1200&v=1685532888&width=1200
https://uk.representclo.com/products/247-shorts-olive,247 Shorts - Olive,M,False,90.0,,https://scdn.speedsize.com/fbaf6506-81e1-43a2-bcc1-80e18c7b0146/uk.representclo.com/cdn/shop/products/SUMMERCAP23MODELSNEW_0001_SUMMERCAPMODELECOM6988_0013_SUMMERCAPMODELECOM7207copy.jpg?crop=center&height=1200&v=1685532888&width=1200
https://uk.representclo.com/products/247-shorts-olive,247 Shorts - Olive,L,False,90.0,,https://scdn.speedsize.com/fbaf6506-81e1-43a2-bcc1-80e18c7b0146/uk.representclo.com/cdn/shop/products/SUMMERCAP23MODELSNEW_0001_SUMMERCAPMODELECOM6988_0013_SUMMERCAPMODELECOM7207copy.jpg?crop=center&height=1200&v=1685532888&width=1200
https://uk.representclo.com/products/247-shorts-olive,247 Shorts - Olive,XL,False,90.0,,https://scdn.speedsize.com/fbaf6506-81e1-43a2-bcc1-80e18c7b0146/uk.representclo.com/cdn/shop/products/SUMMERCAP23MODELSNEW_0001_SUMMERCAPMODELECOM6988_0013_SUMMERCAPMODELECOM7207copy.jpg?crop=center&height=1200&v=1685532888&width=1200
https://uk.representclo.com/products/247-shorts-olive,247 Shorts - Olive,XXL,False,90.0,,https://scdn.speedsize.com/fbaf6506-81e1-43a2-bcc1-80e18c7b0146/uk.representclo.com/cdn/shop/products/SUMMERCAP23MODELSNEW_0001_SUMMERCAPMODELECOM6988_0013_SUMMERCAPMODELECOM7207copy.jpg?crop=center&height=1200&v=1685532888&width=1200
https://uk.representclo.com/products/247-shorts-taupe,247 Shorts - Taupe,XS,True,90.0,,https://scdn.speedsize.com/fbaf6506-81e1-43a2-bcc1-80e18c7b0146/uk.representclo.com/cdn/shop/products/247new_0003_Layer2.jpg?crop=center&height=1200&v=1685532890&width=1200
https://uk.representclo.com/products/247-shorts-taupe,247 Shorts - Taupe,S,True,90.0,,https://scdn.speedsize.com/fbaf6506-81e1-43a2-bcc1-80e18c7b0146/uk.representclo.com/cdn/shop/products/247new_0003_Layer2.jpg?crop=center&height=1200&v=1685532890&width=1200
https://uk.representclo.com/products/247-shorts-taupe,247 Shorts - Taupe,M,False,90.0,,https://scdn.speedsize.com/fbaf6506-81e1-43a2-bcc1-80e18c7b0146/uk.representclo.com/cdn/shop/products/247new_0003_Layer2.jpg?crop=center&height=1200&v=1685532890&width=1200
https://uk.representclo.com/products/247-shorts-taupe,247 Shorts - Taupe,L,False,90.0,,https://scdn.speedsize.com/fbaf6506-81e1-43a2-bcc1-80e18c7b0146/uk.representclo.com/cdn/shop/products/247new_0003_Layer2.jpg?crop=center&height=1200&v=1685532890&width=1200
https://uk.representclo.com/products/247-shorts-taupe,247 Shorts - Taupe,XL,False,90.0,,https://scdn.speedsize.com/fbaf6506-81e1-43a2-bcc1-80e18c7b0146/uk.representclo.com/cdn/shop/products/247new_0003_Layer2.jpg?crop=center&height=1200&v=1685532890&width=1200
https://uk.representclo.com/products/247-shorts-taupe,247 Shorts - Taupe,XXL,False,90.0,,https://scdn.speedsize.com/fbaf6506-81e1-43a2-bcc1-80e18c7b0146/uk.representclo.com/cdn/shop/products/247new_0003_Layer2.jpg?crop=center&height=1200&v=1685532890&width=1200
https://uk.representclo.com/products/247-singlet-cinder,247 Singlet - Cinder,XS,False,70.0,,https://scdn.speedsize.com/fbaf6506-81e1-43a2-bcc1-80e18c7b0146/uk.representclo.com/cdn/shop/files/oJbypv9iiQxUFI2EdHlxBq12mzJ3EF0wkm3UeOcNLJY.jpg?crop=center&height=1200&v=1710347703&width=1200
https://uk.representclo.com/products/247-singlet-cinder,247 Singlet - Cinder,S,True,70.0,,https://scdn.speedsize.com/fbaf6506-81e1-43a2-bcc1-80e18c7b0146/uk.representclo.com/cdn/shop/files/oJbypv9iiQxUFI2EdHlxBq12mzJ3EF0wkm3UeOcNLJY.jpg?crop=center&height=1200&v=1710347703&width=1200
https://uk.representclo.com/products/247-singlet-cinder,247 Singlet - Cinder,M,True,70.0,,https://scdn.speedsize.com/fbaf6506-81e1-43a2-bcc1-80e18c7b0146/uk.representclo.com/cdn/shop/files/oJbypv9iiQxUFI2EdHlxBq12mzJ3EF0wkm3UeOcNLJY.jpg?crop=center&height=1200&v=1710347703&width=1200
https://uk.representclo.com/products/247-singlet-cinder,247 Singlet - Cinder,L,True,70.0,,https://scdn.speedsize.com/fbaf6506-81e1-43a2-bcc1-80e18c7b0146/uk.representclo.com/cdn/shop/files/oJbypv9iiQxUFI2EdHlxBq12mzJ3EF0wkm3UeOcNLJY.jpg?crop=center&height=1200&v=1710347703&width=1200
https://uk.representclo.com/products/247-singlet-cinder,247 Singlet - Cinder,XL,True,70.0,,https://scdn.speedsize.com/fbaf6506-81e1-43a2-bcc1-80e18c7b0146/uk.representclo.com/cdn/shop/files/oJbypv9iiQxUFI2EdHlxBq12mzJ3EF0wkm3UeOcNLJY.jpg?crop=center&height=1200&v=1710347703&width=1200
https://uk.representclo.com/products/247-singlet-cinder,247 Singlet - Cinder,XXL,True,70.0,,https://scdn.speedsize.com/fbaf6506-81e1-43a2-bcc1-80e18c7b0146/uk.representclo.com/cdn/shop/files/oJbypv9iiQxUFI2EdHlxBq12mzJ3EF0wkm3UeOcNLJY.jpg?crop=center&height=1200&v=1710347703&width=1200
https://uk.representclo.com/products/247-singlet-jet-black,247 Singlet - Jet Black,XS,False,70.0,,https://scdn.speedsize.com/fbaf6506-81e1-43a2-bcc1-80e18c7b0146/uk.representclo.com/cdn/shop/files/HjAGAAkG3OHYXEt1PNwxdLcbrqaSmU5NgnvIQmSnAFs.jpg?crop=center&height=1200&v=1710347611&width=1200
https://uk.representclo.com/products/247-singlet-jet-black,247 Singlet - Jet Black,S,False,70.0,,https://scdn.speedsize.com/fbaf6506-81e1-43a2-bcc1-80e18c7b0146/uk.representclo.com/cdn/shop/files/HjAGAAkG3OHYXEt1PNwxdLcbrqaSmU5NgnvIQmSnAFs.jpg?crop=center&height=1200&v=1710347611&width=1200
https://uk.representclo.com/products/247-singlet-jet-black,247 Singlet - Jet Black,M,False,70.0,,https://scdn.speedsize.com/fbaf6506-81e1-43a2-bcc1-80e18c7b0146/uk.representclo.com/cdn/shop/files/HjAGAAkG3OHYXEt1PNwxdLcbrqaSmU5NgnvIQmSnAFs.jpg?crop=center&height=1200&v=1710347611&width=1200
https://uk.representclo.com/products/247-singlet-jet-black,247 Singlet - Jet Black,L,False,70.0,,https://scdn.speedsize.com/fbaf6506-81e1-43a2-bcc1-80e18c7b0146/uk.representclo.com/cdn/shop/files/HjAGAAkG3OHYXEt1PNwxdLcbrqaSmU5NgnvIQmSnAFs.jpg?crop=center&height=1200&v=1710347611&width=1200
https://uk.representclo.com/products/247-singlet-jet-black,247 Singlet - Jet Black,XL,False,70.0,,https://scdn.speedsize.com/fbaf6506-81e1-43a2-bcc1-80e18c7b0146/uk.representclo.com/cdn/shop/files/HjAGAAkG3OHYXEt1PNwxdLcbrqaSmU5NgnvIQmSnAFs.jpg?crop=center&height=1200&v=1710347611&width=1200
https://uk.representclo.com/products/247-singlet-jet-black,247 Singlet - Jet Black,XXL,False,70.0,,https://scdn.speedsize.com/fbaf6506-81e1-43a2-bcc1-80e18c7b0146/uk.representclo.com/cdn/shop/files/HjAGAAkG3OHYXEt1PNwxdLcbrqaSmU5NgnvIQmSnAFs.jpg?crop=center&height=1200&v=1710347611&width=1200
https://uk.representclo.com/products/247-singlet-navy,247 Singlet - Navy,XS,False,70.0,,https://scdn.speedsize.com/fbaf6506-81e1-43a2-bcc1-80e18c7b0146/uk.representclo.com/cdn/shop/files/Ir-lnGfaj69L8UPXfQnvve1qE1G82WG9Ggz_JV3HPiU.jpg?crop=center&height=1200&v=1710347794&width=1200
https://uk.representclo.com/products/247-singlet-navy,247 Singlet - Navy,S,False,70.0,,https://scdn.speedsize.com/fbaf6506-81e1-43a2-bcc1-80e18c7b0146/uk.representclo.com/cdn/shop/files/Ir-lnGfaj69L8UPXfQnvve1qE1G82WG9Ggz_JV3HPiU.jpg?crop=center&height=1200&v=1710347794&width=1200
https://uk.representclo.com/products/247-singlet-navy,247 Singlet - Navy,M,False,70.0,,https://scdn.speedsize.com/fbaf6506-81e1-43a2-bcc1-80e18c7b0146/uk.representclo.com/cdn/shop/files/Ir-lnGfaj69L8UPXfQnvve1qE1G82WG9Ggz_JV3HPiU.jpg?crop=center&height=1200&v=1710347794&width=1200
https://uk.representclo.com/products/247-singlet-navy,247 Singlet - Navy,L,False,70.0,,https://scdn.speedsize.com/fbaf6506-81e1-43a2-bcc1-80e18c7b0146/uk.representclo.com/cdn/shop/files/Ir-lnGfaj69L8UPXfQnvve1qE1G82WG9Ggz_JV3HPiU.jpg?crop=center&height=1200&v=1710347794&width=1200
https://uk.representclo.com/products/247-singlet-navy,247 Singlet - Navy,XL,False,70.0,,https://scdn.speedsize.com/fbaf6506-81e1-43a2-bcc1-80e18c7b0146/uk.representclo.com/cdn/shop/files/Ir-lnGfaj69L8UPXfQnvve1qE1G82WG9Ggz_JV3HPiU.jpg?crop=center&height=1200&v=1710347794&width=1200
https://uk.representclo.com/products/247-singlet-navy,247 Singlet - Navy,XXL,True,70.0,,https://scdn.speedsize.com/fbaf6506-81e1-43a2-bcc1-80e18c7b0146/uk.representclo.com/cdn/shop/files/Ir-lnGfaj69L8UPXfQnvve1qE1G82WG9Ggz_JV3HPiU.jpg?crop=center&height=1200&v=1710347794&width=1200
https://uk.representclo.com/products/247-ski-gloves-black,247 Ski Gloves - Black,One Size,False,35.0,,https://scdn.speedsize.com/fbaf6506-81e1-43a2-bcc1-80e18c7b0146/uk.representclo.com/cdn/shop/files/WHJ3aJpkEC8LAMJVe15jkIZj6XiaZmhfS41K_65Oy30.jpg?crop=center&height=1200&v=1759938245&width=1200
https://uk.representclo.com/products/247-skull-cap-jet-black,247 Skull Cap - Jet Black,One Size,True,25.0,,https://scdn.speedsize.com/fbaf6506-81e1-43a2-bcc1-80e18c7b0146/uk.representclo.com/cdn/shop/files/5pIIzaqm9VFZXpS9Q5TH9DQdkxx5b6Ng4wu5XUtI33M.jpg?crop=center&height=1200&v=1771427621&width=1200
https://uk.representclo.com/products/247-sling-bag-black,247 Sling Bag - Black,One Size,True,140.0,,https://scdn.speedsize.com/fbaf6506-81e1-43a2-bcc1-80e18c7b0146/uk.representclo.com/cdn/shop/files/OsFYkbZeIKjCbrjRdLETUzUZjl2yB4WL6fTNvchXVCQ.jpg?crop=center&height=1200&v=1729099968&width=1200
https://uk.representclo.com/products/247-ss26-cargo-half-tight-jet-black,247 Cargo Half Tight - Jet Black,XXS,False,75.0,,https://scdn.speedsize.com/fbaf6506-81e1-43a2-bcc1-80e18c7b0146/uk.representclo.com/cdn/shop/files/CDVxisgmdef7cQ3DiY8859Osb2pthsFJMr0z908vDlI.jpg?crop=center&height=1200&v=1773248973&width=1200
https://uk.representclo.com/products/247-ss26-cargo-half-tight-jet-black,247 Cargo Half Tight - Jet Black,XS,True,75.0,,https://scdn.speedsize.com/fbaf6506-81e1-43a2-bcc1-80e18c7b0146/uk.representclo.com/cdn/shop/files/CDVxisgmdef7cQ3DiY8859Osb2pthsFJMr0z908vDlI.jpg?crop=center&height=1200&v=1773248973&width=1200
https://uk.representclo.com/products/247-ss26-cargo-half-tight-jet-black,247 Cargo Half Tight - Jet Black,S,True,75.0,,https://scdn.speedsize.com/fbaf6506-81e1-43a2-bcc1-80e18c7b0146/uk.representclo.com/cdn/shop/files/CDVxisgmdef7cQ3DiY8859Osb2pthsFJMr0z908vDlI.jpg?crop=center&height=1200&v=1773248973&width=1200
https://uk.representclo.com/products/247-ss26-cargo-half-tight-jet-black,247 Cargo Half Tight - Jet Black,M,True,75.0,,https://scdn.speedsize.com/fbaf6506-81e1-43a2-bcc1-80e18c7b0146/uk.representclo.com/cdn/shop/files/CDVxisgmdef7cQ3DiY8859Osb2pthsFJMr0z908vDlI.jpg?crop=center&height=1200&v=1773248973&width=1200
https://uk.representclo.com/products/247-ss26-cargo-half-tight-jet-black,247 Cargo Half Tight - Jet Black,L,True,75.0,,https://scdn.speedsize.com/fbaf6506-81e1-43a2-bcc1-80e18c7b0146/uk.representclo.com/cdn/shop/files/CDVxisgmdef7cQ3DiY8859Osb2pthsFJMr0z908vDlI.jpg?crop=center&height=1200&v=1773248973&width=1200
https://uk.representclo.com/products/247-ss26-cargo-half-tight-jet-black,247 Cargo Half Tight - Jet Black,XL,True,75.0,,https://scdn.speedsize.com/fbaf6506-81e1-43a2-bcc1-80e18c7b0146/uk.representclo.com/cdn/shop/files/CDVxisgmdef7cQ3DiY8859Osb2pthsFJMr0z908vDlI.jpg?crop=center&height=1200&v=1773248973&width=1200
https://uk.representclo.com/products/247-ss26-cargo-half-tight-jet-black,247 Cargo Half Tight - Jet Black,XXL,True,75.0,,https://scdn.speedsize.com/fbaf6506-81e1-43a2-bcc1-80e18c7b0146/uk.representclo.com/cdn/shop/files/CDVxisgmdef7cQ3DiY8859Osb2pthsFJMr0z908vDlI.jpg?crop=center&height=1200&v=1773248973&width=1200
https://uk.representclo.com/products/247-ss26-run-quarter-zip-jet-black,247 Run Quarter Zip - Jet Black,XXS,False,120.0,,https://scdn.speedsize.com/fbaf6506-81e1-43a2-bcc1-80e18c7b0146/uk.representclo.com/cdn/shop/files/F-EmiAuepl3_uEyC145g0R9JZZF9q3bExicT6yOzXRM.jpg?crop=center&height=1200&v=1773249836&width=1200
https://uk.representclo.com/products/247-ss26-run-quarter-zip-jet-black,247 Run Quarter Zip - Jet Black,XS,True,120.0,,https://scdn.speedsize.com/fbaf6506-81e1-43a2-bcc1-80e18c7b0146/uk.representclo.com/cdn/shop/files/F-EmiAuepl3_uEyC145g0R9JZZF9q3bExicT6yOzXRM.jpg?crop=center&height=1200&v=1773249836&width=1200
https://uk.representclo.com/products/247-ss26-run-quarter-zip-jet-black,247 Run Quarter Zip - Jet Black,S,True,120.0,,https://scdn.speedsize.com/fbaf6506-81e1-43a2-bcc1-80e18c7b0146/uk.representclo.com/cdn/shop/files/F-EmiAuepl3_uEyC145g0R9JZZF9q3bExicT6yOzXRM.jpg?crop=center&height=1200&v=1773249836&width=1200
https://uk.representclo.com/products/247-ss26-run-quarter-zip-jet-black,247 Run Quarter Zip - Jet Black,M,True,120.0,,https://scdn.speedsize.com/fbaf6506-81e1-43a2-bcc1-80e18c7b0146/uk.representclo.com/cdn/shop/files/F-EmiAuepl3_uEyC145g0R9JZZF9q3bExicT6yOzXRM.jpg?crop=center&height=1200&v=1773249836&width=1200
https://uk.representclo.com/products/247-ss26-run-quarter-zip-jet-black,247 Run Quarter Zip - Jet Black,L,True,120.0,,https://scdn.speedsize.com/fbaf6506-81e1-43a2-bcc1-80e18c7b0146/uk.representclo.com/cdn/shop/files/F-EmiAuepl3_uEyC145g0R9JZZF9q3bExicT6yOzXRM.jpg?crop=center&height=1200&v=1773249836&width=1200
https://uk.representclo.com/products/247-ss26-run-quarter-zip-jet-black,247 Run Quarter Zip - Jet Black,XL,True,120.0,,https://scdn.speedsize.com/fbaf6506-81e1-43a2-bcc1-80e18c7b0146/uk.representclo.com/cdn/shop/files/F-EmiAuepl3_uEyC145g0R9JZZF9q3bExicT6yOzXRM.jpg?crop=center&height=1200&v=1773249836&width=1200
https://uk.representclo.com/products/247-ss26-run-quarter-zip-jet-black,247 Run Quarter Zip - Jet Black,XXL,True,120.0,,https://scdn.speedsize.com/fbaf6506-81e1-43a2-bcc1-80e18c7b0146/uk.representclo.com/cdn/shop/files/F-EmiAuepl3_uEyC145g0R9JZZF9q3bExicT6yOzXRM.jpg?crop=center&height=1200&v=1773249836&width=1200
https://uk.representclo.com/products/247-stockholm-oversized-t-shirt-blue,247 Stockholm Oversized T-Shirt - Blue,XS,False,85.0,,https://scdn.speedsize.com/fbaf6506-81e1-43a2-bcc1-80e18c7b0146/uk.representclo.com/cdn/shop/files/KOB2aNTOOGb44P6TOhnxo1zKb1cz6-laQyYVm2Ovg_U.jpg?crop=center&height=1200&v=1780842954&width=1200
https://uk.representclo.com/products/247-stockholm-oversized-t-shirt-blue,247 Stockholm Oversized T-Shirt - Blue,S,False,85.0,,https://scdn.speedsize.com/fbaf6506-81e1-43a2-bcc1-80e18c7b0146/uk.representclo.com/cdn/shop/files/KOB2aNTOOGb44P6TOhnxo1zKb1cz6-laQyYVm2Ovg_U.jpg?crop=center&height=1200&v=1780842954&width=1200
https://uk.representclo.com/products/247-stockholm-oversized-t-shirt-blue,247 Stockholm Oversized T-Shirt - Blue,M,False,85.0,,https://scdn.speedsize.com/fbaf6506-81e1-43a2-bcc1-80e18c7b0146/uk.representclo.com/cdn/shop/files/KOB2aNTOOGb44P6TOhnxo1zKb1cz6-laQyYVm2Ovg_U.jpg?crop=center&height=1200&v=1780842954&width=1200
https://uk.representclo.com/products/247-stockholm-oversized-t-shirt-blue,247 Stockholm Oversized T-Shirt - Blue,L,False,85.0,,https://scdn.speedsize.com/fbaf6506-81e1-43a2-bcc1-80e18c7b0146/uk.representclo.com/cdn/shop/files/KOB2aNTOOGb44P6TOhnxo1zKb1cz6-laQyYVm2Ovg_U.jpg?crop=center&height=1200&v=1780842954&width=1200
https://uk.representclo.com/products/247-stockholm-oversized-t-shirt-blue,247 Stockholm Oversized T-Shirt - Blue,XL,True,85.0,,https://scdn.speedsize.com/fbaf6506-81e1-43a2-bcc1-80e18c7b0146/uk.representclo.com/cdn/shop/files/KOB2aNTOOGb44P6TOhnxo1zKb1cz6-laQyYVm2Ovg_U.jpg?crop=center&height=1200&v=1780842954&width=1200
https://uk.representclo.com/products/247-stockholm-oversized-t-shirt-blue,247 Stockholm Oversized T-Shirt - Blue,XXL,False,85.0,,https://scdn.speedsize.com/fbaf6506-81e1-43a2-bcc1-80e18c7b0146/uk.representclo.com/cdn/shop/files/KOB2aNTOOGb44P6TOhnxo1zKb1cz6-laQyYVm2Ovg_U.jpg?crop=center&height=1200&v=1780842954&width=1200
https://uk.representclo.com/products/247-stockholm-oversized-t-shirt-jet-black,247 Stockholm Oversized T-Shirt - Jet Black,XS,False,85.0,,https://scdn.speedsize.com/fbaf6506-81e1-43a2-bcc1-80e18c7b0146/uk.representclo.com/cdn/shop/files/kWeuiCMgmQKh5MhXQdC0a49XiXJX9ivu-YI4LlSxpjY.jpg?crop=center&height=1200&v=1780843005&width=1200
https://uk.representclo.com/products/247-stockholm-oversized-t-shirt-jet-black,247 Stockholm Oversized T-Shirt - Jet Black,S,False,85.0,,https://scdn.speedsize.com/fbaf6506-81e1-43a2-bcc1-80e18c7b0146/uk.representclo.com/cdn/shop/files/kWeuiCMgmQKh5MhXQdC0a49XiXJX9ivu-YI4LlSxpjY.jpg?crop=center&height=1200&v=1780843005&width=1200
https://uk.representclo.com/products/247-stockholm-oversized-t-shirt-jet-black,247 Stockholm Oversized T-Shirt - Jet Black,M,False,85.0,,https://scdn.speedsize.com/fbaf6506-81e1-43a2-bcc1-80e18c7b0146/uk.representclo.com/cdn/shop/files/kWeuiCMgmQKh5MhXQdC0a49XiXJX9ivu-YI4LlSxpjY.jpg?crop=center&height=1200&v=1780843005&width=1200
https://uk.representclo.com/products/247-stockholm-oversized-t-shirt-jet-black,247 Stockholm Oversized T-Shirt - Jet Black,L,False,85.0,,https://scdn.speedsize.com/fbaf6506-81e1-43a2-bcc1-80e18c7b0146/uk.representclo.com/cdn/shop/files/kWeuiCMgmQKh5MhXQdC0a49XiXJX9ivu-YI4LlSxpjY.jpg?crop=center&height=1200&v=1780843005&width=1200
https://uk.representclo.com/products/247-stockholm-oversized-t-shirt-jet-black,247 Stockholm Oversized T-Shirt - Jet Black,XL,False,85.0,,https://scdn.speedsize.com/fbaf6506-81e1-43a2-bcc1-80e18c7b0146/uk.representclo.com/cdn/shop/files/kWeuiCMgmQKh5MhXQdC0a49XiXJX9ivu-YI4LlSxpjY.jpg?crop=center&height=1200&v=1780843005&width=1200
https://uk.representclo.com/products/247-stockholm-oversized-t-shirt-jet-black,247 Stockholm Oversized T-Shirt - Jet Black,XXL,False,85.0,,https://scdn.speedsize.com/fbaf6506-81e1-43a2-bcc1-80e18c7b0146/uk.representclo.com/cdn/shop/files/kWeuiCMgmQKh5MhXQdC0a49XiXJX9ivu-YI4LlSxpjY.jpg?crop=center&height=1200&v=1780843005&width=1200
https://uk.representclo.com/products/247-stockholm-oversized-tank-blue,247 Stockholm Oversized Tank - Blue,XS,False,75.0,,https://scdn.speedsize.com/fbaf6506-81e1-43a2-bcc1-80e18c7b0146/uk.representclo.com/cdn/shop/files/EYO_4bbyVWt1lYdnvNuG3ou05igJk4nskGZ5ANPfYTM.jpg?crop=center&height=1200&v=1780843055&width=1200
https://uk.representclo.com/products/247-stockholm-oversized-tank-blue,247 Stockholm Oversized Tank - Blue,S,False,75.0,,https://scdn.speedsize.com/fbaf6506-81e1-43a2-bcc1-80e18c7b0146/uk.representclo.com/cdn/shop/files/EYO_4bbyVWt1lYdnvNuG3ou05igJk4nskGZ5ANPfYTM.jpg?crop=center&height=1200&v=1780843055&width=1200
https://uk.representclo.com/products/247-stockholm-oversized-tank-blue,247 Stockholm Oversized Tank - Blue,M,False,75.0,,https://scdn.speedsize.com/fbaf6506-81e1-43a2-bcc1-80e18c7b0146/uk.representclo.com/cdn/shop/files/EYO_4bbyVWt1lYdnvNuG3ou05igJk4nskGZ5ANPfYTM.jpg?crop=center&height=1200&v=1780843055&width=1200
https://uk.representclo.com/products/247-stockholm-oversized-tank-blue,247 Stockholm Oversized Tank - Blue,L,False,75.0,,https://scdn.speedsize.com/fbaf6506-81e1-43a2-bcc1-80e18c7b0146/uk.representclo.com/cdn/shop/files/EYO_4bbyVWt1lYdnvNuG3ou05igJk4nskGZ5ANPfYTM.jpg?crop=center&height=1200&v=1780843055&width=1200
https://uk.representclo.com/products/247-stockholm-oversized-tank-blue,247 Stockholm Oversized Tank - Blue,XL,True,75.0,,https://scdn.speedsize.com/fbaf6506-81e1-43a2-bcc1-80e18c7b0146/uk.representclo.com/cdn/shop/files/EYO_4bbyVWt1lYdnvNuG3ou05igJk4nskGZ5ANPfYTM.jpg?crop=center&height=1200&v=1780843055&width=1200
https://uk.representclo.com/products/247-stockholm-oversized-tank-blue,247 Stockholm Oversized Tank - Blue,XXL,False,75.0,,https://scdn.speedsize.com/fbaf6506-81e1-43a2-bcc1-80e18c7b0146/uk.representclo.com/cdn/shop/files/EYO_4bbyVWt1lYdnvNuG3ou05igJk4nskGZ5ANPfYTM.jpg?crop=center&height=1200&v=1780843055&width=1200
https://uk.representclo.com/products/247-stockholm-oversized-tank-jet-black,247 Stockholm Oversized Tank - Jet Black,XS,False,75.0,,https://scdn.speedsize.com/fbaf6506-81e1-43a2-bcc1-80e18c7b0146/uk.representclo.com/cdn/shop/files/V9X8whAsi6C_CkCvc-zFFG4-7nh620W5DVn2JiRdtaQ.jpg?crop=center&height=1200&v=1780843104&width=1200
https://uk.representclo.com/products/247-stockholm-oversized-tank-jet-black,247 Stockholm Oversized Tank - Jet Black,S,False,75.0,,https://scdn.speedsize.com/fbaf6506-81e1-43a2-bcc1-80e18c7b0146/uk.representclo.com/cdn/shop/files/V9X8whAsi6C_CkCvc-zFFG4-7nh620W5DVn2JiRdtaQ.jpg?crop=center&height=1200&v=1780843104&width=1200
https://uk.representclo.com/products/247-stockholm-oversized-tank-jet-black,247 Stockholm Oversized Tank - Jet Black,M,False,75.0,,https://scdn.speedsize.com/fbaf6506-81e1-43a2-bcc1-80e18c7b0146/uk.representclo.com/cdn/shop/files/V9X8whAsi6C_CkCvc-zFFG4-7nh620W5DVn2JiRdtaQ.jpg?crop=center&height=1200&v=1780843104&width=1200
https://uk.representclo.com/products/247-stockholm-oversized-tank-jet-black,247 Stockholm Oversized Tank - Jet Black,L,False,75.0,,https://scdn.speedsize.com/fbaf6506-81e1-43a2-bcc1-80e18c7b0146/uk.representclo.com/cdn/shop/files/V9X8whAsi6C_CkCvc-zFFG4-7nh620W5DVn2JiRdtaQ.jpg?crop=center&height=1200&v=1780843104&width=1200
https://uk.representclo.com/products/247-stockholm-oversized-tank-jet-black,247 Stockholm Oversized Tank - Jet Black,XL,False,75.0,,https://scdn.speedsize.com/fbaf6506-81e1-43a2-bcc1-80e18c7b0146/uk.representclo.com/cdn/shop/files/V9X8whAsi6C_CkCvc-zFFG4-7nh620W5DVn2JiRdtaQ.jpg?crop=center&height=1200&v=1780843104&width=1200
https://uk.representclo.com/products/247-stockholm-oversized-tank-jet-black,247 Stockholm Oversized Tank - Jet Black,XXL,False,75.0,,https://scdn.speedsize.com/fbaf6506-81e1-43a2-bcc1-80e18c7b0146/uk.representclo.com/cdn/shop/files/V9X8whAsi6C_CkCvc-zFFG4-7nh620W5DVn2JiRdtaQ.jpg?crop=center&height=1200&v=1780843104&width=1200
https://uk.representclo.com/products/247-straight-leg-jogger-chocolate,247 Straight Leg Jogger - Chocolate,XXS,False,130.0,,https://scdn.speedsize.com/fbaf6506-81e1-43a2-bcc1-80e18c7b0146/uk.representclo.com/cdn/shop/files/fgNfGXr4jxtfmpFJ7vT0GiElSEZkxnis560iRzxeN2o.jpg?crop=center&height=1200&v=1759938793&width=1200
https://uk.representclo.com/products/247-straight-leg-jogger-chocolate,247 Straight Leg Jogger - Chocolate,XS,False,130.0,,https://scdn.speedsize.com/fbaf6506-81e1-43a2-bcc1-80e18c7b0146/uk.representclo.com/cdn/shop/files/fgNfGXr4jxtfmpFJ7vT0GiElSEZkxnis560iRzxeN2o.jpg?crop=center&height=1200&v=1759938793&width=1200
https://uk.representclo.com/products/247-straight-leg-jogger-chocolate,247 Straight Leg Jogger - Chocolate,S,False,130.0,,https://scdn.speedsize.com/fbaf6506-81e1-43a2-bcc1-80e18c7b0146/uk.representclo.com/cdn/shop/files/fgNfGXr4jxtfmpFJ7vT0GiElSEZkxnis560iRzxeN2o.jpg?crop=center&height=1200&v=1759938793&width=1200
https://uk.representclo.com/products/247-straight-leg-jogger-chocolate,247 Straight Leg Jogger - Chocolate,M,False,130.0,,https://scdn.speedsize.com/fbaf6506-81e1-43a2-bcc1-80e18c7b0146/uk.representclo.com/cdn/shop/files/fgNfGXr4jxtfmpFJ7vT0GiElSEZkxnis560iRzxeN2o.jpg?crop=center&height=1200&v=1759938793&width=1200
https://uk.representclo.com/products/247-straight-leg-jogger-chocolate,247 Straight Leg Jogger - Chocolate,L,False,130.0,,https://scdn.speedsize.com/fbaf6506-81e1-43a2-bcc1-80e18c7b0146/uk.representclo.com/cdn/shop/files/fgNfGXr4jxtfmpFJ7vT0GiElSEZkxnis560iRzxeN2o.jpg?crop=center&height=1200&v=1759938793&width=1200
https://uk.representclo.com/products/247-straight-leg-jogger-chocolate,247 Straight Leg Jogger - Chocolate,XL,False,130.0,,https://scdn.speedsize.com/fbaf6506-81e1-43a2-bcc1-80e18c7b0146/uk.representclo.com/cdn/shop/files/fgNfGXr4jxtfmpFJ7vT0GiElSEZkxnis560iRzxeN2o.jpg?crop=center&height=1200&v=1759938793&width=1200
https://uk.representclo.com/products/247-straight-leg-jogger-chocolate,247 Straight Leg Jogger - Chocolate,XXL,False,130.0,,https://scdn.speedsize.com/fbaf6506-81e1-43a2-bcc1-80e18c7b0146/uk.representclo.com/cdn/shop/files/fgNfGXr4jxtfmpFJ7vT0GiElSEZkxnis560iRzxeN2o.jpg?crop=center&height=1200&v=1759938793&width=1200
https://uk.representclo.com/products/247-straight-leg-jogger-jet-black,247 Straight Leg Jogger - Jet Black,XXS,False,130.0,,https://scdn.speedsize.com/fbaf6506-81e1-43a2-bcc1-80e18c7b0146/uk.representclo.com/cdn/shop/files/M601ThqoszOJGpGSPu2uknNEQpWLQLbYSXdDziLQ6GA.jpg?crop=center&height=1200&v=1759938851&width=1200
https://uk.representclo.com/products/247-straight-leg-jogger-jet-black,247 Straight Leg Jogger - Jet Black,XS,False,130.0,,https://scdn.speedsize.com/fbaf6506-81e1-43a2-bcc1-80e18c7b0146/uk.representclo.com/cdn/shop/files/M601ThqoszOJGpGSPu2uknNEQpWLQLbYSXdDziLQ6GA.jpg?crop=center&height=1200&v=1759938851&width=1200
https://uk.representclo.com/products/247-straight-leg-jogger-jet-black,247 Straight Leg Jogger - Jet Black,S,False,130.0,,https://scdn.speedsize.com/fbaf6506-81e1-43a2-bcc1-80e18c7b0146/uk.representclo.com/cdn/shop/files/M601ThqoszOJGpGSPu2uknNEQpWLQLbYSXdDziLQ6GA.jpg?crop=center&height=1200&v=1759938851&width=1200
https://uk.representclo.com/products/247-straight-leg-jogger-jet-black,247 Straight Leg Jogger - Jet Black,M,False,130.0,,https://scdn.speedsize.com/fbaf6506-81e1-43a2-bcc1-80e18c7b0146/uk.representclo.com/cdn/shop/files/M601ThqoszOJGpGSPu2uknNEQpWLQLbYSXdDziLQ6GA.jpg?crop=center&height=1200&v=1759938851&width=1200
https://uk.representclo.com/products/247-straight-leg-jogger-jet-black,247 Straight Leg Jogger - Jet Black,L,False,130.0,,https://scdn.speedsize.com/fbaf6506-81e1-43a2-bcc1-80e18c7b0146/uk.representclo.com/cdn/shop/files/M601ThqoszOJGpGSPu2uknNEQpWLQLbYSXdDziLQ6GA.jpg?crop=center&height=1200&v=1759938851&width=1200
https://uk.representclo.com/products/247-straight-leg-jogger-jet-black,247 Straight Leg Jogger - Jet Black,XL,False,130.0,,https://scdn.speedsize.com/fbaf6506-81e1-43a2-bcc1-80e18c7b0146/uk.representclo.com/cdn/shop/files/M601ThqoszOJGpGSPu2uknNEQpWLQLbYSXdDziLQ6GA.jpg?crop=center&height=1200&v=1759938851&width=1200
https://uk.representclo.com/products/247-straight-leg-jogger-jet-black,247 Straight Leg Jogger - Jet Black,XXL,False,130.0,,https://scdn.speedsize.com/fbaf6506-81e1-43a2-bcc1-80e18c7b0146/uk.representclo.com/cdn/shop/files/M601ThqoszOJGpGSPu2uknNEQpWLQLbYSXdDziLQ6GA.jpg?crop=center&height=1200&v=1759938851&width=1200
https://uk.representclo.com/products/247-stratum-sunglasses-flat-white,247 Stratum Sunglasses - Flat White,One Size,True,145.0,,https://scdn.speedsize.com/fbaf6506-81e1-43a2-bcc1-80e18c7b0146/uk.representclo.com/cdn/shop/files/WEBRES_0003_HIGHRES.2_0001s_0001_GenerativeFill4_21b352c5-fdbf-46e9-8a9d-4ef396d7f549.jpg?crop=center&height=1200&v=1786034362&width=1200
https://uk.representclo.com/products/247-stratum-sunglasses-jet-black,247 Stratum Sunglasses - Jet Black,One Size,True,145.0,,https://scdn.speedsize.com/fbaf6506-81e1-43a2-bcc1-80e18c7b0146/uk.representclo.com/cdn/shop/files/WEBRES_0001_HIGHRES.2_0001s_0003_Layer5_6a78c147-1190-45e4-b8bc-dee3b5d6313f.jpg?crop=center&height=1200&v=1786034370&width=1200
https://uk.representclo.com/products/247-taped-jacket-black,247 Taped Jacket - Black,XXS,False,220.0,,https://scdn.speedsize.com/fbaf6506-81e1-43a2-bcc1-80e18c7b0146/uk.representclo.com/cdn/shop/files/TImIUoU9VaGjZjptTALQH6RGq9pYnnREThRIFpCHkMk.jpg?crop=center&height=1200&v=1759938263&width=1200
https://uk.representclo.com/products/247-taped-jacket-black,247 Taped Jacket - Black,XS,True,220.0,,https://scdn.speedsize.com/fbaf6506-81e1-43a2-bcc1-80e18c7b0146/uk.representclo.com/cdn/shop/files/TImIUoU9VaGjZjptTALQH6RGq9pYnnREThRIFpCHkMk.jpg?crop=center&height=1200&v=1759938263&width=1200
https://uk.representclo.com/products/247-taped-jacket-black,247 Taped Jacket - Black,S,True,220.0,,https://scdn.speedsize.com/fbaf6506-81e1-43a2-bcc1-80e18c7b0146/uk.representclo.com/cdn/shop/files/TImIUoU9VaGjZjptTALQH6RGq9pYnnREThRIFpCHkMk.jpg?crop=center&height=1200&v=1759938263&width=1200
https://uk.representclo.com/products/247-taped-jacket-black,247 Taped Jacket - Black,M,True,220.0,,https://scdn.speedsize.com/fbaf6506-81e1-43a2-bcc1-80e18c7b0146/uk.representclo.com/cdn/shop/files/TImIUoU9VaGjZjptTALQH6RGq9pYnnREThRIFpCHkMk.jpg?crop=center&height=1200&v=1759938263&width=1200
https://uk.representclo.com/products/247-taped-jacket-black,247 Taped Jacket - Black,L,True,220.0,,https://scdn.speedsize.com/fbaf6506-81e1-43a2-bcc1-80e18c7b0146/uk.representclo.com/cdn/shop/files/TImIUoU9VaGjZjptTALQH6RGq9pYnnREThRIFpCHkMk.jpg?crop=center&height=1200&v=1759938263&width=1200
https://uk.representclo.com/products/247-taped-jacket-black,247 Taped Jacket - Black,XL,True,220.0,,https://scdn.speedsize.com/fbaf6506-81e1-43a2-bcc1-80e18c7b0146/uk.representclo.com/cdn/shop/files/TImIUoU9VaGjZjptTALQH6RGq9pYnnREThRIFpCHkMk.jpg?crop=center&height=1200&v=1759938263&width=1200
https://uk.representclo.com/products/247-taped-jacket-black,247 Taped Jacket - Black,XXL,True,220.0,,https://scdn.speedsize.com/fbaf6506-81e1-43a2-bcc1-80e18c7b0146/uk.representclo.com/cdn/shop/files/TImIUoU9VaGjZjptTALQH6RGq9pYnnREThRIFpCHkMk.jpg?crop=center&height=1200&v=1759938263&width=1200
https://uk.representclo.com/products/247-taped-jacket-chrome,247 Taped Jacket - Chrome,XS,True,220.0,,https://scdn.speedsize.com/fbaf6506-81e1-43a2-bcc1-80e18c7b0146/uk.representclo.com/cdn/shop/files/rCQtpPrQiJZ6x0wCZs7XCQ7w0UJ5u7O1gSvXtznvlVU.jpg?crop=center&height=1200&v=1759938326&width=1200
https://uk.representclo.com/products/247-taped-jacket-chrome,247 Taped Jacket - Chrome,S,True,220.0,,https://scdn.speedsize.com/fbaf6506-81e1-43a2-bcc1-80e18c7b0146/uk.representclo.com/cdn/shop/files/rCQtpPrQiJZ6x0wCZs7XCQ7w0UJ5u7O1gSvXtznvlVU.jpg?crop=center&height=1200&v=1759938326&width=1200
https://uk.representclo.com/products/247-taped-jacket-chrome,247 Taped Jacket - Chrome,M,True,220.0,,https://scdn.speedsize.com/fbaf6506-81e1-43a2-bcc1-80e18c7b0146/uk.representclo.com/cdn/shop/files/rCQtpPrQiJZ6x0wCZs7XCQ7w0UJ5u7O1gSvXtznvlVU.jpg?crop=center&height=1200&v=1759938326&width=1200
https://uk.representclo.com/products/247-taped-jacket-chrome,247 Taped Jacket - Chrome,L,True,220.0,,https://scdn.speedsize.com/fbaf6506-81e1-43a2-bcc1-80e18c7b0146/uk.representclo.com/cdn/shop/files/rCQtpPrQiJZ6x0wCZs7XCQ7w0UJ5u7O1gSvXtznvlVU.jpg?crop=center&height=1200&v=1759938326&width=1200
https://uk.representclo.com/products/247-taped-jacket-chrome,247 Taped Jacket - Chrome,XL,True,220.0,,https://scdn.speedsize.com/fbaf6506-81e1-43a2-bcc1-80e18c7b0146/uk.representclo.com/cdn/shop/files/rCQtpPrQiJZ6x0wCZs7XCQ7w0UJ5u7O1gSvXtznvlVU.jpg?crop=center&height=1200&v=1759938326&width=1200
https://uk.representclo.com/products/247-taped-jacket-chrome,247 Taped Jacket - Chrome,XXL,True,220.0,,https://scdn.speedsize.com/fbaf6506-81e1-43a2-bcc1-80e18c7b0146/uk.representclo.com/cdn/shop/files/rCQtpPrQiJZ6x0wCZs7XCQ7w0UJ5u7O1gSvXtznvlVU.jpg?crop=center&height=1200&v=1759938326&width=1200
https://uk.representclo.com/products/247-taped-pant-black,247 Taped Pant - Black,XXS,False,170.0,,https://scdn.speedsize.com/fbaf6506-81e1-43a2-bcc1-80e18c7b0146/uk.representclo.com/cdn/shop/files/6vKo7Zn41LYTd6vwlvpM0APB_inEPNSvCQvyy0pZUZk.jpg?crop=center&height=1200&v=1759938355&width=1200
https://uk.representclo.com/products/247-taped-pant-black,247 Taped Pant - Black,XS,True,170.0,,https://scdn.speedsize.com/fbaf6506-81e1-43a2-bcc1-80e18c7b0146/uk.representclo.com/cdn/shop/files/6vKo7Zn41LYTd6vwlvpM0APB_inEPNSvCQvyy0pZUZk.jpg?crop=center&height=1200&v=1759938355&width=1200
https://uk.representclo.com/products/247-taped-pant-black,247 Taped Pant - Black,S,True,170.0,,https://scdn.speedsize.com/fbaf6506-81e1-43a2-bcc1-80e18c7b0146/uk.representclo.com/cdn/shop/files/6vKo7Zn41LYTd6vwlvpM0APB_inEPNSvCQvyy0pZUZk.jpg?crop=center&height=1200&v=1759938355&width=1200
https://uk.representclo.com/products/247-taped-pant-black,247 Taped Pant - Black,M,True,170.0,,https://scdn.speedsize.com/fbaf6506-81e1-43a2-bcc1-80e18c7b0146/uk.representclo.com/cdn/shop/files/6vKo7Zn41LYTd6vwlvpM0APB_inEPNSvCQvyy0pZUZk.jpg?crop=center&height=1200&v=1759938355&width=1200
https://uk.representclo.com/products/247-taped-pant-black,247 Taped Pant - Black,L,True,170.0,,https://scdn.speedsize.com/fbaf6506-81e1-43a2-bcc1-80e18c7b0146/uk.representclo.com/cdn/shop/files/6vKo7Zn41LYTd6vwlvpM0APB_inEPNSvCQvyy0pZUZk.jpg?crop=center&height=1200&v=1759938355&width=1200
https://uk.representclo.com/products/247-taped-pant-black,247 Taped Pant - Black,XL,True,170.0,,https://scdn.speedsize.com/fbaf6506-81e1-43a2-bcc1-80e18c7b0146/uk.representclo.com/cdn/shop/files/6vKo7Zn41LYTd6vwlvpM0APB_inEPNSvCQvyy0pZUZk.jpg?crop=center&height=1200&v=1759938355&width=1200
https://uk.representclo.com/products/247-taped-pant-black,247 Taped Pant - Black,XXL,True,170.0,,https://scdn.speedsize.com/fbaf6506-81e1-43a2-bcc1-80e18c7b0146/uk.representclo.com/cdn/shop/files/6vKo7Zn41LYTd6vwlvpM0APB_inEPNSvCQvyy0pZUZk.jpg?crop=center&height=1200&v=1759938355&width=1200
https://uk.representclo.com/products/247-taped-pant-chrome,247 Taped Pant - Chrome,XS,True,170.0,,https://scdn.speedsize.com/fbaf6506-81e1-43a2-bcc1-80e18c7b0146/uk.representclo.com/cdn/shop/files/6tvb5vzYU_gGOcYFJdPXADAJbawgtl7xDkPES9W6ax4.jpg?crop=center&height=1200&v=1759938389&width=1200
https://uk.representclo.com/products/247-taped-pant-chrome,247 Taped Pant - Chrome,S,False,170.0,,https://scdn.speedsize.com/fbaf6506-81e1-43a2-bcc1-80e18c7b0146/uk.representclo.com/cdn/shop/files/6tvb5vzYU_gGOcYFJdPXADAJbawgtl7xDkPES9W6ax4.jpg?crop=center&height=1200&v=1759938389&width=1200
https://uk.representclo.com/products/247-taped-pant-chrome,247 Taped Pant - Chrome,M,True,170.0,,https://scdn.speedsize.com/fbaf6506-81e1-43a2-bcc1-80e18c7b0146/uk.representclo.com/cdn/shop/files/6tvb5vzYU_gGOcYFJdPXADAJbawgtl7xDkPES9W6ax4.jpg?crop=center&height=1200&v=1759938389&width=1200
https://uk.representclo.com/products/247-taped-pant-chrome,247 Taped Pant - Chrome,L,True,170.0,,https://scdn.speedsize.com/fbaf6506-81e1-43a2-bcc1-80e18c7b0146/uk.representclo.com/cdn/shop/files/6tvb5vzYU_gGOcYFJdPXADAJbawgtl7xDkPES9W6ax4.jpg?crop=center&height=1200&v=1759938389&width=1200
https://uk.representclo.com/products/247-taped-pant-chrome,247 Taped Pant - Chrome,XL,True,170.0,,https://scdn.speedsize.com/fbaf6506-81e1-43a2-bcc1-80e18c7b0146/uk.representclo.com/cdn/shop/files/6tvb5vzYU_gGOcYFJdPXADAJbawgtl7xDkPES9W6ax4.jpg?crop=center&height=1200&v=1759938389&width=1200
https://uk.representclo.com/products/247-taped-pant-chrome,247 Taped Pant - Chrome,XXL,True,170.0,,https://scdn.speedsize.com/fbaf6506-81e1-43a2-bcc1-80e18c7b0146/uk.representclo.com/cdn/shop/files/6tvb5vzYU_gGOcYFJdPXADAJbawgtl7xDkPES9W6ax4.jpg?crop=center&height=1200&v=1759938389&width=1200
https://uk.representclo.com/products/247-team-straight-leg-track-pant-jet-black,Team 247 Straight Leg Track Pant - Jet Black,XXS,False,115.0,,https://scdn.speedsize.com/fbaf6506-81e1-43a2-bcc1-80e18c7b0146/uk.representclo.com/cdn/shop/files/XinTFOkjxwuBlpGFAhlq1yTpXkVVsNiDktvwLDaHVIQ.jpg?crop=center&height=1200&v=1771427886&width=1200
https://uk.representclo.com/products/247-team-straight-leg-track-pant-jet-black,Team 247 Straight Leg Track Pant - Jet Black,XS,True,115.0,,https://scdn.speedsize.com/fbaf6506-81e1-43a2-bcc1-80e18c7b0146/uk.representclo.com/cdn/shop/files/XinTFOkjxwuBlpGFAhlq1yTpXkVVsNiDktvwLDaHVIQ.jpg?crop=center&height=1200&v=1771427886&width=1200
https://uk.representclo.com/products/247-team-straight-leg-track-pant-jet-black,Team 247 Straight Leg Track Pant - Jet Black,S,True,115.0,,https://scdn.speedsize.com/fbaf6506-81e1-43a2-bcc1-80e18c7b0146/uk.representclo.com/cdn/shop/files/XinTFOkjxwuBlpGFAhlq1yTpXkVVsNiDktvwLDaHVIQ.jpg?crop=center&height=1200&v=1771427886&width=1200
https://uk.representclo.com/products/247-team-straight-leg-track-pant-jet-black,Team 247 Straight Leg Track Pant - Jet Black,M,True,115.0,,https://scdn.speedsize.com/fbaf6506-81e1-43a2-bcc1-80e18c7b0146/uk.representclo.com/cdn/shop/files/XinTFOkjxwuBlpGFAhlq1yTpXkVVsNiDktvwLDaHVIQ.jpg?crop=center&height=1200&v=1771427886&width=1200
https://uk.representclo.com/products/247-team-straight-leg-track-pant-jet-black,Team 247 Straight Leg Track Pant - Jet Black,L,True,115.0,,https://scdn.speedsize.com/fbaf6506-81e1-43a2-bcc1-80e18c7b0146/uk.representclo.com/cdn/shop/files/XinTFOkjxwuBlpGFAhlq1yTpXkVVsNiDktvwLDaHVIQ.jpg?crop=center&height=1200&v=1771427886&width=1200
https://uk.representclo.com/products/247-team-straight-leg-track-pant-jet-black,Team 247 Straight Leg Track Pant - Jet Black,XL,True,115.0,,https://scdn.speedsize.com/fbaf6506-81e1-43a2-bcc1-80e18c7b0146/uk.representclo.com/cdn/shop/files/XinTFOkjxwuBlpGFAhlq1yTpXkVVsNiDktvwLDaHVIQ.jpg?crop=center&height=1200&v=1771427886&width=1200
https://uk.representclo.com/products/247-team-straight-leg-track-pant-jet-black,Team 247 Straight Leg Track Pant - Jet Black,XXL,False,115.0,,https://scdn.speedsize.com/fbaf6506-81e1-43a2-bcc1-80e18c7b0146/uk.representclo.com/cdn/shop/files/XinTFOkjxwuBlpGFAhlq1yTpXkVVsNiDktvwLDaHVIQ.jpg?crop=center&height=1200&v=1771427886&width=1200
https://uk.representclo.com/products/247-technical-cargo-pant-moonrock,247 Technical Cargo Pant - Moonrock,XS,True,195.0,,https://scdn.speedsize.com/fbaf6506-81e1-43a2-bcc1-80e18c7b0146/uk.representclo.com/cdn/shop/files/AXhVuNL_p1eXT1tpVJ8V9pIFbR8JWgpc3I7xdzpA1-Q.jpg?crop=center&height=1200&v=1729099990&width=1200
https://uk.representclo.com/products/247-technical-cargo-pant-moonrock,247 Technical Cargo Pant - Moonrock,S,False,195.0,,https://scdn.speedsize.com/fbaf6506-81e1-43a2-bcc1-80e18c7b0146/uk.representclo.com/cdn/shop/files/AXhVuNL_p1eXT1tpVJ8V9pIFbR8JWgpc3I7xdzpA1-Q.jpg?crop=center&height=1200&v=1729099990&width=1200
https://uk.representclo.com/products/247-technical-cargo-pant-moonrock,247 Technical Cargo Pant - Moonrock,M,True,195.0,,https://scdn.speedsize.com/fbaf6506-81e1-43a2-bcc1-80e18c7b0146/uk.representclo.com/cdn/shop/files/AXhVuNL_p1eXT1tpVJ8V9pIFbR8JWgpc3I7xdzpA1-Q.jpg?crop=center&height=1200&v=1729099990&width=1200
https://uk.representclo.com/products/247-technical-cargo-pant-moonrock,247 Technical Cargo Pant - Moonrock,L,True,195.0,,https://scdn.speedsize.com/fbaf6506-81e1-43a2-bcc1-80e18c7b0146/uk.representclo.com/cdn/shop/files/AXhVuNL_p1eXT1tpVJ8V9pIFbR8JWgpc3I7xdzpA1-Q.jpg?crop=center&height=1200&v=1729099990&width=1200
https://uk.representclo.com/products/247-technical-cargo-pant-moonrock,247 Technical Cargo Pant - Moonrock,XL,False,195.0,,https://scdn.speedsize.com/fbaf6506-81e1-43a2-bcc1-80e18c7b0146/uk.representclo.com/cdn/shop/files/AXhVuNL_p1eXT1tpVJ8V9pIFbR8JWgpc3I7xdzpA1-Q.jpg?crop=center&height=1200&v=1729099990&width=1200
https://uk.representclo.com/products/247-technical-cargo-pant-moonrock,247 Technical Cargo Pant - Moonrock,XXL,False,195.0,,https://scdn.speedsize.com/fbaf6506-81e1-43a2-bcc1-80e18c7b0146/uk.representclo.com/cdn/shop/files/AXhVuNL_p1eXT1tpVJ8V9pIFbR8JWgpc3I7xdzpA1-Q.jpg?crop=center&height=1200&v=1729099990&width=1200
https://uk.representclo.com/products/247-technical-cargo-pant-terrain,247 Technical Cargo Pant - Terrain,XS,True,195.0,,https://scdn.speedsize.com/fbaf6506-81e1-43a2-bcc1-80e18c7b0146/uk.representclo.com/cdn/shop/files/gmFlPaNiOL4srfa4T4-SubwM9-Lxfmj6uKAt9PCpBvY.jpg?crop=center&height=1200&v=1733439941&width=1200
https://uk.representclo.com/products/247-technical-cargo-pant-terrain,247 Technical Cargo Pant - Terrain,S,True,195.0,,https://scdn.speedsize.com/fbaf6506-81e1-43a2-bcc1-80e18c7b0146/uk.representclo.com/cdn/shop/files/gmFlPaNiOL4srfa4T4-SubwM9-Lxfmj6uKAt9PCpBvY.jpg?crop=center&height=1200&v=1733439941&width=1200
https://uk.representclo.com/products/247-technical-cargo-pant-terrain,247 Technical Cargo Pant - Terrain,M,True,195.0,,https://scdn.speedsize.com/fbaf6506-81e1-43a2-bcc1-80e18c7b0146/uk.representclo.com/cdn/shop/files/gmFlPaNiOL4srfa4T4-SubwM9-Lxfmj6uKAt9PCpBvY.jpg?crop=center&height=1200&v=1733439941&width=1200
https://uk.representclo.com/products/247-technical-cargo-pant-terrain,247 Technical Cargo Pant - Terrain,L,True,195.0,,https://scdn.speedsize.com/fbaf6506-81e1-43a2-bcc1-80e18c7b0146/uk.representclo.com/cdn/shop/files/gmFlPaNiOL4srfa4T4-SubwM9-Lxfmj6uKAt9PCpBvY.jpg?crop=center&height=1200&v=1733439941&width=1200
https://uk.representclo.com/products/247-technical-cargo-pant-terrain,247 Technical Cargo Pant - Terrain,XL,True,195.0,,https://scdn.speedsize.com/fbaf6506-81e1-43a2-bcc1-80e18c7b0146/uk.representclo.com/cdn/shop/files/gmFlPaNiOL4srfa4T4-SubwM9-Lxfmj6uKAt9PCpBvY.jpg?crop=center&height=1200&v=1733439941&width=1200
https://uk.representclo.com/products/247-technical-cargo-pant-terrain,247 Technical Cargo Pant - Terrain,XXL,True,195.0,,https://scdn.speedsize.com/fbaf6506-81e1-43a2-bcc1-80e18c7b0146/uk.representclo.com/cdn/shop/files/gmFlPaNiOL4srfa4T4-SubwM9-Lxfmj6uKAt9PCpBvY.jpg?crop=center&height=1200&v=1733439941&width=1200
https://uk.representclo.com/products/247-torch-boxy-long-sleeve-t-shirt-bleach-wash,247 Torch Boxy Long Sleeve T-Shirt - Bleach Wash,XXS,False,85.0,,https://scdn.speedsize.com/fbaf6506-81e1-43a2-bcc1-80e18c7b0146/uk.representclo.com/cdn/shop/files/0027_HIGHRES_0001s_0001_Layer5.jpg?crop=center&height=1200&v=1771435377&width=1200
https://uk.representclo.com/products/247-torch-boxy-long-sleeve-t-shirt-bleach-wash,247 Torch Boxy Long Sleeve T-Shirt - Bleach Wash,XS,True,85.0,,https://scdn.speedsize.com/fbaf6506-81e1-43a2-bcc1-80e18c7b0146/uk.representclo.com/cdn/shop/files/0027_HIGHRES_0001s_0001_Layer5.jpg?crop=center&height=1200&v=1771435377&width=1200
https://uk.representclo.com/products/247-torch-boxy-long-sleeve-t-shirt-bleach-wash,247 Torch Boxy Long Sleeve T-Shirt - Bleach Wash,S,True,85.0,,https://scdn.speedsize.com/fbaf6506-81e1-43a2-bcc1-80e18c7b0146/uk.representclo.com/cdn/shop/files/0027_HIGHRES_0001s_0001_Layer5.jpg?crop=center&height=1200&v=1771435377&width=1200
https://uk.representclo.com/products/247-torch-boxy-long-sleeve-t-shirt-bleach-wash,247 Torch Boxy Long Sleeve T-Shirt - Bleach Wash,M,True,85.0,,https://scdn.speedsize.com/fbaf6506-81e1-43a2-bcc1-80e18c7b0146/uk.representclo.com/cdn/shop/files/0027_HIGHRES_0001s_0001_Layer5.jpg?crop=center&height=1200&v=1771435377&width=1200
https://uk.representclo.com/products/247-torch-boxy-long-sleeve-t-shirt-bleach-wash,247 Torch Boxy Long Sleeve T-Shirt - Bleach Wash,L,True,85.0,,https://scdn.speedsize.com/fbaf6506-81e1-43a2-bcc1-80e18c7b0146/uk.representclo.com/cdn/shop/files/0027_HIGHRES_0001s_0001_Layer5.jpg?crop=center&height=1200&v=1771435377&width=1200
https://uk.representclo.com/products/247-torch-boxy-long-sleeve-t-shirt-bleach-wash,247 Torch Boxy Long Sleeve T-Shirt - Bleach Wash,XL,True,85.0,,https://scdn.speedsize.com/fbaf6506-81e1-43a2-bcc1-80e18c7b0146/uk.representclo.com/cdn/shop/files/0027_HIGHRES_0001s_0001_Layer5.jpg?crop=center&height=1200&v=1771435377&width=1200
https://uk.representclo.com/products/247-torch-boxy-long-sleeve-t-shirt-bleach-wash,247 Torch Boxy Long Sleeve T-Shirt - Bleach Wash,XXL,True,85.0,,https://scdn.speedsize.com/fbaf6506-81e1-43a2-bcc1-80e18c7b0146/uk.representclo.com/cdn/shop/files/0027_HIGHRES_0001s_0001_Layer5.jpg?crop=center&height=1200&v=1771435377&width=1200
https://uk.representclo.com/products/247-torch-boxy-long-sleeve-t-shirt-washed-black,247 Torch Boxy Long Sleeve T-Shirt - Washed Black,XXS,False,85.0,,https://scdn.speedsize.com/fbaf6506-81e1-43a2-bcc1-80e18c7b0146/uk.representclo.com/cdn/shop/files/0026_HIGHRES_0001s_0002_Layer4.jpg?crop=center&height=1200&v=1771435382&width=1200
https://uk.representclo.com/products/247-torch-boxy-long-sleeve-t-shirt-washed-black,247 Torch Boxy Long Sleeve T-Shirt - Washed Black,XS,True,85.0,,https://scdn.speedsize.com/fbaf6506-81e1-43a2-bcc1-80e18c7b0146/uk.representclo.com/cdn/shop/files/0026_HIGHRES_0001s_0002_Layer4.jpg?crop=center&height=1200&v=1771435382&width=1200
https://uk.representclo.com/products/247-torch-boxy-long-sleeve-t-shirt-washed-black,247 Torch Boxy Long Sleeve T-Shirt - Washed Black,S,True,85.0,,https://scdn.speedsize.com/fbaf6506-81e1-43a2-bcc1-80e18c7b0146/uk.representclo.com/cdn/shop/files/0026_HIGHRES_0001s_0002_Layer4.jpg?crop=center&height=1200&v=1771435382&width=1200
https://uk.representclo.com/products/247-torch-boxy-long-sleeve-t-shirt-washed-black,247 Torch Boxy Long Sleeve T-Shirt - Washed Black,M,True,85.0,,https://scdn.speedsize.com/fbaf6506-81e1-43a2-bcc1-80e18c7b0146/uk.representclo.com/cdn/shop/files/0026_HIGHRES_0001s_0002_Layer4.jpg?crop=center&height=1200&v=1771435382&width=1200
https://uk.representclo.com/products/247-torch-boxy-long-sleeve-t-shirt-washed-black,247 Torch Boxy Long Sleeve T-Shirt - Washed Black,L,True,85.0,,https://scdn.speedsize.com/fbaf6506-81e1-43a2-bcc1-80e18c7b0146/uk.representclo.com/cdn/shop/files/0026_HIGHRES_0001s_0002_Layer4.jpg?crop=center&height=1200&v=1771435382&width=1200
https://uk.representclo.com/products/247-torch-boxy-long-sleeve-t-shirt-washed-black,247 Torch Boxy Long Sleeve T-Shirt - Washed Black,XL,True,85.0,,https://scdn.speedsize.com/fbaf6506-81e1-43a2-bcc1-80e18c7b0146/uk.representclo.com/cdn/shop/files/0026_HIGHRES_0001s_0002_Layer4.jpg?crop=center&height=1200&v=1771435382&width=1200
https://uk.representclo.com/products/247-torch-boxy-long-sleeve-t-shirt-washed-black,247 Torch Boxy Long Sleeve T-Shirt - Washed Black,XXL,True,85.0,,https://scdn.speedsize.com/fbaf6506-81e1-43a2-bcc1-80e18c7b0146/uk.representclo.com/cdn/shop/files/0026_HIGHRES_0001s_0002_Layer4.jpg?crop=center&height=1200&v=1771435382&width=1200
https://uk.representclo.com/products/247-torch-boxy-t-shirt-bleach-wash,247 Torch Boxy T-Shirt - Bleach Wash,XXS,False,80.0,,https://scdn.speedsize.com/fbaf6506-81e1-43a2-bcc1-80e18c7b0146/uk.representclo.com/cdn/shop/files/ZZ6kKZIMMsp8VwGZKGFoiSl0V_y2osO4kriSNft4atc.jpg?crop=center&height=1200&v=1771427649&width=1200
https://uk.representclo.com/products/247-torch-boxy-t-shirt-bleach-wash,247 Torch Boxy T-Shirt - Bleach Wash,XS,True,80.0,,https://scdn.speedsize.com/fbaf6506-81e1-43a2-bcc1-80e18c7b0146/uk.representclo.com/cdn/shop/files/ZZ6kKZIMMsp8VwGZKGFoiSl0V_y2osO4kriSNft4atc.jpg?crop=center&height=1200&v=1771427649&width=1200
https://uk.representclo.com/products/247-torch-boxy-t-shirt-bleach-wash,247 Torch Boxy T-Shirt - Bleach Wash,S,True,80.0,,https://scdn.speedsize.com/fbaf6506-81e1-43a2-bcc1-80e18c7b0146/uk.representclo.com/cdn/shop/files/ZZ6kKZIMMsp8VwGZKGFoiSl0V_y2osO4kriSNft4atc.jpg?crop=center&height=1200&v=1771427649&width=1200
https://uk.representclo.com/products/247-torch-boxy-t-shirt-bleach-wash,247 Torch Boxy T-Shirt - Bleach Wash,M,True,80.0,,https://scdn.speedsize.com/fbaf6506-81e1-43a2-bcc1-80e18c7b0146/uk.representclo.com/cdn/shop/files/ZZ6kKZIMMsp8VwGZKGFoiSl0V_y2osO4kriSNft4atc.jpg?crop=center&height=1200&v=1771427649&width=1200
https://uk.representclo.com/products/247-torch-boxy-t-shirt-bleach-wash,247 Torch Boxy T-Shirt - Bleach Wash,L,True,80.0,,https://scdn.speedsize.com/fbaf6506-81e1-43a2-bcc1-80e18c7b0146/uk.representclo.com/cdn/shop/files/ZZ6kKZIMMsp8VwGZKGFoiSl0V_y2osO4kriSNft4atc.jpg?crop=center&height=1200&v=1771427649&width=1200
https://uk.representclo.com/products/247-torch-boxy-t-shirt-bleach-wash,247 Torch Boxy T-Shirt - Bleach Wash,XL,True,80.0,,https://scdn.speedsize.com/fbaf6506-81e1-43a2-bcc1-80e18c7b0146/uk.representclo.com/cdn/shop/files/ZZ6kKZIMMsp8VwGZKGFoiSl0V_y2osO4kriSNft4atc.jpg?crop=center&height=1200&v=1771427649&width=1200
https://uk.representclo.com/products/247-torch-boxy-t-shirt-bleach-wash,247 Torch Boxy T-Shirt - Bleach Wash,XXL,True,80.0,,https://scdn.speedsize.com/fbaf6506-81e1-43a2-bcc1-80e18c7b0146/uk.representclo.com/cdn/shop/files/ZZ6kKZIMMsp8VwGZKGFoiSl0V_y2osO4kriSNft4atc.jpg?crop=center&height=1200&v=1771427649&width=1200
https://uk.representclo.com/products/247-torch-boxy-t-shirt-washed-black,247 Torch Boxy T-Shirt - Washed Black,XXS,False,80.0,,https://scdn.speedsize.com/fbaf6506-81e1-43a2-bcc1-80e18c7b0146/uk.representclo.com/cdn/shop/files/T3abxmhEPApQTW0j1aZ8NpNgJpw96W6uxGP1-ODjlHc.jpg?crop=center&height=1200&v=1771427664&width=1200
https://uk.representclo.com/products/247-torch-boxy-t-shirt-washed-black,247 Torch Boxy T-Shirt - Washed Black,XS,True,80.0,,https://scdn.speedsize.com/fbaf6506-81e1-43a2-bcc1-80e18c7b0146/uk.representclo.com/cdn/shop/files/T3abxmhEPApQTW0j1aZ8NpNgJpw96W6uxGP1-ODjlHc.jpg?crop=center&height=1200&v=1771427664&width=1200
https://uk.representclo.com/products/247-torch-boxy-t-shirt-washed-black,247 Torch Boxy T-Shirt - Washed Black,S,True,80.0,,https://scdn.speedsize.com/fbaf6506-81e1-43a2-bcc1-80e18c7b0146/uk.representclo.com/cdn/shop/files/T3abxmhEPApQTW0j1aZ8NpNgJpw96W6uxGP1-ODjlHc.jpg?crop=center&height=1200&v=1771427664&width=1200
https://uk.representclo.com/products/247-torch-boxy-t-shirt-washed-black,247 Torch Boxy T-Shirt - Washed Black,M,True,80.0,,https://scdn.speedsize.com/fbaf6506-81e1-43a2-bcc1-80e18c7b0146/uk.representclo.com/cdn/shop/files/T3abxmhEPApQTW0j1aZ8NpNgJpw96W6uxGP1-ODjlHc.jpg?crop=center&height=1200&v=1771427664&width=1200
https://uk.representclo.com/products/247-torch-boxy-t-shirt-washed-black,247 Torch Boxy T-Shirt - Washed Black,L,True,80.0,,https://scdn.speedsize.com/fbaf6506-81e1-43a2-bcc1-80e18c7b0146/uk.representclo.com/cdn/shop/files/T3abxmhEPApQTW0j1aZ8NpNgJpw96W6uxGP1-ODjlHc.jpg?crop=center&height=1200&v=1771427664&width=1200
https://uk.representclo.com/products/247-torch-boxy-t-shirt-washed-black,247 Torch Boxy T-Shirt - Washed Black,XL,True,80.0,,https://scdn.speedsize.com/fbaf6506-81e1-43a2-bcc1-80e18c7b0146/uk.representclo.com/cdn/shop/files/T3abxmhEPApQTW0j1aZ8NpNgJpw96W6uxGP1-ODjlHc.jpg?crop=center&height=1200&v=1771427664&width=1200
https://uk.representclo.com/products/247-torch-boxy-t-shirt-washed-black,247 Torch Boxy T-Shirt - Washed Black,XXL,True,80.0,,https://scdn.speedsize.com/fbaf6506-81e1-43a2-bcc1-80e18c7b0146/uk.representclo.com/cdn/shop/files/T3abxmhEPApQTW0j1aZ8NpNgJpw96W6uxGP1-ODjlHc.jpg?crop=center&height=1200&v=1771427664&width=1200
https://uk.representclo.com/products/247-torch-boxy-tank-bleach-wash,247 Torch Boxy Tank - Bleach Wash,XXS,False,75.0,,https://scdn.speedsize.com/fbaf6506-81e1-43a2-bcc1-80e18c7b0146/uk.representclo.com/cdn/shop/files/6NV4j05RH4NwF6Efe6mh-I6FPtRpxZorHH2fX_6aAnQ.jpg?crop=center&height=1200&v=1771427692&width=1200
https://uk.representclo.com/products/247-torch-boxy-tank-bleach-wash,247 Torch Boxy Tank - Bleach Wash,XS,True,75.0,,https://scdn.speedsize.com/fbaf6506-81e1-43a2-bcc1-80e18c7b0146/uk.representclo.com/cdn/shop/files/6NV4j05RH4NwF6Efe6mh-I6FPtRpxZorHH2fX_6aAnQ.jpg?crop=center&height=1200&v=1771427692&width=1200
https://uk.representclo.com/products/247-torch-boxy-tank-bleach-wash,247 Torch Boxy Tank - Bleach Wash,S,True,75.0,,https://scdn.speedsize.com/fbaf6506-81e1-43a2-bcc1-80e18c7b0146/uk.representclo.com/cdn/shop/files/6NV4j05RH4NwF6Efe6mh-I6FPtRpxZorHH2fX_6aAnQ.jpg?crop=center&height=1200&v=1771427692&width=1200
https://uk.representclo.com/products/247-torch-boxy-tank-bleach-wash,247 Torch Boxy Tank - Bleach Wash,M,False,75.0,,https://scdn.speedsize.com/fbaf6506-81e1-43a2-bcc1-80e18c7b0146/uk.representclo.com/cdn/shop/files/6NV4j05RH4NwF6Efe6mh-I6FPtRpxZorHH2fX_6aAnQ.jpg?crop=center&height=1200&v=1771427692&width=1200
https://uk.representclo.com/products/247-torch-boxy-tank-bleach-wash,247 Torch Boxy Tank - Bleach Wash,L,False,75.0,,https://scdn.speedsize.com/fbaf6506-81e1-43a2-bcc1-80e18c7b0146/uk.representclo.com/cdn/shop/files/6NV4j05RH4NwF6Efe6mh-I6FPtRpxZorHH2fX_6aAnQ.jpg?crop=center&height=1200&v=1771427692&width=1200
https://uk.representclo.com/products/247-torch-boxy-tank-bleach-wash,247 Torch Boxy Tank - Bleach Wash,XL,False,75.0,,https://scdn.speedsize.com/fbaf6506-81e1-43a2-bcc1-80e18c7b0146/uk.representclo.com/cdn/shop/files/6NV4j05RH4NwF6Efe6mh-I6FPtRpxZorHH2fX_6aAnQ.jpg?crop=center&height=1200&v=1771427692&width=1200
https://uk.representclo.com/products/247-torch-boxy-tank-bleach-wash,247 Torch Boxy Tank - Bleach Wash,XXL,True,75.0,,https://scdn.speedsize.com/fbaf6506-81e1-43a2-bcc1-80e18c7b0146/uk.representclo.com/cdn/shop/files/6NV4j05RH4NwF6Efe6mh-I6FPtRpxZorHH2fX_6aAnQ.jpg?crop=center&height=1200&v=1771427692&width=1200
https://uk.representclo.com/products/247-torch-boxy-tank-washed-black,247 Torch Boxy Tank - Washed Black,XXS,False,75.0,,https://scdn.speedsize.com/fbaf6506-81e1-43a2-bcc1-80e18c7b0146/uk.representclo.com/cdn/shop/files/vInp5j_qTJILgZqwaryiJ5OrQQrDqez4yetn8avFKcE.jpg?crop=center&height=1200&v=1771427692&width=1200
https://uk.representclo.com/products/247-torch-boxy-tank-washed-black,247 Torch Boxy Tank - Washed Black,XS,False,75.0,,https://scdn.speedsize.com/fbaf6506-81e1-43a2-bcc1-80e18c7b0146/uk.representclo.com/cdn/shop/files/vInp5j_qTJILgZqwaryiJ5OrQQrDqez4yetn8avFKcE.jpg?crop=center&height=1200&v=1771427692&width=1200
https://uk.representclo.com/products/247-torch-boxy-tank-washed-black,247 Torch Boxy Tank - Washed Black,S,False,75.0,,https://scdn.speedsize.com/fbaf6506-81e1-43a2-bcc1-80e18c7b0146/uk.representclo.com/cdn/shop/files/vInp5j_qTJILgZqwaryiJ5OrQQrDqez4yetn8avFKcE.jpg?crop=center&height=1200&v=1771427692&width=1200
https://uk.representclo.com/products/247-torch-boxy-tank-washed-black,247 Torch Boxy Tank - Washed Black,M,False,75.0,,https://scdn.speedsize.com/fbaf6506-81e1-43a2-bcc1-80e18c7b0146/uk.representclo.com/cdn/shop/files/vInp5j_qTJILgZqwaryiJ5OrQQrDqez4yetn8avFKcE.jpg?crop=center&height=1200&v=1771427692&width=1200
https://uk.representclo.com/products/247-torch-boxy-tank-washed-black,247 Torch Boxy Tank - Washed Black,L,False,75.0,,https://scdn.speedsize.com/fbaf6506-81e1-43a2-bcc1-80e18c7b0146/uk.representclo.com/cdn/shop/files/vInp5j_qTJILgZqwaryiJ5OrQQrDqez4yetn8avFKcE.jpg?crop=center&height=1200&v=1771427692&width=1200
https://uk.representclo.com/products/247-torch-boxy-tank-washed-black,247 Torch Boxy Tank - Washed Black,XL,False,75.0,,https://scdn.speedsize.com/fbaf6506-81e1-43a2-bcc1-80e18c7b0146/uk.representclo.com/cdn/shop/files/vInp5j_qTJILgZqwaryiJ5OrQQrDqez4yetn8avFKcE.jpg?crop=center&height=1200&v=1771427692&width=1200
https://uk.representclo.com/products/247-torch-boxy-tank-washed-black,247 Torch Boxy Tank - Washed Black,XXL,False,75.0,,https://scdn.speedsize.com/fbaf6506-81e1-43a2-bcc1-80e18c7b0146/uk.representclo.com/cdn/shop/files/vInp5j_qTJILgZqwaryiJ5OrQQrDqez4yetn8avFKcE.jpg?crop=center&height=1200&v=1771427692&width=1200
https://uk.representclo.com/products/247-tote-bag-black,247 Tote Bag - Black,One Size,False,125.0,,https://scdn.speedsize.com/fbaf6506-81e1-43a2-bcc1-80e18c7b0146/uk.representclo.com/cdn/shop/files/BLACKFRIDAYADDITIONALPACKSHOTS00063.jpg?crop=center&height=1200&v=1764767105&width=1200
https://uk.representclo.com/products/247-trail-long-sleeve-t-shirt-black,247 Trail Long Sleeve T-Shirt - Black,XS,True,90.0,,https://scdn.speedsize.com/fbaf6506-81e1-43a2-bcc1-80e18c7b0146/uk.representclo.com/cdn/shop/files/v1eSSOMh7WG8WdWgmnXD17ldfJl1yEasN8KyYcMB2E0.jpg?crop=center&height=1200&v=1756198886&width=1200
https://uk.representclo.com/products/247-trail-long-sleeve-t-shirt-black,247 Trail Long Sleeve T-Shirt - Black,S,True,90.0,,https://scdn.speedsize.com/fbaf6506-81e1-43a2-bcc1-80e18c7b0146/uk.representclo.com/cdn/shop/files/v1eSSOMh7WG8WdWgmnXD17ldfJl1yEasN8KyYcMB2E0.jpg?crop=center&height=1200&v=1756198886&width=1200
https://uk.representclo.com/products/247-trail-long-sleeve-t-shirt-black,247 Trail Long Sleeve T-Shirt - Black,M,False,90.0,,https://scdn.speedsize.com/fbaf6506-81e1-43a2-bcc1-80e18c7b0146/uk.representclo.com/cdn/shop/files/v1eSSOMh7WG8WdWgmnXD17ldfJl1yEasN8KyYcMB2E0.jpg?crop=center&height=1200&v=1756198886&width=1200
https://uk.representclo.com/products/247-trail-long-sleeve-t-shirt-black,247 Trail Long Sleeve T-Shirt - Black,L,False,90.0,,https://scdn.speedsize.com/fbaf6506-81e1-43a2-bcc1-80e18c7b0146/uk.representclo.com/cdn/shop/files/v1eSSOMh7WG8WdWgmnXD17ldfJl1yEasN8KyYcMB2E0.jpg?crop=center&height=1200&v=1756198886&width=1200
https://uk.representclo.com/products/247-trail-long-sleeve-t-shirt-black,247 Trail Long Sleeve T-Shirt - Black,XL,True,90.0,,https://scdn.speedsize.com/fbaf6506-81e1-43a2-bcc1-80e18c7b0146/uk.representclo.com/cdn/shop/files/v1eSSOMh7WG8WdWgmnXD17ldfJl1yEasN8KyYcMB2E0.jpg?crop=center&height=1200&v=1756198886&width=1200
https://uk.representclo.com/products/247-trail-long-sleeve-t-shirt-black,247 Trail Long Sleeve T-Shirt - Black,XXL,True,90.0,,https://scdn.speedsize.com/fbaf6506-81e1-43a2-bcc1-80e18c7b0146/uk.representclo.com/cdn/shop/files/v1eSSOMh7WG8WdWgmnXD17ldfJl1yEasN8KyYcMB2E0.jpg?crop=center&height=1200&v=1756198886&width=1200
https://uk.representclo.com/products/247-trail-long-sleeve-t-shirt-black,247 Trail Long Sleeve T-Shirt - Black,XXS,False,90.0,,https://scdn.speedsize.com/fbaf6506-81e1-43a2-bcc1-80e18c7b0146/uk.representclo.com/cdn/shop/files/v1eSSOMh7WG8WdWgmnXD17ldfJl1yEasN8KyYcMB2E0.jpg?crop=center&height=1200&v=1756198886&width=1200
https://uk.representclo.com/products/247-trail-long-sleeve-t-shirt-chocolate,247 Trail Long Sleeve T-Shirt - Chocolate,XXS,False,90.0,,https://scdn.speedsize.com/fbaf6506-81e1-43a2-bcc1-80e18c7b0146/uk.representclo.com/cdn/shop/files/P4YCQsmfS9yOKfE5nq1f07qRLUspqTLUDwIWLKFcC4.jpg?crop=center&height=1200&v=1759938425&width=1200
https://uk.representclo.com/products/247-trail-long-sleeve-t-shirt-chocolate,247 Trail Long Sleeve T-Shirt - Chocolate,XS,True,90.0,,https://scdn.speedsize.com/fbaf6506-81e1-43a2-bcc1-80e18c7b0146/uk.representclo.com/cdn/shop/files/P4YCQsmfS9yOKfE5nq1f07qRLUspqTLUDwIWLKFcC4.jpg?crop=center&height=1200&v=1759938425&width=1200
https://uk.representclo.com/products/247-trail-long-sleeve-t-shirt-chocolate,247 Trail Long Sleeve T-Shirt - Chocolate,S,True,90.0,,https://scdn.speedsize.com/fbaf6506-81e1-43a2-bcc1-80e18c7b0146/uk.representclo.com/cdn/shop/files/P4YCQsmfS9yOKfE5nq1f07qRLUspqTLUDwIWLKFcC4.jpg?crop=center&height=1200&v=1759938425&width=1200
https://uk.representclo.com/products/247-trail-long-sleeve-t-shirt-chocolate,247 Trail Long Sleeve T-Shirt - Chocolate,M,False,90.0,,https://scdn.speedsize.com/fbaf6506-81e1-43a2-bcc1-80e18c7b0146/uk.representclo.com/cdn/shop/files/P4YCQsmfS9yOKfE5nq1f07qRLUspqTLUDwIWLKFcC4.jpg?crop=center&height=1200&v=1759938425&width=1200
https://uk.representclo.com/products/247-trail-long-sleeve-t-shirt-chocolate,247 Trail Long Sleeve T-Shirt - Chocolate,L,False,90.0,,https://scdn.speedsize.com/fbaf6506-81e1-43a2-bcc1-80e18c7b0146/uk.representclo.com/cdn/shop/files/P4YCQsmfS9yOKfE5nq1f07qRLUspqTLUDwIWLKFcC4.jpg?crop=center&height=1200&v=1759938425&width=1200
https://uk.representclo.com/products/247-trail-long-sleeve-t-shirt-chocolate,247 Trail Long Sleeve T-Shirt - Chocolate,XL,False,90.0,,https://scdn.speedsize.com/fbaf6506-81e1-43a2-bcc1-80e18c7b0146/uk.representclo.com/cdn/shop/files/P4YCQsmfS9yOKfE5nq1f07qRLUspqTLUDwIWLKFcC4.jpg?crop=center&height=1200&v=1759938425&width=1200
https://uk.representclo.com/products/247-trail-long-sleeve-t-shirt-chocolate,247 Trail Long Sleeve T-Shirt - Chocolate,XXL,True,90.0,,https://scdn.speedsize.com/fbaf6506-81e1-43a2-bcc1-80e18c7b0146/uk.representclo.com/cdn/shop/files/P4YCQsmfS9yOKfE5nq1f07qRLUspqTLUDwIWLKFcC4.jpg?crop=center&height=1200&v=1759938425&width=1200
https://uk.representclo.com/products/247-trail-long-sleeve-t-shirt-electric-blue,247 Trail Long Sleeve T-Shirt - Electric Blue,XS,False,90.0,,https://scdn.speedsize.com/fbaf6506-81e1-43a2-bcc1-80e18c7b0146/uk.representclo.com/cdn/shop/files/ZiVPxV9YziGP85MTkARwEI54Puamn3SdmIb810q4qf4.jpg?crop=center&height=1200&v=1756198913&width=1200
https://uk.representclo.com/products/247-trail-long-sleeve-t-shirt-electric-blue,247 Trail Long Sleeve T-Shirt - Electric Blue,S,False,90.0,,https://scdn.speedsize.com/fbaf6506-81e1-43a2-bcc1-80e18c7b0146/uk.representclo.com/cdn/shop/files/ZiVPxV9YziGP85MTkARwEI54Puamn3SdmIb810q4qf4.jpg?crop=center&height=1200&v=1756198913&width=1200
https://uk.representclo.com/products/247-trail-long-sleeve-t-shirt-electric-blue,247 Trail Long Sleeve T-Shirt - Electric Blue,M,False,90.0,,https://scdn.speedsize.com/fbaf6506-81e1-43a2-bcc1-80e18c7b0146/uk.representclo.com/cdn/shop/files/ZiVPxV9YziGP85MTkARwEI54Puamn3SdmIb810q4qf4.jpg?crop=center&height=1200&v=1756198913&width=1200
https://uk.representclo.com/products/247-trail-long-sleeve-t-shirt-electric-blue,247 Trail Long Sleeve T-Shirt - Electric Blue,L,False,90.0,,https://scdn.speedsize.com/fbaf6506-81e1-43a2-bcc1-80e18c7b0146/uk.representclo.com/cdn/shop/files/ZiVPxV9YziGP85MTkARwEI54Puamn3SdmIb810q4qf4.jpg?crop=center&height=1200&v=1756198913&width=1200
https://uk.representclo.com/products/247-trail-long-sleeve-t-shirt-electric-blue,247 Trail Long Sleeve T-Shirt - Electric Blue,XL,False,90.0,,https://scdn.speedsize.com/fbaf6506-81e1-43a2-bcc1-80e18c7b0146/uk.representclo.com/cdn/shop/files/ZiVPxV9YziGP85MTkARwEI54Puamn3SdmIb810q4qf4.jpg?crop=center&height=1200&v=1756198913&width=1200
https://uk.representclo.com/products/247-trail-long-sleeve-t-shirt-electric-blue,247 Trail Long Sleeve T-Shirt - Electric Blue,XXL,True,90.0,,https://scdn.speedsize.com/fbaf6506-81e1-43a2-bcc1-80e18c7b0146/uk.representclo.com/cdn/shop/files/ZiVPxV9YziGP85MTkARwEI54Puamn3SdmIb810q4qf4.jpg?crop=center&height=1200&v=1756198913&width=1200
https://uk.representclo.com/products/247-trail-long-sleeve-t-shirt-electric-blue,247 Trail Long Sleeve T-Shirt - Electric Blue,XXS,False,90.0,,https://scdn.speedsize.com/fbaf6506-81e1-43a2-bcc1-80e18c7b0146/uk.representclo.com/cdn/shop/files/ZiVPxV9YziGP85MTkARwEI54Puamn3SdmIb810q4qf4.jpg?crop=center&height=1200&v=1756198913&width=1200
https://uk.representclo.com/products/247-trail-long-sleeve-t-shirt-steel,247 Trail Long Sleeve T-Shirt - Steel,XXS,True,90.0,,https://scdn.speedsize.com/fbaf6506-81e1-43a2-bcc1-80e18c7b0146/uk.representclo.com/cdn/shop/files/UL4nPfBWVGje8l4FzDMhUrclB0YU_WrG3Ri-LEpaRSI.jpg?crop=center&height=1200&v=1759938452&width=1200
https://uk.representclo.com/products/247-trail-long-sleeve-t-shirt-steel,247 Trail Long Sleeve T-Shirt - Steel,XS,True,90.0,,https://scdn.speedsize.com/fbaf6506-81e1-43a2-bcc1-80e18c7b0146/uk.representclo.com/cdn/shop/files/UL4nPfBWVGje8l4FzDMhUrclB0YU_WrG3Ri-LEpaRSI.jpg?crop=center&height=1200&v=1759938452&width=1200
https://uk.representclo.com/products/247-trail-long-sleeve-t-shirt-steel,247 Trail Long Sleeve T-Shirt - Steel,S,True,90.0,,https://scdn.speedsize.com/fbaf6506-81e1-43a2-bcc1-80e18c7b0146/uk.representclo.com/cdn/shop/files/UL4nPfBWVGje8l4FzDMhUrclB0YU_WrG3Ri-LEpaRSI.jpg?crop=center&height=1200&v=1759938452&width=1200
https://uk.representclo.com/products/247-trail-long-sleeve-t-shirt-steel,247 Trail Long Sleeve T-Shirt - Steel,M,False,90.0,,https://scdn.speedsize.com/fbaf6506-81e1-43a2-bcc1-80e18c7b0146/uk.representclo.com/cdn/shop/files/UL4nPfBWVGje8l4FzDMhUrclB0YU_WrG3Ri-LEpaRSI.jpg?crop=center&height=1200&v=1759938452&width=1200
https://uk.representclo.com/products/247-trail-long-sleeve-t-shirt-steel,247 Trail Long Sleeve T-Shirt - Steel,L,False,90.0,,https://scdn.speedsize.com/fbaf6506-81e1-43a2-bcc1-80e18c7b0146/uk.representclo.com/cdn/shop/files/UL4nPfBWVGje8l4FzDMhUrclB0YU_WrG3Ri-LEpaRSI.jpg?crop=center&height=1200&v=1759938452&width=1200
https://uk.representclo.com/products/247-trail-long-sleeve-t-shirt-steel,247 Trail Long Sleeve T-Shirt - Steel,XL,False,90.0,,https://scdn.speedsize.com/fbaf6506-81e1-43a2-bcc1-80e18c7b0146/uk.representclo.com/cdn/shop/files/UL4nPfBWVGje8l4FzDMhUrclB0YU_WrG3Ri-LEpaRSI.jpg?crop=center&height=1200&v=1759938452&width=1200
https://uk.representclo.com/products/247-trail-long-sleeve-t-shirt-steel,247 Trail Long Sleeve T-Shirt - Steel,XXL,True,90.0,,https://scdn.speedsize.com/fbaf6506-81e1-43a2-bcc1-80e18c7b0146/uk.representclo.com/cdn/shop/files/UL4nPfBWVGje8l4FzDMhUrclB0YU_WrG3Ri-LEpaRSI.jpg?crop=center&height=1200&v=1759938452&width=1200
https://uk.representclo.com/products/247-trail-short-graphene,247 Trail Short - Graphene,XS,True,90.0,,https://scdn.speedsize.com/fbaf6506-81e1-43a2-bcc1-80e18c7b0146/uk.representclo.com/cdn/shop/files/qk6ymaqGidlV7aAszyIcnDkTNBPr7XEf0cWQgfUY0t8.jpg?crop=center&height=1200&v=1785506897&width=1200
https://uk.representclo.com/products/247-trail-short-graphene,247 Trail Short - Graphene,S,True,90.0,,https://scdn.speedsize.com/fbaf6506-81e1-43a2-bcc1-80e18c7b0146/uk.representclo.com/cdn/shop/files/qk6ymaqGidlV7aAszyIcnDkTNBPr7XEf0cWQgfUY0t8.jpg?crop=center&height=1200&v=1785506897&width=1200
https://uk.representclo.com/products/247-trail-short-graphene,247 Trail Short - Graphene,M,True,90.0,,https://scdn.speedsize.com/fbaf6506-81e1-43a2-bcc1-80e18c7b0146/uk.representclo.com/cdn/shop/files/qk6ymaqGidlV7aAszyIcnDkTNBPr7XEf0cWQgfUY0t8.jpg?crop=center&height=1200&v=1785506897&width=1200
https://uk.representclo.com/products/247-trail-short-graphene,247 Trail Short - Graphene,L,True,90.0,,https://scdn.speedsize.com/fbaf6506-81e1-43a2-bcc1-80e18c7b0146/uk.representclo.com/cdn/shop/files/qk6ymaqGidlV7aAszyIcnDkTNBPr7XEf0cWQgfUY0t8.jpg?crop=center&height=1200&v=1785506897&width=1200
https://uk.representclo.com/products/247-trail-short-graphene,247 Trail Short - Graphene,XL,True,90.0,,https://scdn.speedsize.com/fbaf6506-81e1-43a2-bcc1-80e18c7b0146/uk.representclo.com/cdn/shop/files/qk6ymaqGidlV7aAszyIcnDkTNBPr7XEf0cWQgfUY0t8.jpg?crop=center&height=1200&v=1785506897&width=1200
https://uk.representclo.com/products/247-trail-short-graphene,247 Trail Short - Graphene,XXL,True,90.0,,https://scdn.speedsize.com/fbaf6506-81e1-43a2-bcc1-80e18c7b0146/uk.representclo.com/cdn/shop/files/qk6ymaqGidlV7aAszyIcnDkTNBPr7XEf0cWQgfUY0t8.jpg?crop=center&height=1200&v=1785506897&width=1200
https://uk.representclo.com/products/247-trail-short-graphite-grey,247 Trail Short - Graphite Grey,XXS,False,90.0,,https://scdn.speedsize.com/fbaf6506-81e1-43a2-bcc1-80e18c7b0146/uk.representclo.com/cdn/shop/files/8EDYiPC1D_P_SH6xOjC-dJl-Wx6kcjtK7Z9cOuO_f80.jpg?crop=center&height=1200&v=1773249882&width=1200
https://uk.representclo.com/products/247-trail-short-graphite-grey,247 Trail Short - Graphite Grey,XS,True,90.0,,https://scdn.speedsize.com/fbaf6506-81e1-43a2-bcc1-80e18c7b0146/uk.representclo.com/cdn/shop/files/8EDYiPC1D_P_SH6xOjC-dJl-Wx6kcjtK7Z9cOuO_f80.jpg?crop=center&height=1200&v=1773249882&width=1200
https://uk.representclo.com/products/247-trail-short-graphite-grey,247 Trail Short - Graphite Grey,S,True,90.0,,https://scdn.speedsize.com/fbaf6506-81e1-43a2-bcc1-80e18c7b0146/uk.representclo.com/cdn/shop/files/8EDYiPC1D_P_SH6xOjC-dJl-Wx6kcjtK7Z9cOuO_f80.jpg?crop=center&height=1200&v=1773249882&width=1200
https://uk.representclo.com/products/247-trail-short-graphite-grey,247 Trail Short - Graphite Grey,M,False,90.0,,https://scdn.speedsize.com/fbaf6506-81e1-43a2-bcc1-80e18c7b0146/uk.representclo.com/cdn/shop/files/8EDYiPC1D_P_SH6xOjC-dJl-Wx6kcjtK7Z9cOuO_f80.jpg?crop=center&height=1200&v=1773249882&width=1200
https://uk.representclo.com/products/247-trail-short-graphite-grey,247 Trail Short - Graphite Grey,L,True,90.0,,https://scdn.speedsize.com/fbaf6506-81e1-43a2-bcc1-80e18c7b0146/uk.representclo.com/cdn/shop/files/8EDYiPC1D_P_SH6xOjC-dJl-Wx6kcjtK7Z9cOuO_f80.jpg?crop=center&height=1200&v=1773249882&width=1200
https://uk.representclo.com/products/247-trail-short-graphite-grey,247 Trail Short - Graphite Grey,XL,True,90.0,,https://scdn.speedsize.com/fbaf6506-81e1-43a2-bcc1-80e18c7b0146/uk.representclo.com/cdn/shop/files/8EDYiPC1D_P_SH6xOjC-dJl-Wx6kcjtK7Z9cOuO_f80.jpg?crop=center&height=1200&v=1773249882&width=1200
https://uk.representclo.com/products/247-trail-short-graphite-grey,247 Trail Short - Graphite Grey,XXL,True,90.0,,https://scdn.speedsize.com/fbaf6506-81e1-43a2-bcc1-80e18c7b0146/uk.representclo.com/cdn/shop/files/8EDYiPC1D_P_SH6xOjC-dJl-Wx6kcjtK7Z9cOuO_f80.jpg?crop=center&height=1200&v=1773249882&width=1200
https://uk.representclo.com/products/247-trail-short-jet-black,247 Trail Short - Jet Black,XS,True,90.0,,https://scdn.speedsize.com/fbaf6506-81e1-43a2-bcc1-80e18c7b0146/uk.representclo.com/cdn/shop/files/HL_dUCRAMHC-5RT7-3NvAdbpPh396Xibz36H1qQnlZI.jpg?crop=center&height=1200&v=1773174616&width=1200
https://uk.representclo.com/products/247-trail-short-jet-black,247 Trail Short - Jet Black,S,True,90.0,,https://scdn.speedsize.com/fbaf6506-81e1-43a2-bcc1-80e18c7b0146/uk.representclo.com/cdn/shop/files/HL_dUCRAMHC-5RT7-3NvAdbpPh396Xibz36H1qQnlZI.jpg?crop=center&height=1200&v=1773174616&width=1200
https://uk.representclo.com/products/247-trail-short-jet-black,247 Trail Short - Jet Black,M,True,90.0,,https://scdn.speedsize.com/fbaf6506-81e1-43a2-bcc1-80e18c7b0146/uk.representclo.com/cdn/shop/files/HL_dUCRAMHC-5RT7-3NvAdbpPh396Xibz36H1qQnlZI.jpg?crop=center&height=1200&v=1773174616&width=1200
https://uk.representclo.com/products/247-trail-short-jet-black,247 Trail Short - Jet Black,L,False,90.0,,https://scdn.speedsize.com/fbaf6506-81e1-43a2-bcc1-80e18c7b0146/uk.representclo.com/cdn/shop/files/HL_dUCRAMHC-5RT7-3NvAdbpPh396Xibz36H1qQnlZI.jpg?crop=center&height=1200&v=1773174616&width=1200
https://uk.representclo.com/products/247-trail-short-jet-black,247 Trail Short - Jet Black,XL,True,90.0,,https://scdn.speedsize.com/fbaf6506-81e1-43a2-bcc1-80e18c7b0146/uk.representclo.com/cdn/shop/files/HL_dUCRAMHC-5RT7-3NvAdbpPh396Xibz36H1qQnlZI.jpg?crop=center&height=1200&v=1773174616&width=1200
https://uk.representclo.com/products/247-trail-short-jet-black,247 Trail Short - Jet Black,XXL,True,90.0,,https://scdn.speedsize.com/fbaf6506-81e1-43a2-bcc1-80e18c7b0146/uk.representclo.com/cdn/shop/files/HL_dUCRAMHC-5RT7-3NvAdbpPh396Xibz36H1qQnlZI.jpg?crop=center&height=1200&v=1773174616&width=1200
https://uk.representclo.com/products/247-trail-shorts-chalk,247 Trail Shorts - Chalk,XS,False,100.0,,https://scdn.speedsize.com/fbaf6506-81e1-43a2-bcc1-80e18c7b0146/uk.representclo.com/cdn/shop/files/wKipkgvt_0PKpc4TVVdGqa8pCtZKYIIoQd-2lMk0y-o.jpg?crop=center&height=1200&v=1756198940&width=1200
https://uk.representclo.com/products/247-trail-shorts-chalk,247 Trail Shorts - Chalk,S,False,100.0,,https://scdn.speedsize.com/fbaf6506-81e1-43a2-bcc1-80e18c7b0146/uk.representclo.com/cdn/shop/files/wKipkgvt_0PKpc4TVVdGqa8pCtZKYIIoQd-2lMk0y-o.jpg?crop=center&height=1200&v=1756198940&width=1200
https://uk.representclo.com/products/247-trail-shorts-chalk,247 Trail Shorts - Chalk,M,False,100.0,,https://scdn.speedsize.com/fbaf6506-81e1-43a2-bcc1-80e18c7b0146/uk.representclo.com/cdn/shop/files/wKipkgvt_0PKpc4TVVdGqa8pCtZKYIIoQd-2lMk0y-o.jpg?crop=center&height=1200&v=1756198940&width=1200
https://uk.representclo.com/products/247-trail-shorts-chalk,247 Trail Shorts - Chalk,L,False,100.0,,https://scdn.speedsize.com/fbaf6506-81e1-43a2-bcc1-80e18c7b0146/uk.representclo.com/cdn/shop/files/wKipkgvt_0PKpc4TVVdGqa8pCtZKYIIoQd-2lMk0y-o.jpg?crop=center&height=1200&v=1756198940&width=1200
https://uk.representclo.com/products/247-trail-shorts-chalk,247 Trail Shorts - Chalk,XL,True,100.0,,https://scdn.speedsize.com/fbaf6506-81e1-43a2-bcc1-80e18c7b0146/uk.representclo.com/cdn/shop/files/wKipkgvt_0PKpc4TVVdGqa8pCtZKYIIoQd-2lMk0y-o.jpg?crop=center&height=1200&v=1756198940&width=1200
https://uk.representclo.com/products/247-trail-shorts-chalk,247 Trail Shorts - Chalk,XXL,False,100.0,,https://scdn.speedsize.com/fbaf6506-81e1-43a2-bcc1-80e18c7b0146/uk.representclo.com/cdn/shop/files/wKipkgvt_0PKpc4TVVdGqa8pCtZKYIIoQd-2lMk0y-o.jpg?crop=center&height=1200&v=1756198940&width=1200
https://uk.representclo.com/products/247-trail-sock-black,247 Trail Sock - Black,One Size,False,20.0,,https://scdn.speedsize.com/fbaf6506-81e1-43a2-bcc1-80e18c7b0146/uk.representclo.com/cdn/shop/files/u2o-DujibnIHGQvgYMmUASTUs96X2EzTTR9TJCQj7PM.jpg?crop=center&height=1200&v=1756198967&width=1200
https://uk.representclo.com/products/247-trail-t-shirt-black,247 Trail T-Shirt - Black,XXS,False,85.0,,https://scdn.speedsize.com/fbaf6506-81e1-43a2-bcc1-80e18c7b0146/uk.representclo.com/cdn/shop/files/bkGLaziJfCyAq_HsKPAnlUkoWl03fO5CNnwce9jArN0.jpg?crop=center&height=1200&v=1756198976&width=1200
https://uk.representclo.com/products/247-trail-t-shirt-black,247 Trail T-Shirt - Black,XS,True,85.0,,https://scdn.speedsize.com/fbaf6506-81e1-43a2-bcc1-80e18c7b0146/uk.representclo.com/cdn/shop/files/bkGLaziJfCyAq_HsKPAnlUkoWl03fO5CNnwce9jArN0.jpg?crop=center&height=1200&v=1756198976&width=1200
https://uk.representclo.com/products/247-trail-t-shirt-black,247 Trail T-Shirt - Black,S,True,85.0,,https://scdn.speedsize.com/fbaf6506-81e1-43a2-bcc1-80e18c7b0146/uk.representclo.com/cdn/shop/files/bkGLaziJfCyAq_HsKPAnlUkoWl03fO5CNnwce9jArN0.jpg?crop=center&height=1200&v=1756198976&width=1200
https://uk.representclo.com/products/247-trail-t-shirt-black,247 Trail T-Shirt - Black,M,False,85.0,,https://scdn.speedsize.com/fbaf6506-81e1-43a2-bcc1-80e18c7b0146/uk.representclo.com/cdn/shop/files/bkGLaziJfCyAq_HsKPAnlUkoWl03fO5CNnwce9jArN0.jpg?crop=center&height=1200&v=1756198976&width=1200
https://uk.representclo.com/products/247-trail-t-shirt-black,247 Trail T-Shirt - Black,L,True,85.0,,https://scdn.speedsize.com/fbaf6506-81e1-43a2-bcc1-80e18c7b0146/uk.representclo.com/cdn/shop/files/bkGLaziJfCyAq_HsKPAnlUkoWl03fO5CNnwce9jArN0.jpg?crop=center&height=1200&v=1756198976&width=1200
https://uk.representclo.com/products/247-trail-t-shirt-black,247 Trail T-Shirt - Black,XL,True,85.0,,https://scdn.speedsize.com/fbaf6506-81e1-43a2-bcc1-80e18c7b0146/uk.representclo.com/cdn/shop/files/bkGLaziJfCyAq_HsKPAnlUkoWl03fO5CNnwce9jArN0.jpg?crop=center&height=1200&v=1756198976&width=1200
https://uk.representclo.com/products/247-trail-t-shirt-black,247 Trail T-Shirt - Black,XXL,True,85.0,,https://scdn.speedsize.com/fbaf6506-81e1-43a2-bcc1-80e18c7b0146/uk.representclo.com/cdn/shop/files/bkGLaziJfCyAq_HsKPAnlUkoWl03fO5CNnwce9jArN0.jpg?crop=center&height=1200&v=1756198976&width=1200
https://uk.representclo.com/products/247-trail-t-shirt-chocolate,247 Trail T-Shirt - Chocolate,XXS,False,85.0,,https://scdn.speedsize.com/fbaf6506-81e1-43a2-bcc1-80e18c7b0146/uk.representclo.com/cdn/shop/files/eg4Oc1fm10ct50O29WxJkc7fA9KhF664f2ykwWinm0Y.jpg?crop=center&height=1200&v=1756199005&width=1200
https://uk.representclo.com/products/247-trail-t-shirt-chocolate,247 Trail T-Shirt - Chocolate,XS,True,85.0,,https://scdn.speedsize.com/fbaf6506-81e1-43a2-bcc1-80e18c7b0146/uk.representclo.com/cdn/shop/files/eg4Oc1fm10ct50O29WxJkc7fA9KhF664f2ykwWinm0Y.jpg?crop=center&height=1200&v=1756199005&width=1200
https://uk.representclo.com/products/247-trail-t-shirt-chocolate,247 Trail T-Shirt - Chocolate,S,True,85.0,,https://scdn.speedsize.com/fbaf6506-81e1-43a2-bcc1-80e18c7b0146/uk.representclo.com/cdn/shop/files/eg4Oc1fm10ct50O29WxJkc7fA9KhF664f2ykwWinm0Y.jpg?crop=center&height=1200&v=1756199005&width=1200
https://uk.representclo.com/products/247-trail-t-shirt-chocolate,247 Trail T-Shirt - Chocolate,M,True,85.0,,https://scdn.speedsize.com/fbaf6506-81e1-43a2-bcc1-80e18c7b0146/uk.representclo.com/cdn/shop/files/eg4Oc1fm10ct50O29WxJkc7fA9KhF664f2ykwWinm0Y.jpg?crop=center&height=1200&v=1756199005&width=1200
https://uk.representclo.com/products/247-trail-t-shirt-chocolate,247 Trail T-Shirt - Chocolate,L,False,85.0,,https://scdn.speedsize.com/fbaf6506-81e1-43a2-bcc1-80e18c7b0146/uk.representclo.com/cdn/shop/files/eg4Oc1fm10ct50O29WxJkc7fA9KhF664f2ykwWinm0Y.jpg?crop=center&height=1200&v=1756199005&width=1200
https://uk.representclo.com/products/247-trail-t-shirt-chocolate,247 Trail T-Shirt - Chocolate,XL,True,85.0,,https://scdn.speedsize.com/fbaf6506-81e1-43a2-bcc1-80e18c7b0146/uk.representclo.com/cdn/shop/files/eg4Oc1fm10ct50O29WxJkc7fA9KhF664f2ykwWinm0Y.jpg?crop=center&height=1200&v=1756199005&width=1200
https://uk.representclo.com/products/247-trail-t-shirt-chocolate,247 Trail T-Shirt - Chocolate,XXL,False,85.0,,https://scdn.speedsize.com/fbaf6506-81e1-43a2-bcc1-80e18c7b0146/uk.representclo.com/cdn/shop/files/eg4Oc1fm10ct50O29WxJkc7fA9KhF664f2ykwWinm0Y.jpg?crop=center&height=1200&v=1756199005&width=1200
https://uk.representclo.com/products/247-trail-t-shirt-electric-blue,247 Trail T-Shirt - Electric Blue,XS,True,85.0,,https://scdn.speedsize.com/fbaf6506-81e1-43a2-bcc1-80e18c7b0146/uk.representclo.com/cdn/shop/files/MC45yWgxbQlwd6w2QKe4bFYlN2-MqWkKdby_ejLO8QU.jpg?crop=center&height=1200&v=1756199033&width=1200
https://uk.representclo.com/products/247-trail-t-shirt-electric-blue,247 Trail T-Shirt - Electric Blue,S,True,85.0,,https://scdn.speedsize.com/fbaf6506-81e1-43a2-bcc1-80e18c7b0146/uk.representclo.com/cdn/shop/files/MC45yWgxbQlwd6w2QKe4bFYlN2-MqWkKdby_ejLO8QU.jpg?crop=center&height=1200&v=1756199033&width=1200
https://uk.representclo.com/products/247-trail-t-shirt-electric-blue,247 Trail T-Shirt - Electric Blue,M,False,85.0,,https://scdn.speedsize.com/fbaf6506-81e1-43a2-bcc1-80e18c7b0146/uk.representclo.com/cdn/shop/files/MC45yWgxbQlwd6w2QKe4bFYlN2-MqWkKdby_ejLO8QU.jpg?crop=center&height=1200&v=1756199033&width=1200
https://uk.representclo.com/products/247-trail-t-shirt-electric-blue,247 Trail T-Shirt - Electric Blue,L,False,85.0,,https://scdn.speedsize.com/fbaf6506-81e1-43a2-bcc1-80e18c7b0146/uk.representclo.com/cdn/shop/files/MC45yWgxbQlwd6w2QKe4bFYlN2-MqWkKdby_ejLO8QU.jpg?crop=center&height=1200&v=1756199033&width=1200
https://uk.representclo.com/products/247-trail-t-shirt-electric-blue,247 Trail T-Shirt - Electric Blue,XL,False,85.0,,https://scdn.speedsize.com/fbaf6506-81e1-43a2-bcc1-80e18c7b0146/uk.representclo.com/cdn/shop/files/MC45yWgxbQlwd6w2QKe4bFYlN2-MqWkKdby_ejLO8QU.jpg?crop=center&height=1200&v=1756199033&width=1200
https://uk.representclo.com/products/247-trail-t-shirt-electric-blue,247 Trail T-Shirt - Electric Blue,XXL,False,85.0,,https://scdn.speedsize.com/fbaf6506-81e1-43a2-bcc1-80e18c7b0146/uk.representclo.com/cdn/shop/files/MC45yWgxbQlwd6w2QKe4bFYlN2-MqWkKdby_ejLO8QU.jpg?crop=center&height=1200&v=1756199033&width=1200
https://uk.representclo.com/products/247-trail-t-shirt-steel,247 Trail T-Shirt - Steel,XXS,False,85.0,,https://scdn.speedsize.com/fbaf6506-81e1-43a2-bcc1-80e18c7b0146/uk.representclo.com/cdn/shop/files/C7SWv_TE5PpU7L_CqkTDHgM1NAgLIfd5DZii1uZeHF4.jpg?crop=center&height=1200&v=1756199061&width=1200
https://uk.representclo.com/products/247-trail-t-shirt-steel,247 Trail T-Shirt - Steel,XS,True,85.0,,https://scdn.speedsize.com/fbaf6506-81e1-43a2-bcc1-80e18c7b0146/uk.representclo.com/cdn/shop/files/C7SWv_TE5PpU7L_CqkTDHgM1NAgLIfd5DZii1uZeHF4.jpg?crop=center&height=1200&v=1756199061&width=1200
https://uk.representclo.com/products/247-trail-t-shirt-steel,247 Trail T-Shirt - Steel,S,True,85.0,,https://scdn.speedsize.com/fbaf6506-81e1-43a2-bcc1-80e18c7b0146/uk.representclo.com/cdn/shop/files/C7SWv_TE5PpU7L_CqkTDHgM1NAgLIfd5DZii1uZeHF4.jpg?crop=center&height=1200&v=1756199061&width=1200
https://uk.representclo.com/products/247-trail-t-shirt-steel,247 Trail T-Shirt - Steel,M,False,85.0,,https://scdn.speedsize.com/fbaf6506-81e1-43a2-bcc1-80e18c7b0146/uk.representclo.com/cdn/shop/files/C7SWv_TE5PpU7L_CqkTDHgM1NAgLIfd5DZii1uZeHF4.jpg?crop=center&height=1200&v=1756199061&width=1200
https://uk.representclo.com/products/247-trail-t-shirt-steel,247 Trail T-Shirt - Steel,L,True,85.0,,https://scdn.speedsize.com/fbaf6506-81e1-43a2-bcc1-80e18c7b0146/uk.representclo.com/cdn/shop/files/C7SWv_TE5PpU7L_CqkTDHgM1NAgLIfd5DZii1uZeHF4.jpg?crop=center&height=1200&v=1756199061&width=1200
https://uk.representclo.com/products/247-trail-t-shirt-steel,247 Trail T-Shirt - Steel,XL,True,85.0,,https://scdn.speedsize.com/fbaf6506-81e1-43a2-bcc1-80e18c7b0146/uk.representclo.com/cdn/shop/files/C7SWv_TE5PpU7L_CqkTDHgM1NAgLIfd5DZii1uZeHF4.jpg?crop=center&height=1200&v=1756199061&width=1200
https://uk.representclo.com/products/247-trail-t-shirt-steel,247 Trail T-Shirt - Steel,XXL,True,85.0,,https://scdn.speedsize.com/fbaf6506-81e1-43a2-bcc1-80e18c7b0146/uk.representclo.com/cdn/shop/files/C7SWv_TE5PpU7L_CqkTDHgM1NAgLIfd5DZii1uZeHF4.jpg?crop=center&height=1200&v=1756199061&width=1200
https://uk.representclo.com/products/247-trail-tank-black,247 Trail Tank - Black,XXS,True,80.0,,https://scdn.speedsize.com/fbaf6506-81e1-43a2-bcc1-80e18c7b0146/uk.representclo.com/cdn/shop/files/JKESkdXCMz7jyDe6J6RzB6gjiCasTHvE62i-Dgnx7sE.jpg?crop=center&height=1200&v=1756199089&width=1200
https://uk.representclo.com/products/247-trail-tank-black,247 Trail Tank - Black,XS,True,80.0,,https://scdn.speedsize.com/fbaf6506-81e1-43a2-bcc1-80e18c7b0146/uk.representclo.com/cdn/shop/files/JKESkdXCMz7jyDe6J6RzB6gjiCasTHvE62i-Dgnx7sE.jpg?crop=center&height=1200&v=1756199089&width=1200
https://uk.representclo.com/products/247-trail-tank-black,247 Trail Tank - Black,S,True,80.0,,https://scdn.speedsize.com/fbaf6506-81e1-43a2-bcc1-80e18c7b0146/uk.representclo.com/cdn/shop/files/JKESkdXCMz7jyDe6J6RzB6gjiCasTHvE62i-Dgnx7sE.jpg?crop=center&height=1200&v=1756199089&width=1200
https://uk.representclo.com/products/247-trail-tank-black,247 Trail Tank - Black,M,True,80.0,,https://scdn.speedsize.com/fbaf6506-81e1-43a2-bcc1-80e18c7b0146/uk.representclo.com/cdn/shop/files/JKESkdXCMz7jyDe6J6RzB6gjiCasTHvE62i-Dgnx7sE.jpg?crop=center&height=1200&v=1756199089&width=1200
https://uk.representclo.com/products/247-trail-tank-black,247 Trail Tank - Black,L,False,80.0,,https://scdn.speedsize.com/fbaf6506-81e1-43a2-bcc1-80e18c7b0146/uk.representclo.com/cdn/shop/files/JKESkdXCMz7jyDe6J6RzB6gjiCasTHvE62i-Dgnx7sE.jpg?crop=center&height=1200&v=1756199089&width=1200
https://uk.representclo.com/products/247-trail-tank-black,247 Trail Tank - Black,XL,True,80.0,,https://scdn.speedsize.com/fbaf6506-81e1-43a2-bcc1-80e18c7b0146/uk.representclo.com/cdn/shop/files/JKESkdXCMz7jyDe6J6RzB6gjiCasTHvE62i-Dgnx7sE.jpg?crop=center&height=1200&v=1756199089&width=1200
https://uk.representclo.com/products/247-trail-tank-black,247 Trail Tank - Black,XXL,True,80.0,,https://scdn.speedsize.com/fbaf6506-81e1-43a2-bcc1-80e18c7b0146/uk.representclo.com/cdn/shop/files/JKESkdXCMz7jyDe6J6RzB6gjiCasTHvE62i-Dgnx7sE.jpg?crop=center&height=1200&v=1756199089&width=1200
https://uk.representclo.com/products/247-trail-tank-chocolate,247 Trail Tank - Chocolate,XXS,True,80.0,,https://scdn.speedsize.com/fbaf6506-81e1-43a2-bcc1-80e18c7b0146/uk.representclo.com/cdn/shop/files/RzrszfvlCHgsnsU9OPHWJHEVzrri39sjYp8lvnjcpiI.jpg?crop=center&height=1200&v=1756199117&width=1200
https://uk.representclo.com/products/247-trail-tank-chocolate,247 Trail Tank - Chocolate,XS,True,80.0,,https://scdn.speedsize.com/fbaf6506-81e1-43a2-bcc1-80e18c7b0146/uk.representclo.com/cdn/shop/files/RzrszfvlCHgsnsU9OPHWJHEVzrri39sjYp8lvnjcpiI.jpg?crop=center&height=1200&v=1756199117&width=1200
https://uk.representclo.com/products/247-trail-tank-chocolate,247 Trail Tank - Chocolate,S,True,80.0,,https://scdn.speedsize.com/fbaf6506-81e1-43a2-bcc1-80e18c7b0146/uk.representclo.com/cdn/shop/files/RzrszfvlCHgsnsU9OPHWJHEVzrri39sjYp8lvnjcpiI.jpg?crop=center&height=1200&v=1756199117&width=1200
https://uk.representclo.com/products/247-trail-tank-chocolate,247 Trail Tank - Chocolate,M,True,80.0,,https://scdn.speedsize.com/fbaf6506-81e1-43a2-bcc1-80e18c7b0146/uk.representclo.com/cdn/shop/files/RzrszfvlCHgsnsU9OPHWJHEVzrri39sjYp8lvnjcpiI.jpg?crop=center&height=1200&v=1756199117&width=1200
https://uk.representclo.com/products/247-trail-tank-chocolate,247 Trail Tank - Chocolate,L,False,80.0,,https://scdn.speedsize.com/fbaf6506-81e1-43a2-bcc1-80e18c7b0146/uk.representclo.com/cdn/shop/files/RzrszfvlCHgsnsU9OPHWJHEVzrri39sjYp8lvnjcpiI.jpg?crop=center&height=1200&v=1756199117&width=1200
https://uk.representclo.com/products/247-trail-tank-chocolate,247 Trail Tank - Chocolate,XL,True,80.0,,https://scdn.speedsize.com/fbaf6506-81e1-43a2-bcc1-80e18c7b0146/uk.representclo.com/cdn/shop/files/RzrszfvlCHgsnsU9OPHWJHEVzrri39sjYp8lvnjcpiI.jpg?crop=center&height=1200&v=1756199117&width=1200
https://uk.representclo.com/products/247-trail-tank-chocolate,247 Trail Tank - Chocolate,XXL,True,80.0,,https://scdn.speedsize.com/fbaf6506-81e1-43a2-bcc1-80e18c7b0146/uk.representclo.com/cdn/shop/files/RzrszfvlCHgsnsU9OPHWJHEVzrri39sjYp8lvnjcpiI.jpg?crop=center&height=1200&v=1756199117&width=1200
https://uk.representclo.com/products/247-trail-tank-electric-blue,247 Trail Tank - Electric Blue,XS,False,80.0,,https://scdn.speedsize.com/fbaf6506-81e1-43a2-bcc1-80e18c7b0146/uk.representclo.com/cdn/shop/files/Tb4pnOLfbT4vT6qPL3yktj_W-k16uCbLf8DPAnqcMtA.jpg?crop=center&height=1200&v=1756199143&width=1200
https://uk.representclo.com/products/247-trail-tank-electric-blue,247 Trail Tank - Electric Blue,S,True,80.0,,https://scdn.speedsize.com/fbaf6506-81e1-43a2-bcc1-80e18c7b0146/uk.representclo.com/cdn/shop/files/Tb4pnOLfbT4vT6qPL3yktj_W-k16uCbLf8DPAnqcMtA.jpg?crop=center&height=1200&v=1756199143&width=1200
https://uk.representclo.com/products/247-trail-tank-electric-blue,247 Trail Tank - Electric Blue,M,False,80.0,,https://scdn.speedsize.com/fbaf6506-81e1-43a2-bcc1-80e18c7b0146/uk.representclo.com/cdn/shop/files/Tb4pnOLfbT4vT6qPL3yktj_W-k16uCbLf8DPAnqcMtA.jpg?crop=center&height=1200&v=1756199143&width=1200
https://uk.representclo.com/products/247-trail-tank-electric-blue,247 Trail Tank - Electric Blue,L,False,80.0,,https://scdn.speedsize.com/fbaf6506-81e1-43a2-bcc1-80e18c7b0146/uk.representclo.com/cdn/shop/files/Tb4pnOLfbT4vT6qPL3yktj_W-k16uCbLf8DPAnqcMtA.jpg?crop=center&height=1200&v=1756199143&width=1200
https://uk.representclo.com/products/247-trail-tank-electric-blue,247 Trail Tank - Electric Blue,XL,False,80.0,,https://scdn.speedsize.com/fbaf6506-81e1-43a2-bcc1-80e18c7b0146/uk.representclo.com/cdn/shop/files/Tb4pnOLfbT4vT6qPL3yktj_W-k16uCbLf8DPAnqcMtA.jpg?crop=center&height=1200&v=1756199143&width=1200
https://uk.representclo.com/products/247-trail-tank-electric-blue,247 Trail Tank - Electric Blue,XXL,True,80.0,,https://scdn.speedsize.com/fbaf6506-81e1-43a2-bcc1-80e18c7b0146/uk.representclo.com/cdn/shop/files/Tb4pnOLfbT4vT6qPL3yktj_W-k16uCbLf8DPAnqcMtA.jpg?crop=center&height=1200&v=1756199143&width=1200
https://uk.representclo.com/products/247-trail-tank-electric-blue,247 Trail Tank - Electric Blue,XXS,False,80.0,,https://scdn.speedsize.com/fbaf6506-81e1-43a2-bcc1-80e18c7b0146/uk.representclo.com/cdn/shop/files/Tb4pnOLfbT4vT6qPL3yktj_W-k16uCbLf8DPAnqcMtA.jpg?crop=center&height=1200&v=1756199143&width=1200
https://uk.representclo.com/products/247-trail-tank-steel,247 Trail Tank - Steel,XXS,True,80.0,,https://scdn.speedsize.com/fbaf6506-81e1-43a2-bcc1-80e18c7b0146/uk.representclo.com/cdn/shop/files/VkvsZy-4e0dFQXew8Y_99XzcElCP2QurO9DCSaiH7Ok.jpg?crop=center&height=1200&v=1756199171&width=1200
https://uk.representclo.com/products/247-trail-tank-steel,247 Trail Tank - Steel,XS,True,80.0,,https://scdn.speedsize.com/fbaf6506-81e1-43a2-bcc1-80e18c7b0146/uk.representclo.com/cdn/shop/files/VkvsZy-4e0dFQXew8Y_99XzcElCP2QurO9DCSaiH7Ok.jpg?crop=center&height=1200&v=1756199171&width=1200
https://uk.representclo.com/products/247-trail-tank-steel,247 Trail Tank - Steel,S,True,80.0,,https://scdn.speedsize.com/fbaf6506-81e1-43a2-bcc1-80e18c7b0146/uk.representclo.com/cdn/shop/files/VkvsZy-4e0dFQXew8Y_99XzcElCP2QurO9DCSaiH7Ok.jpg?crop=center&height=1200&v=1756199171&width=1200
https://uk.representclo.com/products/247-trail-tank-steel,247 Trail Tank - Steel,M,True,80.0,,https://scdn.speedsize.com/fbaf6506-81e1-43a2-bcc1-80e18c7b0146/uk.representclo.com/cdn/shop/files/VkvsZy-4e0dFQXew8Y_99XzcElCP2QurO9DCSaiH7Ok.jpg?crop=center&height=1200&v=1756199171&width=1200
https://uk.representclo.com/products/247-trail-tank-steel,247 Trail Tank - Steel,L,True,80.0,,https://scdn.speedsize.com/fbaf6506-81e1-43a2-bcc1-80e18c7b0146/uk.representclo.com/cdn/shop/files/VkvsZy-4e0dFQXew8Y_99XzcElCP2QurO9DCSaiH7Ok.jpg?crop=center&height=1200&v=1756199171&width=1200
https://uk.representclo.com/products/247-trail-tank-steel,247 Trail Tank - Steel,XL,False,80.0,,https://scdn.speedsize.com/fbaf6506-81e1-43a2-bcc1-80e18c7b0146/uk.representclo.com/cdn/shop/files/VkvsZy-4e0dFQXew8Y_99XzcElCP2QurO9DCSaiH7Ok.jpg?crop=center&height=1200&v=1756199171&width=1200
https://uk.representclo.com/products/247-trail-tank-steel,247 Trail Tank - Steel,XXL,False,80.0,,https://scdn.speedsize.com/fbaf6506-81e1-43a2-bcc1-80e18c7b0146/uk.representclo.com/cdn/shop/files/VkvsZy-4e0dFQXew8Y_99XzcElCP2QurO9DCSaiH7Ok.jpg?crop=center&height=1200&v=1756199171&width=1200
https://uk.representclo.com/products/247-training-short-dusk,247 Training Short - Dusk,XS,True,90.0,,https://scdn.speedsize.com/fbaf6506-81e1-43a2-bcc1-80e18c7b0146/uk.representclo.com/cdn/shop/files/tzFaAyQV_aNoqY72X6DQhmq2OyjUmz77NXuYOo_BbAA.jpg?crop=center&height=1200&v=1753562080&width=1200
https://uk.representclo.com/products/247-training-short-dusk,247 Training Short - Dusk,S,False,90.0,,https://scdn.speedsize.com/fbaf6506-81e1-43a2-bcc1-80e18c7b0146/uk.representclo.com/cdn/shop/files/tzFaAyQV_aNoqY72X6DQhmq2OyjUmz77NXuYOo_BbAA.jpg?crop=center&height=1200&v=1753562080&width=1200
https://uk.representclo.com/products/247-training-short-dusk,247 Training Short - Dusk,M,False,90.0,,https://scdn.speedsize.com/fbaf6506-81e1-43a2-bcc1-80e18c7b0146/uk.representclo.com/cdn/shop/files/tzFaAyQV_aNoqY72X6DQhmq2OyjUmz77NXuYOo_BbAA.jpg?crop=center&height=1200&v=1753562080&width=1200
https://uk.representclo.com/products/247-training-short-dusk,247 Training Short - Dusk,L,False,90.0,,https://scdn.speedsize.com/fbaf6506-81e1-43a2-bcc1-80e18c7b0146/uk.representclo.com/cdn/shop/files/tzFaAyQV_aNoqY72X6DQhmq2OyjUmz77NXuYOo_BbAA.jpg?crop=center&height=1200&v=1753562080&width=1200
https://uk.representclo.com/products/247-training-short-dusk,247 Training Short - Dusk,XL,True,90.0,,https://scdn.speedsize.com/fbaf6506-81e1-43a2-bcc1-80e18c7b0146/uk.representclo.com/cdn/shop/files/tzFaAyQV_aNoqY72X6DQhmq2OyjUmz77NXuYOo_BbAA.jpg?crop=center&height=1200&v=1753562080&width=1200
https://uk.representclo.com/products/247-training-short-dusk,247 Training Short - Dusk,XXL,True,90.0,,https://scdn.speedsize.com/fbaf6506-81e1-43a2-bcc1-80e18c7b0146/uk.representclo.com/cdn/shop/files/tzFaAyQV_aNoqY72X6DQhmq2OyjUmz77NXuYOo_BbAA.jpg?crop=center&height=1200&v=1753562080&width=1200
https://uk.representclo.com/products/247-training-short-sage,247 Training Short - Sage,XS,False,90.0,,https://scdn.speedsize.com/fbaf6506-81e1-43a2-bcc1-80e18c7b0146/uk.representclo.com/cdn/shop/files/03HEmHyWSj44t-7B-uP1tE5a73TZQkJMMlGmfLnu9GA.jpg?crop=center&height=1200&v=1753562128&width=1200
https://uk.representclo.com/products/247-training-short-sage,247 Training Short - Sage,S,False,90.0,,https://scdn.speedsize.com/fbaf6506-81e1-43a2-bcc1-80e18c7b0146/uk.representclo.com/cdn/shop/files/03HEmHyWSj44t-7B-uP1tE5a73TZQkJMMlGmfLnu9GA.jpg?crop=center&height=1200&v=1753562128&width=1200
https://uk.representclo.com/products/247-training-short-sage,247 Training Short - Sage,M,False,90.0,,https://scdn.speedsize.com/fbaf6506-81e1-43a2-bcc1-80e18c7b0146/uk.representclo.com/cdn/shop/files/03HEmHyWSj44t-7B-uP1tE5a73TZQkJMMlGmfLnu9GA.jpg?crop=center&height=1200&v=1753562128&width=1200
https://uk.representclo.com/products/247-training-short-sage,247 Training Short - Sage,L,False,90.0,,https://scdn.speedsize.com/fbaf6506-81e1-43a2-bcc1-80e18c7b0146/uk.representclo.com/cdn/shop/files/03HEmHyWSj44t-7B-uP1tE5a73TZQkJMMlGmfLnu9GA.jpg?crop=center&height=1200&v=1753562128&width=1200
https://uk.representclo.com/products/247-training-short-sage,247 Training Short - Sage,XL,False,90.0,,https://scdn.speedsize.com/fbaf6506-81e1-43a2-bcc1-80e18c7b0146/uk.representclo.com/cdn/shop/files/03HEmHyWSj44t-7B-uP1tE5a73TZQkJMMlGmfLnu9GA.jpg?crop=center&height=1200&v=1753562128&width=1200
https://uk.representclo.com/products/247-training-short-sage,247 Training Short - Sage,XXL,True,90.0,,https://scdn.speedsize.com/fbaf6506-81e1-43a2-bcc1-80e18c7b0146/uk.representclo.com/cdn/shop/files/03HEmHyWSj44t-7B-uP1tE5a73TZQkJMMlGmfLnu9GA.jpg?crop=center&height=1200&v=1753562128&width=1200
https://uk.representclo.com/products/247-training-shorts-pebble,247 Training Shorts - Pebble,XS,False,90.0,,https://scdn.speedsize.com/fbaf6506-81e1-43a2-bcc1-80e18c7b0146/uk.representclo.com/cdn/shop/files/NXDCpkhmVW9-NZJdlu5Y18Wa1qHRPS_n0mktUWX_N4E.jpg?crop=center&height=1200&v=1740588901&width=1200
https://uk.representclo.com/products/247-training-shorts-pebble,247 Training Shorts - Pebble,S,False,90.0,,https://scdn.speedsize.com/fbaf6506-81e1-43a2-bcc1-80e18c7b0146/uk.representclo.com/cdn/shop/files/NXDCpkhmVW9-NZJdlu5Y18Wa1qHRPS_n0mktUWX_N4E.jpg?crop=center&height=1200&v=1740588901&width=1200
https://uk.representclo.com/products/247-training-shorts-pebble,247 Training Shorts - Pebble,M,False,90.0,,https://scdn.speedsize.com/fbaf6506-81e1-43a2-bcc1-80e18c7b0146/uk.representclo.com/cdn/shop/files/NXDCpkhmVW9-NZJdlu5Y18Wa1qHRPS_n0mktUWX_N4E.jpg?crop=center&height=1200&v=1740588901&width=1200
https://uk.representclo.com/products/247-training-shorts-pebble,247 Training Shorts - Pebble,L,False,90.0,,https://scdn.speedsize.com/fbaf6506-81e1-43a2-bcc1-80e18c7b0146/uk.representclo.com/cdn/shop/files/NXDCpkhmVW9-NZJdlu5Y18Wa1qHRPS_n0mktUWX_N4E.jpg?crop=center&height=1200&v=1740588901&width=1200
https://uk.representclo.com/products/247-training-shorts-pebble,247 Training Shorts - Pebble,XL,False,90.0,,https://scdn.speedsize.com/fbaf6506-81e1-43a2-bcc1-80e18c7b0146/uk.representclo.com/cdn/shop/files/NXDCpkhmVW9-NZJdlu5Y18Wa1qHRPS_n0mktUWX_N4E.jpg?crop=center&height=1200&v=1740588901&width=1200
https://uk.representclo.com/products/247-training-shorts-pebble,247 Training Shorts - Pebble,XXL,False,90.0,,https://scdn.speedsize.com/fbaf6506-81e1-43a2-bcc1-80e18c7b0146/uk.representclo.com/cdn/shop/files/NXDCpkhmVW9-NZJdlu5Y18Wa1qHRPS_n0mktUWX_N4E.jpg?crop=center&height=1200&v=1740588901&width=1200
https://uk.representclo.com/products/247-training-shorts-speed-green,247 Training Shorts - Speed Green,XS,False,90.0,,https://scdn.speedsize.com/fbaf6506-81e1-43a2-bcc1-80e18c7b0146/uk.representclo.com/cdn/shop/files/SEVl257ks-Vzgn5uJkY3zE23ebGPlosJzrpkWCwvmag.jpg?crop=center&height=1200&v=1740588927&width=1200
https://uk.representclo.com/products/247-training-shorts-speed-green,247 Training Shorts - Speed Green,S,True,90.0,,https://scdn.speedsize.com/fbaf6506-81e1-43a2-bcc1-80e18c7b0146/uk.representclo.com/cdn/shop/files/SEVl257ks-Vzgn5uJkY3zE23ebGPlosJzrpkWCwvmag.jpg?crop=center&height=1200&v=1740588927&width=1200
https://uk.representclo.com/products/247-training-shorts-speed-green,247 Training Shorts - Speed Green,M,True,90.0,,https://scdn.speedsize.com/fbaf6506-81e1-43a2-bcc1-80e18c7b0146/uk.representclo.com/cdn/shop/files/SEVl257ks-Vzgn5uJkY3zE23ebGPlosJzrpkWCwvmag.jpg?crop=center&height=1200&v=1740588927&width=1200
https://uk.representclo.com/products/247-training-shorts-speed-green,247 Training Shorts - Speed Green,L,True,90.0,,https://scdn.speedsize.com/fbaf6506-81e1-43a2-bcc1-80e18c7b0146/uk.representclo.com/cdn/shop/files/SEVl257ks-Vzgn5uJkY3zE23ebGPlosJzrpkWCwvmag.jpg?crop=center&height=1200&v=1740588927&width=1200
https://uk.representclo.com/products/247-training-shorts-speed-green,247 Training Shorts - Speed Green,XL,False,90.0,,https://scdn.speedsize.com/fbaf6506-81e1-43a2-bcc1-80e18c7b0146/uk.representclo.com/cdn/shop/files/SEVl257ks-Vzgn5uJkY3zE23ebGPlosJzrpkWCwvmag.jpg?crop=center&height=1200&v=1740588927&width=1200
https://uk.representclo.com/products/247-training-shorts-speed-green,247 Training Shorts - Speed Green,XXL,False,90.0,,https://scdn.speedsize.com/fbaf6506-81e1-43a2-bcc1-80e18c7b0146/uk.representclo.com/cdn/shop/files/SEVl257ks-Vzgn5uJkY3zE23ebGPlosJzrpkWCwvmag.jpg?crop=center&height=1200&v=1740588927&width=1200
https://uk.representclo.com/products/247-training-shorts-titanium,247 Training Shorts - Titanium,XS,False,90.0,,https://scdn.speedsize.com/fbaf6506-81e1-43a2-bcc1-80e18c7b0146/uk.representclo.com/cdn/shop/files/lBUY1xvzwhIzbuIX4dE_drX0LdrSjjDNV6F0i_1Mjfo.jpg?crop=center&height=1200&v=1740588951&width=1200
https://uk.representclo.com/products/247-training-shorts-titanium,247 Training Shorts - Titanium,S,False,90.0,,https://scdn.speedsize.com/fbaf6506-81e1-43a2-bcc1-80e18c7b0146/uk.representclo.com/cdn/shop/files/lBUY1xvzwhIzbuIX4dE_drX0LdrSjjDNV6F0i_1Mjfo.jpg?crop=center&height=1200&v=1740588951&width=1200
https://uk.representclo.com/products/247-training-shorts-titanium,247 Training Shorts - Titanium,M,False,90.0,,https://scdn.speedsize.com/fbaf6506-81e1-43a2-bcc1-80e18c7b0146/uk.representclo.com/cdn/shop/files/lBUY1xvzwhIzbuIX4dE_drX0LdrSjjDNV6F0i_1Mjfo.jpg?crop=center&height=1200&v=1740588951&width=1200
https://uk.representclo.com/products/247-training-shorts-titanium,247 Training Shorts - Titanium,L,False,90.0,,https://scdn.speedsize.com/fbaf6506-81e1-43a2-bcc1-80e18c7b0146/uk.representclo.com/cdn/shop/files/lBUY1xvzwhIzbuIX4dE_drX0LdrSjjDNV6F0i_1Mjfo.jpg?crop=center&height=1200&v=1740588951&width=1200
https://uk.representclo.com/products/247-training-shorts-titanium,247 Training Shorts - Titanium,XL,False,90.0,,https://scdn.speedsize.com/fbaf6506-81e1-43a2-bcc1-80e18c7b0146/uk.representclo.com/cdn/shop/files/lBUY1xvzwhIzbuIX4dE_drX0LdrSjjDNV6F0i_1Mjfo.jpg?crop=center&height=1200&v=1740588951&width=1200
https://uk.representclo.com/products/247-training-shorts-titanium,247 Training Shorts - Titanium,XXL,False,90.0,,https://scdn.speedsize.com/fbaf6506-81e1-43a2-bcc1-80e18c7b0146/uk.representclo.com/cdn/shop/files/lBUY1xvzwhIzbuIX4dE_drX0LdrSjjDNV6F0i_1Mjfo.jpg?crop=center&height=1200&v=1740588951&width=1200
https://uk.representclo.com/products/247-trek-shorts-black,247 Trek Shorts - Black,XXS,False,90.0,,https://scdn.speedsize.com/fbaf6506-81e1-43a2-bcc1-80e18c7b0146/uk.representclo.com/cdn/shop/files/7b0MstEC59xnStu8RqhnMw3F-VNkG_Z_0DcibVZgEM8.jpg?crop=center&height=1200&v=1756199198&width=1200
https://uk.representclo.com/products/247-trek-shorts-black,247 Trek Shorts - Black,XS,True,90.0,,https://scdn.speedsize.com/fbaf6506-81e1-43a2-bcc1-80e18c7b0146/uk.representclo.com/cdn/shop/files/7b0MstEC59xnStu8RqhnMw3F-VNkG_Z_0DcibVZgEM8.jpg?crop=center&height=1200&v=1756199198&width=1200
https://uk.representclo.com/products/247-trek-shorts-black,247 Trek Shorts - Black,S,True,90.0,,https://scdn.speedsize.com/fbaf6506-81e1-43a2-bcc1-80e18c7b0146/uk.representclo.com/cdn/shop/files/7b0MstEC59xnStu8RqhnMw3F-VNkG_Z_0DcibVZgEM8.jpg?crop=center&height=1200&v=1756199198&width=1200
https://uk.representclo.com/products/247-trek-shorts-black,247 Trek Shorts - Black,M,False,90.0,,https://scdn.speedsize.com/fbaf6506-81e1-43a2-bcc1-80e18c7b0146/uk.representclo.com/cdn/shop/files/7b0MstEC59xnStu8RqhnMw3F-VNkG_Z_0DcibVZgEM8.jpg?crop=center&height=1200&v=1756199198&width=1200
https://uk.representclo.com/products/247-trek-shorts-black,247 Trek Shorts - Black,L,False,90.0,,https://scdn.speedsize.com/fbaf6506-81e1-43a2-bcc1-80e18c7b0146/uk.representclo.com/cdn/shop/files/7b0MstEC59xnStu8RqhnMw3F-VNkG_Z_0DcibVZgEM8.jpg?crop=center&height=1200&v=1756199198&width=1200
https://uk.representclo.com/products/247-trek-shorts-black,247 Trek Shorts - Black,XL,False,90.0,,https://scdn.speedsize.com/fbaf6506-81e1-43a2-bcc1-80e18c7b0146/uk.representclo.com/cdn/shop/files/7b0MstEC59xnStu8RqhnMw3F-VNkG_Z_0DcibVZgEM8.jpg?crop=center&height=1200&v=1756199198&width=1200
https://uk.representclo.com/products/247-trek-shorts-black,247 Trek Shorts - Black,XXL,False,90.0,,https://scdn.speedsize.com/fbaf6506-81e1-43a2-bcc1-80e18c7b0146/uk.representclo.com/cdn/shop/files/7b0MstEC59xnStu8RqhnMw3F-VNkG_Z_0DcibVZgEM8.jpg?crop=center&height=1200&v=1756199198&width=1200
https://uk.representclo.com/products/247-trek-shorts-chocolate,247 Trek Shorts - Chocolate,XS,True,90.0,,https://scdn.speedsize.com/fbaf6506-81e1-43a2-bcc1-80e18c7b0146/uk.representclo.com/cdn/shop/files/zre_U4KJeYbQaWkcAf0ee_SUcLMJip6eqEOfrYH6Hvg.jpg?crop=center&height=1200&v=1759938483&width=1200
https://uk.representclo.com/products/247-trek-shorts-chocolate,247 Trek Shorts - Chocolate,S,True,90.0,,https://scdn.speedsize.com/fbaf6506-81e1-43a2-bcc1-80e18c7b0146/uk.representclo.com/cdn/shop/files/zre_U4KJeYbQaWkcAf0ee_SUcLMJip6eqEOfrYH6Hvg.jpg?crop=center&height=1200&v=1759938483&width=1200
https://uk.representclo.com/products/247-trek-shorts-chocolate,247 Trek Shorts - Chocolate,M,False,90.0,,https://scdn.speedsize.com/fbaf6506-81e1-43a2-bcc1-80e18c7b0146/uk.representclo.com/cdn/shop/files/zre_U4KJeYbQaWkcAf0ee_SUcLMJip6eqEOfrYH6Hvg.jpg?crop=center&height=1200&v=1759938483&width=1200
https://uk.representclo.com/products/247-trek-shorts-chocolate,247 Trek Shorts - Chocolate,L,False,90.0,,https://scdn.speedsize.com/fbaf6506-81e1-43a2-bcc1-80e18c7b0146/uk.representclo.com/cdn/shop/files/zre_U4KJeYbQaWkcAf0ee_SUcLMJip6eqEOfrYH6Hvg.jpg?crop=center&height=1200&v=1759938483&width=1200
https://uk.representclo.com/products/247-trek-shorts-chocolate,247 Trek Shorts - Chocolate,XL,False,90.0,,https://scdn.speedsize.com/fbaf6506-81e1-43a2-bcc1-80e18c7b0146/uk.representclo.com/cdn/shop/files/zre_U4KJeYbQaWkcAf0ee_SUcLMJip6eqEOfrYH6Hvg.jpg?crop=center&height=1200&v=1759938483&width=1200
https://uk.representclo.com/products/247-trek-shorts-chocolate,247 Trek Shorts - Chocolate,XXL,False,90.0,,https://scdn.speedsize.com/fbaf6506-81e1-43a2-bcc1-80e18c7b0146/uk.representclo.com/cdn/shop/files/zre_U4KJeYbQaWkcAf0ee_SUcLMJip6eqEOfrYH6Hvg.jpg?crop=center&height=1200&v=1759938483&width=1200
https://uk.representclo.com/products/247-trek-shorts-electric-blue,247 Trek Shorts - Electric Blue,XS,True,90.0,,https://scdn.speedsize.com/fbaf6506-81e1-43a2-bcc1-80e18c7b0146/uk.representclo.com/cdn/shop/files/xrnbujnxVwye0RlLyu0OREfngWkwo6AlxucieSpd1n0.jpg?crop=center&height=1200&v=1756199226&width=1200
https://uk.representclo.com/products/247-trek-shorts-electric-blue,247 Trek Shorts - Electric Blue,S,True,90.0,,https://scdn.speedsize.com/fbaf6506-81e1-43a2-bcc1-80e18c7b0146/uk.representclo.com/cdn/shop/files/xrnbujnxVwye0RlLyu0OREfngWkwo6AlxucieSpd1n0.jpg?crop=center&height=1200&v=1756199226&width=1200
https://uk.representclo.com/products/247-trek-shorts-electric-blue,247 Trek Shorts - Electric Blue,M,True,90.0,,https://scdn.speedsize.com/fbaf6506-81e1-43a2-bcc1-80e18c7b0146/uk.representclo.com/cdn/shop/files/xrnbujnxVwye0RlLyu0OREfngWkwo6AlxucieSpd1n0.jpg?crop=center&height=1200&v=1756199226&width=1200
https://uk.representclo.com/products/247-trek-shorts-electric-blue,247 Trek Shorts - Electric Blue,L,True,90.0,,https://scdn.speedsize.com/fbaf6506-81e1-43a2-bcc1-80e18c7b0146/uk.representclo.com/cdn/shop/files/xrnbujnxVwye0RlLyu0OREfngWkwo6AlxucieSpd1n0.jpg?crop=center&height=1200&v=1756199226&width=1200
https://uk.representclo.com/products/247-trek-shorts-electric-blue,247 Trek Shorts - Electric Blue,XL,True,90.0,,https://scdn.speedsize.com/fbaf6506-81e1-43a2-bcc1-80e18c7b0146/uk.representclo.com/cdn/shop/files/xrnbujnxVwye0RlLyu0OREfngWkwo6AlxucieSpd1n0.jpg?crop=center&height=1200&v=1756199226&width=1200
https://uk.representclo.com/products/247-trek-shorts-electric-blue,247 Trek Shorts - Electric Blue,XXL,True,90.0,,https://scdn.speedsize.com/fbaf6506-81e1-43a2-bcc1-80e18c7b0146/uk.representclo.com/cdn/shop/files/xrnbujnxVwye0RlLyu0OREfngWkwo6AlxucieSpd1n0.jpg?crop=center&height=1200&v=1756199226&width=1200
https://uk.representclo.com/products/247-trek-shorts-steel,247 Trek Shorts - Steel,XXS,False,90.0,,https://scdn.speedsize.com/fbaf6506-81e1-43a2-bcc1-80e18c7b0146/uk.representclo.com/cdn/shop/files/q4C9WBcV9e4u5cND6FC_-Jbqfnqls1bjF4e_mmvEfDU.jpg?crop=center&height=1200&v=1759938510&width=1200
https://uk.representclo.com/products/247-trek-shorts-steel,247 Trek Shorts - Steel,XS,True,90.0,,https://scdn.speedsize.com/fbaf6506-81e1-43a2-bcc1-80e18c7b0146/uk.representclo.com/cdn/shop/files/q4C9WBcV9e4u5cND6FC_-Jbqfnqls1bjF4e_mmvEfDU.jpg?crop=center&height=1200&v=1759938510&width=1200
https://uk.representclo.com/products/247-trek-shorts-steel,247 Trek Shorts - Steel,S,True,90.0,,https://scdn.speedsize.com/fbaf6506-81e1-43a2-bcc1-80e18c7b0146/uk.representclo.com/cdn/shop/files/q4C9WBcV9e4u5cND6FC_-Jbqfnqls1bjF4e_mmvEfDU.jpg?crop=center&height=1200&v=1759938510&width=1200
https://uk.representclo.com/products/247-trek-shorts-steel,247 Trek Shorts - Steel,M,True,90.0,,https://scdn.speedsize.com/fbaf6506-81e1-43a2-bcc1-80e18c7b0146/uk.representclo.com/cdn/shop/files/q4C9WBcV9e4u5cND6FC_-Jbqfnqls1bjF4e_mmvEfDU.jpg?crop=center&height=1200&v=1759938510&width=1200
https://uk.representclo.com/products/247-trek-shorts-steel,247 Trek Shorts - Steel,L,True,90.0,,https://scdn.speedsize.com/fbaf6506-81e1-43a2-bcc1-80e18c7b0146/uk.representclo.com/cdn/shop/files/q4C9WBcV9e4u5cND6FC_-Jbqfnqls1bjF4e_mmvEfDU.jpg?crop=center&height=1200&v=1759938510&width=1200
https://uk.representclo.com/products/247-trek-shorts-steel,247 Trek Shorts - Steel,XL,True,90.0,,https://scdn.speedsize.com/fbaf6506-81e1-43a2-bcc1-80e18c7b0146/uk.representclo.com/cdn/shop/files/q4C9WBcV9e4u5cND6FC_-Jbqfnqls1bjF4e_mmvEfDU.jpg?crop=center&height=1200&v=1759938510&width=1200
https://uk.representclo.com/products/247-trek-shorts-steel,247 Trek Shorts - Steel,XXL,True,90.0,,https://scdn.speedsize.com/fbaf6506-81e1-43a2-bcc1-80e18c7b0146/uk.representclo.com/cdn/shop/files/q4C9WBcV9e4u5cND6FC_-Jbqfnqls1bjF4e_mmvEfDU.jpg?crop=center&height=1200&v=1759938510&width=1200
https://uk.representclo.com/products/247-ultra-bucket-hat-jet-black,247 Ultra Bucket Hat - Jet Black,One Size,False,50.0,,https://scdn.speedsize.com/fbaf6506-81e1-43a2-bcc1-80e18c7b0146/uk.representclo.com/cdn/shop/files/UnaRJmWZiaFMYo9a1zU8qvyicptnaaJN1d_BLoSQooY.jpg?crop=center&height=1200&v=1770213952&width=1200
https://uk.representclo.com/products/247-ultra-jacket-black-fade-out,247 Ultra Jacket - Black Fade Out,XXS,False,195.0,,https://scdn.speedsize.com/fbaf6506-81e1-43a2-bcc1-80e18c7b0146/uk.representclo.com/cdn/shop/files/K9gHx1O6bydRDzxviDox0RLN3hx5XIZRVKLBkpE6xEY.jpg?crop=center&height=1200&v=1770204411&width=1200
https://uk.representclo.com/products/247-ultra-jacket-black-fade-out,247 Ultra Jacket - Black Fade Out,XS,False,195.0,,https://scdn.speedsize.com/fbaf6506-81e1-43a2-bcc1-80e18c7b0146/uk.representclo.com/cdn/shop/files/K9gHx1O6bydRDzxviDox0RLN3hx5XIZRVKLBkpE6xEY.jpg?crop=center&height=1200&v=1770204411&width=1200
https://uk.representclo.com/products/247-ultra-jacket-black-fade-out,247 Ultra Jacket - Black Fade Out,S,True,195.0,,https://scdn.speedsize.com/fbaf6506-81e1-43a2-bcc1-80e18c7b0146/uk.representclo.com/cdn/shop/files/K9gHx1O6bydRDzxviDox0RLN3hx5XIZRVKLBkpE6xEY.jpg?crop=center&height=1200&v=1770204411&width=1200
https://uk.representclo.com/products/247-ultra-jacket-black-fade-out,247 Ultra Jacket - Black Fade Out,M,False,195.0,,https://scdn.speedsize.com/fbaf6506-81e1-43a2-bcc1-80e18c7b0146/uk.representclo.com/cdn/shop/files/K9gHx1O6bydRDzxviDox0RLN3hx5XIZRVKLBkpE6xEY.jpg?crop=center&height=1200&v=1770204411&width=1200
https://uk.representclo.com/products/247-ultra-jacket-black-fade-out,247 Ultra Jacket - Black Fade Out,L,True,195.0,,https://scdn.speedsize.com/fbaf6506-81e1-43a2-bcc1-80e18c7b0146/uk.representclo.com/cdn/shop/files/K9gHx1O6bydRDzxviDox0RLN3hx5XIZRVKLBkpE6xEY.jpg?crop=center&height=1200&v=1770204411&width=1200
https://uk.representclo.com/products/247-ultra-jacket-black-fade-out,247 Ultra Jacket - Black Fade Out,XL,False,195.0,,https://scdn.speedsize.com/fbaf6506-81e1-43a2-bcc1-80e18c7b0146/uk.representclo.com/cdn/shop/files/K9gHx1O6bydRDzxviDox0RLN3hx5XIZRVKLBkpE6xEY.jpg?crop=center&height=1200&v=1770204411&width=1200
https://uk.representclo.com/products/247-ultra-jacket-black-fade-out,247 Ultra Jacket - Black Fade Out,XXL,False,195.0,,https://scdn.speedsize.com/fbaf6506-81e1-43a2-bcc1-80e18c7b0146/uk.representclo.com/cdn/shop/files/K9gHx1O6bydRDzxviDox0RLN3hx5XIZRVKLBkpE6xEY.jpg?crop=center&height=1200&v=1770204411&width=1200
https://uk.representclo.com/products/247-ultra-jacket-glacier-fade-out,247 Ultra Jacket - Glacier Fade Out,XXS,False,195.0,,https://scdn.speedsize.com/fbaf6506-81e1-43a2-bcc1-80e18c7b0146/uk.representclo.com/cdn/shop/files/JdT6YaILL6te3dEp4u14_bFo_N31d4IcJ2L0Ix0hSzM.jpg?crop=center&height=1200&v=1770204452&width=1200
https://uk.representclo.com/products/247-ultra-jacket-glacier-fade-out,247 Ultra Jacket - Glacier Fade Out,XS,False,195.0,,https://scdn.speedsize.com/fbaf6506-81e1-43a2-bcc1-80e18c7b0146/uk.representclo.com/cdn/shop/files/JdT6YaILL6te3dEp4u14_bFo_N31d4IcJ2L0Ix0hSzM.jpg?crop=center&height=1200&v=1770204452&width=1200
https://uk.representclo.com/products/247-ultra-jacket-glacier-fade-out,247 Ultra Jacket - Glacier Fade Out,S,True,195.0,,https://scdn.speedsize.com/fbaf6506-81e1-43a2-bcc1-80e18c7b0146/uk.representclo.com/cdn/shop/files/JdT6YaILL6te3dEp4u14_bFo_N31d4IcJ2L0Ix0hSzM.jpg?crop=center&height=1200&v=1770204452&width=1200
https://uk.representclo.com/products/247-ultra-jacket-glacier-fade-out,247 Ultra Jacket - Glacier Fade Out,M,True,195.0,,https://scdn.speedsize.com/fbaf6506-81e1-43a2-bcc1-80e18c7b0146/uk.representclo.com/cdn/shop/files/JdT6YaILL6te3dEp4u14_bFo_N31d4IcJ2L0Ix0hSzM.jpg?crop=center&height=1200&v=1770204452&width=1200
https://uk.representclo.com/products/247-ultra-jacket-glacier-fade-out,247 Ultra Jacket - Glacier Fade Out,L,False,195.0,,https://scdn.speedsize.com/fbaf6506-81e1-43a2-bcc1-80e18c7b0146/uk.representclo.com/cdn/shop/files/JdT6YaILL6te3dEp4u14_bFo_N31d4IcJ2L0Ix0hSzM.jpg?crop=center&height=1200&v=1770204452&width=1200
https://uk.representclo.com/products/247-ultra-jacket-glacier-fade-out,247 Ultra Jacket - Glacier Fade Out,XL,True,195.0,,https://scdn.speedsize.com/fbaf6506-81e1-43a2-bcc1-80e18c7b0146/uk.representclo.com/cdn/shop/files/JdT6YaILL6te3dEp4u14_bFo_N31d4IcJ2L0Ix0hSzM.jpg?crop=center&height=1200&v=1770204452&width=1200
https://uk.representclo.com/products/247-ultra-jacket-glacier-fade-out,247 Ultra Jacket - Glacier Fade Out,XXL,True,195.0,,https://scdn.speedsize.com/fbaf6506-81e1-43a2-bcc1-80e18c7b0146/uk.representclo.com/cdn/shop/files/JdT6YaILL6te3dEp4u14_bFo_N31d4IcJ2L0Ix0hSzM.jpg?crop=center&height=1200&v=1770204452&width=1200
https://uk.representclo.com/products/247-ultra-midlayer-jet-black,247 Ultra Midlayer - Jet Black,XXS,False,130.0,,https://scdn.speedsize.com/fbaf6506-81e1-43a2-bcc1-80e18c7b0146/cdn.shopify.com/s/files/1/0181/2235/files/M3DAA9-BmWtu1T6DKxH3D1dwQ9MbLnVwUKY-gJMVNl8.jpg?crop=center&height=1200&v=1770204494&width=1200
https://uk.representclo.com/products/247-ultra-midlayer-jet-black,247 Ultra Midlayer - Jet Black,XS,False,130.0,,https://scdn.speedsize.com/fbaf6506-81e1-43a2-bcc1-80e18c7b0146/cdn.shopify.com/s/files/1/0181/2235/files/M3DAA9-BmWtu1T6DKxH3D1dwQ9MbLnVwUKY-gJMVNl8.jpg?crop=center&height=1200&v=1770204494&width=1200
https://uk.representclo.com/products/247-ultra-midlayer-jet-black,247 Ultra Midlayer - Jet Black,S,True,130.0,,https://scdn.speedsize.com/fbaf6506-81e1-43a2-bcc1-80e18c7b0146/cdn.shopify.com/s/files/1/0181/2235/files/M3DAA9-BmWtu1T6DKxH3D1dwQ9MbLnVwUKY-gJMVNl8.jpg?crop=center&height=1200&v=1770204494&width=1200
https://uk.representclo.com/products/247-ultra-midlayer-jet-black,247 Ultra Midlayer - Jet Black,M,True,130.0,,https://scdn.speedsize.com/fbaf6506-81e1-43a2-bcc1-80e18c7b0146/cdn.shopify.com/s/files/1/0181/2235/files/M3DAA9-BmWtu1T6DKxH3D1dwQ9MbLnVwUKY-gJMVNl8.jpg?crop=center&height=1200&v=1770204494&width=1200
https://uk.representclo.com/products/247-ultra-midlayer-jet-black,247 Ultra Midlayer - Jet Black,L,True,130.0,,https://scdn.speedsize.com/fbaf6506-81e1-43a2-bcc1-80e18c7b0146/cdn.shopify.com/s/files/1/0181/2235/files/M3DAA9-BmWtu1T6DKxH3D1dwQ9MbLnVwUKY-gJMVNl8.jpg?crop=center&height=1200&v=1770204494&width=1200
https://uk.representclo.com/products/247-ultra-midlayer-jet-black,247 Ultra Midlayer - Jet Black,XL,True,130.0,,https://scdn.speedsize.com/fbaf6506-81e1-43a2-bcc1-80e18c7b0146/cdn.shopify.com/s/files/1/0181/2235/files/M3DAA9-BmWtu1T6DKxH3D1dwQ9MbLnVwUKY-gJMVNl8.jpg?crop=center&height=1200&v=1770204494&width=1200
https://uk.representclo.com/products/247-ultra-midlayer-jet-black,247 Ultra Midlayer - Jet Black,XXL,True,130.0,,https://scdn.speedsize.com/fbaf6506-81e1-43a2-bcc1-80e18c7b0146/cdn.shopify.com/s/files/1/0181/2235/files/M3DAA9-BmWtu1T6DKxH3D1dwQ9MbLnVwUKY-gJMVNl8.jpg?crop=center&height=1200&v=1770204494&width=1200
https://uk.representclo.com/products/247-ultra-short-black-fade-out,247 Ultra Short - Black Fade Out,XXS,False,90.0,,https://scdn.speedsize.com/fbaf6506-81e1-43a2-bcc1-80e18c7b0146/uk.representclo.com/cdn/shop/files/ULgLZeWV4rcxij9ANAdMSXnP7rsh3cr4mQ8xDQDSaKA.jpg?crop=center&height=1200&v=1770204531&width=1200
https://uk.representclo.com/products/247-ultra-short-black-fade-out,247 Ultra Short - Black Fade Out,XS,True,90.0,,https://scdn.speedsize.com/fbaf6506-81e1-43a2-bcc1-80e18c7b0146/uk.representclo.com/cdn/shop/files/ULgLZeWV4rcxij9ANAdMSXnP7rsh3cr4mQ8xDQDSaKA.jpg?crop=center&height=1200&v=1770204531&width=1200
https://uk.representclo.com/products/247-ultra-short-black-fade-out,247 Ultra Short - Black Fade Out,S,True,90.0,,https://scdn.speedsize.com/fbaf6506-81e1-43a2-bcc1-80e18c7b0146/uk.representclo.com/cdn/shop/files/ULgLZeWV4rcxij9ANAdMSXnP7rsh3cr4mQ8xDQDSaKA.jpg?crop=center&height=1200&v=1770204531&width=1200
https://uk.representclo.com/products/247-ultra-short-black-fade-out,247 Ultra Short - Black Fade Out,M,True,90.0,,https://scdn.speedsize.com/fbaf6506-81e1-43a2-bcc1-80e18c7b0146/uk.representclo.com/cdn/shop/files/ULgLZeWV4rcxij9ANAdMSXnP7rsh3cr4mQ8xDQDSaKA.jpg?crop=center&height=1200&v=1770204531&width=1200
https://uk.representclo.com/products/247-ultra-short-black-fade-out,247 Ultra Short - Black Fade Out,L,True,90.0,,https://scdn.speedsize.com/fbaf6506-81e1-43a2-bcc1-80e18c7b0146/uk.representclo.com/cdn/shop/files/ULgLZeWV4rcxij9ANAdMSXnP7rsh3cr4mQ8xDQDSaKA.jpg?crop=center&height=1200&v=1770204531&width=1200
https://uk.representclo.com/products/247-ultra-short-black-fade-out,247 Ultra Short - Black Fade Out,XL,False,90.0,,https://scdn.speedsize.com/fbaf6506-81e1-43a2-bcc1-80e18c7b0146/uk.representclo.com/cdn/shop/files/ULgLZeWV4rcxij9ANAdMSXnP7rsh3cr4mQ8xDQDSaKA.jpg?crop=center&height=1200&v=1770204531&width=1200
https://uk.representclo.com/products/247-ultra-short-black-fade-out,247 Ultra Short - Black Fade Out,XXL,False,90.0,,https://scdn.speedsize.com/fbaf6506-81e1-43a2-bcc1-80e18c7b0146/uk.representclo.com/cdn/shop/files/ULgLZeWV4rcxij9ANAdMSXnP7rsh3cr4mQ8xDQDSaKA.jpg?crop=center&height=1200&v=1770204531&width=1200
https://uk.representclo.com/products/247-ultra-short-glacier-fade-out,247 Ultra Short - Glacier Fade Out,XXS,False,90.0,,https://scdn.speedsize.com/fbaf6506-81e1-43a2-bcc1-80e18c7b0146/uk.representclo.com/cdn/shop/files/mAftNnxPpkMlt0mVqZT6OPxDbcWmus9Gz1QP-InDkGY.jpg?crop=center&height=1200&v=1770204568&width=1200
https://uk.representclo.com/products/247-ultra-short-glacier-fade-out,247 Ultra Short - Glacier Fade Out,XS,True,90.0,,https://scdn.speedsize.com/fbaf6506-81e1-43a2-bcc1-80e18c7b0146/uk.representclo.com/cdn/shop/files/mAftNnxPpkMlt0mVqZT6OPxDbcWmus9Gz1QP-InDkGY.jpg?crop=center&height=1200&v=1770204568&width=1200
https://uk.representclo.com/products/247-ultra-short-glacier-fade-out,247 Ultra Short - Glacier Fade Out,S,True,90.0,,https://scdn.speedsize.com/fbaf6506-81e1-43a2-bcc1-80e18c7b0146/uk.representclo.com/cdn/shop/files/mAftNnxPpkMlt0mVqZT6OPxDbcWmus9Gz1QP-InDkGY.jpg?crop=center&height=1200&v=1770204568&width=1200
https://uk.representclo.com/products/247-ultra-short-glacier-fade-out,247 Ultra Short - Glacier Fade Out,M,True,90.0,,https://scdn.speedsize.com/fbaf6506-81e1-43a2-bcc1-80e18c7b0146/uk.representclo.com/cdn/shop/files/mAftNnxPpkMlt0mVqZT6OPxDbcWmus9Gz1QP-InDkGY.jpg?crop=center&height=1200&v=1770204568&width=1200
https://uk.representclo.com/products/247-ultra-short-glacier-fade-out,247 Ultra Short - Glacier Fade Out,L,True,90.0,,https://scdn.speedsize.com/fbaf6506-81e1-43a2-bcc1-80e18c7b0146/uk.representclo.com/cdn/shop/files/mAftNnxPpkMlt0mVqZT6OPxDbcWmus9Gz1QP-InDkGY.jpg?crop=center&height=1200&v=1770204568&width=1200
https://uk.representclo.com/products/247-ultra-short-glacier-fade-out,247 Ultra Short - Glacier Fade Out,XL,True,90.0,,https://scdn.speedsize.com/fbaf6506-81e1-43a2-bcc1-80e18c7b0146/uk.representclo.com/cdn/shop/files/mAftNnxPpkMlt0mVqZT6OPxDbcWmus9Gz1QP-InDkGY.jpg?crop=center&height=1200&v=1770204568&width=1200
https://uk.representclo.com/products/247-ultra-short-glacier-fade-out,247 Ultra Short - Glacier Fade Out,XXL,True,90.0,,https://scdn.speedsize.com/fbaf6506-81e1-43a2-bcc1-80e18c7b0146/uk.representclo.com/cdn/shop/files/mAftNnxPpkMlt0mVqZT6OPxDbcWmus9Gz1QP-InDkGY.jpg?crop=center&height=1200&v=1770204568&width=1200
https://uk.representclo.com/products/247-ultra-singlet-black-fade-out,247 Ultra Singlet - Black Fade Out,XXS,False,85.0,,https://scdn.speedsize.com/fbaf6506-81e1-43a2-bcc1-80e18c7b0146/uk.representclo.com/cdn/shop/files/Kdjipt4SRTXVR0sFZeMhEJLKnX9SWU58tJTWtY4PF6Y.jpg?crop=center&height=1200&v=1770204606&width=1200
https://uk.representclo.com/products/247-ultra-singlet-black-fade-out,247 Ultra Singlet - Black Fade Out,XS,True,85.0,,https://scdn.speedsize.com/fbaf6506-81e1-43a2-bcc1-80e18c7b0146/uk.representclo.com/cdn/shop/files/Kdjipt4SRTXVR0sFZeMhEJLKnX9SWU58tJTWtY4PF6Y.jpg?crop=center&height=1200&v=1770204606&width=1200
https://uk.representclo.com/products/247-ultra-singlet-black-fade-out,247 Ultra Singlet - Black Fade Out,S,True,85.0,,https://scdn.speedsize.com/fbaf6506-81e1-43a2-bcc1-80e18c7b0146/uk.representclo.com/cdn/shop/files/Kdjipt4SRTXVR0sFZeMhEJLKnX9SWU58tJTWtY4PF6Y.jpg?crop=center&height=1200&v=1770204606&width=1200
https://uk.representclo.com/products/247-ultra-singlet-black-fade-out,247 Ultra Singlet - Black Fade Out,M,True,85.0,,https://scdn.speedsize.com/fbaf6506-81e1-43a2-bcc1-80e18c7b0146/uk.representclo.com/cdn/shop/files/Kdjipt4SRTXVR0sFZeMhEJLKnX9SWU58tJTWtY4PF6Y.jpg?crop=center&height=1200&v=1770204606&width=1200
https://uk.representclo.com/products/247-ultra-singlet-black-fade-out,247 Ultra Singlet - Black Fade Out,L,True,85.0,,https://scdn.speedsize.com/fbaf6506-81e1-43a2-bcc1-80e18c7b0146/uk.representclo.com/cdn/shop/files/Kdjipt4SRTXVR0sFZeMhEJLKnX9SWU58tJTWtY4PF6Y.jpg?crop=center&height=1200&v=1770204606&width=1200
https://uk.representclo.com/products/247-ultra-singlet-black-fade-out,247 Ultra Singlet - Black Fade Out,XL,True,85.0,,https://scdn.speedsize.com/fbaf6506-81e1-43a2-bcc1-80e18c7b0146/uk.representclo.com/cdn/shop/files/Kdjipt4SRTXVR0sFZeMhEJLKnX9SWU58tJTWtY4PF6Y.jpg?crop=center&height=1200&v=1770204606&width=1200
https://uk.representclo.com/products/247-ultra-singlet-black-fade-out,247 Ultra Singlet - Black Fade Out,XXL,True,85.0,,https://scdn.speedsize.com/fbaf6506-81e1-43a2-bcc1-80e18c7b0146/uk.representclo.com/cdn/shop/files/Kdjipt4SRTXVR0sFZeMhEJLKnX9SWU58tJTWtY4PF6Y.jpg?crop=center&height=1200&v=1770204606&width=1200
https://uk.representclo.com/products/247-ultra-singlet-glacier-fade-out,247 Ultra Singlet - Glacier Fade Out,XXS,False,85.0,,https://scdn.speedsize.com/fbaf6506-81e1-43a2-bcc1-80e18c7b0146/uk.representclo.com/cdn/shop/files/0vmRmxp1-Y8pizF9LMyioJJ-s-askYDfk9J_YXhKScU.jpg?crop=center&height=1200&v=1770204648&width=1200
https://uk.representclo.com/products/247-ultra-singlet-glacier-fade-out,247 Ultra Singlet - Glacier Fade Out,XS,True,85.0,,https://scdn.speedsize.com/fbaf6506-81e1-43a2-bcc1-80e18c7b0146/uk.representclo.com/cdn/shop/files/0vmRmxp1-Y8pizF9LMyioJJ-s-askYDfk9J_YXhKScU.jpg?crop=center&height=1200&v=1770204648&width=1200
https://uk.representclo.com/products/247-ultra-singlet-glacier-fade-out,247 Ultra Singlet - Glacier Fade Out,S,True,85.0,,https://scdn.speedsize.com/fbaf6506-81e1-43a2-bcc1-80e18c7b0146/uk.representclo.com/cdn/shop/files/0vmRmxp1-Y8pizF9LMyioJJ-s-askYDfk9J_YXhKScU.jpg?crop=center&height=1200&v=1770204648&width=1200
https://uk.representclo.com/products/247-ultra-singlet-glacier-fade-out,247 Ultra Singlet - Glacier Fade Out,M,True,85.0,,https://scdn.speedsize.com/fbaf6506-81e1-43a2-bcc1-80e18c7b0146/uk.representclo.com/cdn/shop/files/0vmRmxp1-Y8pizF9LMyioJJ-s-askYDfk9J_YXhKScU.jpg?crop=center&height=1200&v=1770204648&width=1200
https://uk.representclo.com/products/247-ultra-singlet-glacier-fade-out,247 Ultra Singlet - Glacier Fade Out,L,True,85.0,,https://scdn.speedsize.com/fbaf6506-81e1-43a2-bcc1-80e18c7b0146/uk.representclo.com/cdn/shop/files/0vmRmxp1-Y8pizF9LMyioJJ-s-askYDfk9J_YXhKScU.jpg?crop=center&height=1200&v=1770204648&width=1200
https://uk.representclo.com/products/247-ultra-singlet-glacier-fade-out,247 Ultra Singlet - Glacier Fade Out,XL,True,85.0,,https://scdn.speedsize.com/fbaf6506-81e1-43a2-bcc1-80e18c7b0146/uk.representclo.com/cdn/shop/files/0vmRmxp1-Y8pizF9LMyioJJ-s-askYDfk9J_YXhKScU.jpg?crop=center&height=1200&v=1770204648&width=1200
https://uk.representclo.com/products/247-ultra-singlet-glacier-fade-out,247 Ultra Singlet - Glacier Fade Out,XXL,False,85.0,,https://scdn.speedsize.com/fbaf6506-81e1-43a2-bcc1-80e18c7b0146/uk.representclo.com/cdn/shop/files/0vmRmxp1-Y8pizF9LMyioJJ-s-askYDfk9J_YXhKScU.jpg?crop=center&height=1200&v=1770204648&width=1200
https://uk.representclo.com/products/247-uprising-long-sleeve-seamless-t-shirt-chocolate,247 Uprising Long Sleeve Seamless T-Shirt - Chocolate,XXS,False,80.0,,https://scdn.speedsize.com/fbaf6506-81e1-43a2-bcc1-80e18c7b0146/uk.representclo.com/cdn/shop/files/zcuSAo-hBLm35_-9id_kpMZWBV07aSU3i7AOd6Re-Ls.jpg?crop=center&height=1200&v=1759938576&width=1200
https://uk.representclo.com/products/247-uprising-long-sleeve-seamless-t-shirt-chocolate,247 Uprising Long Sleeve Seamless T-Shirt - Chocolate,XS,True,80.0,,https://scdn.speedsize.com/fbaf6506-81e1-43a2-bcc1-80e18c7b0146/uk.representclo.com/cdn/shop/files/zcuSAo-hBLm35_-9id_kpMZWBV07aSU3i7AOd6Re-Ls.jpg?crop=center&height=1200&v=1759938576&width=1200
https://uk.representclo.com/products/247-uprising-long-sleeve-seamless-t-shirt-chocolate,247 Uprising Long Sleeve Seamless T-Shirt - Chocolate,S,True,80.0,,https://scdn.speedsize.com/fbaf6506-81e1-43a2-bcc1-80e18c7b0146/uk.representclo.com/cdn/shop/files/zcuSAo-hBLm35_-9id_kpMZWBV07aSU3i7AOd6Re-Ls.jpg?crop=center&height=1200&v=1759938576&width=1200
https://uk.representclo.com/products/247-uprising-long-sleeve-seamless-t-shirt-chocolate,247 Uprising Long Sleeve Seamless T-Shirt - Chocolate,M,False,80.0,,https://scdn.speedsize.com/fbaf6506-81e1-43a2-bcc1-80e18c7b0146/uk.representclo.com/cdn/shop/files/zcuSAo-hBLm35_-9id_kpMZWBV07aSU3i7AOd6Re-Ls.jpg?crop=center&height=1200&v=1759938576&width=1200
https://uk.representclo.com/products/247-uprising-long-sleeve-seamless-t-shirt-chocolate,247 Uprising Long Sleeve Seamless T-Shirt - Chocolate,L,True,80.0,,https://scdn.speedsize.com/fbaf6506-81e1-43a2-bcc1-80e18c7b0146/uk.representclo.com/cdn/shop/files/zcuSAo-hBLm35_-9id_kpMZWBV07aSU3i7AOd6Re-Ls.jpg?crop=center&height=1200&v=1759938576&width=1200
https://uk.representclo.com/products/247-uprising-long-sleeve-seamless-t-shirt-chocolate,247 Uprising Long Sleeve Seamless T-Shirt - Chocolate,XL,False,80.0,,https://scdn.speedsize.com/fbaf6506-81e1-43a2-bcc1-80e18c7b0146/uk.representclo.com/cdn/shop/files/zcuSAo-hBLm35_-9id_kpMZWBV07aSU3i7AOd6Re-Ls.jpg?crop=center&height=1200&v=1759938576&width=1200
https://uk.representclo.com/products/247-uprising-long-sleeve-seamless-t-shirt-chocolate,247 Uprising Long Sleeve Seamless T-Shirt - Chocolate,XXL,True,80.0,,https://scdn.speedsize.com/fbaf6506-81e1-43a2-bcc1-80e18c7b0146/uk.representclo.com/cdn/shop/files/zcuSAo-hBLm35_-9id_kpMZWBV07aSU3i7AOd6Re-Ls.jpg?crop=center&height=1200&v=1759938576&width=1200
https://uk.representclo.com/products/247-uprising-long-sleeve-seamless-t-shirt-steel,247 Uprising Long Sleeve Seamless T-Shirt - Steel,XXS,False,80.0,,https://scdn.speedsize.com/fbaf6506-81e1-43a2-bcc1-80e18c7b0146/uk.representclo.com/cdn/shop/files/i76c870TL-qJVqE5TcyaXkRB8Fa7U4ZpIdUMgxMpXo.jpg?crop=center&height=1200&v=1759938611&width=1200
https://uk.representclo.com/products/247-uprising-long-sleeve-seamless-t-shirt-steel,247 Uprising Long Sleeve Seamless T-Shirt - Steel,XS,True,80.0,,https://scdn.speedsize.com/fbaf6506-81e1-43a2-bcc1-80e18c7b0146/uk.representclo.com/cdn/shop/files/i76c870TL-qJVqE5TcyaXkRB8Fa7U4ZpIdUMgxMpXo.jpg?crop=center&height=1200&v=1759938611&width=1200
https://uk.representclo.com/products/247-uprising-long-sleeve-seamless-t-shirt-steel,247 Uprising Long Sleeve Seamless T-Shirt - Steel,S,False,80.0,,https://scdn.speedsize.com/fbaf6506-81e1-43a2-bcc1-80e18c7b0146/uk.representclo.com/cdn/shop/files/i76c870TL-qJVqE5TcyaXkRB8Fa7U4ZpIdUMgxMpXo.jpg?crop=center&height=1200&v=1759938611&width=1200
https://uk.representclo.com/products/247-uprising-long-sleeve-seamless-t-shirt-steel,247 Uprising Long Sleeve Seamless T-Shirt - Steel,M,True,80.0,,https://scdn.speedsize.com/fbaf6506-81e1-43a2-bcc1-80e18c7b0146/uk.representclo.com/cdn/shop/files/i76c870TL-qJVqE5TcyaXkRB8Fa7U4ZpIdUMgxMpXo.jpg?crop=center&height=1200&v=1759938611&width=1200
https://uk.representclo.com/products/247-uprising-long-sleeve-seamless-t-shirt-steel,247 Uprising Long Sleeve Seamless T-Shirt - Steel,L,True,80.0,,https://scdn.speedsize.com/fbaf6506-81e1-43a2-bcc1-80e18c7b0146/uk.representclo.com/cdn/shop/files/i76c870TL-qJVqE5TcyaXkRB8Fa7U4ZpIdUMgxMpXo.jpg?crop=center&height=1200&v=1759938611&width=1200
https://uk.representclo.com/products/247-uprising-long-sleeve-seamless-t-shirt-steel,247 Uprising Long Sleeve Seamless T-Shirt - Steel,XL,False,80.0,,https://scdn.speedsize.com/fbaf6506-81e1-43a2-bcc1-80e18c7b0146/uk.representclo.com/cdn/shop/files/i76c870TL-qJVqE5TcyaXkRB8Fa7U4ZpIdUMgxMpXo.jpg?crop=center&height=1200&v=1759938611&width=1200
https://uk.representclo.com/products/247-uprising-long-sleeve-seamless-t-shirt-steel,247 Uprising Long Sleeve Seamless T-Shirt - Steel,XXL,True,80.0,,https://scdn.speedsize.com/fbaf6506-81e1-43a2-bcc1-80e18c7b0146/uk.representclo.com/cdn/shop/files/i76c870TL-qJVqE5TcyaXkRB8Fa7U4ZpIdUMgxMpXo.jpg?crop=center&height=1200&v=1759938611&width=1200
https://uk.representclo.com/products/247-uprising-oversized-hoodie-black,247 Uprising Oversized Hoodie - Black,XXS,False,140.0,,https://scdn.speedsize.com/fbaf6506-81e1-43a2-bcc1-80e18c7b0146/uk.representclo.com/cdn/shop/files/9X0oaVwMTWz8mhHsE2fhXs6egTeCAMNGAsiiyGOAVkM.jpg?crop=center&height=1200&v=1756199253&width=1200
https://uk.representclo.com/products/247-uprising-oversized-hoodie-black,247 Uprising Oversized Hoodie - Black,XS,False,140.0,,https://scdn.speedsize.com/fbaf6506-81e1-43a2-bcc1-80e18c7b0146/uk.representclo.com/cdn/shop/files/9X0oaVwMTWz8mhHsE2fhXs6egTeCAMNGAsiiyGOAVkM.jpg?crop=center&height=1200&v=1756199253&width=1200
https://uk.representclo.com/products/247-uprising-oversized-hoodie-black,247 Uprising Oversized Hoodie - Black,S,False,140.0,,https://scdn.speedsize.com/fbaf6506-81e1-43a2-bcc1-80e18c7b0146/uk.representclo.com/cdn/shop/files/9X0oaVwMTWz8mhHsE2fhXs6egTeCAMNGAsiiyGOAVkM.jpg?crop=center&height=1200&v=1756199253&width=1200
https://uk.representclo.com/products/247-uprising-oversized-hoodie-black,247 Uprising Oversized Hoodie - Black,M,False,140.0,,https://scdn.speedsize.com/fbaf6506-81e1-43a2-bcc1-80e18c7b0146/uk.representclo.com/cdn/shop/files/9X0oaVwMTWz8mhHsE2fhXs6egTeCAMNGAsiiyGOAVkM.jpg?crop=center&height=1200&v=1756199253&width=1200
https://uk.representclo.com/products/247-uprising-oversized-hoodie-black,247 Uprising Oversized Hoodie - Black,L,False,140.0,,https://scdn.speedsize.com/fbaf6506-81e1-43a2-bcc1-80e18c7b0146/uk.representclo.com/cdn/shop/files/9X0oaVwMTWz8mhHsE2fhXs6egTeCAMNGAsiiyGOAVkM.jpg?crop=center&height=1200&v=1756199253&width=1200
https://uk.representclo.com/products/247-uprising-oversized-hoodie-black,247 Uprising Oversized Hoodie - Black,XL,False,140.0,,https://scdn.speedsize.com/fbaf6506-81e1-43a2-bcc1-80e18c7b0146/uk.representclo.com/cdn/shop/files/9X0oaVwMTWz8mhHsE2fhXs6egTeCAMNGAsiiyGOAVkM.jpg?crop=center&height=1200&v=1756199253&width=1200
https://uk.representclo.com/products/247-uprising-oversized-hoodie-black,247 Uprising Oversized Hoodie - Black,XXL,False,140.0,,https://scdn.speedsize.com/fbaf6506-81e1-43a2-bcc1-80e18c7b0146/uk.representclo.com/cdn/shop/files/9X0oaVwMTWz8mhHsE2fhXs6egTeCAMNGAsiiyGOAVkM.jpg?crop=center&height=1200&v=1756199253&width=1200
https://uk.representclo.com/products/247-uprising-oversized-hoodie-chocolate,247 Uprising Oversized Hoodie - Chocolate,XXS,False,140.0,,https://scdn.speedsize.com/fbaf6506-81e1-43a2-bcc1-80e18c7b0146/uk.representclo.com/cdn/shop/files/991kjf16sf_QrCZhQjrHzavavL1Vp2xg7-uGWMyMWHs.jpg?crop=center&height=1200&v=1759938645&width=1200
https://uk.representclo.com/products/247-uprising-oversized-hoodie-chocolate,247 Uprising Oversized Hoodie - Chocolate,XS,True,140.0,,https://scdn.speedsize.com/fbaf6506-81e1-43a2-bcc1-80e18c7b0146/uk.representclo.com/cdn/shop/files/991kjf16sf_QrCZhQjrHzavavL1Vp2xg7-uGWMyMWHs.jpg?crop=center&height=1200&v=1759938645&width=1200
https://uk.representclo.com/products/247-uprising-oversized-hoodie-chocolate,247 Uprising Oversized Hoodie - Chocolate,S,True,140.0,,https://scdn.speedsize.com/fbaf6506-81e1-43a2-bcc1-80e18c7b0146/uk.representclo.com/cdn/shop/files/991kjf16sf_QrCZhQjrHzavavL1Vp2xg7-uGWMyMWHs.jpg?crop=center&height=1200&v=1759938645&width=1200
https://uk.representclo.com/products/247-uprising-oversized-hoodie-chocolate,247 Uprising Oversized Hoodie - Chocolate,M,False,140.0,,https://scdn.speedsize.com/fbaf6506-81e1-43a2-bcc1-80e18c7b0146/uk.representclo.com/cdn/shop/files/991kjf16sf_QrCZhQjrHzavavL1Vp2xg7-uGWMyMWHs.jpg?crop=center&height=1200&v=1759938645&width=1200
https://uk.representclo.com/products/247-uprising-oversized-hoodie-chocolate,247 Uprising Oversized Hoodie - Chocolate,L,True,140.0,,https://scdn.speedsize.com/fbaf6506-81e1-43a2-bcc1-80e18c7b0146/uk.representclo.com/cdn/shop/files/991kjf16sf_QrCZhQjrHzavavL1Vp2xg7-uGWMyMWHs.jpg?crop=center&height=1200&v=1759938645&width=1200
https://uk.representclo.com/products/247-uprising-oversized-hoodie-chocolate,247 Uprising Oversized Hoodie - Chocolate,XL,True,140.0,,https://scdn.speedsize.com/fbaf6506-81e1-43a2-bcc1-80e18c7b0146/uk.representclo.com/cdn/shop/files/991kjf16sf_QrCZhQjrHzavavL1Vp2xg7-uGWMyMWHs.jpg?crop=center&height=1200&v=1759938645&width=1200
https://uk.representclo.com/products/247-uprising-oversized-hoodie-chocolate,247 Uprising Oversized Hoodie - Chocolate,XXL,False,140.0,,https://scdn.speedsize.com/fbaf6506-81e1-43a2-bcc1-80e18c7b0146/uk.representclo.com/cdn/shop/files/991kjf16sf_QrCZhQjrHzavavL1Vp2xg7-uGWMyMWHs.jpg?crop=center&height=1200&v=1759938645&width=1200
https://uk.representclo.com/products/247-uprising-oversized-t-shirt-chocolate,247 Uprising Oversized T-Shirt - Chocolate,XXS,False,85.0,,https://scdn.speedsize.com/fbaf6506-81e1-43a2-bcc1-80e18c7b0146/uk.representclo.com/cdn/shop/files/dAeJ6y7YCyE2sDRXLM59-YGHHO_KhsoyL6EiEPNVlc.jpg?crop=center&height=1200&v=1759938689&width=1200
https://uk.representclo.com/products/247-uprising-oversized-t-shirt-chocolate,247 Uprising Oversized T-Shirt - Chocolate,XS,True,85.0,,https://scdn.speedsize.com/fbaf6506-81e1-43a2-bcc1-80e18c7b0146/uk.representclo.com/cdn/shop/files/dAeJ6y7YCyE2sDRXLM59-YGHHO_KhsoyL6EiEPNVlc.jpg?crop=center&height=1200&v=1759938689&width=1200
https://uk.representclo.com/products/247-uprising-oversized-t-shirt-chocolate,247 Uprising Oversized T-Shirt - Chocolate,S,False,85.0,,https://scdn.speedsize.com/fbaf6506-81e1-43a2-bcc1-80e18c7b0146/uk.representclo.com/cdn/shop/files/dAeJ6y7YCyE2sDRXLM59-YGHHO_KhsoyL6EiEPNVlc.jpg?crop=center&height=1200&v=1759938689&width=1200
https://uk.representclo.com/products/247-uprising-oversized-t-shirt-chocolate,247 Uprising Oversized T-Shirt - Chocolate,M,False,85.0,,https://scdn.speedsize.com/fbaf6506-81e1-43a2-bcc1-80e18c7b0146/uk.representclo.com/cdn/shop/files/dAeJ6y7YCyE2sDRXLM59-YGHHO_KhsoyL6EiEPNVlc.jpg?crop=center&height=1200&v=1759938689&width=1200
https://uk.representclo.com/products/247-uprising-oversized-t-shirt-chocolate,247 Uprising Oversized T-Shirt - Chocolate,L,False,85.0,,https://scdn.speedsize.com/fbaf6506-81e1-43a2-bcc1-80e18c7b0146/uk.representclo.com/cdn/shop/files/dAeJ6y7YCyE2sDRXLM59-YGHHO_KhsoyL6EiEPNVlc.jpg?crop=center&height=1200&v=1759938689&width=1200
https://uk.representclo.com/products/247-uprising-oversized-t-shirt-chocolate,247 Uprising Oversized T-Shirt - Chocolate,XL,False,85.0,,https://scdn.speedsize.com/fbaf6506-81e1-43a2-bcc1-80e18c7b0146/uk.representclo.com/cdn/shop/files/dAeJ6y7YCyE2sDRXLM59-YGHHO_KhsoyL6EiEPNVlc.jpg?crop=center&height=1200&v=1759938689&width=1200
https://uk.representclo.com/products/247-uprising-oversized-t-shirt-chocolate,247 Uprising Oversized T-Shirt - Chocolate,XXL,False,85.0,,https://scdn.speedsize.com/fbaf6506-81e1-43a2-bcc1-80e18c7b0146/uk.representclo.com/cdn/shop/files/dAeJ6y7YCyE2sDRXLM59-YGHHO_KhsoyL6EiEPNVlc.jpg?crop=center&height=1200&v=1759938689&width=1200
https://uk.representclo.com/products/247-uprising-oversized-t-shirt-steel,247 Uprising Oversized T-Shirt - Steel,XXS,False,85.0,,https://scdn.speedsize.com/fbaf6506-81e1-43a2-bcc1-80e18c7b0146/uk.representclo.com/cdn/shop/files/CaeHv0fnIYI_ndI3QWIGMy7X3WN9UwOtObtXDRpI7Dg.jpg?crop=center&height=1200&v=1759938879&width=1200
https://uk.representclo.com/products/247-uprising-oversized-t-shirt-steel,247 Uprising Oversized T-Shirt - Steel,XS,True,85.0,,https://scdn.speedsize.com/fbaf6506-81e1-43a2-bcc1-80e18c7b0146/uk.representclo.com/cdn/shop/files/CaeHv0fnIYI_ndI3QWIGMy7X3WN9UwOtObtXDRpI7Dg.jpg?crop=center&height=1200&v=1759938879&width=1200
https://uk.representclo.com/products/247-uprising-oversized-t-shirt-steel,247 Uprising Oversized T-Shirt - Steel,S,False,85.0,,https://scdn.speedsize.com/fbaf6506-81e1-43a2-bcc1-80e18c7b0146/uk.representclo.com/cdn/shop/files/CaeHv0fnIYI_ndI3QWIGMy7X3WN9UwOtObtXDRpI7Dg.jpg?crop=center&height=1200&v=1759938879&width=1200
https://uk.representclo.com/products/247-uprising-oversized-t-shirt-steel,247 Uprising Oversized T-Shirt - Steel,M,False,85.0,,https://scdn.speedsize.com/fbaf6506-81e1-43a2-bcc1-80e18c7b0146/uk.representclo.com/cdn/shop/files/CaeHv0fnIYI_ndI3QWIGMy7X3WN9UwOtObtXDRpI7Dg.jpg?crop=center&height=1200&v=1759938879&width=1200
https://uk.representclo.com/products/247-uprising-oversized-t-shirt-steel,247 Uprising Oversized T-Shirt - Steel,L,False,85.0,,https://scdn.speedsize.com/fbaf6506-81e1-43a2-bcc1-80e18c7b0146/uk.representclo.com/cdn/shop/files/CaeHv0fnIYI_ndI3QWIGMy7X3WN9UwOtObtXDRpI7Dg.jpg?crop=center&height=1200&v=1759938879&width=1200
https://uk.representclo.com/products/247-uprising-oversized-t-shirt-steel,247 Uprising Oversized T-Shirt - Steel,XL,False,85.0,,https://scdn.speedsize.com/fbaf6506-81e1-43a2-bcc1-80e18c7b0146/uk.representclo.com/cdn/shop/files/CaeHv0fnIYI_ndI3QWIGMy7X3WN9UwOtObtXDRpI7Dg.jpg?crop=center&height=1200&v=1759938879&width=1200
https://uk.representclo.com/products/247-uprising-oversized-t-shirt-steel,247 Uprising Oversized T-Shirt - Steel,XXL,False,85.0,,https://scdn.speedsize.com/fbaf6506-81e1-43a2-bcc1-80e18c7b0146/uk.representclo.com/cdn/shop/files/CaeHv0fnIYI_ndI3QWIGMy7X3WN9UwOtObtXDRpI7Dg.jpg?crop=center&height=1200&v=1759938879&width=1200
https://uk.representclo.com/products/247-uprising-oversized-tank-chocolate,247 Uprising Oversized Tank - Chocolate,XXS,False,75.0,,https://scdn.speedsize.com/fbaf6506-81e1-43a2-bcc1-80e18c7b0146/uk.representclo.com/cdn/shop/files/Bjv0BNd_otf98RWw3snSAGtdKeFX4I1Fud_7U9JXI80.jpg?crop=center&height=1200&v=1759938757&width=1200
https://uk.representclo.com/products/247-uprising-oversized-tank-chocolate,247 Uprising Oversized Tank - Chocolate,XS,False,75.0,,https://scdn.speedsize.com/fbaf6506-81e1-43a2-bcc1-80e18c7b0146/uk.representclo.com/cdn/shop/files/Bjv0BNd_otf98RWw3snSAGtdKeFX4I1Fud_7U9JXI80.jpg?crop=center&height=1200&v=1759938757&width=1200
https://uk.representclo.com/products/247-uprising-oversized-tank-chocolate,247 Uprising Oversized Tank - Chocolate,S,True,75.0,,https://scdn.speedsize.com/fbaf6506-81e1-43a2-bcc1-80e18c7b0146/uk.representclo.com/cdn/shop/files/Bjv0BNd_otf98RWw3snSAGtdKeFX4I1Fud_7U9JXI80.jpg?crop=center&height=1200&v=1759938757&width=1200
https://uk.representclo.com/products/247-uprising-oversized-tank-chocolate,247 Uprising Oversized Tank - Chocolate,M,False,75.0,,https://scdn.speedsize.com/fbaf6506-81e1-43a2-bcc1-80e18c7b0146/uk.representclo.com/cdn/shop/files/Bjv0BNd_otf98RWw3snSAGtdKeFX4I1Fud_7U9JXI80.jpg?crop=center&height=1200&v=1759938757&width=1200
https://uk.representclo.com/products/247-uprising-oversized-tank-chocolate,247 Uprising Oversized Tank - Chocolate,L,False,75.0,,https://scdn.speedsize.com/fbaf6506-81e1-43a2-bcc1-80e18c7b0146/uk.representclo.com/cdn/shop/files/Bjv0BNd_otf98RWw3snSAGtdKeFX4I1Fud_7U9JXI80.jpg?crop=center&height=1200&v=1759938757&width=1200
https://uk.representclo.com/products/247-uprising-oversized-tank-chocolate,247 Uprising Oversized Tank - Chocolate,XL,False,75.0,,https://scdn.speedsize.com/fbaf6506-81e1-43a2-bcc1-80e18c7b0146/uk.representclo.com/cdn/shop/files/Bjv0BNd_otf98RWw3snSAGtdKeFX4I1Fud_7U9JXI80.jpg?crop=center&height=1200&v=1759938757&width=1200
https://uk.representclo.com/products/247-uprising-oversized-tank-chocolate,247 Uprising Oversized Tank - Chocolate,XXL,False,75.0,,https://scdn.speedsize.com/fbaf6506-81e1-43a2-bcc1-80e18c7b0146/uk.representclo.com/cdn/shop/files/Bjv0BNd_otf98RWw3snSAGtdKeFX4I1Fud_7U9JXI80.jpg?crop=center&height=1200&v=1759938757&width=1200
https://uk.representclo.com/products/247-uprising-oversized-tank-flat-white,247 Uprising Oversized Tank - Flat White,XXS,False,75.0,,https://scdn.speedsize.com/fbaf6506-81e1-43a2-bcc1-80e18c7b0146/uk.representclo.com/cdn/shop/files/k7CdH7UV0P1iNs7a1BXFVtmba44MEBKsoWzkDsAkPDI.jpg?crop=center&height=1200&v=1756199373&width=1200
https://uk.representclo.com/products/247-uprising-oversized-tank-flat-white,247 Uprising Oversized Tank - Flat White,XS,False,75.0,,https://scdn.speedsize.com/fbaf6506-81e1-43a2-bcc1-80e18c7b0146/uk.representclo.com/cdn/shop/files/k7CdH7UV0P1iNs7a1BXFVtmba44MEBKsoWzkDsAkPDI.jpg?crop=center&height=1200&v=1756199373&width=1200
https://uk.representclo.com/products/247-uprising-oversized-tank-flat-white,247 Uprising Oversized Tank - Flat White,S,False,75.0,,https://scdn.speedsize.com/fbaf6506-81e1-43a2-bcc1-80e18c7b0146/uk.representclo.com/cdn/shop/files/k7CdH7UV0P1iNs7a1BXFVtmba44MEBKsoWzkDsAkPDI.jpg?crop=center&height=1200&v=1756199373&width=1200
https://uk.representclo.com/products/247-uprising-oversized-tank-flat-white,247 Uprising Oversized Tank - Flat White,M,False,75.0,,https://scdn.speedsize.com/fbaf6506-81e1-43a2-bcc1-80e18c7b0146/uk.representclo.com/cdn/shop/files/k7CdH7UV0P1iNs7a1BXFVtmba44MEBKsoWzkDsAkPDI.jpg?crop=center&height=1200&v=1756199373&width=1200
https://uk.representclo.com/products/247-uprising-oversized-tank-flat-white,247 Uprising Oversized Tank - Flat White,L,False,75.0,,https://scdn.speedsize.com/fbaf6506-81e1-43a2-bcc1-80e18c7b0146/uk.representclo.com/cdn/shop/files/k7CdH7UV0P1iNs7a1BXFVtmba44MEBKsoWzkDsAkPDI.jpg?crop=center&height=1200&v=1756199373&width=1200
https://uk.representclo.com/products/247-uprising-oversized-tank-flat-white,247 Uprising Oversized Tank - Flat White,XL,False,75.0,,https://scdn.speedsize.com/fbaf6506-81e1-43a2-bcc1-80e18c7b0146/uk.representclo.com/cdn/shop/files/k7CdH7UV0P1iNs7a1BXFVtmba44MEBKsoWzkDsAkPDI.jpg?crop=center&height=1200&v=1756199373&width=1200
https://uk.representclo.com/products/247-uprising-oversized-tank-flat-white,247 Uprising Oversized Tank - Flat White,XXL,False,75.0,,https://scdn.speedsize.com/fbaf6506-81e1-43a2-bcc1-80e18c7b0146/uk.representclo.com/cdn/shop/files/k7CdH7UV0P1iNs7a1BXFVtmba44MEBKsoWzkDsAkPDI.jpg?crop=center&height=1200&v=1756199373&width=1200
https://uk.representclo.com/products/247-uprising-zip-hoodie-black,247 Uprising Zip Hoodie - Black,XXS,False,150.0,,https://scdn.speedsize.com/fbaf6506-81e1-43a2-bcc1-80e18c7b0146/uk.representclo.com/cdn/shop/files/CDMLEOiIFWyH48XDTcBsute1L8hUrQbGnJKw6mAiC7c.jpg?crop=center&height=1200&v=1756199405&width=1200
https://uk.representclo.com/products/247-uprising-zip-hoodie-black,247 Uprising Zip Hoodie - Black,XS,False,150.0,,https://scdn.speedsize.com/fbaf6506-81e1-43a2-bcc1-80e18c7b0146/uk.representclo.com/cdn/shop/files/CDMLEOiIFWyH48XDTcBsute1L8hUrQbGnJKw6mAiC7c.jpg?crop=center&height=1200&v=1756199405&width=1200
https://uk.representclo.com/products/247-uprising-zip-hoodie-black,247 Uprising Zip Hoodie - Black,S,True,150.0,,https://scdn.speedsize.com/fbaf6506-81e1-43a2-bcc1-80e18c7b0146/uk.representclo.com/cdn/shop/files/CDMLEOiIFWyH48XDTcBsute1L8hUrQbGnJKw6mAiC7c.jpg?crop=center&height=1200&v=1756199405&width=1200
https://uk.representclo.com/products/247-uprising-zip-hoodie-black,247 Uprising Zip Hoodie - Black,M,False,150.0,,https://scdn.speedsize.com/fbaf6506-81e1-43a2-bcc1-80e18c7b0146/uk.representclo.com/cdn/shop/files/CDMLEOiIFWyH48XDTcBsute1L8hUrQbGnJKw6mAiC7c.jpg?crop=center&height=1200&v=1756199405&width=1200
https://uk.representclo.com/products/247-uprising-zip-hoodie-black,247 Uprising Zip Hoodie - Black,L,False,150.0,,https://scdn.speedsize.com/fbaf6506-81e1-43a2-bcc1-80e18c7b0146/uk.representclo.com/cdn/shop/files/CDMLEOiIFWyH48XDTcBsute1L8hUrQbGnJKw6mAiC7c.jpg?crop=center&height=1200&v=1756199405&width=1200
https://uk.representclo.com/products/247-uprising-zip-hoodie-black,247 Uprising Zip Hoodie - Black,XL,False,150.0,,https://scdn.speedsize.com/fbaf6506-81e1-43a2-bcc1-80e18c7b0146/uk.representclo.com/cdn/shop/files/CDMLEOiIFWyH48XDTcBsute1L8hUrQbGnJKw6mAiC7c.jpg?crop=center&height=1200&v=1756199405&width=1200
https://uk.representclo.com/products/247-uprising-zip-hoodie-black,247 Uprising Zip Hoodie - Black,XXL,False,150.0,,https://scdn.speedsize.com/fbaf6506-81e1-43a2-bcc1-80e18c7b0146/uk.representclo.com/cdn/shop/files/CDMLEOiIFWyH48XDTcBsute1L8hUrQbGnJKw6mAiC7c.jpg?crop=center&height=1200&v=1756199405&width=1200
https://uk.representclo.com/products/247-uprising-zip-hoodie-steel,247 Uprising Zip Hoodie - Steel,XXS,False,150.0,,https://scdn.speedsize.com/fbaf6506-81e1-43a2-bcc1-80e18c7b0146/uk.representclo.com/cdn/shop/files/38_MnJ5oK3th_1RxhXPWyP2t7uWWbNAm2-0Ify6mReA.jpg?crop=center&height=1200&v=1759938888&width=1200
https://uk.representclo.com/products/247-uprising-zip-hoodie-steel,247 Uprising Zip Hoodie - Steel,XS,True,150.0,,https://scdn.speedsize.com/fbaf6506-81e1-43a2-bcc1-80e18c7b0146/uk.representclo.com/cdn/shop/files/38_MnJ5oK3th_1RxhXPWyP2t7uWWbNAm2-0Ify6mReA.jpg?crop=center&height=1200&v=1759938888&width=1200
https://uk.representclo.com/products/247-uprising-zip-hoodie-steel,247 Uprising Zip Hoodie - Steel,S,True,150.0,,https://scdn.speedsize.com/fbaf6506-81e1-43a2-bcc1-80e18c7b0146/uk.representclo.com/cdn/shop/files/38_MnJ5oK3th_1RxhXPWyP2t7uWWbNAm2-0Ify6mReA.jpg?crop=center&height=1200&v=1759938888&width=1200
https://uk.representclo.com/products/247-uprising-zip-hoodie-steel,247 Uprising Zip Hoodie - Steel,M,True,150.0,,https://scdn.speedsize.com/fbaf6506-81e1-43a2-bcc1-80e18c7b0146/uk.representclo.com/cdn/shop/files/38_MnJ5oK3th_1RxhXPWyP2t7uWWbNAm2-0Ify6mReA.jpg?crop=center&height=1200&v=1759938888&width=1200
https://uk.representclo.com/products/247-uprising-zip-hoodie-steel,247 Uprising Zip Hoodie - Steel,L,True,150.0,,https://scdn.speedsize.com/fbaf6506-81e1-43a2-bcc1-80e18c7b0146/uk.representclo.com/cdn/shop/files/38_MnJ5oK3th_1RxhXPWyP2t7uWWbNAm2-0Ify6mReA.jpg?crop=center&height=1200&v=1759938888&width=1200
https://uk.representclo.com/products/247-uprising-zip-hoodie-steel,247 Uprising Zip Hoodie - Steel,XL,True,150.0,,https://scdn.speedsize.com/fbaf6506-81e1-43a2-bcc1-80e18c7b0146/uk.representclo.com/cdn/shop/files/38_MnJ5oK3th_1RxhXPWyP2t7uWWbNAm2-0Ify6mReA.jpg?crop=center&height=1200&v=1759938888&width=1200
https://uk.representclo.com/products/247-uprising-zip-hoodie-steel,247 Uprising Zip Hoodie - Steel,XXL,False,150.0,,https://scdn.speedsize.com/fbaf6506-81e1-43a2-bcc1-80e18c7b0146/uk.representclo.com/cdn/shop/files/38_MnJ5oK3th_1RxhXPWyP2t7uWWbNAm2-0Ify6mReA.jpg?crop=center&height=1200&v=1759938888&width=1200
https://uk.representclo.com/products/247-waffle-beanie-jet-black,247 Waffle Beanie - Jet Black,One Size,True,40.0,,https://scdn.speedsize.com/fbaf6506-81e1-43a2-bcc1-80e18c7b0146/uk.representclo.com/cdn/shop/files/ozeWyZRcWyveNFTOrGBFppXroBcpRdRAYTqST-zp6Dk.jpg?crop=center&height=1200&v=1785506897&width=1200
https://uk.representclo.com/products/247-x-47-logo-trucker-cap-jet-black,247 x 47 Logo Trucker Cap - Jet Black,One Size,False,65.0,,https://scdn.speedsize.com/fbaf6506-81e1-43a2-bcc1-80e18c7b0146/uk.representclo.com/cdn/shop/files/0014__0002_020626_SS26SEASONAL247PACKSHOTS_00371.jpg?crop=center&height=1200&v=1771592571&width=1200
https://uk.representclo.com/products/247-x-47-taped-cap-jet-black,247 x 47 Taped Cap - Jet Black,One Size,True,60.0,,https://scdn.speedsize.com/fbaf6506-81e1-43a2-bcc1-80e18c7b0146/uk.representclo.com/cdn/shop/files/247ca5404copy2_b3db46a0-2e9e-48f9-bbf9-3a4a34300b21.jpg?crop=center&height=1200&v=1771593145&width=1200
https://uk.representclo.com/products/247-x-puma-deviate-nitro-elite-3-mens-black-alpine-snow,247 X Puma Deviate Nitro Elite 3 Men's - Black Alpine Snow,UK6 / EU40 / US7,False,195.0,,https://scdn.speedsize.com/fbaf6506-81e1-43a2-bcc1-80e18c7b0146/uk.representclo.com/cdn/shop/files/a2ydKOhgQAqOWDJVuVjQxfWT29vQMy7za_af2Fmw1Y8.jpg?crop=center&height=1200&v=1765531691&width=1200
https://uk.representclo.com/products/247-x-puma-deviate-nitro-elite-3-mens-black-alpine-snow,247 X Puma Deviate Nitro Elite 3 Men's - Black Alpine Snow,UK6.5 / EU40.5 / US7.5,False,195.0,,https://scdn.speedsize.com/fbaf6506-81e1-43a2-bcc1-80e18c7b0146/uk.representclo.com/cdn/shop/files/a2ydKOhgQAqOWDJVuVjQxfWT29vQMy7za_af2Fmw1Y8.jpg?crop=center&height=1200&v=1765531691&width=1200
https://uk.representclo.com/products/247-x-puma-deviate-nitro-elite-3-mens-black-alpine-snow,247 X Puma Deviate Nitro Elite 3 Men's - Black Alpine Snow,UK7 / EU41 / US8,False,195.0,,https://scdn.speedsize.com/fbaf6506-81e1-43a2-bcc1-80e18c7b0146/uk.representclo.com/cdn/shop/files/a2ydKOhgQAqOWDJVuVjQxfWT29vQMy7za_af2Fmw1Y8.jpg?crop=center&height=1200&v=1765531691&width=1200
https://uk.representclo.com/products/247-x-puma-deviate-nitro-elite-3-mens-black-alpine-snow,247 X Puma Deviate Nitro Elite 3 Men's - Black Alpine Snow,UK7.5 / EU41.5 / US8.5,False,195.0,,https://scdn.speedsize.com/fbaf6506-81e1-43a2-bcc1-80e18c7b0146/uk.representclo.com/cdn/shop/files/a2ydKOhgQAqOWDJVuVjQxfWT29vQMy7za_af2Fmw1Y8.jpg?crop=center&height=1200&v=1765531691&width=1200
https://uk.representclo.com/products/247-x-puma-deviate-nitro-elite-3-mens-black-alpine-snow,247 X Puma Deviate Nitro Elite 3 Men's - Black Alpine Snow,UK8 / EU42 / US9,False,195.0,,https://scdn.speedsize.com/fbaf6506-81e1-43a2-bcc1-80e18c7b0146/uk.representclo.com/cdn/shop/files/a2ydKOhgQAqOWDJVuVjQxfWT29vQMy7za_af2Fmw1Y8.jpg?crop=center&height=1200&v=1765531691&width=1200
https://uk.representclo.com/products/247-x-puma-deviate-nitro-elite-3-mens-black-alpine-snow,247 X Puma Deviate Nitro Elite 3 Men's - Black Alpine Snow,UK8.5 / EU42.5 / US9.5,False,195.0,,https://scdn.speedsize.com/fbaf6506-81e1-43a2-bcc1-80e18c7b0146/uk.representclo.com/cdn/shop/files/a2ydKOhgQAqOWDJVuVjQxfWT29vQMy7za_af2Fmw1Y8.jpg?crop=center&height=1200&v=1765531691&width=1200
https://uk.representclo.com/products/247-x-puma-deviate-nitro-elite-3-mens-black-alpine-snow,247 X Puma Deviate Nitro Elite 3 Men's - Black Alpine Snow,UK9 / EU43 / US10,False,195.0,,https://scdn.speedsize.com/fbaf6506-81e1-43a2-bcc1-80e18c7b0146/uk.representclo.com/cdn/shop/files/a2ydKOhgQAqOWDJVuVjQxfWT29vQMy7za_af2Fmw1Y8.jpg?crop=center&height=1200&v=1765531691&width=1200
https://uk.representclo.com/products/247-x-puma-deviate-nitro-elite-3-mens-black-alpine-snow,247 X Puma Deviate Nitro Elite 3 Men's - Black Alpine Snow,UK9.5 / EU43.5 / US10.5,False,195.0,,https://scdn.speedsize.com/fbaf6506-81e1-43a2-bcc1-80e18c7b0146/uk.representclo.com/cdn/shop/files/a2ydKOhgQAqOWDJVuVjQxfWT29vQMy7za_af2Fmw1Y8.jpg?crop=center&height=1200&v=1765531691&width=1200
https://uk.representclo.com/products/247-x-puma-deviate-nitro-elite-3-mens-black-alpine-snow,247 X Puma Deviate Nitro Elite 3 Men's - Black Alpine Snow,UK10 / EU44 / US11,False,195.0,,https://scdn.speedsize.com/fbaf6506-81e1-43a2-bcc1-80e18c7b0146/uk.representclo.com/cdn/shop/files/a2ydKOhgQAqOWDJVuVjQxfWT29vQMy7za_af2Fmw1Y8.jpg?crop=center&height=1200&v=1765531691&width=1200
https://uk.representclo.com/products/247-x-puma-deviate-nitro-elite-3-mens-black-alpine-snow,247 X Puma Deviate Nitro Elite 3 Men's - Black Alpine Snow,UK10.5 / EU44.5 / US11.5,False,195.0,,https://scdn.speedsize.com/fbaf6506-81e1-43a2-bcc1-80e18c7b0146/uk.representclo.com/cdn/shop/files/a2ydKOhgQAqOWDJVuVjQxfWT29vQMy7za_af2Fmw1Y8.jpg?crop=center&height=1200&v=1765531691&width=1200
https://uk.representclo.com/products/247-x-puma-deviate-nitro-elite-3-mens-black-alpine-snow,247 X Puma Deviate Nitro Elite 3 Men's - Black Alpine Snow,UK11 / EU45 / US12,False,195.0,,https://scdn.speedsize.com/fbaf6506-81e1-43a2-bcc1-80e18c7b0146/uk.representclo.com/cdn/shop/files/a2ydKOhgQAqOWDJVuVjQxfWT29vQMy7za_af2Fmw1Y8.jpg?crop=center&height=1200&v=1765531691&width=1200
https://uk.representclo.com/products/247-x-puma-deviate-nitro-elite-3-mens-black-alpine-snow,247 X Puma Deviate Nitro Elite 3 Men's - Black Alpine Snow,UK12 / EU46 / US13,False,195.0,,https://scdn.speedsize.com/fbaf6506-81e1-43a2-bcc1-80e18c7b0146/uk.representclo.com/cdn/shop/files/a2ydKOhgQAqOWDJVuVjQxfWT29vQMy7za_af2Fmw1Y8.jpg?crop=center&height=1200&v=1765531691&width=1200
https://uk.representclo.com/products/247-x-puma-deviate-nitro-elite-3-mens-black-alpine-snow,247 X Puma Deviate Nitro Elite 3 Men's - Black Alpine Snow,UK13 / EU47 / US14,False,195.0,,https://scdn.speedsize.com/fbaf6506-81e1-43a2-bcc1-80e18c7b0146/uk.representclo.com/cdn/shop/files/a2ydKOhgQAqOWDJVuVjQxfWT29vQMy7za_af2Fmw1Y8.jpg?crop=center&height=1200&v=1765531691&width=1200
https://uk.representclo.com/products/247-zip-pant-black,247 Zip Pant - Black,XS,True,130.0,,https://scdn.speedsize.com/fbaf6506-81e1-43a2-bcc1-80e18c7b0146/uk.representclo.com/cdn/shop/files/0026_247new_0017_Layer1.jpg?crop=center&height=1200&v=1685636253&width=1200
https://uk.representclo.com/products/247-zip-pant-black,247 Zip Pant - Black,S,True,130.0,,https://scdn.speedsize.com/fbaf6506-81e1-43a2-bcc1-80e18c7b0146/uk.representclo.com/cdn/shop/files/0026_247new_0017_Layer1.jpg?crop=center&height=1200&v=1685636253&width=1200
https://uk.representclo.com/products/247-zip-pant-black,247 Zip Pant - Black,M,False,130.0,,https://scdn.speedsize.com/fbaf6506-81e1-43a2-bcc1-80e18c7b0146/uk.representclo.com/cdn/shop/files/0026_247new_0017_Layer1.jpg?crop=center&height=1200&v=1685636253&width=1200
https://uk.representclo.com/products/247-zip-pant-black,247 Zip Pant - Black,L,False,130.0,,https://scdn.speedsize.com/fbaf6506-81e1-43a2-bcc1-80e18c7b0146/uk.representclo.com/cdn/shop/files/0026_247new_0017_Layer1.jpg?crop=center&height=1200&v=1685636253&width=1200
https://uk.representclo.com/products/247-zip-pant-black,247 Zip Pant - Black,XL,False,130.0,,https://scdn.speedsize.com/fbaf6506-81e1-43a2-bcc1-80e18c7b0146/uk.representclo.com/cdn/shop/files/0026_247new_0017_Layer1.jpg?crop=center&height=1200&v=1685636253&width=1200
https://uk.representclo.com/products/247-zip-pant-black,247 Zip Pant - Black,XXL,False,130.0,,https://scdn.speedsize.com/fbaf6506-81e1-43a2-bcc1-80e18c7b0146/uk.representclo.com/cdn/shop/files/0026_247new_0017_Layer1.jpg?crop=center&height=1200&v=1685636253&width=1200
https://uk.representclo.com/products/a-decade-of-dedication-extended-edition,A Decade Of Dedication Book - Extended Edition,One Size,True,125.0,,https://scdn.speedsize.com/fbaf6506-81e1-43a2-bcc1-80e18c7b0146/uk.representclo.com/cdn/shop/products/0000_book2000_0008_Hue_Saturation1copy.jpg?crop=center&height=1200&v=1685532918&width=1200
https://uk.representclo.com/products/all-over-crochet-shirt-jet-black,All Over Crochet Shirt - Jet Black,XXS,False,150.0,,https://scdn.speedsize.com/fbaf6506-81e1-43a2-bcc1-80e18c7b0146/uk.representclo.com/cdn/shop/files/0094__0001s_0000_Levels2.jpg?crop=center&height=1200&v=1742392562&width=1200
https://uk.representclo.com/products/all-over-crochet-shirt-jet-black,All Over Crochet Shirt - Jet Black,XS,True,150.0,,https://scdn.speedsize.com/fbaf6506-81e1-43a2-bcc1-80e18c7b0146/uk.representclo.com/cdn/shop/files/0094__0001s_0000_Levels2.jpg?crop=center&height=1200&v=1742392562&width=1200
https://uk.representclo.com/products/all-over-crochet-shirt-jet-black,All Over Crochet Shirt - Jet Black,S,True,150.0,,https://scdn.speedsize.com/fbaf6506-81e1-43a2-bcc1-80e18c7b0146/uk.representclo.com/cdn/shop/files/0094__0001s_0000_Levels2.jpg?crop=center&height=1200&v=1742392562&width=1200
https://uk.representclo.com/products/all-over-crochet-shirt-jet-black,All Over Crochet Shirt - Jet Black,M,True,150.0,,https://scdn.speedsize.com/fbaf6506-81e1-43a2-bcc1-80e18c7b0146/uk.representclo.com/cdn/shop/files/0094__0001s_0000_Levels2.jpg?crop=center&height=1200&v=1742392562&width=1200
https://uk.representclo.com/products/all-over-crochet-shirt-jet-black,All Over Crochet Shirt - Jet Black,L,True,150.0,,https://scdn.speedsize.com/fbaf6506-81e1-43a2-bcc1-80e18c7b0146/uk.representclo.com/cdn/shop/files/0094__0001s_0000_Levels2.jpg?crop=center&height=1200&v=1742392562&width=1200
https://uk.representclo.com/products/all-over-crochet-shirt-jet-black,All Over Crochet Shirt - Jet Black,XL,True,150.0,,https://scdn.speedsize.com/fbaf6506-81e1-43a2-bcc1-80e18c7b0146/uk.representclo.com/cdn/shop/files/0094__0001s_0000_Levels2.jpg?crop=center&height=1200&v=1742392562&width=1200
https://uk.representclo.com/products/all-over-crochet-shirt-jet-black,All Over Crochet Shirt - Jet Black,XXL,False,150.0,,https://scdn.speedsize.com/fbaf6506-81e1-43a2-bcc1-80e18c7b0146/uk.representclo.com/cdn/shop/files/0094__0001s_0000_Levels2.jpg?crop=center&height=1200&v=1742392562&width=1200
https://uk.representclo.com/products/all-over-crochet-shirt-off-white,All Over Crochet Shirt - Off White,XXS,False,150.0,,https://scdn.speedsize.com/fbaf6506-81e1-43a2-bcc1-80e18c7b0146/uk.representclo.com/cdn/shop/files/0093__0001s_0001_Levels3.jpg?crop=center&height=1200&v=1742392696&width=1200
https://uk.representclo.com/products/all-over-crochet-shirt-off-white,All Over Crochet Shirt - Off White,XS,False,150.0,,https://scdn.speedsize.com/fbaf6506-81e1-43a2-bcc1-80e18c7b0146/uk.representclo.com/cdn/shop/files/0093__0001s_0001_Levels3.jpg?crop=center&height=1200&v=1742392696&width=1200
https://uk.representclo.com/products/all-over-crochet-shirt-off-white,All Over Crochet Shirt - Off White,S,True,150.0,,https://scdn.speedsize.com/fbaf6506-81e1-43a2-bcc1-80e18c7b0146/uk.representclo.com/cdn/shop/files/0093__0001s_0001_Levels3.jpg?crop=center&height=1200&v=1742392696&width=1200
https://uk.representclo.com/products/all-over-crochet-shirt-off-white,All Over Crochet Shirt - Off White,M,False,150.0,,https://scdn.speedsize.com/fbaf6506-81e1-43a2-bcc1-80e18c7b0146/uk.representclo.com/cdn/shop/files/0093__0001s_0001_Levels3.jpg?crop=center&height=1200&v=1742392696&width=1200
https://uk.representclo.com/products/all-over-crochet-shirt-off-white,All Over Crochet Shirt - Off White,L,False,150.0,,https://scdn.speedsize.com/fbaf6506-81e1-43a2-bcc1-80e18c7b0146/uk.representclo.com/cdn/shop/files/0093__0001s_0001_Levels3.jpg?crop=center&height=1200&v=1742392696&width=1200
https://uk.representclo.com/products/all-over-crochet-shirt-off-white,All Over Crochet Shirt - Off White,XL,False,150.0,,https://scdn.speedsize.com/fbaf6506-81e1-43a2-bcc1-80e18c7b0146/uk.representclo.com/cdn/shop/files/0093__0001s_0001_Levels3.jpg?crop=center&height=1200&v=1742392696&width=1200
https://uk.representclo.com/products/all-over-crochet-shirt-off-white,All Over Crochet Shirt - Off White,XXL,False,150.0,,https://scdn.speedsize.com/fbaf6506-81e1-43a2-bcc1-80e18c7b0146/uk.representclo.com/cdn/shop/files/0093__0001s_0001_Levels3.jpg?crop=center&height=1200&v=1742392696&width=1200
https://uk.representclo.com/products/all-over-print-towel-shirt-aged-white,All Over Print Towel Shirt - Aged White,XS,True,175.0,,https://scdn.speedsize.com/fbaf6506-81e1-43a2-bcc1-80e18c7b0146/uk.representclo.com/cdn/shop/files/tIyCyMINTRxK9RDExTYODe5_2uKbnkHaO9MfDk2JWxc.jpg?crop=center&height=1200&v=1753890717&width=1200
https://uk.representclo.com/products/all-over-print-towel-shirt-aged-white,All Over Print Towel Shirt - Aged White,S,True,175.0,,https://scdn.speedsize.com/fbaf6506-81e1-43a2-bcc1-80e18c7b0146/uk.representclo.com/cdn/shop/files/tIyCyMINTRxK9RDExTYODe5_2uKbnkHaO9MfDk2JWxc.jpg?crop=center&height=1200&v=1753890717&width=1200
https://uk.representclo.com/products/all-over-print-towel-shirt-aged-white,All Over Print Towel Shirt - Aged White,M,True,175.0,,https://scdn.speedsize.com/fbaf6506-81e1-43a2-bcc1-80e18c7b0146/uk.representclo.com/cdn/shop/files/tIyCyMINTRxK9RDExTYODe5_2uKbnkHaO9MfDk2JWxc.jpg?crop=center&height=1200&v=1753890717&width=1200
https://uk.representclo.com/products/all-over-print-towel-shirt-aged-white,All Over Print Towel Shirt - Aged White,L,True,175.0,,https://scdn.speedsize.com/fbaf6506-81e1-43a2-bcc1-80e18c7b0146/uk.representclo.com/cdn/shop/files/tIyCyMINTRxK9RDExTYODe5_2uKbnkHaO9MfDk2JWxc.jpg?crop=center&height=1200&v=1753890717&width=1200
https://uk.representclo.com/products/all-over-print-towel-shirt-aged-white,All Over Print Towel Shirt - Aged White,XL,False,175.0,,https://scdn.speedsize.com/fbaf6506-81e1-43a2-bcc1-80e18c7b0146/uk.representclo.com/cdn/shop/files/tIyCyMINTRxK9RDExTYODe5_2uKbnkHaO9MfDk2JWxc.jpg?crop=center&height=1200&v=1753890717&width=1200
https://uk.representclo.com/products/all-over-print-towel-shirt-aged-white,All Over Print Towel Shirt - Aged White,XXL,False,175.0,,https://scdn.speedsize.com/fbaf6506-81e1-43a2-bcc1-80e18c7b0146/uk.representclo.com/cdn/shop/files/tIyCyMINTRxK9RDExTYODe5_2uKbnkHaO9MfDk2JWxc.jpg?crop=center&height=1200&v=1753890717&width=1200
https://uk.representclo.com/products/all-over-print-towel-short-aged-white,All Over Print Towel Short - Aged White,XS,False,135.0,,https://scdn.speedsize.com/fbaf6506-81e1-43a2-bcc1-80e18c7b0146/uk.representclo.com/cdn/shop/files/qTVxQGrTsl7NlNupYfpoAL8xdqbqSyHZy9Obj0fghI.jpg?crop=center&height=1200&v=1753890746&width=1200
https://uk.representclo.com/products/all-over-print-towel-short-aged-white,All Over Print Towel Short - Aged White,S,True,135.0,,https://scdn.speedsize.com/fbaf6506-81e1-43a2-bcc1-80e18c7b0146/uk.representclo.com/cdn/shop/files/qTVxQGrTsl7NlNupYfpoAL8xdqbqSyHZy9Obj0fghI.jpg?crop=center&height=1200&v=1753890746&width=1200
https://uk.representclo.com/products/all-over-print-towel-short-aged-white,All Over Print Towel Short - Aged White,M,False,135.0,,https://scdn.speedsize.com/fbaf6506-81e1-43a2-bcc1-80e18c7b0146/uk.representclo.com/cdn/shop/files/qTVxQGrTsl7NlNupYfpoAL8xdqbqSyHZy9Obj0fghI.jpg?crop=center&height=1200&v=1753890746&width=1200
https://uk.representclo.com/products/all-over-print-towel-short-aged-white,All Over Print Towel Short - Aged White,L,True,135.0,,https://scdn.speedsize.com/fbaf6506-81e1-43a2-bcc1-80e18c7b0146/uk.representclo.com/cdn/shop/files/qTVxQGrTsl7NlNupYfpoAL8xdqbqSyHZy9Obj0fghI.jpg?crop=center&height=1200&v=1753890746&width=1200
https://uk.representclo.com/products/all-over-print-towel-short-aged-white,All Over Print Towel Short - Aged White,XL,True,135.0,,https://scdn.speedsize.com/fbaf6506-81e1-43a2-bcc1-80e18c7b0146/uk.representclo.com/cdn/shop/files/qTVxQGrTsl7NlNupYfpoAL8xdqbqSyHZy9Obj0fghI.jpg?crop=center&height=1200&v=1753890746&width=1200
https://uk.representclo.com/products/all-over-print-towel-short-aged-white,All Over Print Towel Short - Aged White,XXL,True,135.0,,https://scdn.speedsize.com/fbaf6506-81e1-43a2-bcc1-80e18c7b0146/uk.representclo.com/cdn/shop/files/qTVxQGrTsl7NlNupYfpoAL8xdqbqSyHZy9Obj0fghI.jpg?crop=center&height=1200&v=1753890746&width=1200
https://uk.representclo.com/products/alpha-2-0-black,Alpha 2.0 - Black,UK6 / EU40 / US7,True,185.0,,https://scdn.speedsize.com/fbaf6506-81e1-43a2-bcc1-80e18c7b0146/uk.representclo.com/cdn/shop/files/rWWpY7cGlVrt1N6kRXlPczlRh1IPmVUY3bJm04qL7GQ.jpg?crop=center&height=1200&v=1731512697&width=1200
https://uk.representclo.com/products/alpha-2-0-black,Alpha 2.0 - Black,UK6.5 / EU40.5 / US7.5,True,185.0,,https://scdn.speedsize.com/fbaf6506-81e1-43a2-bcc1-80e18c7b0146/uk.representclo.com/cdn/shop/files/rWWpY7cGlVrt1N6kRXlPczlRh1IPmVUY3bJm04qL7GQ.jpg?crop=center&height=1200&v=1731512697&width=1200
https://uk.representclo.com/products/alpha-2-0-black,Alpha 2.0 - Black,UK7 / EU41 / US8,True,185.0,,https://scdn.speedsize.com/fbaf6506-81e1-43a2-bcc1-80e18c7b0146/uk.representclo.com/cdn/shop/files/rWWpY7cGlVrt1N6kRXlPczlRh1IPmVUY3bJm04qL7GQ.jpg?crop=center&height=1200&v=1731512697&width=1200
https://uk.representclo.com/products/alpha-2-0-black,Alpha 2.0 - Black,UK7.5 / EU41.5 / US8.5,False,185.0,,https://scdn.speedsize.com/fbaf6506-81e1-43a2-bcc1-80e18c7b0146/uk.representclo.com/cdn/shop/files/rWWpY7cGlVrt1N6kRXlPczlRh1IPmVUY3bJm04qL7GQ.jpg?crop=center&height=1200&v=1731512697&width=1200
https://uk.representclo.com/products/alpha-2-0-black,Alpha 2.0 - Black,UK8 / EU42 / US9,False,185.0,,https://scdn.speedsize.com/fbaf6506-81e1-43a2-bcc1-80e18c7b0146/uk.representclo.com/cdn/shop/files/rWWpY7cGlVrt1N6kRXlPczlRh1IPmVUY3bJm04qL7GQ.jpg?crop=center&height=1200&v=1731512697&width=1200
https://uk.representclo.com/products/alpha-2-0-black,Alpha 2.0 - Black,UK8.5 / EU42.5 / US9.5,False,185.0,,https://scdn.speedsize.com/fbaf6506-81e1-43a2-bcc1-80e18c7b0146/uk.representclo.com/cdn/shop/files/rWWpY7cGlVrt1N6kRXlPczlRh1IPmVUY3bJm04qL7GQ.jpg?crop=center&height=1200&v=1731512697&width=1200
https://uk.representclo.com/products/alpha-2-0-black,Alpha 2.0 - Black,UK9 / EU43 / US10,True,185.0,,https://scdn.speedsize.com/fbaf6506-81e1-43a2-bcc1-80e18c7b0146/uk.representclo.com/cdn/shop/files/rWWpY7cGlVrt1N6kRXlPczlRh1IPmVUY3bJm04qL7GQ.jpg?crop=center&height=1200&v=1731512697&width=1200
https://uk.representclo.com/products/alpha-2-0-black,Alpha 2.0 - Black,UK9.5 / EU43.5 / US10.5,False,185.0,,https://scdn.speedsize.com/fbaf6506-81e1-43a2-bcc1-80e18c7b0146/uk.representclo.com/cdn/shop/files/rWWpY7cGlVrt1N6kRXlPczlRh1IPmVUY3bJm04qL7GQ.jpg?crop=center&height=1200&v=1731512697&width=1200
https://uk.representclo.com/products/alpha-2-0-black,Alpha 2.0 - Black,UK10 / EU44 / US11,True,185.0,,https://scdn.speedsize.com/fbaf6506-81e1-43a2-bcc1-80e18c7b0146/uk.representclo.com/cdn/shop/files/rWWpY7cGlVrt1N6kRXlPczlRh1IPmVUY3bJm04qL7GQ.jpg?crop=center&height=1200&v=1731512697&width=1200
https://uk.representclo.com/products/alpha-2-0-black,Alpha 2.0 - Black,UK10.5 / EU44.5 / US11.5,True,185.0,,https://scdn.speedsize.com/fbaf6506-81e1-43a2-bcc1-80e18c7b0146/uk.representclo.com/cdn/shop/files/rWWpY7cGlVrt1N6kRXlPczlRh1IPmVUY3bJm04qL7GQ.jpg?crop=center&height=1200&v=1731512697&width=1200
https://uk.representclo.com/products/alpha-2-0-black,Alpha 2.0 - Black,UK11 / EU45 / US12,True,185.0,,https://scdn.speedsize.com/fbaf6506-81e1-43a2-bcc1-80e18c7b0146/uk.representclo.com/cdn/shop/files/rWWpY7cGlVrt1N6kRXlPczlRh1IPmVUY3bJm04qL7GQ.jpg?crop=center&height=1200&v=1731512697&width=1200
https://uk.representclo.com/products/alpha-2-0-black,Alpha 2.0 - Black,UK11.5 / EU45.5 / US12.5,False,185.0,,https://scdn.speedsize.com/fbaf6506-81e1-43a2-bcc1-80e18c7b0146/uk.representclo.com/cdn/shop/files/rWWpY7cGlVrt1N6kRXlPczlRh1IPmVUY3bJm04qL7GQ.jpg?crop=center&height=1200&v=1731512697&width=1200
https://uk.representclo.com/products/alpha-2-0-black,Alpha 2.0 - Black,UK12 / EU46 / US13,True,185.0,,https://scdn.speedsize.com/fbaf6506-81e1-43a2-bcc1-80e18c7b0146/uk.representclo.com/cdn/shop/files/rWWpY7cGlVrt1N6kRXlPczlRh1IPmVUY3bJm04qL7GQ.jpg?crop=center&height=1200&v=1731512697&width=1200
https://uk.representclo.com/products/alpha-2-0-black,Alpha 2.0 - Black,UK12.5 / EU46.5 / US13.5,False,185.0,,https://scdn.speedsize.com/fbaf6506-81e1-43a2-bcc1-80e18c7b0146/uk.representclo.com/cdn/shop/files/rWWpY7cGlVrt1N6kRXlPczlRh1IPmVUY3bJm04qL7GQ.jpg?crop=center&height=1200&v=1731512697&width=1200
https://uk.representclo.com/products/alpha-2-0-black,Alpha 2.0 - Black,UK13 / EU47 / US14,False,185.0,,https://scdn.speedsize.com/fbaf6506-81e1-43a2-bcc1-80e18c7b0146/uk.representclo.com/cdn/shop/files/rWWpY7cGlVrt1N6kRXlPczlRh1IPmVUY3bJm04qL7GQ.jpg?crop=center&height=1200&v=1731512697&width=1200
https://uk.representclo.com/products/alpha-2-0-vintage-white,Alpha 2.0 - Vintage White,UK6 / EU40 / US7,False,185.0,,https://scdn.speedsize.com/fbaf6506-81e1-43a2-bcc1-80e18c7b0146/uk.representclo.com/cdn/shop/files/a63LIjvorBmrgMbHpeOXXMU0WwxHoU4qSytbavaTvac.jpg?crop=center&height=1200&v=1731512707&width=1200
https://uk.representclo.com/products/alpha-2-0-vintage-white,Alpha 2.0 - Vintage White,UK6.5 / EU40.5 / US7.5,False,185.0,,https://scdn.speedsize.com/fbaf6506-81e1-43a2-bcc1-80e18c7b0146/uk.representclo.com/cdn/shop/files/a63LIjvorBmrgMbHpeOXXMU0WwxHoU4qSytbavaTvac.jpg?crop=center&height=1200&v=1731512707&width=1200
https://uk.representclo.com/products/alpha-2-0-vintage-white,Alpha 2.0 - Vintage White,UK7 / EU41 / US8,False,185.0,,https://scdn.speedsize.com/fbaf6506-81e1-43a2-bcc1-80e18c7b0146/uk.representclo.com/cdn/shop/files/a63LIjvorBmrgMbHpeOXXMU0WwxHoU4qSytbavaTvac.jpg?crop=center&height=1200&v=1731512707&width=1200
https://uk.representclo.com/products/alpha-2-0-vintage-white,Alpha 2.0 - Vintage White,UK7.5 / EU41.5 / US8.5,False,185.0,,https://scdn.speedsize.com/fbaf6506-81e1-43a2-bcc1-80e18c7b0146/uk.representclo.com/cdn/shop/files/a63LIjvorBmrgMbHpeOXXMU0WwxHoU4qSytbavaTvac.jpg?crop=center&height=1200&v=1731512707&width=1200
https://uk.representclo.com/products/alpha-2-0-vintage-white,Alpha 2.0 - Vintage White,UK8 / EU42 / US9,False,185.0,,https://scdn.speedsize.com/fbaf6506-81e1-43a2-bcc1-80e18c7b0146/uk.representclo.com/cdn/shop/files/a63LIjvorBmrgMbHpeOXXMU0WwxHoU4qSytbavaTvac.jpg?crop=center&height=1200&v=1731512707&width=1200
https://uk.representclo.com/products/alpha-2-0-vintage-white,Alpha 2.0 - Vintage White,UK8.5 / EU42.5 / US9.5,False,185.0,,https://scdn.speedsize.com/fbaf6506-81e1-43a2-bcc1-80e18c7b0146/uk.representclo.com/cdn/shop/files/a63LIjvorBmrgMbHpeOXXMU0WwxHoU4qSytbavaTvac.jpg?crop=center&height=1200&v=1731512707&width=1200
https://uk.representclo.com/products/alpha-2-0-vintage-white,Alpha 2.0 - Vintage White,UK9 / EU43 / US10,False,185.0,,https://scdn.speedsize.com/fbaf6506-81e1-43a2-bcc1-80e18c7b0146/uk.representclo.com/cdn/shop/files/a63LIjvorBmrgMbHpeOXXMU0WwxHoU4qSytbavaTvac.jpg?crop=center&height=1200&v=1731512707&width=1200
https://uk.representclo.com/products/alpha-2-0-vintage-white,Alpha 2.0 - Vintage White,UK9.5 / EU43.5 / US10.5,False,185.0,,https://scdn.speedsize.com/fbaf6506-81e1-43a2-bcc1-80e18c7b0146/uk.representclo.com/cdn/shop/files/a63LIjvorBmrgMbHpeOXXMU0WwxHoU4qSytbavaTvac.jpg?crop=center&height=1200&v=1731512707&width=1200
https://uk.representclo.com/products/alpha-2-0-vintage-white,Alpha 2.0 - Vintage White,UK10 / EU44 / US11,False,185.0,,https://scdn.speedsize.com/fbaf6506-81e1-43a2-bcc1-80e18c7b0146/uk.representclo.com/cdn/shop/files/a63LIjvorBmrgMbHpeOXXMU0WwxHoU4qSytbavaTvac.jpg?crop=center&height=1200&v=1731512707&width=1200
https://uk.representclo.com/products/alpha-2-0-vintage-white,Alpha 2.0 - Vintage White,UK10.5 / EU44.5 / US11.5,False,185.0,,https://scdn.speedsize.com/fbaf6506-81e1-43a2-bcc1-80e18c7b0146/uk.representclo.com/cdn/shop/files/a63LIjvorBmrgMbHpeOXXMU0WwxHoU4qSytbavaTvac.jpg?crop=center&height=1200&v=1731512707&width=1200
https://uk.representclo.com/products/alpha-2-0-vintage-white,Alpha 2.0 - Vintage White,UK11 / EU45 / US12,False,185.0,,https://scdn.speedsize.com/fbaf6506-81e1-43a2-bcc1-80e18c7b0146/uk.representclo.com/cdn/shop/files/a63LIjvorBmrgMbHpeOXXMU0WwxHoU4qSytbavaTvac.jpg?crop=center&height=1200&v=1731512707&width=1200
https://uk.representclo.com/products/alpha-2-0-vintage-white,Alpha 2.0 - Vintage White,UK11.5 / EU45.5 / US12.5,False,185.0,,https://scdn.speedsize.com/fbaf6506-81e1-43a2-bcc1-80e18c7b0146/uk.representclo.com/cdn/shop/files/a63LIjvorBmrgMbHpeOXXMU0WwxHoU4qSytbavaTvac.jpg?crop=center&height=1200&v=1731512707&width=1200
https://uk.representclo.com/products/alpha-2-0-vintage-white,Alpha 2.0 - Vintage White,UK12 / EU46 / US13,False,185.0,,https://scdn.speedsize.com/fbaf6506-81e1-43a2-bcc1-80e18c7b0146/uk.representclo.com/cdn/shop/files/a63LIjvorBmrgMbHpeOXXMU0WwxHoU4qSytbavaTvac.jpg?crop=center&height=1200&v=1731512707&width=1200
https://uk.representclo.com/products/alpha-2-0-vintage-white,Alpha 2.0 - Vintage White,UK12.5 / EU46.5 / US13.5,False,185.0,,https://scdn.speedsize.com/fbaf6506-81e1-43a2-bcc1-80e18c7b0146/uk.representclo.com/cdn/shop/files/a63LIjvorBmrgMbHpeOXXMU0WwxHoU4qSytbavaTvac.jpg?crop=center&height=1200&v=1731512707&width=1200
https://uk.representclo.com/products/alpha-2-0-vintage-white,Alpha 2.0 - Vintage White,UK13 / EU47 / US14,False,185.0,,https://scdn.speedsize.com/fbaf6506-81e1-43a2-bcc1-80e18c7b0146/uk.representclo.com/cdn/shop/files/a63LIjvorBmrgMbHpeOXXMU0WwxHoU4qSytbavaTvac.jpg?crop=center&height=1200&v=1731512707&width=1200
https://uk.representclo.com/products/alpha-wrap-jet-black,Alpha Wrap - Jet Black,UK6 / EU40 / US7,True,210.0,,https://scdn.speedsize.com/fbaf6506-81e1-43a2-bcc1-80e18c7b0146/uk.representclo.com/cdn/shop/files/ALPHAVINTAGEWHITE3_0002_ALPHAJETBLACK3_a45ca45b-8afc-43d6-b6c8-4c3fcbe0e5ca.jpg?crop=center&height=1200&v=1759413608&width=1200
https://uk.representclo.com/products/alpha-wrap-jet-black,Alpha Wrap - Jet Black,UK6.5 / EU40.5 / US7.5,True,210.0,,https://scdn.speedsize.com/fbaf6506-81e1-43a2-bcc1-80e18c7b0146/uk.representclo.com/cdn/shop/files/ALPHAVINTAGEWHITE3_0002_ALPHAJETBLACK3_a45ca45b-8afc-43d6-b6c8-4c3fcbe0e5ca.jpg?crop=center&height=1200&v=1759413608&width=1200
https://uk.representclo.com/products/alpha-wrap-jet-black,Alpha Wrap - Jet Black,UK7 / EU41 / US8,False,210.0,,https://scdn.speedsize.com/fbaf6506-81e1-43a2-bcc1-80e18c7b0146/uk.representclo.com/cdn/shop/files/ALPHAVINTAGEWHITE3_0002_ALPHAJETBLACK3_a45ca45b-8afc-43d6-b6c8-4c3fcbe0e5ca.jpg?crop=center&height=1200&v=1759413608&width=1200
https://uk.representclo.com/products/alpha-wrap-jet-black,Alpha Wrap - Jet Black,UK7.5 / EU41.5 / US8.5,False,210.0,,https://scdn.speedsize.com/fbaf6506-81e1-43a2-bcc1-80e18c7b0146/uk.representclo.com/cdn/shop/files/ALPHAVINTAGEWHITE3_0002_ALPHAJETBLACK3_a45ca45b-8afc-43d6-b6c8-4c3fcbe0e5ca.jpg?crop=center&height=1200&v=1759413608&width=1200
https://uk.representclo.com/products/alpha-wrap-jet-black,Alpha Wrap - Jet Black,UK8 / EU42 / US9,True,210.0,,https://scdn.speedsize.com/fbaf6506-81e1-43a2-bcc1-80e18c7b0146/uk.representclo.com/cdn/shop/files/ALPHAVINTAGEWHITE3_0002_ALPHAJETBLACK3_a45ca45b-8afc-43d6-b6c8-4c3fcbe0e5ca.jpg?crop=center&height=1200&v=1759413608&width=1200
https://uk.representclo.com/products/alpha-wrap-jet-black,Alpha Wrap - Jet Black,UK8.5 / EU42.5 / US9.5,True,210.0,,https://scdn.speedsize.com/fbaf6506-81e1-43a2-bcc1-80e18c7b0146/uk.representclo.com/cdn/shop/files/ALPHAVINTAGEWHITE3_0002_ALPHAJETBLACK3_a45ca45b-8afc-43d6-b6c8-4c3fcbe0e5ca.jpg?crop=center&height=1200&v=1759413608&width=1200
https://uk.representclo.com/products/alpha-wrap-jet-black,Alpha Wrap - Jet Black,UK9 / EU43 / US10,True,210.0,,https://scdn.speedsize.com/fbaf6506-81e1-43a2-bcc1-80e18c7b0146/uk.representclo.com/cdn/shop/files/ALPHAVINTAGEWHITE3_0002_ALPHAJETBLACK3_a45ca45b-8afc-43d6-b6c8-4c3fcbe0e5ca.jpg?crop=center&height=1200&v=1759413608&width=1200
https://uk.representclo.com/products/alpha-wrap-jet-black,Alpha Wrap - Jet Black,UK9.5 / EU43.5 / US10.5,True,210.0,,https://scdn.speedsize.com/fbaf6506-81e1-43a2-bcc1-80e18c7b0146/uk.representclo.com/cdn/shop/files/ALPHAVINTAGEWHITE3_0002_ALPHAJETBLACK3_a45ca45b-8afc-43d6-b6c8-4c3fcbe0e5ca.jpg?crop=center&height=1200&v=1759413608&width=1200
https://uk.representclo.com/products/alpha-wrap-jet-black,Alpha Wrap - Jet Black,UK10 / EU44 / US11,True,210.0,,https://scdn.speedsize.com/fbaf6506-81e1-43a2-bcc1-80e18c7b0146/uk.representclo.com/cdn/shop/files/ALPHAVINTAGEWHITE3_0002_ALPHAJETBLACK3_a45ca45b-8afc-43d6-b6c8-4c3fcbe0e5ca.jpg?crop=center&height=1200&v=1759413608&width=1200
https://uk.representclo.com/products/alpha-wrap-jet-black,Alpha Wrap - Jet Black,UK10.5 / EU44.5 / US11.5,True,210.0,,https://scdn.speedsize.com/fbaf6506-81e1-43a2-bcc1-80e18c7b0146/uk.representclo.com/cdn/shop/files/ALPHAVINTAGEWHITE3_0002_ALPHAJETBLACK3_a45ca45b-8afc-43d6-b6c8-4c3fcbe0e5ca.jpg?crop=center&height=1200&v=1759413608&width=1200
https://uk.representclo.com/products/alpha-wrap-jet-black,Alpha Wrap - Jet Black,UK11 / EU45 / US12,True,210.0,,https://scdn.speedsize.com/fbaf6506-81e1-43a2-bcc1-80e18c7b0146/uk.representclo.com/cdn/shop/files/ALPHAVINTAGEWHITE3_0002_ALPHAJETBLACK3_a45ca45b-8afc-43d6-b6c8-4c3fcbe0e5ca.jpg?crop=center&height=1200&v=1759413608&width=1200
https://uk.representclo.com/products/alpha-wrap-jet-black,Alpha Wrap - Jet Black,UK11.5 / EU45.5 / US12.5,True,210.0,,https://scdn.speedsize.com/fbaf6506-81e1-43a2-bcc1-80e18c7b0146/uk.representclo.com/cdn/shop/files/ALPHAVINTAGEWHITE3_0002_ALPHAJETBLACK3_a45ca45b-8afc-43d6-b6c8-4c3fcbe0e5ca.jpg?crop=center&height=1200&v=1759413608&width=1200
https://uk.representclo.com/products/alpha-wrap-jet-black,Alpha Wrap - Jet Black,UK12 / EU46 / US13,True,210.0,,https://scdn.speedsize.com/fbaf6506-81e1-43a2-bcc1-80e18c7b0146/uk.representclo.com/cdn/shop/files/ALPHAVINTAGEWHITE3_0002_ALPHAJETBLACK3_a45ca45b-8afc-43d6-b6c8-4c3fcbe0e5ca.jpg?crop=center&height=1200&v=1759413608&width=1200
https://uk.representclo.com/products/alpha-wrap-jet-black,Alpha Wrap - Jet Black,UK12.5 / EU46.5 / US13.5,False,210.0,,https://scdn.speedsize.com/fbaf6506-81e1-43a2-bcc1-80e18c7b0146/uk.representclo.com/cdn/shop/files/ALPHAVINTAGEWHITE3_0002_ALPHAJETBLACK3_a45ca45b-8afc-43d6-b6c8-4c3fcbe0e5ca.jpg?crop=center&height=1200&v=1759413608&width=1200
https://uk.representclo.com/products/alpha-wrap-jet-black,Alpha Wrap - Jet Black,UK13 / EU47 / US14,False,210.0,,https://scdn.speedsize.com/fbaf6506-81e1-43a2-bcc1-80e18c7b0146/uk.representclo.com/cdn/shop/files/ALPHAVINTAGEWHITE3_0002_ALPHAJETBLACK3_a45ca45b-8afc-43d6-b6c8-4c3fcbe0e5ca.jpg?crop=center&height=1200&v=1759413608&width=1200
https://uk.representclo.com/products/alpha-wrap-vintage-white,Alpha Wrap - Vintage White,UK6 / EU40 / US7,False,210.0,,https://scdn.speedsize.com/fbaf6506-81e1-43a2-bcc1-80e18c7b0146/uk.representclo.com/cdn/shop/files/ALPHAVINTAGEWHITE3_0005_Layer0copy_a850b885-d6f0-42e0-84f4-dd8ddf462f8d.jpg?crop=center&height=1200&v=1759413626&width=1200
https://uk.representclo.com/products/alpha-wrap-vintage-white,Alpha Wrap - Vintage White,UK6.5 / EU40.5 / US7.5,False,210.0,,https://scdn.speedsize.com/fbaf6506-81e1-43a2-bcc1-80e18c7b0146/uk.representclo.com/cdn/shop/files/ALPHAVINTAGEWHITE3_0005_Layer0copy_a850b885-d6f0-42e0-84f4-dd8ddf462f8d.jpg?crop=center&height=1200&v=1759413626&width=1200
https://uk.representclo.com/products/alpha-wrap-vintage-white,Alpha Wrap - Vintage White,UK7 / EU41 / US8,False,210.0,,https://scdn.speedsize.com/fbaf6506-81e1-43a2-bcc1-80e18c7b0146/uk.representclo.com/cdn/shop/files/ALPHAVINTAGEWHITE3_0005_Layer0copy_a850b885-d6f0-42e0-84f4-dd8ddf462f8d.jpg?crop=center&height=1200&v=1759413626&width=1200
https://uk.representclo.com/products/alpha-wrap-vintage-white,Alpha Wrap - Vintage White,UK7.5 / EU41.5 / US8.5,False,210.0,,https://scdn.speedsize.com/fbaf6506-81e1-43a2-bcc1-80e18c7b0146/uk.representclo.com/cdn/shop/files/ALPHAVINTAGEWHITE3_0005_Layer0copy_a850b885-d6f0-42e0-84f4-dd8ddf462f8d.jpg?crop=center&height=1200&v=1759413626&width=1200
https://uk.representclo.com/products/alpha-wrap-vintage-white,Alpha Wrap - Vintage White,UK8 / EU42 / US9,True,210.0,,https://scdn.speedsize.com/fbaf6506-81e1-43a2-bcc1-80e18c7b0146/uk.representclo.com/cdn/shop/files/ALPHAVINTAGEWHITE3_0005_Layer0copy_a850b885-d6f0-42e0-84f4-dd8ddf462f8d.jpg?crop=center&height=1200&v=1759413626&width=1200
https://uk.representclo.com/products/alpha-wrap-vintage-white,Alpha Wrap - Vintage White,UK8.5 / EU42.5 / US9.5,False,210.0,,https://scdn.speedsize.com/fbaf6506-81e1-43a2-bcc1-80e18c7b0146/uk.representclo.com/cdn/shop/files/ALPHAVINTAGEWHITE3_0005_Layer0copy_a850b885-d6f0-42e0-84f4-dd8ddf462f8d.jpg?crop=center&height=1200&v=1759413626&width=1200
https://uk.representclo.com/products/alpha-wrap-vintage-white,Alpha Wrap - Vintage White,UK9 / EU43 / US10,True,210.0,,https://scdn.speedsize.com/fbaf6506-81e1-43a2-bcc1-80e18c7b0146/uk.representclo.com/cdn/shop/files/ALPHAVINTAGEWHITE3_0005_Layer0copy_a850b885-d6f0-42e0-84f4-dd8ddf462f8d.jpg?crop=center&height=1200&v=1759413626&width=1200
https://uk.representclo.com/products/alpha-wrap-vintage-white,Alpha Wrap - Vintage White,UK9.5 / EU43.5 / US10.5,False,210.0,,https://scdn.speedsize.com/fbaf6506-81e1-43a2-bcc1-80e18c7b0146/uk.representclo.com/cdn/shop/files/ALPHAVINTAGEWHITE3_0005_Layer0copy_a850b885-d6f0-42e0-84f4-dd8ddf462f8d.jpg?crop=center&height=1200&v=1759413626&width=1200
https://uk.representclo.com/products/alpha-wrap-vintage-white,Alpha Wrap - Vintage White,UK10 / EU44 / US11,True,210.0,,https://scdn.speedsize.com/fbaf6506-81e1-43a2-bcc1-80e18c7b0146/uk.representclo.com/cdn/shop/files/ALPHAVINTAGEWHITE3_0005_Layer0copy_a850b885-d6f0-42e0-84f4-dd8ddf462f8d.jpg?crop=center&height=1200&v=1759413626&width=1200
https://uk.representclo.com/products/alpha-wrap-vintage-white,Alpha Wrap - Vintage White,UK10.5 / EU44.5 / US11.5,False,210.0,,https://scdn.speedsize.com/fbaf6506-81e1-43a2-bcc1-80e18c7b0146/uk.representclo.com/cdn/shop/files/ALPHAVINTAGEWHITE3_0005_Layer0copy_a850b885-d6f0-42e0-84f4-dd8ddf462f8d.jpg?crop=center&height=1200&v=1759413626&width=1200
https://uk.representclo.com/products/alpha-wrap-vintage-white,Alpha Wrap - Vintage White,UK11 / EU45 / US12,True,210.0,,https://scdn.speedsize.com/fbaf6506-81e1-43a2-bcc1-80e18c7b0146/uk.representclo.com/cdn/shop/files/ALPHAVINTAGEWHITE3_0005_Layer0copy_a850b885-d6f0-42e0-84f4-dd8ddf462f8d.jpg?crop=center&height=1200&v=1759413626&width=1200
https://uk.representclo.com/products/alpha-wrap-vintage-white,Alpha Wrap - Vintage White,UK11.5 / EU45.5 / US12.5,True,210.0,,https://scdn.speedsize.com/fbaf6506-81e1-43a2-bcc1-80e18c7b0146/uk.representclo.com/cdn/shop/files/ALPHAVINTAGEWHITE3_0005_Layer0copy_a850b885-d6f0-42e0-84f4-dd8ddf462f8d.jpg?crop=center&height=1200&v=1759413626&width=1200
https://uk.representclo.com/products/alpha-wrap-vintage-white,Alpha Wrap - Vintage White,UK12 / EU46 / US13,True,210.0,,https://scdn.speedsize.com/fbaf6506-81e1-43a2-bcc1-80e18c7b0146/uk.representclo.com/cdn/shop/files/ALPHAVINTAGEWHITE3_0005_Layer0copy_a850b885-d6f0-42e0-84f4-dd8ddf462f8d.jpg?crop=center&height=1200&v=1759413626&width=1200
https://uk.representclo.com/products/alpha-wrap-vintage-white,Alpha Wrap - Vintage White,UK12.5 / EU46.5 / US13.5,False,210.0,,https://scdn.speedsize.com/fbaf6506-81e1-43a2-bcc1-80e18c7b0146/uk.representclo.com/cdn/shop/files/ALPHAVINTAGEWHITE3_0005_Layer0copy_a850b885-d6f0-42e0-84f4-dd8ddf462f8d.jpg?crop=center&height=1200&v=1759413626&width=1200
https://uk.representclo.com/products/alpha-wrap-vintage-white,Alpha Wrap - Vintage White,UK13 / EU47 / US14,False,210.0,,https://scdn.speedsize.com/fbaf6506-81e1-43a2-bcc1-80e18c7b0146/uk.representclo.com/cdn/shop/files/ALPHAVINTAGEWHITE3_0005_Layer0copy_a850b885-d6f0-42e0-84f4-dd8ddf462f8d.jpg?crop=center&height=1200&v=1759413626&width=1200
https://uk.representclo.com/products/american-football-jersey-chalk,American Football Jersey - Chalk,XXS,False,120.0,,https://scdn.speedsize.com/fbaf6506-81e1-43a2-bcc1-80e18c7b0146/uk.representclo.com/cdn/shop/files/R5Kq5dZ1vkp-VNStmYfwNU2MeQTWgq-FCCGvTslljLU.jpg?crop=center&height=1200&v=1774436733&width=1200
https://uk.representclo.com/products/american-football-jersey-chalk,American Football Jersey - Chalk,XS,True,120.0,,https://scdn.speedsize.com/fbaf6506-81e1-43a2-bcc1-80e18c7b0146/uk.representclo.com/cdn/shop/files/R5Kq5dZ1vkp-VNStmYfwNU2MeQTWgq-FCCGvTslljLU.jpg?crop=center&height=1200&v=1774436733&width=1200
https://uk.representclo.com/products/american-football-jersey-chalk,American Football Jersey - Chalk,S,True,120.0,,https://scdn.speedsize.com/fbaf6506-81e1-43a2-bcc1-80e18c7b0146/uk.representclo.com/cdn/shop/files/R5Kq5dZ1vkp-VNStmYfwNU2MeQTWgq-FCCGvTslljLU.jpg?crop=center&height=1200&v=1774436733&width=1200
https://uk.representclo.com/products/american-football-jersey-chalk,American Football Jersey - Chalk,M,True,120.0,,https://scdn.speedsize.com/fbaf6506-81e1-43a2-bcc1-80e18c7b0146/uk.representclo.com/cdn/shop/files/R5Kq5dZ1vkp-VNStmYfwNU2MeQTWgq-FCCGvTslljLU.jpg?crop=center&height=1200&v=1774436733&width=1200
https://uk.representclo.com/products/american-football-jersey-chalk,American Football Jersey - Chalk,L,True,120.0,,https://scdn.speedsize.com/fbaf6506-81e1-43a2-bcc1-80e18c7b0146/uk.representclo.com/cdn/shop/files/R5Kq5dZ1vkp-VNStmYfwNU2MeQTWgq-FCCGvTslljLU.jpg?crop=center&height=1200&v=1774436733&width=1200
https://uk.representclo.com/products/american-football-jersey-chalk,American Football Jersey - Chalk,XL,True,120.0,,https://scdn.speedsize.com/fbaf6506-81e1-43a2-bcc1-80e18c7b0146/uk.representclo.com/cdn/shop/files/R5Kq5dZ1vkp-VNStmYfwNU2MeQTWgq-FCCGvTslljLU.jpg?crop=center&height=1200&v=1774436733&width=1200
https://uk.representclo.com/products/american-football-jersey-chalk,American Football Jersey - Chalk,XXL,True,120.0,,https://scdn.speedsize.com/fbaf6506-81e1-43a2-bcc1-80e18c7b0146/uk.representclo.com/cdn/shop/files/R5Kq5dZ1vkp-VNStmYfwNU2MeQTWgq-FCCGvTslljLU.jpg?crop=center&height=1200&v=1774436733&width=1200
https://uk.representclo.com/products/angel-border-sweater-stained-black,Angel Border Sweater - Stained Black,XXS,False,150.0,,https://scdn.speedsize.com/fbaf6506-81e1-43a2-bcc1-80e18c7b0146/uk.representclo.com/cdn/shop/files/uH87UdsUpZtUulWmx4GNZVc6hFX_tYJm8fzrFcGfXU0.jpg?crop=center&height=1200&v=1759249587&width=1200
https://uk.representclo.com/products/angel-border-sweater-stained-black,Angel Border Sweater - Stained Black,XS,True,150.0,,https://scdn.speedsize.com/fbaf6506-81e1-43a2-bcc1-80e18c7b0146/uk.representclo.com/cdn/shop/files/uH87UdsUpZtUulWmx4GNZVc6hFX_tYJm8fzrFcGfXU0.jpg?crop=center&height=1200&v=1759249587&width=1200
https://uk.representclo.com/products/angel-border-sweater-stained-black,Angel Border Sweater - Stained Black,S,True,150.0,,https://scdn.speedsize.com/fbaf6506-81e1-43a2-bcc1-80e18c7b0146/uk.representclo.com/cdn/shop/files/uH87UdsUpZtUulWmx4GNZVc6hFX_tYJm8fzrFcGfXU0.jpg?crop=center&height=1200&v=1759249587&width=1200
https://uk.representclo.com/products/angel-border-sweater-stained-black,Angel Border Sweater - Stained Black,M,True,150.0,,https://scdn.speedsize.com/fbaf6506-81e1-43a2-bcc1-80e18c7b0146/uk.representclo.com/cdn/shop/files/uH87UdsUpZtUulWmx4GNZVc6hFX_tYJm8fzrFcGfXU0.jpg?crop=center&height=1200&v=1759249587&width=1200
https://uk.representclo.com/products/angel-border-sweater-stained-black,Angel Border Sweater - Stained Black,L,True,150.0,,https://scdn.speedsize.com/fbaf6506-81e1-43a2-bcc1-80e18c7b0146/uk.representclo.com/cdn/shop/files/uH87UdsUpZtUulWmx4GNZVc6hFX_tYJm8fzrFcGfXU0.jpg?crop=center&height=1200&v=1759249587&width=1200
https://uk.representclo.com/products/angel-border-sweater-stained-black,Angel Border Sweater - Stained Black,XL,True,150.0,,https://scdn.speedsize.com/fbaf6506-81e1-43a2-bcc1-80e18c7b0146/uk.representclo.com/cdn/shop/files/uH87UdsUpZtUulWmx4GNZVc6hFX_tYJm8fzrFcGfXU0.jpg?crop=center&height=1200&v=1759249587&width=1200
https://uk.representclo.com/products/angel-border-sweater-stained-black,Angel Border Sweater - Stained Black,XXL,True,150.0,,https://scdn.speedsize.com/fbaf6506-81e1-43a2-bcc1-80e18c7b0146/uk.representclo.com/cdn/shop/files/uH87UdsUpZtUulWmx4GNZVc6hFX_tYJm8fzrFcGfXU0.jpg?crop=center&height=1200&v=1759249587&width=1200
https://uk.representclo.com/products/angel-border-t-shirt-quartz,Angel Border T-Shirt - Quartz,XXS,False,100.0,,https://scdn.speedsize.com/fbaf6506-81e1-43a2-bcc1-80e18c7b0146/uk.representclo.com/cdn/shop/files/DXr4x2jdw2QffSIggJRO-ShTpEHNEN1YgdQxjscBFSc.jpg?crop=center&height=1200&v=1759249634&width=1200
https://uk.representclo.com/products/angel-border-t-shirt-quartz,Angel Border T-Shirt - Quartz,XS,True,100.0,,https://scdn.speedsize.com/fbaf6506-81e1-43a2-bcc1-80e18c7b0146/uk.representclo.com/cdn/shop/files/DXr4x2jdw2QffSIggJRO-ShTpEHNEN1YgdQxjscBFSc.jpg?crop=center&height=1200&v=1759249634&width=1200
https://uk.representclo.com/products/angel-border-t-shirt-quartz,Angel Border T-Shirt - Quartz,S,True,100.0,,https://scdn.speedsize.com/fbaf6506-81e1-43a2-bcc1-80e18c7b0146/uk.representclo.com/cdn/shop/files/DXr4x2jdw2QffSIggJRO-ShTpEHNEN1YgdQxjscBFSc.jpg?crop=center&height=1200&v=1759249634&width=1200
https://uk.representclo.com/products/angel-border-t-shirt-quartz,Angel Border T-Shirt - Quartz,M,False,100.0,,https://scdn.speedsize.com/fbaf6506-81e1-43a2-bcc1-80e18c7b0146/uk.representclo.com/cdn/shop/files/DXr4x2jdw2QffSIggJRO-ShTpEHNEN1YgdQxjscBFSc.jpg?crop=center&height=1200&v=1759249634&width=1200
https://uk.representclo.com/products/angel-border-t-shirt-quartz,Angel Border T-Shirt - Quartz,L,False,100.0,,https://scdn.speedsize.com/fbaf6506-81e1-43a2-bcc1-80e18c7b0146/uk.representclo.com/cdn/shop/files/DXr4x2jdw2QffSIggJRO-ShTpEHNEN1YgdQxjscBFSc.jpg?crop=center&height=1200&v=1759249634&width=1200
https://uk.representclo.com/products/angel-border-t-shirt-quartz,Angel Border T-Shirt - Quartz,XL,False,100.0,,https://scdn.speedsize.com/fbaf6506-81e1-43a2-bcc1-80e18c7b0146/uk.representclo.com/cdn/shop/files/DXr4x2jdw2QffSIggJRO-ShTpEHNEN1YgdQxjscBFSc.jpg?crop=center&height=1200&v=1759249634&width=1200
https://uk.representclo.com/products/angel-border-t-shirt-quartz,Angel Border T-Shirt - Quartz,XXL,False,100.0,,https://scdn.speedsize.com/fbaf6506-81e1-43a2-bcc1-80e18c7b0146/uk.representclo.com/cdn/shop/files/DXr4x2jdw2QffSIggJRO-ShTpEHNEN1YgdQxjscBFSc.jpg?crop=center&height=1200&v=1759249634&width=1200
https://uk.representclo.com/products/angel-border-t-shirt-stained-black,Angel Border T-Shirt - Stained Black,XXS,True,100.0,,https://scdn.speedsize.com/fbaf6506-81e1-43a2-bcc1-80e18c7b0146/uk.representclo.com/cdn/shop/files/YGlAogTbnDoNEbpcoQ1U6gx6XADh5TDRrYUWnjgvJXU.jpg?crop=center&height=1200&v=1759249676&width=1200
https://uk.representclo.com/products/angel-border-t-shirt-stained-black,Angel Border T-Shirt - Stained Black,XS,True,100.0,,https://scdn.speedsize.com/fbaf6506-81e1-43a2-bcc1-80e18c7b0146/uk.representclo.com/cdn/shop/files/YGlAogTbnDoNEbpcoQ1U6gx6XADh5TDRrYUWnjgvJXU.jpg?crop=center&height=1200&v=1759249676&width=1200
https://uk.representclo.com/products/angel-border-t-shirt-stained-black,Angel Border T-Shirt - Stained Black,S,True,100.0,,https://scdn.speedsize.com/fbaf6506-81e1-43a2-bcc1-80e18c7b0146/uk.representclo.com/cdn/shop/files/YGlAogTbnDoNEbpcoQ1U6gx6XADh5TDRrYUWnjgvJXU.jpg?crop=center&height=1200&v=1759249676&width=1200
https://uk.representclo.com/products/angel-border-t-shirt-stained-black,Angel Border T-Shirt - Stained Black,M,True,100.0,,https://scdn.speedsize.com/fbaf6506-81e1-43a2-bcc1-80e18c7b0146/uk.representclo.com/cdn/shop/files/YGlAogTbnDoNEbpcoQ1U6gx6XADh5TDRrYUWnjgvJXU.jpg?crop=center&height=1200&v=1759249676&width=1200
https://uk.representclo.com/products/angel-border-t-shirt-stained-black,Angel Border T-Shirt - Stained Black,L,True,100.0,,https://scdn.speedsize.com/fbaf6506-81e1-43a2-bcc1-80e18c7b0146/uk.representclo.com/cdn/shop/files/YGlAogTbnDoNEbpcoQ1U6gx6XADh5TDRrYUWnjgvJXU.jpg?crop=center&height=1200&v=1759249676&width=1200
https://uk.representclo.com/products/angel-border-t-shirt-stained-black,Angel Border T-Shirt - Stained Black,XL,False,100.0,,https://scdn.speedsize.com/fbaf6506-81e1-43a2-bcc1-80e18c7b0146/uk.representclo.com/cdn/shop/files/YGlAogTbnDoNEbpcoQ1U6gx6XADh5TDRrYUWnjgvJXU.jpg?crop=center&height=1200&v=1759249676&width=1200
https://uk.representclo.com/products/angel-border-t-shirt-stained-black,Angel Border T-Shirt - Stained Black,XXL,False,100.0,,https://scdn.speedsize.com/fbaf6506-81e1-43a2-bcc1-80e18c7b0146/uk.representclo.com/cdn/shop/files/YGlAogTbnDoNEbpcoQ1U6gx6XADh5TDRrYUWnjgvJXU.jpg?crop=center&height=1200&v=1759249676&width=1200
https://uk.representclo.com/products/angel-border-t-shirt-washed-ecru,Angel Border T-Shirt - Washed Ecru,XXS,True,100.0,,https://scdn.speedsize.com/fbaf6506-81e1-43a2-bcc1-80e18c7b0146/uk.representclo.com/cdn/shop/files/qF-U2WzRBQcRv3mV-vnqmtn-hUcKwGKc54AwEyAR3Pw.jpg?crop=center&height=1200&v=1759249708&width=1200
https://uk.representclo.com/products/angel-border-t-shirt-washed-ecru,Angel Border T-Shirt - Washed Ecru,XS,True,100.0,,https://scdn.speedsize.com/fbaf6506-81e1-43a2-bcc1-80e18c7b0146/uk.representclo.com/cdn/shop/files/qF-U2WzRBQcRv3mV-vnqmtn-hUcKwGKc54AwEyAR3Pw.jpg?crop=center&height=1200&v=1759249708&width=1200
https://uk.representclo.com/products/angel-border-t-shirt-washed-ecru,Angel Border T-Shirt - Washed Ecru,S,True,100.0,,https://scdn.speedsize.com/fbaf6506-81e1-43a2-bcc1-80e18c7b0146/uk.representclo.com/cdn/shop/files/qF-U2WzRBQcRv3mV-vnqmtn-hUcKwGKc54AwEyAR3Pw.jpg?crop=center&height=1200&v=1759249708&width=1200
https://uk.representclo.com/products/angel-border-t-shirt-washed-ecru,Angel Border T-Shirt - Washed Ecru,M,True,100.0,,https://scdn.speedsize.com/fbaf6506-81e1-43a2-bcc1-80e18c7b0146/uk.representclo.com/cdn/shop/files/qF-U2WzRBQcRv3mV-vnqmtn-hUcKwGKc54AwEyAR3Pw.jpg?crop=center&height=1200&v=1759249708&width=1200
https://uk.representclo.com/products/angel-border-t-shirt-washed-ecru,Angel Border T-Shirt - Washed Ecru,L,True,100.0,,https://scdn.speedsize.com/fbaf6506-81e1-43a2-bcc1-80e18c7b0146/uk.representclo.com/cdn/shop/files/qF-U2WzRBQcRv3mV-vnqmtn-hUcKwGKc54AwEyAR3Pw.jpg?crop=center&height=1200&v=1759249708&width=1200
https://uk.representclo.com/products/angel-border-t-shirt-washed-ecru,Angel Border T-Shirt - Washed Ecru,XL,True,100.0,,https://scdn.speedsize.com/fbaf6506-81e1-43a2-bcc1-80e18c7b0146/uk.representclo.com/cdn/shop/files/qF-U2WzRBQcRv3mV-vnqmtn-hUcKwGKc54AwEyAR3Pw.jpg?crop=center&height=1200&v=1759249708&width=1200
https://uk.representclo.com/products/angel-border-t-shirt-washed-ecru,Angel Border T-Shirt - Washed Ecru,XXL,False,100.0,,https://scdn.speedsize.com/fbaf6506-81e1-43a2-bcc1-80e18c7b0146/uk.representclo.com/cdn/shop/files/qF-U2WzRBQcRv3mV-vnqmtn-hUcKwGKc54AwEyAR3Pw.jpg?crop=center&height=1200&v=1759249708&width=1200
https://uk.representclo.com/products/apex-black-vintage-white-bf,Apex - Black Vintage White,UK6 / EU40 / US7,True,195.0,,https://scdn.speedsize.com/fbaf6506-81e1-43a2-bcc1-80e18c7b0146/uk.representclo.com/cdn/shop/files/bwapex_0003_Layer9.jpg?crop=center&height=1200&v=1732096075&width=1200
https://uk.representclo.com/products/apex-black-vintage-white-bf,Apex - Black Vintage White,UK6.5 / EU40.5 / US7.5,True,195.0,,https://scdn.speedsize.com/fbaf6506-81e1-43a2-bcc1-80e18c7b0146/uk.representclo.com/cdn/shop/files/bwapex_0003_Layer9.jpg?crop=center&height=1200&v=1732096075&width=1200
https://uk.representclo.com/products/apex-black-vintage-white-bf,Apex - Black Vintage White,UK7 / EU41 / US8,True,195.0,,https://scdn.speedsize.com/fbaf6506-81e1-43a2-bcc1-80e18c7b0146/uk.representclo.com/cdn/shop/files/bwapex_0003_Layer9.jpg?crop=center&height=1200&v=1732096075&width=1200
https://uk.representclo.com/products/apex-black-vintage-white-bf,Apex - Black Vintage White,UK7.5 / EU41.5 / US8.5,True,195.0,,https://scdn.speedsize.com/fbaf6506-81e1-43a2-bcc1-80e18c7b0146/uk.representclo.com/cdn/shop/files/bwapex_0003_Layer9.jpg?crop=center&height=1200&v=1732096075&width=1200
https://uk.representclo.com/products/apex-black-vintage-white-bf,Apex - Black Vintage White,UK8 / EU42 / US9,True,195.0,,https://scdn.speedsize.com/fbaf6506-81e1-43a2-bcc1-80e18c7b0146/uk.representclo.com/cdn/shop/files/bwapex_0003_Layer9.jpg?crop=center&height=1200&v=1732096075&width=1200
https://uk.representclo.com/products/apex-black-vintage-white-bf,Apex - Black Vintage White,UK8.5 / EU42.5 / US9.5,True,195.0,,https://scdn.speedsize.com/fbaf6506-81e1-43a2-bcc1-80e18c7b0146/uk.representclo.com/cdn/shop/files/bwapex_0003_Layer9.jpg?crop=center&height=1200&v=1732096075&width=1200
https://uk.representclo.com/products/apex-black-vintage-white-bf,Apex - Black Vintage White,UK9 / EU43 / US10,True,195.0,,https://scdn.speedsize.com/fbaf6506-81e1-43a2-bcc1-80e18c7b0146/uk.representclo.com/cdn/shop/files/bwapex_0003_Layer9.jpg?crop=center&height=1200&v=1732096075&width=1200
https://uk.representclo.com/products/apex-black-vintage-white-bf,Apex - Black Vintage White,UK9.5 / EU43.5 / US10.5,True,195.0,,https://scdn.speedsize.com/fbaf6506-81e1-43a2-bcc1-80e18c7b0146/uk.representclo.com/cdn/shop/files/bwapex_0003_Layer9.jpg?crop=center&height=1200&v=1732096075&width=1200
https://uk.representclo.com/products/apex-black-vintage-white-bf,Apex - Black Vintage White,UK10 / EU44 / US11,True,195.0,,https://scdn.speedsize.com/fbaf6506-81e1-43a2-bcc1-80e18c7b0146/uk.representclo.com/cdn/shop/files/bwapex_0003_Layer9.jpg?crop=center&height=1200&v=1732096075&width=1200
https://uk.representclo.com/products/apex-black-vintage-white-bf,Apex - Black Vintage White,UK10.5 / EU44.5 / US11.5,True,195.0,,https://scdn.speedsize.com/fbaf6506-81e1-43a2-bcc1-80e18c7b0146/uk.representclo.com/cdn/shop/files/bwapex_0003_Layer9.jpg?crop=center&height=1200&v=1732096075&width=1200
https://uk.representclo.com/products/apex-black-vintage-white-bf,Apex - Black Vintage White,UK11 / EU45 / US12,True,195.0,,https://scdn.speedsize.com/fbaf6506-81e1-43a2-bcc1-80e18c7b0146/uk.representclo.com/cdn/shop/files/bwapex_0003_Layer9.jpg?crop=center&height=1200&v=1732096075&width=1200
https://uk.representclo.com/products/apex-black-vintage-white-bf,Apex - Black Vintage White,UK11.5 / EU45.5 / US12.5,True,195.0,,https://scdn.speedsize.com/fbaf6506-81e1-43a2-bcc1-80e18c7b0146/uk.representclo.com/cdn/shop/files/bwapex_0003_Layer9.jpg?crop=center&height=1200&v=1732096075&width=1200
https://uk.representclo.com/products/apex-black-vintage-white-bf,Apex - Black Vintage White,UK12 / EU46 / US13,True,195.0,,https://scdn.speedsize.com/fbaf6506-81e1-43a2-bcc1-80e18c7b0146/uk.representclo.com/cdn/shop/files/bwapex_0003_Layer9.jpg?crop=center&height=1200&v=1732096075&width=1200
https://uk.representclo.com/products/apex-black-vintage-white-bf,Apex - Black Vintage White,UK13 / EU47 / US14,False,195.0,,https://scdn.speedsize.com/fbaf6506-81e1-43a2-bcc1-80e18c7b0146/uk.representclo.com/cdn/shop/files/bwapex_0003_Layer9.jpg?crop=center&height=1200&v=1732096075&width=1200
https://uk.representclo.com/products/apex-flat-white,Apex - Flat White,UK6 / EU40 / US7,True,195.0,,https://scdn.speedsize.com/fbaf6506-81e1-43a2-bcc1-80e18c7b0146/uk.representclo.com/cdn/shop/products/whiteapex_0006_Layer5.jpg?crop=center&height=1200&v=1685532908&width=1200
https://uk.representclo.com/products/apex-flat-white,Apex - Flat White,UK6.5 / EU40.5 / US8.5,False,195.0,,https://scdn.speedsize.com/fbaf6506-81e1-43a2-bcc1-80e18c7b0146/uk.representclo.com/cdn/shop/products/whiteapex_0006_Layer5.jpg?crop=center&height=1200&v=1685532908&width=1200
https://uk.representclo.com/products/apex-flat-white,Apex - Flat White,UK7 / EU41 / US8,False,195.0,,https://scdn.speedsize.com/fbaf6506-81e1-43a2-bcc1-80e18c7b0146/uk.representclo.com/cdn/shop/products/whiteapex_0006_Layer5.jpg?crop=center&height=1200&v=1685532908&width=1200
https://uk.representclo.com/products/apex-flat-white,Apex - Flat White,UK7.5 / EU41.5 / US8.5,False,195.0,,https://scdn.speedsize.com/fbaf6506-81e1-43a2-bcc1-80e18c7b0146/uk.representclo.com/cdn/shop/products/whiteapex_0006_Layer5.jpg?crop=center&height=1200&v=1685532908&width=1200
https://uk.representclo.com/products/apex-flat-white,Apex - Flat White,UK8 / EU42 / US9,False,195.0,,https://scdn.speedsize.com/fbaf6506-81e1-43a2-bcc1-80e18c7b0146/uk.representclo.com/cdn/shop/products/whiteapex_0006_Layer5.jpg?crop=center&height=1200&v=1685532908&width=1200
https://uk.representclo.com/products/apex-flat-white,Apex - Flat White,UK8.5 / EU42.5 / US9.5,False,195.0,,https://scdn.speedsize.com/fbaf6506-81e1-43a2-bcc1-80e18c7b0146/uk.representclo.com/cdn/shop/products/whiteapex_0006_Layer5.jpg?crop=center&height=1200&v=1685532908&width=1200
https://uk.representclo.com/products/apex-flat-white,Apex - Flat White,UK9 / EU43 / US10,False,195.0,,https://scdn.speedsize.com/fbaf6506-81e1-43a2-bcc1-80e18c7b0146/uk.representclo.com/cdn/shop/products/whiteapex_0006_Layer5.jpg?crop=center&height=1200&v=1685532908&width=1200
https://uk.representclo.com/products/apex-flat-white,Apex - Flat White,UK9.5 / EU43.5 / US10.5,False,195.0,,https://scdn.speedsize.com/fbaf6506-81e1-43a2-bcc1-80e18c7b0146/uk.representclo.com/cdn/shop/products/whiteapex_0006_Layer5.jpg?crop=center&height=1200&v=1685532908&width=1200
https://uk.representclo.com/products/apex-flat-white,Apex - Flat White,UK10 / EU44 / US11,False,195.0,,https://scdn.speedsize.com/fbaf6506-81e1-43a2-bcc1-80e18c7b0146/uk.representclo.com/cdn/shop/products/whiteapex_0006_Layer5.jpg?crop=center&height=1200&v=1685532908&width=1200
https://uk.representclo.com/products/apex-flat-white,Apex - Flat White,UK10.5 / EU44.5 / US11.5,False,195.0,,https://scdn.speedsize.com/fbaf6506-81e1-43a2-bcc1-80e18c7b0146/uk.representclo.com/cdn/shop/products/whiteapex_0006_Layer5.jpg?crop=center&height=1200&v=1685532908&width=1200
https://uk.representclo.com/products/apex-flat-white,Apex - Flat White,UK11 / EU45 / US12,False,195.0,,https://scdn.speedsize.com/fbaf6506-81e1-43a2-bcc1-80e18c7b0146/uk.representclo.com/cdn/shop/products/whiteapex_0006_Layer5.jpg?crop=center&height=1200&v=1685532908&width=1200
https://uk.representclo.com/products/apex-flat-white,Apex - Flat White,UK11.5 / EU45.5 / US12.5,False,195.0,,https://scdn.speedsize.com/fbaf6506-81e1-43a2-bcc1-80e18c7b0146/uk.representclo.com/cdn/shop/products/whiteapex_0006_Layer5.jpg?crop=center&height=1200&v=1685532908&width=1200
https://uk.representclo.com/products/apex-flat-white,Apex - Flat White,UK12 / EU46 / US13,False,195.0,,https://scdn.speedsize.com/fbaf6506-81e1-43a2-bcc1-80e18c7b0146/uk.representclo.com/cdn/shop/products/whiteapex_0006_Layer5.jpg?crop=center&height=1200&v=1685532908&width=1200
https://uk.representclo.com/products/apex-flat-white,Apex - Flat White,UK12.5 / EU46.5 / US13.5,False,195.0,,https://scdn.speedsize.com/fbaf6506-81e1-43a2-bcc1-80e18c7b0146/uk.representclo.com/cdn/shop/products/whiteapex_0006_Layer5.jpg?crop=center&height=1200&v=1685532908&width=1200
https://uk.representclo.com/products/apex-flat-white,Apex - Flat White,UK13 / EU47 / US14,False,195.0,,https://scdn.speedsize.com/fbaf6506-81e1-43a2-bcc1-80e18c7b0146/uk.representclo.com/cdn/shop/products/whiteapex_0006_Layer5.jpg?crop=center&height=1200&v=1685532908&width=1200
https://uk.representclo.com/products/apex-flat-white-bf,Apex - Flat White,UK6 / EU40 / US7,True,195.0,,https://scdn.speedsize.com/fbaf6506-81e1-43a2-bcc1-80e18c7b0146/uk.representclo.com/cdn/shop/files/whiteapex_0006_Layer5_1.jpg?crop=center&height=1200&v=1732096373&width=1200
https://uk.representclo.com/products/apex-flat-white-bf,Apex - Flat White,UK6.5 / EU40.5 / US7.5,True,195.0,,https://scdn.speedsize.com/fbaf6506-81e1-43a2-bcc1-80e18c7b0146/uk.representclo.com/cdn/shop/files/whiteapex_0006_Layer5_1.jpg?crop=center&height=1200&v=1732096373&width=1200
https://uk.representclo.com/products/apex-flat-white-bf,Apex - Flat White,UK7 / EU41 / US8,True,195.0,,https://scdn.speedsize.com/fbaf6506-81e1-43a2-bcc1-80e18c7b0146/uk.representclo.com/cdn/shop/files/whiteapex_0006_Layer5_1.jpg?crop=center&height=1200&v=1732096373&width=1200
https://uk.representclo.com/products/apex-flat-white-bf,Apex - Flat White,UK7.5 / EU41.5 / US8.5,True,195.0,,https://scdn.speedsize.com/fbaf6506-81e1-43a2-bcc1-80e18c7b0146/uk.representclo.com/cdn/shop/files/whiteapex_0006_Layer5_1.jpg?crop=center&height=1200&v=1732096373&width=1200
https://uk.representclo.com/products/apex-flat-white-bf,Apex - Flat White,UK8 / EU42 / US9,True,195.0,,https://scdn.speedsize.com/fbaf6506-81e1-43a2-bcc1-80e18c7b0146/uk.representclo.com/cdn/shop/files/whiteapex_0006_Layer5_1.jpg?crop=center&height=1200&v=1732096373&width=1200
https://uk.representclo.com/products/apex-flat-white-bf,Apex - Flat White,UK8.5 / EU42.5 / US9.5,True,195.0,,https://scdn.speedsize.com/fbaf6506-81e1-43a2-bcc1-80e18c7b0146/uk.representclo.com/cdn/shop/files/whiteapex_0006_Layer5_1.jpg?crop=center&height=1200&v=1732096373&width=1200
https://uk.representclo.com/products/apex-flat-white-bf,Apex - Flat White,UK9 / EU43 / US10,False,195.0,,https://scdn.speedsize.com/fbaf6506-81e1-43a2-bcc1-80e18c7b0146/uk.representclo.com/cdn/shop/files/whiteapex_0006_Layer5_1.jpg?crop=center&height=1200&v=1732096373&width=1200
https://uk.representclo.com/products/apex-flat-white-bf,Apex - Flat White,UK9.5 / EU43.5 / US10.5,True,195.0,,https://scdn.speedsize.com/fbaf6506-81e1-43a2-bcc1-80e18c7b0146/uk.representclo.com/cdn/shop/files/whiteapex_0006_Layer5_1.jpg?crop=center&height=1200&v=1732096373&width=1200
https://uk.representclo.com/products/apex-flat-white-bf,Apex - Flat White,UK10 / EU44 / US11,True,195.0,,https://scdn.speedsize.com/fbaf6506-81e1-43a2-bcc1-80e18c7b0146/uk.representclo.com/cdn/shop/files/whiteapex_0006_Layer5_1.jpg?crop=center&height=1200&v=1732096373&width=1200
https://uk.representclo.com/products/apex-flat-white-bf,Apex - Flat White,UK10.5 / EU44.5 / US11.5,True,195.0,,https://scdn.speedsize.com/fbaf6506-81e1-43a2-bcc1-80e18c7b0146/uk.representclo.com/cdn/shop/files/whiteapex_0006_Layer5_1.jpg?crop=center&height=1200&v=1732096373&width=1200
https://uk.representclo.com/products/apex-flat-white-bf,Apex - Flat White,UK11 / EU45 / US12,True,195.0,,https://scdn.speedsize.com/fbaf6506-81e1-43a2-bcc1-80e18c7b0146/uk.representclo.com/cdn/shop/files/whiteapex_0006_Layer5_1.jpg?crop=center&height=1200&v=1732096373&width=1200
https://uk.representclo.com/products/apex-flat-white-bf,Apex - Flat White,UK11.5 / EU45.5 / US12.5,True,195.0,,https://scdn.speedsize.com/fbaf6506-81e1-43a2-bcc1-80e18c7b0146/uk.representclo.com/cdn/shop/files/whiteapex_0006_Layer5_1.jpg?crop=center&height=1200&v=1732096373&width=1200
https://uk.representclo.com/products/apex-flat-white-bf,Apex - Flat White,UK12 / EU46 / US13,True,195.0,,https://scdn.speedsize.com/fbaf6506-81e1-43a2-bcc1-80e18c7b0146/uk.representclo.com/cdn/shop/files/whiteapex_0006_Layer5_1.jpg?crop=center&height=1200&v=1732096373&width=1200
https://uk.representclo.com/products/apex-flat-white-bf,Apex - Flat White,UK12.5 / EU46.5 / US13.5,True,195.0,,https://scdn.speedsize.com/fbaf6506-81e1-43a2-bcc1-80e18c7b0146/uk.representclo.com/cdn/shop/files/whiteapex_0006_Layer5_1.jpg?crop=center&height=1200&v=1732096373&width=1200
https://uk.representclo.com/products/apex-flat-white-bf,Apex - Flat White,UK13 / EU47 / US14,True,195.0,,https://scdn.speedsize.com/fbaf6506-81e1-43a2-bcc1-80e18c7b0146/uk.representclo.com/cdn/shop/files/whiteapex_0006_Layer5_1.jpg?crop=center&height=1200&v=1732096373&width=1200
https://uk.representclo.com/products/apex-triple-black,Apex - Triple Black,UK6 / EU40 / US7,False,195.0,,https://scdn.speedsize.com/fbaf6506-81e1-43a2-bcc1-80e18c7b0146/uk.representclo.com/cdn/shop/files/SS24-PACKSHOTS-leather-apex-_0009_Layer-2.jpg?crop=center&height=1200&v=1706721590&width=1200
https://uk.representclo.com/products/apex-triple-black,Apex - Triple Black,UK6.5 / EU40.5 / US7.5,True,195.0,,https://scdn.speedsize.com/fbaf6506-81e1-43a2-bcc1-80e18c7b0146/uk.representclo.com/cdn/shop/files/SS24-PACKSHOTS-leather-apex-_0009_Layer-2.jpg?crop=center&height=1200&v=1706721590&width=1200
https://uk.representclo.com/products/apex-triple-black,Apex - Triple Black,UK7 / EU41 / US8,True,195.0,,https://scdn.speedsize.com/fbaf6506-81e1-43a2-bcc1-80e18c7b0146/uk.representclo.com/cdn/shop/files/SS24-PACKSHOTS-leather-apex-_0009_Layer-2.jpg?crop=center&height=1200&v=1706721590&width=1200
https://uk.representclo.com/products/apex-triple-black,Apex - Triple Black,UK7.5 / EU41.5 / US8.5,False,195.0,,https://scdn.speedsize.com/fbaf6506-81e1-43a2-bcc1-80e18c7b0146/uk.representclo.com/cdn/shop/files/SS24-PACKSHOTS-leather-apex-_0009_Layer-2.jpg?crop=center&height=1200&v=1706721590&width=1200
https://uk.representclo.com/products/apex-triple-black,Apex - Triple Black,UK8 / EU42 / US9,True,195.0,,https://scdn.speedsize.com/fbaf6506-81e1-43a2-bcc1-80e18c7b0146/uk.representclo.com/cdn/shop/files/SS24-PACKSHOTS-leather-apex-_0009_Layer-2.jpg?crop=center&height=1200&v=1706721590&width=1200
https://uk.representclo.com/products/apex-triple-black,Apex - Triple Black,UK8.5 / EU42.5 / US9.5,False,195.0,,https://scdn.speedsize.com/fbaf6506-81e1-43a2-bcc1-80e18c7b0146/uk.representclo.com/cdn/shop/files/SS24-PACKSHOTS-leather-apex-_0009_Layer-2.jpg?crop=center&height=1200&v=1706721590&width=1200
https://uk.representclo.com/products/apex-triple-black,Apex - Triple Black,UK9 / EU43 / US10,False,195.0,,https://scdn.speedsize.com/fbaf6506-81e1-43a2-bcc1-80e18c7b0146/uk.representclo.com/cdn/shop/files/SS24-PACKSHOTS-leather-apex-_0009_Layer-2.jpg?crop=center&height=1200&v=1706721590&width=1200
https://uk.representclo.com/products/apex-triple-black,Apex - Triple Black,UK9.5 / EU43.5 / US10.5,False,195.0,,https://scdn.speedsize.com/fbaf6506-81e1-43a2-bcc1-80e18c7b0146/uk.representclo.com/cdn/shop/files/SS24-PACKSHOTS-leather-apex-_0009_Layer-2.jpg?crop=center&height=1200&v=1706721590&width=1200
https://uk.representclo.com/products/apex-triple-black,Apex - Triple Black,UK10 / EU44 / US11,True,195.0,,https://scdn.speedsize.com/fbaf6506-81e1-43a2-bcc1-80e18c7b0146/uk.representclo.com/cdn/shop/files/SS24-PACKSHOTS-leather-apex-_0009_Layer-2.jpg?crop=center&height=1200&v=1706721590&width=1200
https://uk.representclo.com/products/apex-triple-black,Apex - Triple Black,UK10.5 / EU44.5 / US11.5,False,195.0,,https://scdn.speedsize.com/fbaf6506-81e1-43a2-bcc1-80e18c7b0146/uk.representclo.com/cdn/shop/files/SS24-PACKSHOTS-leather-apex-_0009_Layer-2.jpg?crop=center&height=1200&v=1706721590&width=1200
https://uk.representclo.com/products/apex-triple-black,Apex - Triple Black,UK11 / EU45 / US12,False,195.0,,https://scdn.speedsize.com/fbaf6506-81e1-43a2-bcc1-80e18c7b0146/uk.representclo.com/cdn/shop/files/SS24-PACKSHOTS-leather-apex-_0009_Layer-2.jpg?crop=center&height=1200&v=1706721590&width=1200
https://uk.representclo.com/products/apex-triple-black,Apex - Triple Black,UK11.5 / EU45.5 / US12.5,False,195.0,,https://scdn.speedsize.com/fbaf6506-81e1-43a2-bcc1-80e18c7b0146/uk.representclo.com/cdn/shop/files/SS24-PACKSHOTS-leather-apex-_0009_Layer-2.jpg?crop=center&height=1200&v=1706721590&width=1200
https://uk.representclo.com/products/apex-triple-black,Apex - Triple Black,UK12 / EU46 / US13,True,195.0,,https://scdn.speedsize.com/fbaf6506-81e1-43a2-bcc1-80e18c7b0146/uk.representclo.com/cdn/shop/files/SS24-PACKSHOTS-leather-apex-_0009_Layer-2.jpg?crop=center&height=1200&v=1706721590&width=1200
https://uk.representclo.com/products/apex-triple-black,Apex - Triple Black,UK12.5 / EU46.5 / US13.5,False,195.0,,https://scdn.speedsize.com/fbaf6506-81e1-43a2-bcc1-80e18c7b0146/uk.representclo.com/cdn/shop/files/SS24-PACKSHOTS-leather-apex-_0009_Layer-2.jpg?crop=center&height=1200&v=1706721590&width=1200
https://uk.representclo.com/products/apex-triple-black,Apex - Triple Black,UK13 / EU47 / US14,False,195.0,,https://scdn.speedsize.com/fbaf6506-81e1-43a2-bcc1-80e18c7b0146/uk.representclo.com/cdn/shop/files/SS24-PACKSHOTS-leather-apex-_0009_Layer-2.jpg?crop=center&height=1200&v=1706721590&width=1200
https://uk.representclo.com/products/arch-flannel-shirt-flat-white-jet-black,Arch Flannel Shirt - Flat White Jet Black,XXS,False,225.0,,https://scdn.speedsize.com/fbaf6506-81e1-43a2-bcc1-80e18c7b0146/uk.representclo.com/cdn/shop/files/ixk_avQS7UXk-PgiAHccdURxnqw4BlcqkfYbGFBDGEE.jpg?crop=center&height=1200&v=1764263131&width=1200
https://uk.representclo.com/products/arch-flannel-shirt-flat-white-jet-black,Arch Flannel Shirt - Flat White Jet Black,XS,False,225.0,,https://scdn.speedsize.com/fbaf6506-81e1-43a2-bcc1-80e18c7b0146/uk.representclo.com/cdn/shop/files/ixk_avQS7UXk-PgiAHccdURxnqw4BlcqkfYbGFBDGEE.jpg?crop=center&height=1200&v=1764263131&width=1200
https://uk.representclo.com/products/arch-flannel-shirt-flat-white-jet-black,Arch Flannel Shirt - Flat White Jet Black,S,True,225.0,,https://scdn.speedsize.com/fbaf6506-81e1-43a2-bcc1-80e18c7b0146/uk.representclo.com/cdn/shop/files/ixk_avQS7UXk-PgiAHccdURxnqw4BlcqkfYbGFBDGEE.jpg?crop=center&height=1200&v=1764263131&width=1200
https://uk.representclo.com/products/arch-flannel-shirt-flat-white-jet-black,Arch Flannel Shirt - Flat White Jet Black,M,False,225.0,,https://scdn.speedsize.com/fbaf6506-81e1-43a2-bcc1-80e18c7b0146/uk.representclo.com/cdn/shop/files/ixk_avQS7UXk-PgiAHccdURxnqw4BlcqkfYbGFBDGEE.jpg?crop=center&height=1200&v=1764263131&width=1200
https://uk.representclo.com/products/arch-flannel-shirt-flat-white-jet-black,Arch Flannel Shirt - Flat White Jet Black,L,True,225.0,,https://scdn.speedsize.com/fbaf6506-81e1-43a2-bcc1-80e18c7b0146/uk.representclo.com/cdn/shop/files/ixk_avQS7UXk-PgiAHccdURxnqw4BlcqkfYbGFBDGEE.jpg?crop=center&height=1200&v=1764263131&width=1200
https://uk.representclo.com/products/arch-flannel-shirt-flat-white-jet-black,Arch Flannel Shirt - Flat White Jet Black,XL,True,225.0,,https://scdn.speedsize.com/fbaf6506-81e1-43a2-bcc1-80e18c7b0146/uk.representclo.com/cdn/shop/files/ixk_avQS7UXk-PgiAHccdURxnqw4BlcqkfYbGFBDGEE.jpg?crop=center&height=1200&v=1764263131&width=1200
https://uk.representclo.com/products/arch-flannel-shirt-flat-white-jet-black,Arch Flannel Shirt - Flat White Jet Black,XXL,True,225.0,,https://scdn.speedsize.com/fbaf6506-81e1-43a2-bcc1-80e18c7b0146/uk.representclo.com/cdn/shop/files/ixk_avQS7UXk-PgiAHccdURxnqw4BlcqkfYbGFBDGEE.jpg?crop=center&height=1200&v=1764263131&width=1200
https://uk.representclo.com/products/arch-knitted-gloves-jet-black,Arch Knitted Gloves - Jet Black,One Size,False,55.0,,https://scdn.speedsize.com/fbaf6506-81e1-43a2-bcc1-80e18c7b0146/uk.representclo.com/cdn/shop/files/tOgyy910lrSlYaoYjxN4WfvydYWb1wU8wnD5tvPGScA.jpg?crop=center&height=1200&v=1764262570&width=1200
https://uk.representclo.com/products/arch-pullover-puffer-jet-black,Arch Pullover Puffer - Jet Black,XS,True,325.0,,https://scdn.speedsize.com/fbaf6506-81e1-43a2-bcc1-80e18c7b0146/uk.representclo.com/cdn/shop/files/NEWPUFFERBLACKBF.jpg?crop=center&height=1200&v=1764350981&width=1200
https://uk.representclo.com/products/arch-pullover-puffer-jet-black,Arch Pullover Puffer - Jet Black,S,True,325.0,,https://scdn.speedsize.com/fbaf6506-81e1-43a2-bcc1-80e18c7b0146/uk.representclo.com/cdn/shop/files/NEWPUFFERBLACKBF.jpg?crop=center&height=1200&v=1764350981&width=1200
https://uk.representclo.com/products/arch-pullover-puffer-jet-black,Arch Pullover Puffer - Jet Black,M,True,325.0,,https://scdn.speedsize.com/fbaf6506-81e1-43a2-bcc1-80e18c7b0146/uk.representclo.com/cdn/shop/files/NEWPUFFERBLACKBF.jpg?crop=center&height=1200&v=1764350981&width=1200
https://uk.representclo.com/products/arch-pullover-puffer-jet-black,Arch Pullover Puffer - Jet Black,L,True,325.0,,https://scdn.speedsize.com/fbaf6506-81e1-43a2-bcc1-80e18c7b0146/uk.representclo.com/cdn/shop/files/NEWPUFFERBLACKBF.jpg?crop=center&height=1200&v=1764350981&width=1200
https://uk.representclo.com/products/arch-pullover-puffer-jet-black,Arch Pullover Puffer - Jet Black,XL,True,325.0,,https://scdn.speedsize.com/fbaf6506-81e1-43a2-bcc1-80e18c7b0146/uk.representclo.com/cdn/shop/files/NEWPUFFERBLACKBF.jpg?crop=center&height=1200&v=1764350981&width=1200
https://uk.representclo.com/products/arch-pullover-puffer-jet-black,Arch Pullover Puffer - Jet Black,XXL,True,325.0,,https://scdn.speedsize.com/fbaf6506-81e1-43a2-bcc1-80e18c7b0146/uk.representclo.com/cdn/shop/files/NEWPUFFERBLACKBF.jpg?crop=center&height=1200&v=1764350981&width=1200
https://uk.representclo.com/products/archangel-t-shirt-flat-white,Archangel T-Shirt - Flat White,XXS,False,100.0,,https://scdn.speedsize.com/fbaf6506-81e1-43a2-bcc1-80e18c7b0146/uk.representclo.com/cdn/shop/files/2kbyMv7ycEMcd7KrQGNNevx03NLYztMlzuxSbmPnASg.jpg?crop=center&height=1200&v=1727269618&width=1200
https://uk.representclo.com/products/archangel-t-shirt-flat-white,Archangel T-Shirt - Flat White,XS,False,100.0,,https://scdn.speedsize.com/fbaf6506-81e1-43a2-bcc1-80e18c7b0146/uk.representclo.com/cdn/shop/files/2kbyMv7ycEMcd7KrQGNNevx03NLYztMlzuxSbmPnASg.jpg?crop=center&height=1200&v=1727269618&width=1200
https://uk.representclo.com/products/archangel-t-shirt-flat-white,Archangel T-Shirt - Flat White,S,False,100.0,,https://scdn.speedsize.com/fbaf6506-81e1-43a2-bcc1-80e18c7b0146/uk.representclo.com/cdn/shop/files/2kbyMv7ycEMcd7KrQGNNevx03NLYztMlzuxSbmPnASg.jpg?crop=center&height=1200&v=1727269618&width=1200
https://uk.representclo.com/products/archangel-t-shirt-flat-white,Archangel T-Shirt - Flat White,M,True,100.0,,https://scdn.speedsize.com/fbaf6506-81e1-43a2-bcc1-80e18c7b0146/uk.representclo.com/cdn/shop/files/2kbyMv7ycEMcd7KrQGNNevx03NLYztMlzuxSbmPnASg.jpg?crop=center&height=1200&v=1727269618&width=1200
https://uk.representclo.com/products/archangel-t-shirt-flat-white,Archangel T-Shirt - Flat White,L,False,100.0,,https://scdn.speedsize.com/fbaf6506-81e1-43a2-bcc1-80e18c7b0146/uk.representclo.com/cdn/shop/files/2kbyMv7ycEMcd7KrQGNNevx03NLYztMlzuxSbmPnASg.jpg?crop=center&height=1200&v=1727269618&width=1200
https://uk.representclo.com/products/archangel-t-shirt-flat-white,Archangel T-Shirt - Flat White,XL,True,100.0,,https://scdn.speedsize.com/fbaf6506-81e1-43a2-bcc1-80e18c7b0146/uk.representclo.com/cdn/shop/files/2kbyMv7ycEMcd7KrQGNNevx03NLYztMlzuxSbmPnASg.jpg?crop=center&height=1200&v=1727269618&width=1200
https://uk.representclo.com/products/archangel-t-shirt-flat-white,Archangel T-Shirt - Flat White,XXL,False,100.0,,https://scdn.speedsize.com/fbaf6506-81e1-43a2-bcc1-80e18c7b0146/uk.representclo.com/cdn/shop/files/2kbyMv7ycEMcd7KrQGNNevx03NLYztMlzuxSbmPnASg.jpg?crop=center&height=1200&v=1727269618&width=1200
https://uk.representclo.com/products/archangel-t-shirt-stained-black,Archangel T-Shirt - Stained Black,XXS,False,100.0,,https://scdn.speedsize.com/fbaf6506-81e1-43a2-bcc1-80e18c7b0146/uk.representclo.com/cdn/shop/files/pPaFGHw1KGTdAzCY40iANoffhcdFimBtV5bLbaKHy0M.jpg?crop=center&height=1200&v=1727269634&width=1200
https://uk.representclo.com/products/archangel-t-shirt-stained-black,Archangel T-Shirt - Stained Black,XS,False,100.0,,https://scdn.speedsize.com/fbaf6506-81e1-43a2-bcc1-80e18c7b0146/uk.representclo.com/cdn/shop/files/pPaFGHw1KGTdAzCY40iANoffhcdFimBtV5bLbaKHy0M.jpg?crop=center&height=1200&v=1727269634&width=1200
https://uk.representclo.com/products/archangel-t-shirt-stained-black,Archangel T-Shirt - Stained Black,S,True,100.0,,https://scdn.speedsize.com/fbaf6506-81e1-43a2-bcc1-80e18c7b0146/uk.representclo.com/cdn/shop/files/pPaFGHw1KGTdAzCY40iANoffhcdFimBtV5bLbaKHy0M.jpg?crop=center&height=1200&v=1727269634&width=1200
https://uk.representclo.com/products/archangel-t-shirt-stained-black,Archangel T-Shirt - Stained Black,M,True,100.0,,https://scdn.speedsize.com/fbaf6506-81e1-43a2-bcc1-80e18c7b0146/uk.representclo.com/cdn/shop/files/pPaFGHw1KGTdAzCY40iANoffhcdFimBtV5bLbaKHy0M.jpg?crop=center&height=1200&v=1727269634&width=1200
https://uk.representclo.com/products/archangel-t-shirt-stained-black,Archangel T-Shirt - Stained Black,L,True,100.0,,https://scdn.speedsize.com/fbaf6506-81e1-43a2-bcc1-80e18c7b0146/uk.representclo.com/cdn/shop/files/pPaFGHw1KGTdAzCY40iANoffhcdFimBtV5bLbaKHy0M.jpg?crop=center&height=1200&v=1727269634&width=1200
https://uk.representclo.com/products/archangel-t-shirt-stained-black,Archangel T-Shirt - Stained Black,XL,False,100.0,,https://scdn.speedsize.com/fbaf6506-81e1-43a2-bcc1-80e18c7b0146/uk.representclo.com/cdn/shop/files/pPaFGHw1KGTdAzCY40iANoffhcdFimBtV5bLbaKHy0M.jpg?crop=center&height=1200&v=1727269634&width=1200
https://uk.representclo.com/products/archangel-t-shirt-stained-black,Archangel T-Shirt - Stained Black,XXL,False,100.0,,https://scdn.speedsize.com/fbaf6506-81e1-43a2-bcc1-80e18c7b0146/uk.representclo.com/cdn/shop/files/pPaFGHw1KGTdAzCY40iANoffhcdFimBtV5bLbaKHy0M.jpg?crop=center&height=1200&v=1727269634&width=1200
https://uk.representclo.com/products/aura-sunglasses-beige,Aura Sunglasses - Beige,One Size,True,175.0,,https://scdn.speedsize.com/fbaf6506-81e1-43a2-bcc1-80e18c7b0146/uk.representclo.com/cdn/shop/files/a0nPiXTU4BvttTA4TVAJBsrR9TmKhzEWUasZOYtGgLI.jpg?crop=center&height=1200&v=1769409199&width=1200
https://uk.representclo.com/products/aura-sunglasses-jet-black,Aura Sunglasses - Jet Black,One Size,False,175.0,,https://scdn.speedsize.com/fbaf6506-81e1-43a2-bcc1-80e18c7b0146/uk.representclo.com/cdn/shop/files/0002_F7BG_74f73b1f-cc5b-4702-8429-8054498b4cf0.jpg?crop=center&height=1200&v=1774447015&width=1200
https://uk.representclo.com/products/baggy-cargo-pant-sandstone,Baggy Cargo Pant - Sandstone,XS,False,185.0,,https://scdn.speedsize.com/fbaf6506-81e1-43a2-bcc1-80e18c7b0146/uk.representclo.com/cdn/shop/files/1_5d42ab7d-e503-49ad-945a-6c2f6d2892cd.jpg?crop=center&height=1200&v=1706721354&width=1200
https://uk.representclo.com/products/baggy-cargo-pant-sandstone,Baggy Cargo Pant - Sandstone,S,True,185.0,,https://scdn.speedsize.com/fbaf6506-81e1-43a2-bcc1-80e18c7b0146/uk.representclo.com/cdn/shop/files/1_5d42ab7d-e503-49ad-945a-6c2f6d2892cd.jpg?crop=center&height=1200&v=1706721354&width=1200
https://uk.representclo.com/products/baggy-cargo-pant-sandstone,Baggy Cargo Pant - Sandstone,M,True,185.0,,https://scdn.speedsize.com/fbaf6506-81e1-43a2-bcc1-80e18c7b0146/uk.representclo.com/cdn/shop/files/1_5d42ab7d-e503-49ad-945a-6c2f6d2892cd.jpg?crop=center&height=1200&v=1706721354&width=1200
https://uk.representclo.com/products/baggy-cargo-pant-sandstone,Baggy Cargo Pant - Sandstone,L,True,185.0,,https://scdn.speedsize.com/fbaf6506-81e1-43a2-bcc1-80e18c7b0146/uk.representclo.com/cdn/shop/files/1_5d42ab7d-e503-49ad-945a-6c2f6d2892cd.jpg?crop=center&height=1200&v=1706721354&width=1200
https://uk.representclo.com/products/baggy-cargo-pant-sandstone,Baggy Cargo Pant - Sandstone,XL,True,185.0,,https://scdn.speedsize.com/fbaf6506-81e1-43a2-bcc1-80e18c7b0146/uk.representclo.com/cdn/shop/files/1_5d42ab7d-e503-49ad-945a-6c2f6d2892cd.jpg?crop=center&height=1200&v=1706721354&width=1200
https://uk.representclo.com/products/baggy-cargo-pant-sandstone,Baggy Cargo Pant - Sandstone,XXL,False,185.0,,https://scdn.speedsize.com/fbaf6506-81e1-43a2-bcc1-80e18c7b0146/uk.representclo.com/cdn/shop/files/1_5d42ab7d-e503-49ad-945a-6c2f6d2892cd.jpg?crop=center&height=1200&v=1706721354&width=1200
https://uk.representclo.com/products/baggy-cotton-cargo-short-black,Baggy Cotton Cargo Short - Black,XS,True,140.0,,https://scdn.speedsize.com/fbaf6506-81e1-43a2-bcc1-80e18c7b0146/uk.representclo.com/cdn/shop/files/1_fdb314df-045b-446d-aa1b-ec2a49440761.jpg?crop=center&height=1200&v=1706721372&width=1200
https://uk.representclo.com/products/baggy-cotton-cargo-short-black,Baggy Cotton Cargo Short - Black,S,True,140.0,,https://scdn.speedsize.com/fbaf6506-81e1-43a2-bcc1-80e18c7b0146/uk.representclo.com/cdn/shop/files/1_fdb314df-045b-446d-aa1b-ec2a49440761.jpg?crop=center&height=1200&v=1706721372&width=1200
https://uk.representclo.com/products/baggy-cotton-cargo-short-black,Baggy Cotton Cargo Short - Black,M,False,140.0,,https://scdn.speedsize.com/fbaf6506-81e1-43a2-bcc1-80e18c7b0146/uk.representclo.com/cdn/shop/files/1_fdb314df-045b-446d-aa1b-ec2a49440761.jpg?crop=center&height=1200&v=1706721372&width=1200
https://uk.representclo.com/products/baggy-cotton-cargo-short-black,Baggy Cotton Cargo Short - Black,L,True,140.0,,https://scdn.speedsize.com/fbaf6506-81e1-43a2-bcc1-80e18c7b0146/uk.representclo.com/cdn/shop/files/1_fdb314df-045b-446d-aa1b-ec2a49440761.jpg?crop=center&height=1200&v=1706721372&width=1200
https://uk.representclo.com/products/baggy-cotton-cargo-short-black,Baggy Cotton Cargo Short - Black,XL,False,140.0,,https://scdn.speedsize.com/fbaf6506-81e1-43a2-bcc1-80e18c7b0146/uk.representclo.com/cdn/shop/files/1_fdb314df-045b-446d-aa1b-ec2a49440761.jpg?crop=center&height=1200&v=1706721372&width=1200
https://uk.representclo.com/products/baggy-cotton-cargo-short-black,Baggy Cotton Cargo Short - Black,XXL,False,140.0,,https://scdn.speedsize.com/fbaf6506-81e1-43a2-bcc1-80e18c7b0146/uk.representclo.com/cdn/shop/files/1_fdb314df-045b-446d-aa1b-ec2a49440761.jpg?crop=center&height=1200&v=1706721372&width=1200
https://uk.representclo.com/products/baggy-cotton-cargo-short-sandstone,Baggy Cotton Cargo Short - Sandstone,XS,True,140.0,,https://scdn.speedsize.com/fbaf6506-81e1-43a2-bcc1-80e18c7b0146/uk.representclo.com/cdn/shop/files/1_bc51478e-ba24-43cf-a608-7de869a8f823.jpg?crop=center&height=1200&v=1706721389&width=1200
https://uk.representclo.com/products/baggy-cotton-cargo-short-sandstone,Baggy Cotton Cargo Short - Sandstone,S,True,140.0,,https://scdn.speedsize.com/fbaf6506-81e1-43a2-bcc1-80e18c7b0146/uk.representclo.com/cdn/shop/files/1_bc51478e-ba24-43cf-a608-7de869a8f823.jpg?crop=center&height=1200&v=1706721389&width=1200
https://uk.representclo.com/products/baggy-cotton-cargo-short-sandstone,Baggy Cotton Cargo Short - Sandstone,M,True,140.0,,https://scdn.speedsize.com/fbaf6506-81e1-43a2-bcc1-80e18c7b0146/uk.representclo.com/cdn/shop/files/1_bc51478e-ba24-43cf-a608-7de869a8f823.jpg?crop=center&height=1200&v=1706721389&width=1200
https://uk.representclo.com/products/baggy-cotton-cargo-short-sandstone,Baggy Cotton Cargo Short - Sandstone,L,True,140.0,,https://scdn.speedsize.com/fbaf6506-81e1-43a2-bcc1-80e18c7b0146/uk.representclo.com/cdn/shop/files/1_bc51478e-ba24-43cf-a608-7de869a8f823.jpg?crop=center&height=1200&v=1706721389&width=1200
https://uk.representclo.com/products/baggy-cotton-cargo-short-sandstone,Baggy Cotton Cargo Short - Sandstone,XL,False,140.0,,https://scdn.speedsize.com/fbaf6506-81e1-43a2-bcc1-80e18c7b0146/uk.representclo.com/cdn/shop/files/1_bc51478e-ba24-43cf-a608-7de869a8f823.jpg?crop=center&height=1200&v=1706721389&width=1200
https://uk.representclo.com/products/baggy-cotton-cargo-short-sandstone,Baggy Cotton Cargo Short - Sandstone,XXL,False,140.0,,https://scdn.speedsize.com/fbaf6506-81e1-43a2-bcc1-80e18c7b0146/uk.representclo.com/cdn/shop/files/1_bc51478e-ba24-43cf-a608-7de869a8f823.jpg?crop=center&height=1200&v=1706721389&width=1200
https://uk.representclo.com/products/beaded-represent-bracelet-silver,Beaded Represent Bracelet - Silver,One Size,True,115.0,,https://scdn.speedsize.com/fbaf6506-81e1-43a2-bcc1-80e18c7b0146/uk.representclo.com/cdn/shop/files/5upI647f76bPEn-e3dm-RvLEPB_kPQ4FRLZl3l33lRo.jpg?crop=center&height=1200&v=1779808864&width=1200
https://uk.representclo.com/products/belt-black-leather,Belt - Black Leather,One Size,True,110.0,,https://scdn.speedsize.com/fbaf6506-81e1-43a2-bcc1-80e18c7b0146/uk.representclo.com/cdn/shop/products/0024_Represent-Belt-_0000_Layer-2_27785706-058c-4069-94b8-f1728669dbf4.jpg?crop=center&height=1200&v=1685532909&width=1200
https://uk.representclo.com/products/beverly-knit-polo-jet-black,Beverly Knit Polo - Jet Black,XXS,False,140.0,,https://scdn.speedsize.com/fbaf6506-81e1-43a2-bcc1-80e18c7b0146/uk.representclo.com/cdn/shop/files/XhhG4EXYknHBndTSu_6_mDf87a1uxc7B0f0rRm6sTM0.jpg?crop=center&height=1200&v=1774436802&width=1200
https://uk.representclo.com/products/beverly-knit-polo-jet-black,Beverly Knit Polo - Jet Black,XS,True,140.0,,https://scdn.speedsize.com/fbaf6506-81e1-43a2-bcc1-80e18c7b0146/uk.representclo.com/cdn/shop/files/XhhG4EXYknHBndTSu_6_mDf87a1uxc7B0f0rRm6sTM0.jpg?crop=center&height=1200&v=1774436802&width=1200
https://uk.representclo.com/products/beverly-knit-polo-jet-black,Beverly Knit Polo - Jet Black,S,True,140.0,,https://scdn.speedsize.com/fbaf6506-81e1-43a2-bcc1-80e18c7b0146/uk.representclo.com/cdn/shop/files/XhhG4EXYknHBndTSu_6_mDf87a1uxc7B0f0rRm6sTM0.jpg?crop=center&height=1200&v=1774436802&width=1200
https://uk.representclo.com/products/beverly-knit-polo-jet-black,Beverly Knit Polo - Jet Black,M,True,140.0,,https://scdn.speedsize.com/fbaf6506-81e1-43a2-bcc1-80e18c7b0146/uk.representclo.com/cdn/shop/files/XhhG4EXYknHBndTSu_6_mDf87a1uxc7B0f0rRm6sTM0.jpg?crop=center&height=1200&v=1774436802&width=1200
https://uk.representclo.com/products/beverly-knit-polo-jet-black,Beverly Knit Polo - Jet Black,L,True,140.0,,https://scdn.speedsize.com/fbaf6506-81e1-43a2-bcc1-80e18c7b0146/uk.representclo.com/cdn/shop/files/XhhG4EXYknHBndTSu_6_mDf87a1uxc7B0f0rRm6sTM0.jpg?crop=center&height=1200&v=1774436802&width=1200
https://uk.representclo.com/products/beverly-knit-polo-jet-black,Beverly Knit Polo - Jet Black,XL,True,140.0,,https://scdn.speedsize.com/fbaf6506-81e1-43a2-bcc1-80e18c7b0146/uk.representclo.com/cdn/shop/files/XhhG4EXYknHBndTSu_6_mDf87a1uxc7B0f0rRm6sTM0.jpg?crop=center&height=1200&v=1774436802&width=1200
https://uk.representclo.com/products/beverly-knit-polo-jet-black,Beverly Knit Polo - Jet Black,XXL,True,140.0,,https://scdn.speedsize.com/fbaf6506-81e1-43a2-bcc1-80e18c7b0146/uk.representclo.com/cdn/shop/files/XhhG4EXYknHBndTSu_6_mDf87a1uxc7B0f0rRm6sTM0.jpg?crop=center&height=1200&v=1774436802&width=1200
https://uk.representclo.com/products/beverly-knit-polo-vintage-khaki,Beverly Knit Polo - Vintage Khaki,XXS,False,140.0,,https://scdn.speedsize.com/fbaf6506-81e1-43a2-bcc1-80e18c7b0146/uk.representclo.com/cdn/shop/files/8vB-SmDeLIO99QQEg2DmGvQV3xk3smHXWbDm2GTc7U4.jpg?crop=center&height=1200&v=1774436852&width=1200
https://uk.representclo.com/products/beverly-knit-polo-vintage-khaki,Beverly Knit Polo - Vintage Khaki,XS,True,140.0,,https://scdn.speedsize.com/fbaf6506-81e1-43a2-bcc1-80e18c7b0146/uk.representclo.com/cdn/shop/files/8vB-SmDeLIO99QQEg2DmGvQV3xk3smHXWbDm2GTc7U4.jpg?crop=center&height=1200&v=1774436852&width=1200
https://uk.representclo.com/products/beverly-knit-polo-vintage-khaki,Beverly Knit Polo - Vintage Khaki,S,True,140.0,,https://scdn.speedsize.com/fbaf6506-81e1-43a2-bcc1-80e18c7b0146/uk.representclo.com/cdn/shop/files/8vB-SmDeLIO99QQEg2DmGvQV3xk3smHXWbDm2GTc7U4.jpg?crop=center&height=1200&v=1774436852&width=1200
https://uk.representclo.com/products/beverly-knit-polo-vintage-khaki,Beverly Knit Polo - Vintage Khaki,M,True,140.0,,https://scdn.speedsize.com/fbaf6506-81e1-43a2-bcc1-80e18c7b0146/uk.representclo.com/cdn/shop/files/8vB-SmDeLIO99QQEg2DmGvQV3xk3smHXWbDm2GTc7U4.jpg?crop=center&height=1200&v=1774436852&width=1200
https://uk.representclo.com/products/beverly-knit-polo-vintage-khaki,Beverly Knit Polo - Vintage Khaki,L,True,140.0,,https://scdn.speedsize.com/fbaf6506-81e1-43a2-bcc1-80e18c7b0146/uk.representclo.com/cdn/shop/files/8vB-SmDeLIO99QQEg2DmGvQV3xk3smHXWbDm2GTc7U4.jpg?crop=center&height=1200&v=1774436852&width=1200
https://uk.representclo.com/products/beverly-knit-polo-vintage-khaki,Beverly Knit Polo - Vintage Khaki,XL,False,140.0,,https://scdn.speedsize.com/fbaf6506-81e1-43a2-bcc1-80e18c7b0146/uk.representclo.com/cdn/shop/files/8vB-SmDeLIO99QQEg2DmGvQV3xk3smHXWbDm2GTc7U4.jpg?crop=center&height=1200&v=1774436852&width=1200
https://uk.representclo.com/products/beverly-knit-polo-vintage-khaki,Beverly Knit Polo - Vintage Khaki,XXL,True,140.0,,https://scdn.speedsize.com/fbaf6506-81e1-43a2-bcc1-80e18c7b0146/uk.representclo.com/cdn/shop/files/8vB-SmDeLIO99QQEg2DmGvQV3xk3smHXWbDm2GTc7U4.jpg?crop=center&height=1200&v=1774436852&width=1200
https://uk.representclo.com/products/block-logo-t-shirt-flat-white,Block Logo T-Shirt - Flat White,XXS,False,85.0,,https://scdn.speedsize.com/fbaf6506-81e1-43a2-bcc1-80e18c7b0146/uk.representclo.com/cdn/shop/files/ScriptLogoT-Shirt-FlatWhite1_0b20f9bc-4baf-478b-9076-d0d123e7311a.jpg?crop=center&height=1200&v=1731526921&width=1200
https://uk.representclo.com/products/block-logo-t-shirt-flat-white,Block Logo T-Shirt - Flat White,XS,False,85.0,,https://scdn.speedsize.com/fbaf6506-81e1-43a2-bcc1-80e18c7b0146/uk.representclo.com/cdn/shop/files/ScriptLogoT-Shirt-FlatWhite1_0b20f9bc-4baf-478b-9076-d0d123e7311a.jpg?crop=center&height=1200&v=1731526921&width=1200
https://uk.representclo.com/products/block-logo-t-shirt-flat-white,Block Logo T-Shirt - Flat White,S,False,85.0,,https://scdn.speedsize.com/fbaf6506-81e1-43a2-bcc1-80e18c7b0146/uk.representclo.com/cdn/shop/files/ScriptLogoT-Shirt-FlatWhite1_0b20f9bc-4baf-478b-9076-d0d123e7311a.jpg?crop=center&height=1200&v=1731526921&width=1200
https://uk.representclo.com/products/block-logo-t-shirt-flat-white,Block Logo T-Shirt - Flat White,M,False,85.0,,https://scdn.speedsize.com/fbaf6506-81e1-43a2-bcc1-80e18c7b0146/uk.representclo.com/cdn/shop/files/ScriptLogoT-Shirt-FlatWhite1_0b20f9bc-4baf-478b-9076-d0d123e7311a.jpg?crop=center&height=1200&v=1731526921&width=1200
https://uk.representclo.com/products/block-logo-t-shirt-flat-white,Block Logo T-Shirt - Flat White,L,False,85.0,,https://scdn.speedsize.com/fbaf6506-81e1-43a2-bcc1-80e18c7b0146/uk.representclo.com/cdn/shop/files/ScriptLogoT-Shirt-FlatWhite1_0b20f9bc-4baf-478b-9076-d0d123e7311a.jpg?crop=center&height=1200&v=1731526921&width=1200
https://uk.representclo.com/products/block-logo-t-shirt-flat-white,Block Logo T-Shirt - Flat White,XL,True,85.0,,https://scdn.speedsize.com/fbaf6506-81e1-43a2-bcc1-80e18c7b0146/uk.representclo.com/cdn/shop/files/ScriptLogoT-Shirt-FlatWhite1_0b20f9bc-4baf-478b-9076-d0d123e7311a.jpg?crop=center&height=1200&v=1731526921&width=1200
https://uk.representclo.com/products/block-logo-t-shirt-flat-white,Block Logo T-Shirt - Flat White,XXL,True,85.0,,https://scdn.speedsize.com/fbaf6506-81e1-43a2-bcc1-80e18c7b0146/uk.representclo.com/cdn/shop/files/ScriptLogoT-Shirt-FlatWhite1_0b20f9bc-4baf-478b-9076-d0d123e7311a.jpg?crop=center&height=1200&v=1731526921&width=1200
https://uk.representclo.com/products/bonded-reversible-check-shirt-nero,Bonded Reversible Check Shirt - Nero,XXS,False,175.0,,https://scdn.speedsize.com/fbaf6506-81e1-43a2-bcc1-80e18c7b0146/uk.representclo.com/cdn/shop/files/g5LgbXdj993yygVyBiPPGHDuJmQp9O8U8f7BNUmuo6I.jpg?crop=center&height=1200&v=1759249739&width=1200
https://uk.representclo.com/products/bonded-reversible-check-shirt-nero,Bonded Reversible Check Shirt - Nero,XS,False,175.0,,https://scdn.speedsize.com/fbaf6506-81e1-43a2-bcc1-80e18c7b0146/uk.representclo.com/cdn/shop/files/g5LgbXdj993yygVyBiPPGHDuJmQp9O8U8f7BNUmuo6I.jpg?crop=center&height=1200&v=1759249739&width=1200
https://uk.representclo.com/products/bonded-reversible-check-shirt-nero,Bonded Reversible Check Shirt - Nero,S,True,175.0,,https://scdn.speedsize.com/fbaf6506-81e1-43a2-bcc1-80e18c7b0146/uk.representclo.com/cdn/shop/files/g5LgbXdj993yygVyBiPPGHDuJmQp9O8U8f7BNUmuo6I.jpg?crop=center&height=1200&v=1759249739&width=1200
https://uk.representclo.com/products/bonded-reversible-check-shirt-nero,Bonded Reversible Check Shirt - Nero,M,True,175.0,,https://scdn.speedsize.com/fbaf6506-81e1-43a2-bcc1-80e18c7b0146/uk.representclo.com/cdn/shop/files/g5LgbXdj993yygVyBiPPGHDuJmQp9O8U8f7BNUmuo6I.jpg?crop=center&height=1200&v=1759249739&width=1200
https://uk.representclo.com/products/bonded-reversible-check-shirt-nero,Bonded Reversible Check Shirt - Nero,L,True,175.0,,https://scdn.speedsize.com/fbaf6506-81e1-43a2-bcc1-80e18c7b0146/uk.representclo.com/cdn/shop/files/g5LgbXdj993yygVyBiPPGHDuJmQp9O8U8f7BNUmuo6I.jpg?crop=center&height=1200&v=1759249739&width=1200
https://uk.representclo.com/products/bonded-reversible-check-shirt-nero,Bonded Reversible Check Shirt - Nero,XL,True,175.0,,https://scdn.speedsize.com/fbaf6506-81e1-43a2-bcc1-80e18c7b0146/uk.representclo.com/cdn/shop/files/g5LgbXdj993yygVyBiPPGHDuJmQp9O8U8f7BNUmuo6I.jpg?crop=center&height=1200&v=1759249739&width=1200
https://uk.representclo.com/products/bonded-reversible-check-shirt-nero,Bonded Reversible Check Shirt - Nero,XXL,True,175.0,,https://scdn.speedsize.com/fbaf6506-81e1-43a2-bcc1-80e18c7b0146/uk.representclo.com/cdn/shop/files/g5LgbXdj993yygVyBiPPGHDuJmQp9O8U8f7BNUmuo6I.jpg?crop=center&height=1200&v=1759249739&width=1200
https://uk.representclo.com/products/bordeaux-brushed-jacket-black,Bordeaux Brushed Jacket - Black,XS,False,275.0,,https://scdn.speedsize.com/fbaf6506-81e1-43a2-bcc1-80e18c7b0146/uk.representclo.com/cdn/shop/files/gHXMqTdtvTH4swNQ1RWfijYebLR8H29ZKyY4FQOnLQk.jpg?crop=center&height=1200&v=1743001170&width=1200
https://uk.representclo.com/products/bordeaux-brushed-jacket-black,Bordeaux Brushed Jacket - Black,S,False,275.0,,https://scdn.speedsize.com/fbaf6506-81e1-43a2-bcc1-80e18c7b0146/uk.representclo.com/cdn/shop/files/gHXMqTdtvTH4swNQ1RWfijYebLR8H29ZKyY4FQOnLQk.jpg?crop=center&height=1200&v=1743001170&width=1200
https://uk.representclo.com/products/bordeaux-brushed-jacket-black,Bordeaux Brushed Jacket - Black,M,True,275.0,,https://scdn.speedsize.com/fbaf6506-81e1-43a2-bcc1-80e18c7b0146/uk.representclo.com/cdn/shop/files/gHXMqTdtvTH4swNQ1RWfijYebLR8H29ZKyY4FQOnLQk.jpg?crop=center&height=1200&v=1743001170&width=1200
https://uk.representclo.com/products/bordeaux-brushed-jacket-black,Bordeaux Brushed Jacket - Black,L,False,275.0,,https://scdn.speedsize.com/fbaf6506-81e1-43a2-bcc1-80e18c7b0146/uk.representclo.com/cdn/shop/files/gHXMqTdtvTH4swNQ1RWfijYebLR8H29ZKyY4FQOnLQk.jpg?crop=center&height=1200&v=1743001170&width=1200
https://uk.representclo.com/products/bordeaux-brushed-jacket-black,Bordeaux Brushed Jacket - Black,XL,False,275.0,,https://scdn.speedsize.com/fbaf6506-81e1-43a2-bcc1-80e18c7b0146/uk.representclo.com/cdn/shop/files/gHXMqTdtvTH4swNQ1RWfijYebLR8H29ZKyY4FQOnLQk.jpg?crop=center&height=1200&v=1743001170&width=1200
https://uk.representclo.com/products/border-shirt-jet-black,Border Shirt,XS,False,160.0,,https://scdn.speedsize.com/fbaf6506-81e1-43a2-bcc1-80e18c7b0146/uk.representclo.com/cdn/shop/files/NEsC8ptHzezhchvpyCCQuWXm-1eWunPN1QRzG08rp-c.jpg?crop=center&height=1200&v=1747231350&width=1200
https://uk.representclo.com/products/border-shirt-jet-black,Border Shirt,S,False,160.0,,https://scdn.speedsize.com/fbaf6506-81e1-43a2-bcc1-80e18c7b0146/uk.representclo.com/cdn/shop/files/NEsC8ptHzezhchvpyCCQuWXm-1eWunPN1QRzG08rp-c.jpg?crop=center&height=1200&v=1747231350&width=1200
https://uk.representclo.com/products/border-shirt-jet-black,Border Shirt,M,False,160.0,,https://scdn.speedsize.com/fbaf6506-81e1-43a2-bcc1-80e18c7b0146/uk.representclo.com/cdn/shop/files/NEsC8ptHzezhchvpyCCQuWXm-1eWunPN1QRzG08rp-c.jpg?crop=center&height=1200&v=1747231350&width=1200
https://uk.representclo.com/products/border-shirt-jet-black,Border Shirt,L,False,160.0,,https://scdn.speedsize.com/fbaf6506-81e1-43a2-bcc1-80e18c7b0146/uk.representclo.com/cdn/shop/files/NEsC8ptHzezhchvpyCCQuWXm-1eWunPN1QRzG08rp-c.jpg?crop=center&height=1200&v=1747231350&width=1200
https://uk.representclo.com/products/border-shirt-jet-black,Border Shirt,XL,False,160.0,,https://scdn.speedsize.com/fbaf6506-81e1-43a2-bcc1-80e18c7b0146/uk.representclo.com/cdn/shop/files/NEsC8ptHzezhchvpyCCQuWXm-1eWunPN1QRzG08rp-c.jpg?crop=center&height=1200&v=1747231350&width=1200
https://uk.representclo.com/products/border-shirt-jet-black,Border Shirt,XXL,False,160.0,,https://scdn.speedsize.com/fbaf6506-81e1-43a2-bcc1-80e18c7b0146/uk.representclo.com/cdn/shop/files/NEsC8ptHzezhchvpyCCQuWXm-1eWunPN1QRzG08rp-c.jpg?crop=center&height=1200&v=1747231350&width=1200
https://uk.representclo.com/products/border-shirt-whisper-white,Border Shirt - Whisper White,XS,False,160.0,,https://scdn.speedsize.com/fbaf6506-81e1-43a2-bcc1-80e18c7b0146/uk.representclo.com/cdn/shop/files/dOsfYqAZRqx4HWEF9govnKeHYyIgubzNHhv7_6Z0eCg.jpg?crop=center&height=1200&v=1747231372&width=1200
https://uk.representclo.com/products/border-shirt-whisper-white,Border Shirt - Whisper White,S,False,160.0,,https://scdn.speedsize.com/fbaf6506-81e1-43a2-bcc1-80e18c7b0146/uk.representclo.com/cdn/shop/files/dOsfYqAZRqx4HWEF9govnKeHYyIgubzNHhv7_6Z0eCg.jpg?crop=center&height=1200&v=1747231372&width=1200
https://uk.representclo.com/products/border-shirt-whisper-white,Border Shirt - Whisper White,M,True,160.0,,https://scdn.speedsize.com/fbaf6506-81e1-43a2-bcc1-80e18c7b0146/uk.representclo.com/cdn/shop/files/dOsfYqAZRqx4HWEF9govnKeHYyIgubzNHhv7_6Z0eCg.jpg?crop=center&height=1200&v=1747231372&width=1200
https://uk.representclo.com/products/border-shirt-whisper-white,Border Shirt - Whisper White,L,False,160.0,,https://scdn.speedsize.com/fbaf6506-81e1-43a2-bcc1-80e18c7b0146/uk.representclo.com/cdn/shop/files/dOsfYqAZRqx4HWEF9govnKeHYyIgubzNHhv7_6Z0eCg.jpg?crop=center&height=1200&v=1747231372&width=1200
https://uk.representclo.com/products/border-shirt-whisper-white,Border Shirt - Whisper White,XL,False,160.0,,https://scdn.speedsize.com/fbaf6506-81e1-43a2-bcc1-80e18c7b0146/uk.representclo.com/cdn/shop/files/dOsfYqAZRqx4HWEF9govnKeHYyIgubzNHhv7_6Z0eCg.jpg?crop=center&height=1200&v=1747231372&width=1200
https://uk.representclo.com/products/border-shirt-whisper-white,Border Shirt - Whisper White,XXL,False,160.0,,https://scdn.speedsize.com/fbaf6506-81e1-43a2-bcc1-80e18c7b0146/uk.representclo.com/cdn/shop/files/dOsfYqAZRqx4HWEF9govnKeHYyIgubzNHhv7_6Z0eCg.jpg?crop=center&height=1200&v=1747231372&width=1200
https://uk.representclo.com/products/border-short-jet-black,Border Short - Jet Black,XS,True,135.0,,https://scdn.speedsize.com/fbaf6506-81e1-43a2-bcc1-80e18c7b0146/uk.representclo.com/cdn/shop/files/PB5uDBA0lvNn00Y-N8J31WR8z8munmJLfuxz5HikygQ.jpg?crop=center&height=1200&v=1747231397&width=1200
https://uk.representclo.com/products/border-short-jet-black,Border Short - Jet Black,S,False,135.0,,https://scdn.speedsize.com/fbaf6506-81e1-43a2-bcc1-80e18c7b0146/uk.representclo.com/cdn/shop/files/PB5uDBA0lvNn00Y-N8J31WR8z8munmJLfuxz5HikygQ.jpg?crop=center&height=1200&v=1747231397&width=1200
https://uk.representclo.com/products/border-short-jet-black,Border Short - Jet Black,M,False,135.0,,https://scdn.speedsize.com/fbaf6506-81e1-43a2-bcc1-80e18c7b0146/uk.representclo.com/cdn/shop/files/PB5uDBA0lvNn00Y-N8J31WR8z8munmJLfuxz5HikygQ.jpg?crop=center&height=1200&v=1747231397&width=1200
https://uk.representclo.com/products/border-short-jet-black,Border Short - Jet Black,L,False,135.0,,https://scdn.speedsize.com/fbaf6506-81e1-43a2-bcc1-80e18c7b0146/uk.representclo.com/cdn/shop/files/PB5uDBA0lvNn00Y-N8J31WR8z8munmJLfuxz5HikygQ.jpg?crop=center&height=1200&v=1747231397&width=1200
https://uk.representclo.com/products/border-short-jet-black,Border Short - Jet Black,XL,False,135.0,,https://scdn.speedsize.com/fbaf6506-81e1-43a2-bcc1-80e18c7b0146/uk.representclo.com/cdn/shop/files/PB5uDBA0lvNn00Y-N8J31WR8z8munmJLfuxz5HikygQ.jpg?crop=center&height=1200&v=1747231397&width=1200
https://uk.representclo.com/products/border-short-jet-black,Border Short - Jet Black,XXL,False,135.0,,https://scdn.speedsize.com/fbaf6506-81e1-43a2-bcc1-80e18c7b0146/uk.representclo.com/cdn/shop/files/PB5uDBA0lvNn00Y-N8J31WR8z8munmJLfuxz5HikygQ.jpg?crop=center&height=1200&v=1747231397&width=1200
https://uk.representclo.com/products/border-short-whisper-white,Border Short - Whisper White,XS,False,135.0,,https://scdn.speedsize.com/fbaf6506-81e1-43a2-bcc1-80e18c7b0146/uk.representclo.com/cdn/shop/files/9tOrB_SixsG3mBkB8B97fxDe7oYCtN1SQumrVMOyo-M.jpg?crop=center&height=1200&v=1747231421&width=1200
https://uk.representclo.com/products/border-short-whisper-white,Border Short - Whisper White,S,False,135.0,,https://scdn.speedsize.com/fbaf6506-81e1-43a2-bcc1-80e18c7b0146/uk.representclo.com/cdn/shop/files/9tOrB_SixsG3mBkB8B97fxDe7oYCtN1SQumrVMOyo-M.jpg?crop=center&height=1200&v=1747231421&width=1200
https://uk.representclo.com/products/border-short-whisper-white,Border Short - Whisper White,M,False,135.0,,https://scdn.speedsize.com/fbaf6506-81e1-43a2-bcc1-80e18c7b0146/uk.representclo.com/cdn/shop/files/9tOrB_SixsG3mBkB8B97fxDe7oYCtN1SQumrVMOyo-M.jpg?crop=center&height=1200&v=1747231421&width=1200
https://uk.representclo.com/products/border-short-whisper-white,Border Short - Whisper White,L,True,135.0,,https://scdn.speedsize.com/fbaf6506-81e1-43a2-bcc1-80e18c7b0146/uk.representclo.com/cdn/shop/files/9tOrB_SixsG3mBkB8B97fxDe7oYCtN1SQumrVMOyo-M.jpg?crop=center&height=1200&v=1747231421&width=1200
https://uk.representclo.com/products/border-short-whisper-white,Border Short - Whisper White,XL,False,135.0,,https://scdn.speedsize.com/fbaf6506-81e1-43a2-bcc1-80e18c7b0146/uk.representclo.com/cdn/shop/files/9tOrB_SixsG3mBkB8B97fxDe7oYCtN1SQumrVMOyo-M.jpg?crop=center&height=1200&v=1747231421&width=1200
https://uk.representclo.com/products/border-short-whisper-white,Border Short - Whisper White,XXL,True,135.0,,https://scdn.speedsize.com/fbaf6506-81e1-43a2-bcc1-80e18c7b0146/uk.representclo.com/cdn/shop/files/9tOrB_SixsG3mBkB8B97fxDe7oYCtN1SQumrVMOyo-M.jpg?crop=center&height=1200&v=1747231421&width=1200
https://uk.representclo.com/products/british-cowboys-hoodie-dusty-brown,British Cowboys Hoodie - Dusty Brown,XXS,False,195.0,,https://scdn.speedsize.com/fbaf6506-81e1-43a2-bcc1-80e18c7b0146/uk.representclo.com/cdn/shop/files/Y3fR1hfzpARARVcd64u8XnZDdQTTAj-Q_W0EJ5oL_Lc.jpg?crop=center&height=1200&v=1769409216&width=1200
https://uk.representclo.com/products/british-cowboys-hoodie-dusty-brown,British Cowboys Hoodie - Dusty Brown,XS,True,195.0,,https://scdn.speedsize.com/fbaf6506-81e1-43a2-bcc1-80e18c7b0146/uk.representclo.com/cdn/shop/files/Y3fR1hfzpARARVcd64u8XnZDdQTTAj-Q_W0EJ5oL_Lc.jpg?crop=center&height=1200&v=1769409216&width=1200
https://uk.representclo.com/products/british-cowboys-hoodie-dusty-brown,British Cowboys Hoodie - Dusty Brown,S,True,195.0,,https://scdn.speedsize.com/fbaf6506-81e1-43a2-bcc1-80e18c7b0146/uk.representclo.com/cdn/shop/files/Y3fR1hfzpARARVcd64u8XnZDdQTTAj-Q_W0EJ5oL_Lc.jpg?crop=center&height=1200&v=1769409216&width=1200
https://uk.representclo.com/products/british-cowboys-hoodie-dusty-brown,British Cowboys Hoodie - Dusty Brown,M,True,195.0,,https://scdn.speedsize.com/fbaf6506-81e1-43a2-bcc1-80e18c7b0146/uk.representclo.com/cdn/shop/files/Y3fR1hfzpARARVcd64u8XnZDdQTTAj-Q_W0EJ5oL_Lc.jpg?crop=center&height=1200&v=1769409216&width=1200
https://uk.representclo.com/products/british-cowboys-hoodie-dusty-brown,British Cowboys Hoodie - Dusty Brown,L,True,195.0,,https://scdn.speedsize.com/fbaf6506-81e1-43a2-bcc1-80e18c7b0146/uk.representclo.com/cdn/shop/files/Y3fR1hfzpARARVcd64u8XnZDdQTTAj-Q_W0EJ5oL_Lc.jpg?crop=center&height=1200&v=1769409216&width=1200
https://uk.representclo.com/products/british-cowboys-hoodie-dusty-brown,British Cowboys Hoodie - Dusty Brown,XL,True,195.0,,https://scdn.speedsize.com/fbaf6506-81e1-43a2-bcc1-80e18c7b0146/uk.representclo.com/cdn/shop/files/Y3fR1hfzpARARVcd64u8XnZDdQTTAj-Q_W0EJ5oL_Lc.jpg?crop=center&height=1200&v=1769409216&width=1200
https://uk.representclo.com/products/british-cowboys-hoodie-dusty-brown,British Cowboys Hoodie - Dusty Brown,XXL,True,195.0,,https://scdn.speedsize.com/fbaf6506-81e1-43a2-bcc1-80e18c7b0146/uk.representclo.com/cdn/shop/files/Y3fR1hfzpARARVcd64u8XnZDdQTTAj-Q_W0EJ5oL_Lc.jpg?crop=center&height=1200&v=1769409216&width=1200
https://uk.representclo.com/products/british-cowboys-hoodie-stained-black,British Cowboys Hoodie - Stained Black,XXS,False,195.0,,https://scdn.speedsize.com/fbaf6506-81e1-43a2-bcc1-80e18c7b0146/uk.representclo.com/cdn/shop/files/SRSwKEXxupIsR92IHcXpaVTJIMjCgHAjADDsyeja_vM.jpg?crop=center&height=1200&v=1769409264&width=1200
https://uk.representclo.com/products/british-cowboys-hoodie-stained-black,British Cowboys Hoodie - Stained Black,XS,True,195.0,,https://scdn.speedsize.com/fbaf6506-81e1-43a2-bcc1-80e18c7b0146/uk.representclo.com/cdn/shop/files/SRSwKEXxupIsR92IHcXpaVTJIMjCgHAjADDsyeja_vM.jpg?crop=center&height=1200&v=1769409264&width=1200
https://uk.representclo.com/products/british-cowboys-hoodie-stained-black,British Cowboys Hoodie - Stained Black,S,True,195.0,,https://scdn.speedsize.com/fbaf6506-81e1-43a2-bcc1-80e18c7b0146/uk.representclo.com/cdn/shop/files/SRSwKEXxupIsR92IHcXpaVTJIMjCgHAjADDsyeja_vM.jpg?crop=center&height=1200&v=1769409264&width=1200
https://uk.representclo.com/products/british-cowboys-hoodie-stained-black,British Cowboys Hoodie - Stained Black,M,True,195.0,,https://scdn.speedsize.com/fbaf6506-81e1-43a2-bcc1-80e18c7b0146/uk.representclo.com/cdn/shop/files/SRSwKEXxupIsR92IHcXpaVTJIMjCgHAjADDsyeja_vM.jpg?crop=center&height=1200&v=1769409264&width=1200
https://uk.representclo.com/products/british-cowboys-hoodie-stained-black,British Cowboys Hoodie - Stained Black,L,True,195.0,,https://scdn.speedsize.com/fbaf6506-81e1-43a2-bcc1-80e18c7b0146/uk.representclo.com/cdn/shop/files/SRSwKEXxupIsR92IHcXpaVTJIMjCgHAjADDsyeja_vM.jpg?crop=center&height=1200&v=1769409264&width=1200
https://uk.representclo.com/products/british-cowboys-hoodie-stained-black,British Cowboys Hoodie - Stained Black,XL,True,195.0,,https://scdn.speedsize.com/fbaf6506-81e1-43a2-bcc1-80e18c7b0146/uk.representclo.com/cdn/shop/files/SRSwKEXxupIsR92IHcXpaVTJIMjCgHAjADDsyeja_vM.jpg?crop=center&height=1200&v=1769409264&width=1200
https://uk.representclo.com/products/british-cowboys-hoodie-stained-black,British Cowboys Hoodie - Stained Black,XXL,True,195.0,,https://scdn.speedsize.com/fbaf6506-81e1-43a2-bcc1-80e18c7b0146/uk.representclo.com/cdn/shop/files/SRSwKEXxupIsR92IHcXpaVTJIMjCgHAjADDsyeja_vM.jpg?crop=center&height=1200&v=1769409264&width=1200
https://uk.representclo.com/products/british-cowboys-t-shirt-dusty-brown,British Cowboys T-Shirt - Dusty Brown,XXS,False,115.0,,https://scdn.speedsize.com/fbaf6506-81e1-43a2-bcc1-80e18c7b0146/uk.representclo.com/cdn/shop/files/axdjXMKjv2xK1Kg7cAfyP1mDEL0K_JrJf9mm4Bd8P80.jpg?crop=center&height=1200&v=1769409301&width=1200
https://uk.representclo.com/products/british-cowboys-t-shirt-dusty-brown,British Cowboys T-Shirt - Dusty Brown,XS,True,115.0,,https://scdn.speedsize.com/fbaf6506-81e1-43a2-bcc1-80e18c7b0146/uk.representclo.com/cdn/shop/files/axdjXMKjv2xK1Kg7cAfyP1mDEL0K_JrJf9mm4Bd8P80.jpg?crop=center&height=1200&v=1769409301&width=1200
https://uk.representclo.com/products/british-cowboys-t-shirt-dusty-brown,British Cowboys T-Shirt - Dusty Brown,S,True,115.0,,https://scdn.speedsize.com/fbaf6506-81e1-43a2-bcc1-80e18c7b0146/uk.representclo.com/cdn/shop/files/axdjXMKjv2xK1Kg7cAfyP1mDEL0K_JrJf9mm4Bd8P80.jpg?crop=center&height=1200&v=1769409301&width=1200
https://uk.representclo.com/products/british-cowboys-t-shirt-dusty-brown,British Cowboys T-Shirt - Dusty Brown,M,True,115.0,,https://scdn.speedsize.com/fbaf6506-81e1-43a2-bcc1-80e18c7b0146/uk.representclo.com/cdn/shop/files/axdjXMKjv2xK1Kg7cAfyP1mDEL0K_JrJf9mm4Bd8P80.jpg?crop=center&height=1200&v=1769409301&width=1200
https://uk.representclo.com/products/british-cowboys-t-shirt-dusty-brown,British Cowboys T-Shirt - Dusty Brown,L,True,115.0,,https://scdn.speedsize.com/fbaf6506-81e1-43a2-bcc1-80e18c7b0146/uk.representclo.com/cdn/shop/files/axdjXMKjv2xK1Kg7cAfyP1mDEL0K_JrJf9mm4Bd8P80.jpg?crop=center&height=1200&v=1769409301&width=1200
https://uk.representclo.com/products/british-cowboys-t-shirt-dusty-brown,British Cowboys T-Shirt - Dusty Brown,XL,True,115.0,,https://scdn.speedsize.com/fbaf6506-81e1-43a2-bcc1-80e18c7b0146/uk.representclo.com/cdn/shop/files/axdjXMKjv2xK1Kg7cAfyP1mDEL0K_JrJf9mm4Bd8P80.jpg?crop=center&height=1200&v=1769409301&width=1200
https://uk.representclo.com/products/british-cowboys-t-shirt-dusty-brown,British Cowboys T-Shirt - Dusty Brown,XXL,True,115.0,,https://scdn.speedsize.com/fbaf6506-81e1-43a2-bcc1-80e18c7b0146/uk.representclo.com/cdn/shop/files/axdjXMKjv2xK1Kg7cAfyP1mDEL0K_JrJf9mm4Bd8P80.jpg?crop=center&height=1200&v=1769409301&width=1200
https://uk.representclo.com/products/british-cowboys-t-shirt-stained-black,British Cowboys T-Shirt - Stained Black,XXS,False,115.0,,https://scdn.speedsize.com/fbaf6506-81e1-43a2-bcc1-80e18c7b0146/uk.representclo.com/cdn/shop/files/hXYqJmq1EJOQ__xXy0B0tATujFn0qRCiiSA9O6u1O_I.jpg?crop=center&height=1200&v=1769409339&width=1200
https://uk.representclo.com/products/british-cowboys-t-shirt-stained-black,British Cowboys T-Shirt - Stained Black,XS,True,115.0,,https://scdn.speedsize.com/fbaf6506-81e1-43a2-bcc1-80e18c7b0146/uk.representclo.com/cdn/shop/files/hXYqJmq1EJOQ__xXy0B0tATujFn0qRCiiSA9O6u1O_I.jpg?crop=center&height=1200&v=1769409339&width=1200
https://uk.representclo.com/products/british-cowboys-t-shirt-stained-black,British Cowboys T-Shirt - Stained Black,S,True,115.0,,https://scdn.speedsize.com/fbaf6506-81e1-43a2-bcc1-80e18c7b0146/uk.representclo.com/cdn/shop/files/hXYqJmq1EJOQ__xXy0B0tATujFn0qRCiiSA9O6u1O_I.jpg?crop=center&height=1200&v=1769409339&width=1200
https://uk.representclo.com/products/british-cowboys-t-shirt-stained-black,British Cowboys T-Shirt - Stained Black,M,True,115.0,,https://scdn.speedsize.com/fbaf6506-81e1-43a2-bcc1-80e18c7b0146/uk.representclo.com/cdn/shop/files/hXYqJmq1EJOQ__xXy0B0tATujFn0qRCiiSA9O6u1O_I.jpg?crop=center&height=1200&v=1769409339&width=1200
https://uk.representclo.com/products/british-cowboys-t-shirt-stained-black,British Cowboys T-Shirt - Stained Black,L,True,115.0,,https://scdn.speedsize.com/fbaf6506-81e1-43a2-bcc1-80e18c7b0146/uk.representclo.com/cdn/shop/files/hXYqJmq1EJOQ__xXy0B0tATujFn0qRCiiSA9O6u1O_I.jpg?crop=center&height=1200&v=1769409339&width=1200
https://uk.representclo.com/products/british-cowboys-t-shirt-stained-black,British Cowboys T-Shirt - Stained Black,XL,True,115.0,,https://scdn.speedsize.com/fbaf6506-81e1-43a2-bcc1-80e18c7b0146/uk.representclo.com/cdn/shop/files/hXYqJmq1EJOQ__xXy0B0tATujFn0qRCiiSA9O6u1O_I.jpg?crop=center&height=1200&v=1769409339&width=1200
https://uk.representclo.com/products/british-cowboys-t-shirt-stained-black,British Cowboys T-Shirt - Stained Black,XXL,True,115.0,,https://scdn.speedsize.com/fbaf6506-81e1-43a2-bcc1-80e18c7b0146/uk.representclo.com/cdn/shop/files/hXYqJmq1EJOQ__xXy0B0tATujFn0qRCiiSA9O6u1O_I.jpg?crop=center&height=1200&v=1769409339&width=1200
https://uk.representclo.com/products/british-cowboys-t-shirt-washed-ecru,British Cowboys T-Shirt - Washed Ecru,XXS,False,115.0,,https://scdn.speedsize.com/fbaf6506-81e1-43a2-bcc1-80e18c7b0146/uk.representclo.com/cdn/shop/files/a64PgwPYOpZIHDs_CZZ4m75Qt0qOJnkp-eBhGCpiprs.jpg?crop=center&height=1200&v=1769409383&width=1200
https://uk.representclo.com/products/british-cowboys-t-shirt-washed-ecru,British Cowboys T-Shirt - Washed Ecru,XS,True,115.0,,https://scdn.speedsize.com/fbaf6506-81e1-43a2-bcc1-80e18c7b0146/uk.representclo.com/cdn/shop/files/a64PgwPYOpZIHDs_CZZ4m75Qt0qOJnkp-eBhGCpiprs.jpg?crop=center&height=1200&v=1769409383&width=1200
https://uk.representclo.com/products/british-cowboys-t-shirt-washed-ecru,British Cowboys T-Shirt - Washed Ecru,S,True,115.0,,https://scdn.speedsize.com/fbaf6506-81e1-43a2-bcc1-80e18c7b0146/uk.representclo.com/cdn/shop/files/a64PgwPYOpZIHDs_CZZ4m75Qt0qOJnkp-eBhGCpiprs.jpg?crop=center&height=1200&v=1769409383&width=1200
https://uk.representclo.com/products/british-cowboys-t-shirt-washed-ecru,British Cowboys T-Shirt - Washed Ecru,M,True,115.0,,https://scdn.speedsize.com/fbaf6506-81e1-43a2-bcc1-80e18c7b0146/uk.representclo.com/cdn/shop/files/a64PgwPYOpZIHDs_CZZ4m75Qt0qOJnkp-eBhGCpiprs.jpg?crop=center&height=1200&v=1769409383&width=1200
https://uk.representclo.com/products/british-cowboys-t-shirt-washed-ecru,British Cowboys T-Shirt - Washed Ecru,L,False,115.0,,https://scdn.speedsize.com/fbaf6506-81e1-43a2-bcc1-80e18c7b0146/uk.representclo.com/cdn/shop/files/a64PgwPYOpZIHDs_CZZ4m75Qt0qOJnkp-eBhGCpiprs.jpg?crop=center&height=1200&v=1769409383&width=1200
https://uk.representclo.com/products/british-cowboys-t-shirt-washed-ecru,British Cowboys T-Shirt - Washed Ecru,XL,True,115.0,,https://scdn.speedsize.com/fbaf6506-81e1-43a2-bcc1-80e18c7b0146/uk.representclo.com/cdn/shop/files/a64PgwPYOpZIHDs_CZZ4m75Qt0qOJnkp-eBhGCpiprs.jpg?crop=center&height=1200&v=1769409383&width=1200
https://uk.representclo.com/products/british-cowboys-t-shirt-washed-ecru,British Cowboys T-Shirt - Washed Ecru,XXL,True,115.0,,https://scdn.speedsize.com/fbaf6506-81e1-43a2-bcc1-80e18c7b0146/uk.representclo.com/cdn/shop/files/a64PgwPYOpZIHDs_CZZ4m75Qt0qOJnkp-eBhGCpiprs.jpg?crop=center&height=1200&v=1769409383&width=1200
https://uk.representclo.com/products/built-to-last-belt-dark-brown,Built To Last Belt - Dark Brown,One Size,False,150.0,,https://scdn.speedsize.com/fbaf6506-81e1-43a2-bcc1-80e18c7b0146/uk.representclo.com/cdn/shop/files/JeLQ2IwCzbRgfoGjP1JpTyshLMLjKEZ760C9hi2O1_E.jpg?crop=center&height=1200&v=1769409422&width=1200
https://uk.representclo.com/products/busy-doing-nothing-beach-towel-jet-black,Busy Doing Nothing Beach Towel - Jet Black,One Size,False,70.0,,https://scdn.speedsize.com/fbaf6506-81e1-43a2-bcc1-80e18c7b0146/uk.representclo.com/cdn/shop/files/VRsabxXLO4S1ffy0ZJAcDn7QxZciHZ_lK2tA0hQew9U.jpg?crop=center&height=1200&v=1779788884&width=1200
https://uk.representclo.com/products/busy-doing-nothing-denim-short-dusty-blue,Busy Doing Nothing Denim Short - Dusty Blue,28,True,145.0,,https://scdn.speedsize.com/fbaf6506-81e1-43a2-bcc1-80e18c7b0146/uk.representclo.com/cdn/shop/files/33eEaLO3vfIAclu_PHoM6ZzqrR-VLe8SfnPWtGiWIg.jpg?crop=center&height=1200&v=1779808097&width=1200
https://uk.representclo.com/products/busy-doing-nothing-denim-short-dusty-blue,Busy Doing Nothing Denim Short - Dusty Blue,29,True,145.0,,https://scdn.speedsize.com/fbaf6506-81e1-43a2-bcc1-80e18c7b0146/uk.representclo.com/cdn/shop/files/33eEaLO3vfIAclu_PHoM6ZzqrR-VLe8SfnPWtGiWIg.jpg?crop=center&height=1200&v=1779808097&width=1200
https://uk.representclo.com/products/busy-doing-nothing-denim-short-dusty-blue,Busy Doing Nothing Denim Short - Dusty Blue,30,True,145.0,,https://scdn.speedsize.com/fbaf6506-81e1-43a2-bcc1-80e18c7b0146/uk.representclo.com/cdn/shop/files/33eEaLO3vfIAclu_PHoM6ZzqrR-VLe8SfnPWtGiWIg.jpg?crop=center&height=1200&v=1779808097&width=1200
https://uk.representclo.com/products/busy-doing-nothing-denim-short-dusty-blue,Busy Doing Nothing Denim Short - Dusty Blue,31,True,145.0,,https://scdn.speedsize.com/fbaf6506-81e1-43a2-bcc1-80e18c7b0146/uk.representclo.com/cdn/shop/files/33eEaLO3vfIAclu_PHoM6ZzqrR-VLe8SfnPWtGiWIg.jpg?crop=center&height=1200&v=1779808097&width=1200
https://uk.representclo.com/products/busy-doing-nothing-denim-short-dusty-blue,Busy Doing Nothing Denim Short - Dusty Blue,32,True,145.0,,https://scdn.speedsize.com/fbaf6506-81e1-43a2-bcc1-80e18c7b0146/uk.representclo.com/cdn/shop/files/33eEaLO3vfIAclu_PHoM6ZzqrR-VLe8SfnPWtGiWIg.jpg?crop=center&height=1200&v=1779808097&width=1200
https://uk.representclo.com/products/busy-doing-nothing-denim-short-dusty-blue,Busy Doing Nothing Denim Short - Dusty Blue,33,False,145.0,,https://scdn.speedsize.com/fbaf6506-81e1-43a2-bcc1-80e18c7b0146/uk.representclo.com/cdn/shop/files/33eEaLO3vfIAclu_PHoM6ZzqrR-VLe8SfnPWtGiWIg.jpg?crop=center&height=1200&v=1779808097&width=1200
https://uk.representclo.com/products/busy-doing-nothing-denim-short-dusty-blue,Busy Doing Nothing Denim Short - Dusty Blue,34,True,145.0,,https://scdn.speedsize.com/fbaf6506-81e1-43a2-bcc1-80e18c7b0146/uk.representclo.com/cdn/shop/files/33eEaLO3vfIAclu_PHoM6ZzqrR-VLe8SfnPWtGiWIg.jpg?crop=center&height=1200&v=1779808097&width=1200
https://uk.representclo.com/products/busy-doing-nothing-denim-short-dusty-blue,Busy Doing Nothing Denim Short - Dusty Blue,36,True,145.0,,https://scdn.speedsize.com/fbaf6506-81e1-43a2-bcc1-80e18c7b0146/uk.representclo.com/cdn/shop/files/33eEaLO3vfIAclu_PHoM6ZzqrR-VLe8SfnPWtGiWIg.jpg?crop=center&height=1200&v=1779808097&width=1200
https://uk.representclo.com/products/busy-doing-nothing-denim-short-dusty-blue,Busy Doing Nothing Denim Short - Dusty Blue,38,False,145.0,,https://scdn.speedsize.com/fbaf6506-81e1-43a2-bcc1-80e18c7b0146/uk.representclo.com/cdn/shop/files/33eEaLO3vfIAclu_PHoM6ZzqrR-VLe8SfnPWtGiWIg.jpg?crop=center&height=1200&v=1779808097&width=1200
https://uk.representclo.com/products/busy-doing-nothing-t-shirt-flat-white,Busy Doing Nothing T-Shirt - Flat White,XS,True,100.0,,https://scdn.speedsize.com/fbaf6506-81e1-43a2-bcc1-80e18c7b0146/uk.representclo.com/cdn/shop/files/Jd93dZqsQut6zNhsNPVnJzKPubmkDfcw7xRsdWyB7Os.jpg?crop=center&height=1200&v=1779788941&width=1200
https://uk.representclo.com/products/busy-doing-nothing-t-shirt-flat-white,Busy Doing Nothing T-Shirt - Flat White,S,True,100.0,,https://scdn.speedsize.com/fbaf6506-81e1-43a2-bcc1-80e18c7b0146/uk.representclo.com/cdn/shop/files/Jd93dZqsQut6zNhsNPVnJzKPubmkDfcw7xRsdWyB7Os.jpg?crop=center&height=1200&v=1779788941&width=1200
https://uk.representclo.com/products/busy-doing-nothing-t-shirt-flat-white,Busy Doing Nothing T-Shirt - Flat White,M,True,100.0,,https://scdn.speedsize.com/fbaf6506-81e1-43a2-bcc1-80e18c7b0146/uk.representclo.com/cdn/shop/files/Jd93dZqsQut6zNhsNPVnJzKPubmkDfcw7xRsdWyB7Os.jpg?crop=center&height=1200&v=1779788941&width=1200
https://uk.representclo.com/products/busy-doing-nothing-t-shirt-flat-white,Busy Doing Nothing T-Shirt - Flat White,L,True,100.0,,https://scdn.speedsize.com/fbaf6506-81e1-43a2-bcc1-80e18c7b0146/uk.representclo.com/cdn/shop/files/Jd93dZqsQut6zNhsNPVnJzKPubmkDfcw7xRsdWyB7Os.jpg?crop=center&height=1200&v=1779788941&width=1200
https://uk.representclo.com/products/busy-doing-nothing-t-shirt-flat-white,Busy Doing Nothing T-Shirt - Flat White,XL,True,100.0,,https://scdn.speedsize.com/fbaf6506-81e1-43a2-bcc1-80e18c7b0146/uk.representclo.com/cdn/shop/files/Jd93dZqsQut6zNhsNPVnJzKPubmkDfcw7xRsdWyB7Os.jpg?crop=center&height=1200&v=1779788941&width=1200
https://uk.representclo.com/products/busy-doing-nothing-t-shirt-flat-white,Busy Doing Nothing T-Shirt - Flat White,XXL,True,100.0,,https://scdn.speedsize.com/fbaf6506-81e1-43a2-bcc1-80e18c7b0146/uk.representclo.com/cdn/shop/files/Jd93dZqsQut6zNhsNPVnJzKPubmkDfcw7xRsdWyB7Os.jpg?crop=center&height=1200&v=1779788941&width=1200
https://uk.representclo.com/products/calfornia-striped-t-shirt-jet-black-grey-marl,Calfornia Striped T-Shirt - Jet Black Grey Marl,XS,True,100.0,,https://scdn.speedsize.com/fbaf6506-81e1-43a2-bcc1-80e18c7b0146/uk.representclo.com/cdn/shop/files/l1PQ-ELT3R_5zU4uHr8BX1Lqr8CJT3WPjGlJwabBIf8.jpg?crop=center&height=1200&v=1779789009&width=1200
https://uk.representclo.com/products/calfornia-striped-t-shirt-jet-black-grey-marl,Calfornia Striped T-Shirt - Jet Black Grey Marl,S,False,100.0,,https://scdn.speedsize.com/fbaf6506-81e1-43a2-bcc1-80e18c7b0146/uk.representclo.com/cdn/shop/files/l1PQ-ELT3R_5zU4uHr8BX1Lqr8CJT3WPjGlJwabBIf8.jpg?crop=center&height=1200&v=1779789009&width=1200
https://uk.representclo.com/products/calfornia-striped-t-shirt-jet-black-grey-marl,Calfornia Striped T-Shirt - Jet Black Grey Marl,M,True,100.0,,https://scdn.speedsize.com/fbaf6506-81e1-43a2-bcc1-80e18c7b0146/uk.representclo.com/cdn/shop/files/l1PQ-ELT3R_5zU4uHr8BX1Lqr8CJT3WPjGlJwabBIf8.jpg?crop=center&height=1200&v=1779789009&width=1200
https://uk.representclo.com/products/calfornia-striped-t-shirt-jet-black-grey-marl,Calfornia Striped T-Shirt - Jet Black Grey Marl,L,True,100.0,,https://scdn.speedsize.com/fbaf6506-81e1-43a2-bcc1-80e18c7b0146/uk.representclo.com/cdn/shop/files/l1PQ-ELT3R_5zU4uHr8BX1Lqr8CJT3WPjGlJwabBIf8.jpg?crop=center&height=1200&v=1779789009&width=1200
https://uk.representclo.com/products/calfornia-striped-t-shirt-jet-black-grey-marl,Calfornia Striped T-Shirt - Jet Black Grey Marl,XL,True,100.0,,https://scdn.speedsize.com/fbaf6506-81e1-43a2-bcc1-80e18c7b0146/uk.representclo.com/cdn/shop/files/l1PQ-ELT3R_5zU4uHr8BX1Lqr8CJT3WPjGlJwabBIf8.jpg?crop=center&height=1200&v=1779789009&width=1200
https://uk.representclo.com/products/calfornia-striped-t-shirt-jet-black-grey-marl,Calfornia Striped T-Shirt - Jet Black Grey Marl,XXL,True,100.0,,https://scdn.speedsize.com/fbaf6506-81e1-43a2-bcc1-80e18c7b0146/uk.representclo.com/cdn/shop/files/l1PQ-ELT3R_5zU4uHr8BX1Lqr8CJT3WPjGlJwabBIf8.jpg?crop=center&height=1200&v=1779789009&width=1200
https://uk.representclo.com/products/california-striped-henley-sweater-jet-black-grey-marl,California Striped Henley Sweater - Jet Black Grey Marl,XXS,False,155.0,,https://scdn.speedsize.com/fbaf6506-81e1-43a2-bcc1-80e18c7b0146/uk.representclo.com/cdn/shop/files/NeaGqqeFVFFAzu6e0azoi7-y8e3wDdoyvvmfKYYY_8w.jpg?crop=center&height=1200&v=1779789163&width=1200
https://uk.representclo.com/products/california-striped-henley-sweater-jet-black-grey-marl,California Striped Henley Sweater - Jet Black Grey Marl,XS,True,155.0,,https://scdn.speedsize.com/fbaf6506-81e1-43a2-bcc1-80e18c7b0146/uk.representclo.com/cdn/shop/files/NeaGqqeFVFFAzu6e0azoi7-y8e3wDdoyvvmfKYYY_8w.jpg?crop=center&height=1200&v=1779789163&width=1200
https://uk.representclo.com/products/california-striped-henley-sweater-jet-black-grey-marl,California Striped Henley Sweater - Jet Black Grey Marl,S,True,155.0,,https://scdn.speedsize.com/fbaf6506-81e1-43a2-bcc1-80e18c7b0146/uk.representclo.com/cdn/shop/files/NeaGqqeFVFFAzu6e0azoi7-y8e3wDdoyvvmfKYYY_8w.jpg?crop=center&height=1200&v=1779789163&width=1200
https://uk.representclo.com/products/california-striped-henley-sweater-jet-black-grey-marl,California Striped Henley Sweater - Jet Black Grey Marl,M,True,155.0,,https://scdn.speedsize.com/fbaf6506-81e1-43a2-bcc1-80e18c7b0146/uk.representclo.com/cdn/shop/files/NeaGqqeFVFFAzu6e0azoi7-y8e3wDdoyvvmfKYYY_8w.jpg?crop=center&height=1200&v=1779789163&width=1200
https://uk.representclo.com/products/california-striped-henley-sweater-jet-black-grey-marl,California Striped Henley Sweater - Jet Black Grey Marl,L,False,155.0,,https://scdn.speedsize.com/fbaf6506-81e1-43a2-bcc1-80e18c7b0146/uk.representclo.com/cdn/shop/files/NeaGqqeFVFFAzu6e0azoi7-y8e3wDdoyvvmfKYYY_8w.jpg?crop=center&height=1200&v=1779789163&width=1200
https://uk.representclo.com/products/california-striped-henley-sweater-jet-black-grey-marl,California Striped Henley Sweater - Jet Black Grey Marl,XL,True,155.0,,https://scdn.speedsize.com/fbaf6506-81e1-43a2-bcc1-80e18c7b0146/uk.representclo.com/cdn/shop/files/NeaGqqeFVFFAzu6e0azoi7-y8e3wDdoyvvmfKYYY_8w.jpg?crop=center&height=1200&v=1779789163&width=1200
https://uk.representclo.com/products/california-striped-henley-sweater-jet-black-grey-marl,California Striped Henley Sweater - Jet Black Grey Marl,XXL,True,155.0,,https://scdn.speedsize.com/fbaf6506-81e1-43a2-bcc1-80e18c7b0146/uk.representclo.com/cdn/shop/files/NeaGqqeFVFFAzu6e0azoi7-y8e3wDdoyvvmfKYYY_8w.jpg?crop=center&height=1200&v=1779789163&width=1200
https://uk.representclo.com/products/california-striped-knitted-polo-jet-black,California Striped Knitted Polo - Jet Black,XS,True,140.0,,https://scdn.speedsize.com/fbaf6506-81e1-43a2-bcc1-80e18c7b0146/uk.representclo.com/cdn/shop/files/IojRwjB_5PcAZyKhdVkgRiJa_sknOkWABx2HjZ6fEfo.jpg?crop=center&height=1200&v=1779789243&width=1200
https://uk.representclo.com/products/california-striped-knitted-polo-jet-black,California Striped Knitted Polo - Jet Black,S,True,140.0,,https://scdn.speedsize.com/fbaf6506-81e1-43a2-bcc1-80e18c7b0146/uk.representclo.com/cdn/shop/files/IojRwjB_5PcAZyKhdVkgRiJa_sknOkWABx2HjZ6fEfo.jpg?crop=center&height=1200&v=1779789243&width=1200
https://uk.representclo.com/products/california-striped-knitted-polo-jet-black,California Striped Knitted Polo - Jet Black,M,True,140.0,,https://scdn.speedsize.com/fbaf6506-81e1-43a2-bcc1-80e18c7b0146/uk.representclo.com/cdn/shop/files/IojRwjB_5PcAZyKhdVkgRiJa_sknOkWABx2HjZ6fEfo.jpg?crop=center&height=1200&v=1779789243&width=1200
https://uk.representclo.com/products/california-striped-knitted-polo-jet-black,California Striped Knitted Polo - Jet Black,L,True,140.0,,https://scdn.speedsize.com/fbaf6506-81e1-43a2-bcc1-80e18c7b0146/uk.representclo.com/cdn/shop/files/IojRwjB_5PcAZyKhdVkgRiJa_sknOkWABx2HjZ6fEfo.jpg?crop=center&height=1200&v=1779789243&width=1200
https://uk.representclo.com/products/california-striped-knitted-polo-jet-black,California Striped Knitted Polo - Jet Black,XL,True,140.0,,https://scdn.speedsize.com/fbaf6506-81e1-43a2-bcc1-80e18c7b0146/uk.representclo.com/cdn/shop/files/IojRwjB_5PcAZyKhdVkgRiJa_sknOkWABx2HjZ6fEfo.jpg?crop=center&height=1200&v=1779789243&width=1200
https://uk.representclo.com/products/california-striped-knitted-polo-jet-black,California Striped Knitted Polo - Jet Black,XXL,True,140.0,,https://scdn.speedsize.com/fbaf6506-81e1-43a2-bcc1-80e18c7b0146/uk.representclo.com/cdn/shop/files/IojRwjB_5PcAZyKhdVkgRiJa_sknOkWABx2HjZ6fEfo.jpg?crop=center&height=1200&v=1779789243&width=1200
https://uk.representclo.com/products/california-sunglasses-tortoise,California Sunglasses - Tortoise,One Size,True,160.0,,https://scdn.speedsize.com/fbaf6506-81e1-43a2-bcc1-80e18c7b0146/uk.representclo.com/cdn/shop/files/6DjOIjaHR0ojfibzkX9c-q9nmxX0sszvPoRH8Vd6O7A.jpg?crop=center&height=1200&v=1747231446&width=1200
https://uk.representclo.com/products/camo-cargo-short-camo,Camo Cargo Short - Camo,XS,False,155.0,,https://scdn.speedsize.com/fbaf6506-81e1-43a2-bcc1-80e18c7b0146/uk.representclo.com/cdn/shop/files/0013_SUMMERCAPPACKSHOTS00075.jpg?crop=center&height=1200&v=1779900703&width=1200
https://uk.representclo.com/products/camo-cargo-short-camo,Camo Cargo Short - Camo,S,False,155.0,,https://scdn.speedsize.com/fbaf6506-81e1-43a2-bcc1-80e18c7b0146/uk.representclo.com/cdn/shop/files/0013_SUMMERCAPPACKSHOTS00075.jpg?crop=center&height=1200&v=1779900703&width=1200
https://uk.representclo.com/products/camo-cargo-short-camo,Camo Cargo Short - Camo,M,True,155.0,,https://scdn.speedsize.com/fbaf6506-81e1-43a2-bcc1-80e18c7b0146/uk.representclo.com/cdn/shop/files/0013_SUMMERCAPPACKSHOTS00075.jpg?crop=center&height=1200&v=1779900703&width=1200
https://uk.representclo.com/products/camo-cargo-short-camo,Camo Cargo Short - Camo,L,True,155.0,,https://scdn.speedsize.com/fbaf6506-81e1-43a2-bcc1-80e18c7b0146/uk.representclo.com/cdn/shop/files/0013_SUMMERCAPPACKSHOTS00075.jpg?crop=center&height=1200&v=1779900703&width=1200
https://uk.representclo.com/products/camo-cargo-short-camo,Camo Cargo Short - Camo,XL,False,155.0,,https://scdn.speedsize.com/fbaf6506-81e1-43a2-bcc1-80e18c7b0146/uk.representclo.com/cdn/shop/files/0013_SUMMERCAPPACKSHOTS00075.jpg?crop=center&height=1200&v=1779900703&width=1200
https://uk.representclo.com/products/camo-cargo-short-camo,Camo Cargo Short - Camo,XXL,False,155.0,,https://scdn.speedsize.com/fbaf6506-81e1-43a2-bcc1-80e18c7b0146/uk.representclo.com/cdn/shop/files/0013_SUMMERCAPPACKSHOTS00075.jpg?crop=center&height=1200&v=1779900703&width=1200
https://uk.representclo.com/products/canvas-alpha-wrap-black,Canvas Alpha Wrap - Black,UK7 / EU41 / US8,True,210.0,,https://scdn.speedsize.com/fbaf6506-81e1-43a2-bcc1-80e18c7b0146/uk.representclo.com/cdn/shop/files/X4CQ3yexpUMSZMwUMsQpySO_xHr_vipoDKft7Bk_tsU.jpg?crop=center&height=1200&v=1774436890&width=1200
https://uk.representclo.com/products/canvas-alpha-wrap-black,Canvas Alpha Wrap - Black,UK8 / EU42 / US9,True,210.0,,https://scdn.speedsize.com/fbaf6506-81e1-43a2-bcc1-80e18c7b0146/uk.representclo.com/cdn/shop/files/X4CQ3yexpUMSZMwUMsQpySO_xHr_vipoDKft7Bk_tsU.jpg?crop=center&height=1200&v=1774436890&width=1200
https://uk.representclo.com/products/canvas-alpha-wrap-black,Canvas Alpha Wrap - Black,UK9 / EU43 / US10,True,210.0,,https://scdn.speedsize.com/fbaf6506-81e1-43a2-bcc1-80e18c7b0146/uk.representclo.com/cdn/shop/files/X4CQ3yexpUMSZMwUMsQpySO_xHr_vipoDKft7Bk_tsU.jpg?crop=center&height=1200&v=1774436890&width=1200
https://uk.representclo.com/products/canvas-alpha-wrap-black,Canvas Alpha Wrap - Black,UK10 / EU44 / US11,True,210.0,,https://scdn.speedsize.com/fbaf6506-81e1-43a2-bcc1-80e18c7b0146/uk.representclo.com/cdn/shop/files/X4CQ3yexpUMSZMwUMsQpySO_xHr_vipoDKft7Bk_tsU.jpg?crop=center&height=1200&v=1774436890&width=1200
https://uk.representclo.com/products/canvas-alpha-wrap-black,Canvas Alpha Wrap - Black,UK11 / EU45 / US12,True,210.0,,https://scdn.speedsize.com/fbaf6506-81e1-43a2-bcc1-80e18c7b0146/uk.representclo.com/cdn/shop/files/X4CQ3yexpUMSZMwUMsQpySO_xHr_vipoDKft7Bk_tsU.jpg?crop=center&height=1200&v=1774436890&width=1200
https://uk.representclo.com/products/canvas-alpha-wrap-black,Canvas Alpha Wrap - Black,UK12 / EU46 / US13,True,210.0,,https://scdn.speedsize.com/fbaf6506-81e1-43a2-bcc1-80e18c7b0146/uk.representclo.com/cdn/shop/files/X4CQ3yexpUMSZMwUMsQpySO_xHr_vipoDKft7Bk_tsU.jpg?crop=center&height=1200&v=1774436890&width=1200
https://uk.representclo.com/products/canvas-alpha-wrap-vintage-white,Canvas Alpha Wrap - Vintage White,UK7 / EU41 / US8,True,210.0,,https://scdn.speedsize.com/fbaf6506-81e1-43a2-bcc1-80e18c7b0146/uk.representclo.com/cdn/shop/files/SBZ9Gq57eiiRBK5JLpqz-7U-RQdvCLbfY_X2lmIwbCY.jpg?crop=center&height=1200&v=1774436913&width=1200
https://uk.representclo.com/products/canvas-alpha-wrap-vintage-white,Canvas Alpha Wrap - Vintage White,UK8 / EU42 / US9,False,210.0,,https://scdn.speedsize.com/fbaf6506-81e1-43a2-bcc1-80e18c7b0146/uk.representclo.com/cdn/shop/files/SBZ9Gq57eiiRBK5JLpqz-7U-RQdvCLbfY_X2lmIwbCY.jpg?crop=center&height=1200&v=1774436913&width=1200
https://uk.representclo.com/products/canvas-alpha-wrap-vintage-white,Canvas Alpha Wrap - Vintage White,UK9 / EU43 / US10,False,210.0,,https://scdn.speedsize.com/fbaf6506-81e1-43a2-bcc1-80e18c7b0146/uk.representclo.com/cdn/shop/files/SBZ9Gq57eiiRBK5JLpqz-7U-RQdvCLbfY_X2lmIwbCY.jpg?crop=center&height=1200&v=1774436913&width=1200
https://uk.representclo.com/products/canvas-alpha-wrap-vintage-white,Canvas Alpha Wrap - Vintage White,UK10 / EU44 / US11,False,210.0,,https://scdn.speedsize.com/fbaf6506-81e1-43a2-bcc1-80e18c7b0146/uk.representclo.com/cdn/shop/files/SBZ9Gq57eiiRBK5JLpqz-7U-RQdvCLbfY_X2lmIwbCY.jpg?crop=center&height=1200&v=1774436913&width=1200
https://uk.representclo.com/products/canvas-alpha-wrap-vintage-white,Canvas Alpha Wrap - Vintage White,UK11 / EU45 / US12,False,210.0,,https://scdn.speedsize.com/fbaf6506-81e1-43a2-bcc1-80e18c7b0146/uk.representclo.com/cdn/shop/files/SBZ9Gq57eiiRBK5JLpqz-7U-RQdvCLbfY_X2lmIwbCY.jpg?crop=center&height=1200&v=1774436913&width=1200
https://uk.representclo.com/products/canvas-alpha-wrap-vintage-white,Canvas Alpha Wrap - Vintage White,UK12 / EU46 / US13,False,210.0,,https://scdn.speedsize.com/fbaf6506-81e1-43a2-bcc1-80e18c7b0146/uk.representclo.com/cdn/shop/files/SBZ9Gq57eiiRBK5JLpqz-7U-RQdvCLbfY_X2lmIwbCY.jpg?crop=center&height=1200&v=1774436913&width=1200
https://uk.representclo.com/products/canvas-holdall-antique-white,Canvas Holdall - Antique White,One Size,True,150.0,,https://scdn.speedsize.com/fbaf6506-81e1-43a2-bcc1-80e18c7b0146/uk.representclo.com/cdn/shop/files/WEBRES_0000_ACCESSORIES_0002s_0005_Layer5.jpg?crop=center&height=1200&v=1742392800&width=1200
https://uk.representclo.com/products/canvas-tote-bag-antique-white,Canvas Tote Bag - Antique White,One Size,True,150.0,,https://scdn.speedsize.com/fbaf6506-81e1-43a2-bcc1-80e18c7b0146/uk.representclo.com/cdn/shop/files/WEBRES_0003_ACCESSORIES_0002s_0002_Layer8.jpg?crop=center&height=1200&v=1742392850&width=1200
https://uk.representclo.com/products/cargo-pant-camo,Cargo Pant - Camo,XS,True,185.0,,https://scdn.speedsize.com/fbaf6506-81e1-43a2-bcc1-80e18c7b0146/uk.representclo.com/cdn/shop/files/gQFKWWkFp0C8arP3lLqsKMf8nLDtNO4hd9m_ZXQbnKQ.jpg?crop=center&height=1200&v=1727269737&width=1200
https://uk.representclo.com/products/cargo-pant-camo,Cargo Pant - Camo,S,True,185.0,,https://scdn.speedsize.com/fbaf6506-81e1-43a2-bcc1-80e18c7b0146/uk.representclo.com/cdn/shop/files/gQFKWWkFp0C8arP3lLqsKMf8nLDtNO4hd9m_ZXQbnKQ.jpg?crop=center&height=1200&v=1727269737&width=1200
https://uk.representclo.com/products/cargo-pant-camo,Cargo Pant - Camo,M,True,185.0,,https://scdn.speedsize.com/fbaf6506-81e1-43a2-bcc1-80e18c7b0146/uk.representclo.com/cdn/shop/files/gQFKWWkFp0C8arP3lLqsKMf8nLDtNO4hd9m_ZXQbnKQ.jpg?crop=center&height=1200&v=1727269737&width=1200
https://uk.representclo.com/products/cargo-pant-camo,Cargo Pant - Camo,L,True,185.0,,https://scdn.speedsize.com/fbaf6506-81e1-43a2-bcc1-80e18c7b0146/uk.representclo.com/cdn/shop/files/gQFKWWkFp0C8arP3lLqsKMf8nLDtNO4hd9m_ZXQbnKQ.jpg?crop=center&height=1200&v=1727269737&width=1200
https://uk.representclo.com/products/cargo-pant-camo,Cargo Pant - Camo,XL,True,185.0,,https://scdn.speedsize.com/fbaf6506-81e1-43a2-bcc1-80e18c7b0146/uk.representclo.com/cdn/shop/files/gQFKWWkFp0C8arP3lLqsKMf8nLDtNO4hd9m_ZXQbnKQ.jpg?crop=center&height=1200&v=1727269737&width=1200
https://uk.representclo.com/products/cargo-pant-camo,Cargo Pant - Camo,XXL,False,185.0,,https://scdn.speedsize.com/fbaf6506-81e1-43a2-bcc1-80e18c7b0146/uk.representclo.com/cdn/shop/files/gQFKWWkFp0C8arP3lLqsKMf8nLDtNO4hd9m_ZXQbnKQ.jpg?crop=center&height=1200&v=1727269737&width=1200
https://uk.representclo.com/products/cargo-pant-fw25-clove,Cargo Pant - Clove,XXS,False,185.0,,https://scdn.speedsize.com/fbaf6506-81e1-43a2-bcc1-80e18c7b0146/uk.representclo.com/cdn/shop/files/IeVvJWfwlmuex-Kob6fZeyZdPiya92KLs-xzINhWLrY.jpg?crop=center&height=1200&v=1759249807&width=1200
https://uk.representclo.com/products/cargo-pant-fw25-clove,Cargo Pant - Clove,XS,True,185.0,,https://scdn.speedsize.com/fbaf6506-81e1-43a2-bcc1-80e18c7b0146/uk.representclo.com/cdn/shop/files/IeVvJWfwlmuex-Kob6fZeyZdPiya92KLs-xzINhWLrY.jpg?crop=center&height=1200&v=1759249807&width=1200
https://uk.representclo.com/products/cargo-pant-fw25-clove,Cargo Pant - Clove,S,True,185.0,,https://scdn.speedsize.com/fbaf6506-81e1-43a2-bcc1-80e18c7b0146/uk.representclo.com/cdn/shop/files/IeVvJWfwlmuex-Kob6fZeyZdPiya92KLs-xzINhWLrY.jpg?crop=center&height=1200&v=1759249807&width=1200
https://uk.representclo.com/products/cargo-pant-fw25-clove,Cargo Pant - Clove,M,True,185.0,,https://scdn.speedsize.com/fbaf6506-81e1-43a2-bcc1-80e18c7b0146/uk.representclo.com/cdn/shop/files/IeVvJWfwlmuex-Kob6fZeyZdPiya92KLs-xzINhWLrY.jpg?crop=center&height=1200&v=1759249807&width=1200
https://uk.representclo.com/products/cargo-pant-fw25-clove,Cargo Pant - Clove,L,True,185.0,,https://scdn.speedsize.com/fbaf6506-81e1-43a2-bcc1-80e18c7b0146/uk.representclo.com/cdn/shop/files/IeVvJWfwlmuex-Kob6fZeyZdPiya92KLs-xzINhWLrY.jpg?crop=center&height=1200&v=1759249807&width=1200
https://uk.representclo.com/products/cargo-pant-fw25-clove,Cargo Pant - Clove,XL,True,185.0,,https://scdn.speedsize.com/fbaf6506-81e1-43a2-bcc1-80e18c7b0146/uk.representclo.com/cdn/shop/files/IeVvJWfwlmuex-Kob6fZeyZdPiya92KLs-xzINhWLrY.jpg?crop=center&height=1200&v=1759249807&width=1200
https://uk.representclo.com/products/cargo-pant-fw25-clove,Cargo Pant - Clove,XXL,True,185.0,,https://scdn.speedsize.com/fbaf6506-81e1-43a2-bcc1-80e18c7b0146/uk.representclo.com/cdn/shop/files/IeVvJWfwlmuex-Kob6fZeyZdPiya92KLs-xzINhWLrY.jpg?crop=center&height=1200&v=1759249807&width=1200
https://uk.representclo.com/products/cargo-pant-fw25-jet-black,Cargo Pant - Jet Black,XXS,False,185.0,,https://scdn.speedsize.com/fbaf6506-81e1-43a2-bcc1-80e18c7b0146/uk.representclo.com/cdn/shop/files/WHfaT-FWKL6FRS_dRPNC1nOlChErPdTy8MQ-0jxDxmw.jpg?crop=center&height=1200&v=1759249846&width=1200
https://uk.representclo.com/products/cargo-pant-fw25-jet-black,Cargo Pant - Jet Black,XS,False,185.0,,https://scdn.speedsize.com/fbaf6506-81e1-43a2-bcc1-80e18c7b0146/uk.representclo.com/cdn/shop/files/WHfaT-FWKL6FRS_dRPNC1nOlChErPdTy8MQ-0jxDxmw.jpg?crop=center&height=1200&v=1759249846&width=1200
https://uk.representclo.com/products/cargo-pant-fw25-jet-black,Cargo Pant - Jet Black,S,True,185.0,,https://scdn.speedsize.com/fbaf6506-81e1-43a2-bcc1-80e18c7b0146/uk.representclo.com/cdn/shop/files/WHfaT-FWKL6FRS_dRPNC1nOlChErPdTy8MQ-0jxDxmw.jpg?crop=center&height=1200&v=1759249846&width=1200
https://uk.representclo.com/products/cargo-pant-fw25-jet-black,Cargo Pant - Jet Black,M,False,185.0,,https://scdn.speedsize.com/fbaf6506-81e1-43a2-bcc1-80e18c7b0146/uk.representclo.com/cdn/shop/files/WHfaT-FWKL6FRS_dRPNC1nOlChErPdTy8MQ-0jxDxmw.jpg?crop=center&height=1200&v=1759249846&width=1200
https://uk.representclo.com/products/cargo-pant-fw25-jet-black,Cargo Pant - Jet Black,L,False,185.0,,https://scdn.speedsize.com/fbaf6506-81e1-43a2-bcc1-80e18c7b0146/uk.representclo.com/cdn/shop/files/WHfaT-FWKL6FRS_dRPNC1nOlChErPdTy8MQ-0jxDxmw.jpg?crop=center&height=1200&v=1759249846&width=1200
https://uk.representclo.com/products/cargo-pant-fw25-jet-black,Cargo Pant - Jet Black,XL,True,185.0,,https://scdn.speedsize.com/fbaf6506-81e1-43a2-bcc1-80e18c7b0146/uk.representclo.com/cdn/shop/files/WHfaT-FWKL6FRS_dRPNC1nOlChErPdTy8MQ-0jxDxmw.jpg?crop=center&height=1200&v=1759249846&width=1200
https://uk.representclo.com/products/cargo-pant-fw25-jet-black,Cargo Pant - Jet Black,XXL,True,185.0,,https://scdn.speedsize.com/fbaf6506-81e1-43a2-bcc1-80e18c7b0146/uk.representclo.com/cdn/shop/files/WHfaT-FWKL6FRS_dRPNC1nOlChErPdTy8MQ-0jxDxmw.jpg?crop=center&height=1200&v=1759249846&width=1200
https://uk.representclo.com/products/carpenter-short-beige,Carpenter Short - Beige,XS,False,140.0,,https://scdn.speedsize.com/fbaf6506-81e1-43a2-bcc1-80e18c7b0146/uk.representclo.com/cdn/shop/files/Iqx5wDBr3OgnUi-dqgCDXaE9iSS1A4kglF0Jb00Jw8o.jpg?crop=center&height=1200&v=1779808254&width=1200
https://uk.representclo.com/products/carpenter-short-beige,Carpenter Short - Beige,S,True,140.0,,https://scdn.speedsize.com/fbaf6506-81e1-43a2-bcc1-80e18c7b0146/uk.representclo.com/cdn/shop/files/Iqx5wDBr3OgnUi-dqgCDXaE9iSS1A4kglF0Jb00Jw8o.jpg?crop=center&height=1200&v=1779808254&width=1200
https://uk.representclo.com/products/carpenter-short-beige,Carpenter Short - Beige,M,True,140.0,,https://scdn.speedsize.com/fbaf6506-81e1-43a2-bcc1-80e18c7b0146/uk.representclo.com/cdn/shop/files/Iqx5wDBr3OgnUi-dqgCDXaE9iSS1A4kglF0Jb00Jw8o.jpg?crop=center&height=1200&v=1779808254&width=1200
https://uk.representclo.com/products/carpenter-short-beige,Carpenter Short - Beige,L,True,140.0,,https://scdn.speedsize.com/fbaf6506-81e1-43a2-bcc1-80e18c7b0146/uk.representclo.com/cdn/shop/files/Iqx5wDBr3OgnUi-dqgCDXaE9iSS1A4kglF0Jb00Jw8o.jpg?crop=center&height=1200&v=1779808254&width=1200
https://uk.representclo.com/products/carpenter-short-beige,Carpenter Short - Beige,XL,True,140.0,,https://scdn.speedsize.com/fbaf6506-81e1-43a2-bcc1-80e18c7b0146/uk.representclo.com/cdn/shop/files/Iqx5wDBr3OgnUi-dqgCDXaE9iSS1A4kglF0Jb00Jw8o.jpg?crop=center&height=1200&v=1779808254&width=1200
https://uk.representclo.com/products/carpenter-short-beige,Carpenter Short - Beige,XXL,False,140.0,,https://scdn.speedsize.com/fbaf6506-81e1-43a2-bcc1-80e18c7b0146/uk.representclo.com/cdn/shop/files/Iqx5wDBr3OgnUi-dqgCDXaE9iSS1A4kglF0Jb00Jw8o.jpg?crop=center&height=1200&v=1779808254&width=1200
https://uk.representclo.com/products/check-shirt-quartz,Check Shirt - Quartz,XXS,False,175.0,,https://scdn.speedsize.com/fbaf6506-81e1-43a2-bcc1-80e18c7b0146/uk.representclo.com/cdn/shop/files/AtAPC8lFZBWvNDuGTfmpJEq0ua9LgG8Bti12NDYh2w8.jpg?crop=center&height=1200&v=1759249874&width=1200
https://uk.representclo.com/products/check-shirt-quartz,Check Shirt - Quartz,XS,True,175.0,,https://scdn.speedsize.com/fbaf6506-81e1-43a2-bcc1-80e18c7b0146/uk.representclo.com/cdn/shop/files/AtAPC8lFZBWvNDuGTfmpJEq0ua9LgG8Bti12NDYh2w8.jpg?crop=center&height=1200&v=1759249874&width=1200
https://uk.representclo.com/products/check-shirt-quartz,Check Shirt - Quartz,S,True,175.0,,https://scdn.speedsize.com/fbaf6506-81e1-43a2-bcc1-80e18c7b0146/uk.representclo.com/cdn/shop/files/AtAPC8lFZBWvNDuGTfmpJEq0ua9LgG8Bti12NDYh2w8.jpg?crop=center&height=1200&v=1759249874&width=1200
https://uk.representclo.com/products/check-shirt-quartz,Check Shirt - Quartz,M,True,175.0,,https://scdn.speedsize.com/fbaf6506-81e1-43a2-bcc1-80e18c7b0146/uk.representclo.com/cdn/shop/files/AtAPC8lFZBWvNDuGTfmpJEq0ua9LgG8Bti12NDYh2w8.jpg?crop=center&height=1200&v=1759249874&width=1200
https://uk.representclo.com/products/check-shirt-quartz,Check Shirt - Quartz,L,False,175.0,,https://scdn.speedsize.com/fbaf6506-81e1-43a2-bcc1-80e18c7b0146/uk.representclo.com/cdn/shop/files/AtAPC8lFZBWvNDuGTfmpJEq0ua9LgG8Bti12NDYh2w8.jpg?crop=center&height=1200&v=1759249874&width=1200
https://uk.representclo.com/products/check-shirt-quartz,Check Shirt - Quartz,XL,True,175.0,,https://scdn.speedsize.com/fbaf6506-81e1-43a2-bcc1-80e18c7b0146/uk.representclo.com/cdn/shop/files/AtAPC8lFZBWvNDuGTfmpJEq0ua9LgG8Bti12NDYh2w8.jpg?crop=center&height=1200&v=1759249874&width=1200
https://uk.representclo.com/products/check-shirt-quartz,Check Shirt - Quartz,XXL,False,175.0,,https://scdn.speedsize.com/fbaf6506-81e1-43a2-bcc1-80e18c7b0146/uk.representclo.com/cdn/shop/files/AtAPC8lFZBWvNDuGTfmpJEq0ua9LgG8Bti12NDYh2w8.jpg?crop=center&height=1200&v=1759249874&width=1200
https://uk.representclo.com/products/chrome-flight-hoodie-stained-black,Chrome Flight Hoodie - Stained Black,XXS,False,180.0,,https://scdn.speedsize.com/fbaf6506-81e1-43a2-bcc1-80e18c7b0146/uk.representclo.com/cdn/shop/files/sMdylnbdBgYmVFWhMoTMgL53WJ0tB1CVmvw8C7gPiS4.jpg?crop=center&height=1200&v=1774436937&width=1200
https://uk.representclo.com/products/chrome-flight-hoodie-stained-black,Chrome Flight Hoodie - Stained Black,XS,True,180.0,,https://scdn.speedsize.com/fbaf6506-81e1-43a2-bcc1-80e18c7b0146/uk.representclo.com/cdn/shop/files/sMdylnbdBgYmVFWhMoTMgL53WJ0tB1CVmvw8C7gPiS4.jpg?crop=center&height=1200&v=1774436937&width=1200
https://uk.representclo.com/products/chrome-flight-hoodie-stained-black,Chrome Flight Hoodie - Stained Black,S,True,180.0,,https://scdn.speedsize.com/fbaf6506-81e1-43a2-bcc1-80e18c7b0146/uk.representclo.com/cdn/shop/files/sMdylnbdBgYmVFWhMoTMgL53WJ0tB1CVmvw8C7gPiS4.jpg?crop=center&height=1200&v=1774436937&width=1200
https://uk.representclo.com/products/chrome-flight-hoodie-stained-black,Chrome Flight Hoodie - Stained Black,M,True,180.0,,https://scdn.speedsize.com/fbaf6506-81e1-43a2-bcc1-80e18c7b0146/uk.representclo.com/cdn/shop/files/sMdylnbdBgYmVFWhMoTMgL53WJ0tB1CVmvw8C7gPiS4.jpg?crop=center&height=1200&v=1774436937&width=1200
https://uk.representclo.com/products/chrome-flight-hoodie-stained-black,Chrome Flight Hoodie - Stained Black,L,True,180.0,,https://scdn.speedsize.com/fbaf6506-81e1-43a2-bcc1-80e18c7b0146/uk.representclo.com/cdn/shop/files/sMdylnbdBgYmVFWhMoTMgL53WJ0tB1CVmvw8C7gPiS4.jpg?crop=center&height=1200&v=1774436937&width=1200
https://uk.representclo.com/products/chrome-flight-hoodie-stained-black,Chrome Flight Hoodie - Stained Black,XL,True,180.0,,https://scdn.speedsize.com/fbaf6506-81e1-43a2-bcc1-80e18c7b0146/uk.representclo.com/cdn/shop/files/sMdylnbdBgYmVFWhMoTMgL53WJ0tB1CVmvw8C7gPiS4.jpg?crop=center&height=1200&v=1774436937&width=1200
https://uk.representclo.com/products/chrome-flight-hoodie-stained-black,Chrome Flight Hoodie - Stained Black,XXL,False,180.0,,https://scdn.speedsize.com/fbaf6506-81e1-43a2-bcc1-80e18c7b0146/uk.representclo.com/cdn/shop/files/sMdylnbdBgYmVFWhMoTMgL53WJ0tB1CVmvw8C7gPiS4.jpg?crop=center&height=1200&v=1774436937&width=1200
https://uk.representclo.com/products/chrome-flight-t-shirt-stained-black,Chrome Flight T-Shirt - Stained Black,XXS,False,100.0,,https://scdn.speedsize.com/fbaf6506-81e1-43a2-bcc1-80e18c7b0146/uk.representclo.com/cdn/shop/files/rqSdJFr0q64OgMgVTrzVo_ayrnSsc9-WjtPd15vXVGQ.jpg?crop=center&height=1200&v=1774436975&width=1200
https://uk.representclo.com/products/chrome-flight-t-shirt-stained-black,Chrome Flight T-Shirt - Stained Black,XS,False,100.0,,https://scdn.speedsize.com/fbaf6506-81e1-43a2-bcc1-80e18c7b0146/uk.representclo.com/cdn/shop/files/rqSdJFr0q64OgMgVTrzVo_ayrnSsc9-WjtPd15vXVGQ.jpg?crop=center&height=1200&v=1774436975&width=1200
https://uk.representclo.com/products/chrome-flight-t-shirt-stained-black,Chrome Flight T-Shirt - Stained Black,S,False,100.0,,https://scdn.speedsize.com/fbaf6506-81e1-43a2-bcc1-80e18c7b0146/uk.representclo.com/cdn/shop/files/rqSdJFr0q64OgMgVTrzVo_ayrnSsc9-WjtPd15vXVGQ.jpg?crop=center&height=1200&v=1774436975&width=1200
https://uk.representclo.com/products/chrome-flight-t-shirt-stained-black,Chrome Flight T-Shirt - Stained Black,M,False,100.0,,https://scdn.speedsize.com/fbaf6506-81e1-43a2-bcc1-80e18c7b0146/uk.representclo.com/cdn/shop/files/rqSdJFr0q64OgMgVTrzVo_ayrnSsc9-WjtPd15vXVGQ.jpg?crop=center&height=1200&v=1774436975&width=1200
https://uk.representclo.com/products/chrome-flight-t-shirt-stained-black,Chrome Flight T-Shirt - Stained Black,L,False,100.0,,https://scdn.speedsize.com/fbaf6506-81e1-43a2-bcc1-80e18c7b0146/uk.representclo.com/cdn/shop/files/rqSdJFr0q64OgMgVTrzVo_ayrnSsc9-WjtPd15vXVGQ.jpg?crop=center&height=1200&v=1774436975&width=1200
https://uk.representclo.com/products/chrome-flight-t-shirt-stained-black,Chrome Flight T-Shirt - Stained Black,XL,False,100.0,,https://scdn.speedsize.com/fbaf6506-81e1-43a2-bcc1-80e18c7b0146/uk.representclo.com/cdn/shop/files/rqSdJFr0q64OgMgVTrzVo_ayrnSsc9-WjtPd15vXVGQ.jpg?crop=center&height=1200&v=1774436975&width=1200
https://uk.representclo.com/products/chrome-flight-t-shirt-stained-black,Chrome Flight T-Shirt - Stained Black,XXL,False,100.0,,https://scdn.speedsize.com/fbaf6506-81e1-43a2-bcc1-80e18c7b0146/uk.representclo.com/cdn/shop/files/rqSdJFr0q64OgMgVTrzVo_ayrnSsc9-WjtPd15vXVGQ.jpg?crop=center&height=1200&v=1774436975&width=1200
https://uk.representclo.com/products/classic-parts-t-shirt-aged-black,Classic Parts T-Shirt - Aged Black,XXS,False,110.0,,https://scdn.speedsize.com/fbaf6506-81e1-43a2-bcc1-80e18c7b0146/uk.representclo.com/cdn/shop/files/0001s_0028_CLASSIC-PARTS-TEE-AGED-BLACK-FRONT.jpg?crop=center&height=1200&v=1706721533&width=1200
https://uk.representclo.com/products/classic-parts-t-shirt-aged-black,Classic Parts T-Shirt - Aged Black,XS,True,110.0,,https://scdn.speedsize.com/fbaf6506-81e1-43a2-bcc1-80e18c7b0146/uk.representclo.com/cdn/shop/files/0001s_0028_CLASSIC-PARTS-TEE-AGED-BLACK-FRONT.jpg?crop=center&height=1200&v=1706721533&width=1200
https://uk.representclo.com/products/classic-parts-t-shirt-aged-black,Classic Parts T-Shirt - Aged Black,S,False,110.0,,https://scdn.speedsize.com/fbaf6506-81e1-43a2-bcc1-80e18c7b0146/uk.representclo.com/cdn/shop/files/0001s_0028_CLASSIC-PARTS-TEE-AGED-BLACK-FRONT.jpg?crop=center&height=1200&v=1706721533&width=1200
https://uk.representclo.com/products/classic-parts-t-shirt-aged-black,Classic Parts T-Shirt - Aged Black,M,False,110.0,,https://scdn.speedsize.com/fbaf6506-81e1-43a2-bcc1-80e18c7b0146/uk.representclo.com/cdn/shop/files/0001s_0028_CLASSIC-PARTS-TEE-AGED-BLACK-FRONT.jpg?crop=center&height=1200&v=1706721533&width=1200
https://uk.representclo.com/products/classic-parts-t-shirt-aged-black,Classic Parts T-Shirt - Aged Black,L,False,110.0,,https://scdn.speedsize.com/fbaf6506-81e1-43a2-bcc1-80e18c7b0146/uk.representclo.com/cdn/shop/files/0001s_0028_CLASSIC-PARTS-TEE-AGED-BLACK-FRONT.jpg?crop=center&height=1200&v=1706721533&width=1200
https://uk.representclo.com/products/classic-parts-t-shirt-aged-black,Classic Parts T-Shirt - Aged Black,XL,True,110.0,,https://scdn.speedsize.com/fbaf6506-81e1-43a2-bcc1-80e18c7b0146/uk.representclo.com/cdn/shop/files/0001s_0028_CLASSIC-PARTS-TEE-AGED-BLACK-FRONT.jpg?crop=center&height=1200&v=1706721533&width=1200
https://uk.representclo.com/products/classic-parts-t-shirt-aged-black,Classic Parts T-Shirt - Aged Black,XXL,False,110.0,,https://scdn.speedsize.com/fbaf6506-81e1-43a2-bcc1-80e18c7b0146/uk.representclo.com/cdn/shop/files/0001s_0028_CLASSIC-PARTS-TEE-AGED-BLACK-FRONT.jpg?crop=center&height=1200&v=1706721533&width=1200
https://uk.representclo.com/products/classic-parts-t-shirt-flat-white,Classic Parts T-Shirt - Flat White,XXS,False,110.0,,https://scdn.speedsize.com/fbaf6506-81e1-43a2-bcc1-80e18c7b0146/uk.representclo.com/cdn/shop/files/1_22d87d23-d2f9-433d-91ed-c32e6cf091c2.jpg?crop=center&height=1200&v=1706721337&width=1200
https://uk.representclo.com/products/classic-parts-t-shirt-flat-white,Classic Parts T-Shirt - Flat White,XS,True,110.0,,https://scdn.speedsize.com/fbaf6506-81e1-43a2-bcc1-80e18c7b0146/uk.representclo.com/cdn/shop/files/1_22d87d23-d2f9-433d-91ed-c32e6cf091c2.jpg?crop=center&height=1200&v=1706721337&width=1200
https://uk.representclo.com/products/classic-parts-t-shirt-flat-white,Classic Parts T-Shirt - Flat White,S,True,110.0,,https://scdn.speedsize.com/fbaf6506-81e1-43a2-bcc1-80e18c7b0146/uk.representclo.com/cdn/shop/files/1_22d87d23-d2f9-433d-91ed-c32e6cf091c2.jpg?crop=center&height=1200&v=1706721337&width=1200
https://uk.representclo.com/products/classic-parts-t-shirt-flat-white,Classic Parts T-Shirt - Flat White,M,True,110.0,,https://scdn.speedsize.com/fbaf6506-81e1-43a2-bcc1-80e18c7b0146/uk.representclo.com/cdn/shop/files/1_22d87d23-d2f9-433d-91ed-c32e6cf091c2.jpg?crop=center&height=1200&v=1706721337&width=1200
https://uk.representclo.com/products/classic-parts-t-shirt-flat-white,Classic Parts T-Shirt - Flat White,L,True,110.0,,https://scdn.speedsize.com/fbaf6506-81e1-43a2-bcc1-80e18c7b0146/uk.representclo.com/cdn/shop/files/1_22d87d23-d2f9-433d-91ed-c32e6cf091c2.jpg?crop=center&height=1200&v=1706721337&width=1200
https://uk.representclo.com/products/classic-parts-t-shirt-flat-white,Classic Parts T-Shirt - Flat White,XL,True,110.0,,https://scdn.speedsize.com/fbaf6506-81e1-43a2-bcc1-80e18c7b0146/uk.representclo.com/cdn/shop/files/1_22d87d23-d2f9-433d-91ed-c32e6cf091c2.jpg?crop=center&height=1200&v=1706721337&width=1200
https://uk.representclo.com/products/classic-parts-t-shirt-flat-white,Classic Parts T-Shirt - Flat White,XXL,False,110.0,,https://scdn.speedsize.com/fbaf6506-81e1-43a2-bcc1-80e18c7b0146/uk.representclo.com/cdn/shop/files/1_22d87d23-d2f9-433d-91ed-c32e6cf091c2.jpg?crop=center&height=1200&v=1706721337&width=1200
